# timestamp(s) tx ty tz qx qy qz qw
1.206000000 -6.000000 1.000000 0.050375 0.000000 0.000000 0.000000 1.000000
1.211000000 -6.000000 1.000000 0.054181 0.000000 0.000000 0.000000 1.000000
1.216000000 -6.000000 1.000000 0.058115 0.000000 0.000000 0.000000 1.000000
1.221000000 -6.000000 1.000000 0.062175 0.000000 0.000000 0.000000 1.000000
1.226000000 -6.000000 1.000000 0.066358 0.000000 0.000000 0.000000 1.000000
1.231000000 -6.000000 1.000000 0.070661 0.000000 0.000000 0.000000 1.000000
1.236000000 -6.000000 1.000000 0.075081 0.000000 0.000000 0.000000 1.000000
1.241000000 -6.000000 1.000000 0.079617 0.000000 0.000000 0.000000 1.000000
1.246000000 -6.000000 1.000000 0.084267 0.000000 0.000000 0.000000 1.000000
1.251000000 -6.000000 1.000000 0.089027 0.000000 0.000000 0.000000 1.000000
1.256000000 -6.000000 1.000000 0.093895 0.000000 0.000000 0.000000 1.000000
1.261000000 -6.000000 1.000000 0.098868 0.000000 0.000000 0.000000 1.000000
1.266000000 -6.000000 1.000000 0.103945 0.000000 0.000000 0.000000 1.000000
1.271000000 -6.000000 1.000000 0.109123 0.000000 0.000000 0.000000 1.000000
1.276000000 -6.000000 1.000000 0.114401 0.000000 0.000000 0.000000 1.000000
1.281000000 -6.000000 1.000000 0.119775 0.000000 0.000000 0.000000 1.000000
1.286000000 -6.000000 1.000000 0.125243 0.000000 0.000000 0.000000 1.000000
1.291000000 -6.000000 1.000000 0.130803 0.000000 0.000000 0.000000 1.000000
1.296000000 -6.000000 1.000000 0.136451 0.000000 0.000000 0.000000 1.000000
1.301000000 -6.000000 1.000000 0.142187 0.000000 0.000000 0.000000 1.000000
1.306000000 -6.000000 1.000000 0.148006 0.000000 0.000000 0.000000 1.000000
1.311000000 -6.000000 1.000000 0.153908 0.000000 0.000000 0.000000 1.000000
1.316000000 -6.000000 1.000000 0.159890 0.000000 0.000000 0.000000 1.000000
1.321000000 -6.000000 1.000000 0.165950 0.000000 0.000000 0.000000 1.000000
1.326000000 -6.000000 1.000000 0.172087 0.000000 0.000000 0.000000 1.000000
1.331000000 -6.000000 1.000000 0.178296 0.000000 0.000000 0.000000 1.000000
1.336000000 -6.000000 1.000000 0.184578 0.000000 0.000000 0.000000 1.000000
1.341000000 -6.000000 1.000000 0.190928 0.000000 0.000000 0.000000 1.000000
1.346000000 -6.000000 1.000000 0.197346 0.000000 0.000000 0.000000 1.000000
1.351000000 -6.000000 1.000000 0.203829 0.000000 0.000000 0.000000 1.000000
1.356000000 -6.000000 1.000000 0.210375 0.000000 0.000000 0.000000 1.000000
1.361000000 -6.000000 1.000000 0.216982 0.000000 0.000000 0.000000 1.000000
1.366000000 -6.000000 1.000000 0.223649 0.000000 0.000000 0.000000 1.000000
1.371000000 -6.000000 1.000000 0.230372 0.000000 0.000000 0.000000 1.000000
1.376000000 -6.000000 1.000000 0.237151 0.000000 0.000000 0.000000 1.000000
1.381000000 -6.000000 1.000000 0.243983 0.000000 0.000000 0.000000 1.000000
1.386000000 -6.000000 1.000000 0.250867 0.000000 0.000000 0.000000 1.000000
1.391000000 -6.000000 1.000000 0.257801 0.000000 0.000000 0.000000 1.000000
1.396000000 -6.000000 1.000000 0.264783 0.000000 0.000000 0.000000 1.000000
1.401000000 -6.000000 1.000000 0.271812 0.000000 0.000000 0.000000 1.000000
1.406000000 -6.000000 1.000000 0.278886 0.000000 0.000000 0.000000 1.000000
1.411000000 -6.000000 1.000000 0.286003 0.000000 0.000000 0.000000 1.000000
1.416000000 -6.000000 1.000000 0.293162 0.000000 0.000000 0.000000 1.000000
1.421000000 -6.000000 1.000000 0.300361 0.000000 0.000000 0.000000 1.000000
1.426000000 -6.000000 1.000000 0.307600 0.000000 0.000000 0.000000 1.000000
1.431000000 -6.000000 1.000000 0.314877 0.000000 0.000000 0.000000 1.000000
1.436000000 -6.000000 1.000000 0.322190 0.000000 0.000000 0.000000 1.000000
1.441000000 -6.000000 1.000000 0.329538 0.000000 0.000000 0.000000 1.000000
1.446000000 -6.000000 1.000000 0.336920 0.000000 0.000000 0.000000 1.000000
1.451000000 -6.000000 1.000000 0.344335 0.000000 0.000000 0.000000 1.000000
1.456000000 -6.000000 1.000000 0.351781 0.000000 0.000000 0.000000 1.000000
1.461000000 -6.000000 1.000000 0.359258 0.000000 0.000000 0.000000 1.000000
1.466000000 -6.000000 1.000000 0.366764 0.000000 0.000000 0.000000 1.000000
1.471000000 -6.000000 1.000000 0.374297 0.000000 0.000000 0.000000 1.000000
1.476000000 -6.000000 1.000000 0.381857 0.000000 0.000000 0.000000 1.000000
1.481000000 -6.000000 1.000000 0.389442 0.000000 0.000000 0.000000 1.000000
1.486000000 -6.000000 1.000000 0.397052 0.000000 0.000000 0.000000 1.000000
1.491000000 -6.000000 1.000000 0.404685 0.000000 0.000000 0.000000 1.000000
1.496000000 -6.000000 1.000000 0.412340 0.000000 0.000000 0.000000 1.000000
1.501000000 -6.000000 1.000000 0.420016 0.000000 0.000000 0.000000 1.000000
1.506000000 -6.000000 1.000000 0.427711 0.000000 0.000000 0.000000 1.000000
1.511000000 -6.000000 1.000000 0.435425 0.000000 0.000000 0.000000 1.000000
1.516000000 -6.000000 1.000000 0.443155 0.000000 0.000000 0.000000 1.000000
1.521000000 -6.000000 1.000000 0.450902 0.000000 0.000000 0.000000 1.000000
1.526000000 -6.000000 1.000000 0.458663 0.000000 0.000000 0.000000 1.000000
1.531000000 -6.000000 1.000000 0.466437 0.000000 0.000000 0.000000 1.000000
1.536000000 -6.000000 1.000000 0.474225 0.000000 0.000000 0.000000 1.000000
1.541000000 -6.000000 1.000000 0.482025 0.000000 0.000000 0.000000 1.000000
1.546000000 -6.000000 1.000000 0.489835 0.000000 0.000000 0.000000 1.000000
1.551000000 -6.000000 1.000000 0.497656 0.000000 0.000000 0.000000 1.000000
1.556000000 -6.000000 1.000000 0.505487 0.000000 0.000000 0.000000 1.000000
1.561000000 -6.000000 1.000000 0.513326 0.000000 0.000000 0.000000 1.000000
1.566000000 -6.000000 1.000000 0.521173 0.000000 0.000000 0.000000 1.000000
1.571000000 -6.000000 1.000000 0.529026 0.000000 0.000000 0.000000 1.000000
1.576000000 -6.000000 1.000000 0.536886 0.000000 0.000000 0.000000 1.000000
1.581000000 -6.000000 1.000000 0.544751 0.000000 0.000000 0.000000 1.000000
1.586000000 -6.000000 1.000000 0.552621 0.000000 0.000000 0.000000 1.000000
1.591000000 -6.000000 1.000000 0.560494 0.000000 0.000000 0.000000 1.000000
1.596000000 -6.000000 1.000000 0.568371 0.000000 0.000000 0.000000 1.000000
1.601000000 -6.000000 1.000000 0.576249 0.000000 0.000000 0.000000 1.000000
1.606000000 -6.000000 1.000000 0.584130 0.000000 0.000000 0.000000 1.000000
1.611000000 -6.000000 1.000000 0.592011 0.000000 0.000000 0.000000 1.000000
1.616000000 -6.000000 1.000000 0.599892 0.000000 0.000000 0.000000 1.000000
1.621000000 -6.000000 1.000000 0.607773 0.000000 0.000000 0.000000 1.000000
1.626000000 -6.000000 1.000000 0.615653 0.000000 0.000000 0.000000 1.000000
1.631000000 -6.000000 1.000000 0.623531 0.000000 0.000000 0.000000 1.000000
1.636000000 -6.000000 1.000000 0.631405 0.000000 0.000000 0.000000 1.000000
1.641000000 -6.000000 1.000000 0.639277 0.000000 0.000000 0.000000 1.000000
1.646000000 -6.000000 1.000000 0.647144 0.000000 0.000000 0.000000 1.000000
1.651000000 -6.000000 1.000000 0.655007 0.000000 0.000000 0.000000 1.000000
1.656000000 -6.000000 1.000000 0.662864 0.000000 0.000000 0.000000 1.000000
1.661000000 -6.000000 1.000000 0.670716 0.000000 0.000000 0.000000 1.000000
1.666000000 -6.000000 1.000000 0.678562 0.000000 0.000000 0.000000 1.000000
1.671000000 -6.000000 1.000000 0.686401 0.000000 0.000000 0.000000 1.000000
1.676000000 -6.000000 1.000000 0.694233 0.000000 0.000000 0.000000 1.000000
1.681000000 -6.000000 1.000000 0.702058 0.000000 0.000000 0.000000 1.000000
1.686000000 -6.000000 1.000000 0.709875 0.000000 0.000000 0.000000 1.000000
1.691000000 -6.000000 1.000000 0.717683 0.000000 0.000000 0.000000 1.000000
1.696000000 -6.000000 1.000000 0.725482 0.000000 0.000000 0.000000 1.000000
1.701000000 -6.000000 1.000000 0.733271 0.000000 0.000000 0.000000 1.000000
1.706000000 -6.000000 1.000000 0.741050 0.000000 0.000000 0.000000 1.000000
1.711000000 -6.000000 1.000000 0.748818 0.000000 0.000000 0.000000 1.000000
1.716000000 -6.000000 1.000000 0.756576 0.000000 0.000000 0.000000 1.000000
1.721000000 -6.000000 1.000000 0.764322 0.000000 0.000000 0.000000 1.000000
1.726000000 -6.000000 1.000000 0.772055 0.000000 0.000000 0.000000 1.000000
1.731000000 -6.000000 1.000000 0.779777 0.000000 0.000000 0.000000 1.000000
1.736000000 -6.000000 1.000000 0.787486 0.000000 0.000000 0.000000 1.000000
1.741000000 -6.000000 1.000000 0.795182 0.000000 0.000000 0.000000 1.000000
1.746000000 -6.000000 1.000000 0.802864 0.000000 0.000000 0.000000 1.000000
1.751000000 -6.000000 1.000000 0.810534 0.000000 0.000000 0.000000 1.000000
1.756000000 -6.000000 1.000000 0.818190 0.000000 0.000000 0.000000 1.000000
1.761000000 -6.000000 1.000000 0.825832 0.000000 0.000000 0.000000 1.000000
1.766000000 -6.000000 1.000000 0.833460 0.000000 0.000000 0.000000 1.000000
1.771000000 -6.000000 1.000000 0.841073 0.000000 0.000000 0.000000 1.000000
1.776000000 -6.000000 1.000000 0.848672 0.000000 0.000000 0.000000 1.000000
1.781000000 -6.000000 1.000000 0.856255 0.000000 0.000000 0.000000 1.000000
1.786000000 -6.000000 1.000000 0.863823 0.000000 0.000000 0.000000 1.000000
1.791000000 -6.000000 1.000000 0.871374 0.000000 0.000000 0.000000 1.000000
1.796000000 -6.000000 1.000000 0.878910 0.000000 0.000000 0.000000 1.000000
1.801000000 -6.000000 1.000000 0.886429 0.000000 0.000000 0.000000 1.000000
1.806000000 -6.000000 1.000000 0.893931 0.000000 0.000000 0.000000 1.000000
1.811000000 -6.000000 1.000000 0.901417 0.000000 0.000000 0.000000 1.000000
1.816000000 -6.000000 1.000000 0.908886 0.000000 0.000000 0.000000 1.000000
1.821000000 -6.000000 1.000000 0.916338 0.000000 0.000000 0.000000 1.000000
1.826000000 -6.000000 1.000000 0.923773 0.000000 0.000000 0.000000 1.000000
1.831000000 -6.000000 1.000000 0.931191 0.000000 0.000000 0.000000 1.000000
1.836000000 -6.000000 1.000000 0.938591 0.000000 0.000000 0.000000 1.000000
1.841000000 -6.000000 1.000000 0.945973 0.000000 0.000000 0.000000 1.000000
1.846000000 -6.000000 1.000000 0.953337 0.000000 0.000000 0.000000 1.000000
1.851000000 -6.000000 1.000000 0.960683 0.000000 0.000000 0.000000 1.000000
1.856000000 -6.000000 1.000000 0.968010 0.000000 0.000000 0.000000 1.000000
1.861000000 -6.000000 1.000000 0.975319 0.000000 0.000000 0.000000 1.000000
1.866000000 -6.000000 1.000000 0.982610 0.000000 0.000000 0.000000 1.000000
1.871000000 -6.000000 1.000000 0.989882 0.000000 0.000000 0.000000 1.000000
1.876000000 -6.000000 1.000000 0.997135 0.000000 0.000000 0.000000 1.000000
1.881000000 -6.000000 1.000000 1.004370 0.000000 0.000000 0.000000 1.000000
1.886000000 -6.000000 1.000000 1.011585 0.000000 0.000000 0.000000 1.000000
1.891000000 -6.000000 1.000000 1.018782 0.000000 0.000000 0.000000 1.000000
1.896000000 -6.000000 1.000000 1.025959 0.000000 0.000000 0.000000 1.000000
1.901000000 -6.000000 1.000000 1.033117 0.000000 0.000000 0.000000 1.000000
1.906000000 -6.000000 1.000000 1.040255 0.000000 0.000000 0.000000 1.000000
1.911000000 -6.000000 1.000000 1.047373 0.000000 0.000000 0.000000 1.000000
1.916000000 -6.000000 1.000000 1.054472 0.000000 0.000000 0.000000 1.000000
1.921000000 -6.000000 1.000000 1.061551 0.000000 0.000000 0.000000 1.000000
1.926000000 -6.000000 1.000000 1.068611 0.000000 0.000000 0.000000 1.000000
1.931000000 -6.000000 1.000000 1.075651 0.000000 0.000000 0.000000 1.000000
1.936000000 -6.000000 1.000000 1.082671 0.000000 0.000000 0.000000 1.000000
1.941000000 -6.000000 1.000000 1.089671 0.000000 0.000000 0.000000 1.000000
1.946000000 -6.000000 1.000000 1.096652 0.000000 0.000000 0.000000 1.000000
1.951000000 -6.000000 1.000000 1.103612 0.000000 0.000000 0.000000 1.000000
1.956000000 -6.000000 1.000000 1.110553 0.000000 0.000000 0.000000 1.000000
1.961000000 -6.000000 1.000000 1.117475 0.000000 0.000000 0.000000 1.000000
1.966000000 -6.000000 1.000000 1.124376 0.000000 0.000000 0.000000 1.000000
1.971000000 -6.000000 1.000000 1.131258 0.000000 0.000000 0.000000 1.000000
1.976000000 -6.000000 1.000000 1.138121 0.000000 0.000000 0.000000 1.000000
1.981000000 -6.000000 1.000000 1.144963 0.000000 0.000000 0.000000 1.000000
1.986000000 -6.000000 1.000000 1.151787 0.000000 0.000000 0.000000 1.000000
1.991000000 -6.000000 1.000000 1.158591 0.000000 0.000000 0.000000 1.000000
1.996000000 -6.000000 1.000000 1.165375 0.000000 0.000000 0.000000 1.000000
2.001000000 -6.000000 1.000000 1.172140 0.000000 0.000000 0.000000 1.000000
2.006000000 -6.000000 1.000000 1.178886 0.000000 0.000000 0.000000 1.000000
2.011000000 -6.000000 1.000000 1.185612 0.000000 0.000000 0.000000 1.000000
2.016000000 -6.000000 1.000000 1.192319 0.000000 0.000000 0.000000 1.000000
2.021000000 -6.000000 1.000000 1.199007 0.000000 0.000000 0.000000 1.000000
2.026000000 -6.000000 1.000000 1.205675 0.000000 0.000000 0.000000 1.000000
2.031000000 -6.000000 1.000000 1.212324 0.000000 0.000000 0.000000 1.000000
2.036000000 -6.000000 1.000000 1.218953 0.000000 0.000000 0.000000 1.000000
2.041000000 -6.000000 1.000000 1.225564 0.000000 0.000000 0.000000 1.000000
2.046000000 -6.000000 1.000000 1.232154 0.000000 0.000000 0.000000 1.000000
2.051000000 -6.000000 1.000000 1.238726 0.000000 0.000000 0.000000 1.000000
2.056000000 -6.000000 1.000000 1.245278 0.000000 0.000000 0.000000 1.000000
2.061000000 -6.000000 1.000000 1.251810 0.000000 0.000000 0.000000 1.000000
2.066000000 -6.000000 1.000000 1.258323 0.000000 0.000000 0.000000 1.000000
2.071000000 -6.000000 1.000000 1.264817 0.000000 0.000000 0.000000 1.000000
2.076000000 -6.000000 1.000000 1.271292 0.000000 0.000000 0.000000 1.000000
2.081000000 -6.000000 1.000000 1.277748 0.000000 0.000000 0.000000 1.000000
2.086000000 -6.000000 1.000000 1.284184 0.000000 0.000000 0.000000 1.000000
2.091000000 -6.000000 1.000000 1.290601 0.000000 0.000000 0.000000 1.000000
2.096000000 -6.000000 1.000000 1.296999 0.000000 0.000000 0.000000 1.000000
2.101000000 -6.000000 1.000000 1.303378 0.000000 0.000000 0.000000 1.000000
2.106000000 -6.000000 1.000000 1.309737 0.000000 0.000000 0.000000 1.000000
2.111000000 -6.000000 1.000000 1.316078 0.000000 0.000000 0.000000 1.000000
2.116000000 -6.000000 1.000000 1.322399 0.000000 0.000000 0.000000 1.000000
2.121000000 -6.000000 1.000000 1.328701 0.000000 0.000000 0.000000 1.000000
2.126000000 -6.000000 1.000000 1.334984 0.000000 0.000000 0.000000 1.000000
2.131000000 -6.000000 1.000000 1.341249 0.000000 0.000000 0.000000 1.000000
2.136000000 -6.000000 1.000000 1.347494 0.000000 0.000000 0.000000 1.000000
2.141000000 -6.000000 1.000000 1.353719 0.000000 0.000000 0.000000 1.000000
2.146000000 -6.000000 1.000000 1.359926 0.000000 0.000000 0.000000 1.000000
2.151000000 -6.000000 1.000000 1.366115 0.000000 0.000000 0.000000 1.000000
2.156000000 -6.000000 1.000000 1.372284 0.000000 0.000000 0.000000 1.000000
2.161000000 -6.000000 1.000000 1.378434 0.000000 0.000000 0.000000 1.000000
2.166000000 -6.000000 1.000000 1.384566 0.000000 0.000000 0.000000 1.000000
2.171000000 -6.000000 1.000000 1.390679 0.000000 0.000000 0.000000 1.000000
2.176000000 -6.000000 1.000000 1.396772 0.000000 0.000000 0.000000 1.000000
2.181000000 -6.000000 1.000000 1.402846 0.000000 0.000000 0.000000 1.000000
2.186000000 -6.000000 1.000000 1.408899 0.000000 0.000000 0.000000 1.000000
2.191000000 -6.000000 1.000000 1.414931 0.000000 0.000000 0.000000 1.000000
2.196000000 -6.000000 1.000000 1.420942 0.000000 0.000000 0.000000 1.000000
2.201000000 -6.000000 1.000000 1.426930 0.000000 0.000000 0.000000 1.000000
2.206000000 -6.000000 1.000000 1.432894 0.000000 0.000000 0.000000 1.000000
2.211000000 -6.000000 1.000000 1.438835 0.000000 0.000000 0.000000 1.000000
2.216000000 -6.000000 1.000000 1.444750 0.000000 0.000000 0.000000 1.000000
2.221000000 -6.000000 1.000000 1.450638 0.000000 0.000000 0.000000 1.000000
2.226000000 -6.000000 1.000000 1.456499 0.000000 0.000000 0.000000 1.000000
2.231000000 -6.000000 1.000000 1.462332 0.000000 0.000000 0.000000 1.000000
2.236000000 -6.000000 1.000000 1.468135 0.000000 0.000000 0.000000 1.000000
2.241000000 -6.000000 1.000000 1.473908 0.000000 0.000000 0.000000 1.000000
2.246000000 -6.000000 1.000000 1.479649 0.000000 0.000000 0.000000 1.000000
2.251000000 -6.000000 1.000000 1.485358 0.000000 0.000000 0.000000 1.000000
2.256000000 -6.000000 1.000000 1.491033 0.000000 0.000000 0.000000 1.000000
2.261000000 -6.000000 1.000000 1.496674 0.000000 0.000000 0.000000 1.000000
2.266000000 -6.000000 1.000000 1.502279 0.000000 0.000000 0.000000 1.000000
2.271000000 -6.000000 1.000000 1.507848 0.000000 0.000000 0.000000 1.000000
2.276000000 -6.000000 1.000000 1.513379 0.000000 0.000000 0.000000 1.000000
2.281000000 -6.000000 1.000000 1.518872 0.000000 0.000000 0.000000 1.000000
2.286000000 -6.000000 1.000000 1.524325 0.000000 0.000000 0.000000 1.000000
2.291000000 -6.000000 1.000000 1.529738 0.000000 0.000000 0.000000 1.000000
2.296000000 -6.000000 1.000000 1.535111 0.000000 0.000000 0.000000 1.000000
2.301000000 -6.000000 1.000000 1.540441 0.000000 0.000000 0.000000 1.000000
2.306000000 -6.000000 1.000000 1.545729 0.000000 0.000000 0.000000 1.000000
2.311000000 -6.000000 1.000000 1.550973 0.000000 0.000000 0.000000 1.000000
2.316000000 -6.000000 1.000000 1.556173 0.000000 0.000000 0.000000 1.000000
2.321000000 -6.000000 1.000000 1.561328 0.000000 0.000000 0.000000 1.000000
2.326000000 -6.000000 1.000000 1.566436 0.000000 0.000000 0.000000 1.000000
2.331000000 -6.000000 1.000000 1.571499 0.000000 0.000000 0.000000 1.000000
2.336000000 -6.000000 1.000000 1.576513 0.000000 0.000000 0.000000 1.000000
2.341000000 -6.000000 1.000000 1.581480 0.000000 0.000000 0.000000 1.000000
2.346000000 -6.000000 1.000000 1.586398 0.000000 0.000000 0.000000 1.000000
2.351000000 -6.000000 1.000000 1.591267 0.000000 0.000000 0.000000 1.000000
2.356000000 -6.000000 1.000000 1.596086 0.000000 0.000000 0.000000 1.000000
2.361000000 -6.000000 1.000000 1.600854 0.000000 0.000000 0.000000 1.000000
2.366000000 -6.000000 1.000000 1.605571 0.000000 0.000000 0.000000 1.000000
2.371000000 -6.000000 1.000000 1.610237 0.000000 0.000000 0.000000 1.000000
2.376000000 -6.000000 1.000000 1.614851 0.000000 0.000000 0.000000 1.000000
2.381000000 -6.000000 1.000000 1.619412 0.000000 0.000000 0.000000 1.000000
2.386000000 -6.000000 1.000000 1.623920 0.000000 0.000000 0.000000 1.000000
2.391000000 -6.000000 1.000000 1.628374 0.000000 0.000000 0.000000 1.000000
2.396000000 -6.000000 1.000000 1.632775 0.000000 0.000000 0.000000 1.000000
2.401000000 -6.000000 1.000000 1.637121 0.000000 0.000000 0.000000 1.000000
2.406000000 -6.000000 1.000000 1.641412 0.000000 0.000000 0.000000 1.000000
2.411000000 -6.000000 1.000000 1.645648 0.000000 0.000000 0.000000 1.000000
2.416000000 -6.000000 1.000000 1.649829 0.000000 0.000000 0.000000 1.000000
2.421000000 -6.000000 1.000000 1.653954 0.000000 0.000000 0.000000 1.000000
2.426000000 -6.000000 1.000000 1.658022 0.000000 0.000000 0.000000 1.000000
2.431000000 -6.000000 1.000000 1.662034 0.000000 0.000000 0.000000 1.000000
2.436000000 -6.000000 1.000000 1.665989 0.000000 0.000000 0.000000 1.000000
2.441000000 -6.000000 1.000000 1.669887 0.000000 0.000000 0.000000 1.000000
2.446000000 -6.000000 1.000000 1.673727 0.000000 0.000000 0.000000 1.000000
2.451000000 -6.000000 1.000000 1.677509 0.000000 0.000000 0.000000 1.000000
2.456000000 -6.000000 1.000000 1.681233 0.000000 0.000000 0.000000 1.000000
2.461000000 -6.000000 1.000000 1.684899 0.000000 0.000000 0.000000 1.000000
2.466000000 -6.000000 1.000000 1.688507 0.000000 0.000000 0.000000 1.000000
2.471000000 -6.000000 1.000000 1.692056 0.000000 0.000000 0.000000 1.000000
2.476000000 -6.000000 1.000000 1.695547 0.000000 0.000000 0.000000 1.000000
2.481000000 -6.000000 1.000000 1.698979 0.000000 0.000000 0.000000 1.000000
2.486000000 -6.000000 1.000000 1.702353 0.000000 0.000000 0.000000 1.000000
2.491000000 -6.000000 1.000000 1.705667 0.000000 0.000000 0.000000 1.000000
2.496000000 -6.000000 1.000000 1.708921 0.000000 0.000000 0.000000 1.000000
2.501000000 -6.000000 1.000000 1.712117 0.000000 0.000000 0.000000 1.000000
2.506000000 -6.000000 1.000000 1.715253 0.000000 0.000000 0.000000 1.000000
2.511000000 -6.000000 1.000000 1.718330 0.000000 0.000000 0.000000 1.000000
2.516000000 -6.000000 1.000000 1.721347 0.000000 0.000000 0.000000 1.000000
2.521000000 -6.000000 1.000000 1.724305 0.000000 0.000000 0.000000 1.000000
2.526000000 -6.000000 1.000000 1.727204 0.000000 0.000000 0.000000 1.000000
2.531000000 -6.000000 1.000000 1.730043 0.000000 0.000000 0.000000 1.000000
2.536000000 -6.000000 1.000000 1.732823 0.000000 0.000000 0.000000 1.000000
2.541000000 -6.000000 1.000000 1.735544 0.000000 0.000000 0.000000 1.000000
2.546000000 -6.000000 1.000000 1.738205 0.000000 0.000000 0.000000 1.000000
2.551000000 -6.000000 1.000000 1.740807 0.000000 0.000000 0.000000 1.000000
2.556000000 -6.000000 1.000000 1.743350 0.000000 0.000000 0.000000 1.000000
2.561000000 -6.000000 1.000000 1.745834 0.000000 0.000000 0.000000 1.000000
2.566000000 -6.000000 1.000000 1.748258 0.000000 0.000000 0.000000 1.000000
2.571000000 -6.000000 1.000000 1.750623 0.000000 0.000000 0.000000 1.000000
2.576000000 -6.000000 1.000000 1.752929 0.000000 0.000000 0.000000 1.000000
2.581000000 -6.000000 1.000000 1.755175 0.000000 0.000000 0.000000 1.000000
2.586000000 -6.000000 1.000000 1.757362 0.000000 0.000000 0.000000 1.000000
2.591000000 -6.000000 1.000000 1.759491 0.000000 0.000000 0.000000 1.000000
2.596000000 -6.000000 1.000000 1.761560 0.000000 0.000000 0.000000 1.000000
2.601000000 -6.000000 1.000000 1.763571 0.000000 0.000000 0.000000 1.000000
2.606000000 -6.000000 1.000000 1.765523 0.000000 0.000000 0.000000 1.000000
2.611000000 -6.000000 1.000000 1.767417 0.000000 0.000000 0.000000 1.000000
2.616000000 -6.000000 1.000000 1.769253 0.000000 0.000000 0.000000 1.000000
2.621000000 -6.000000 1.000000 1.771031 0.000000 0.000000 0.000000 1.000000
2.626000000 -6.000000 1.000000 1.772751 0.000000 0.000000 0.000000 1.000000
2.631000000 -6.000000 1.000000 1.774412 0.000000 0.000000 0.000000 1.000000
2.636000000 -6.000000 1.000000 1.776016 0.000000 0.000000 0.000000 1.000000
2.641000000 -6.000000 1.000000 1.777563 0.000000 0.000000 0.000000 1.000000
2.646000000 -6.000000 1.000000 1.779052 0.000000 0.000000 0.000000 1.000000
2.651000000 -6.000000 1.000000 1.780484 0.000000 0.000000 0.000000 1.000000
2.656000000 -6.000000 1.000000 1.781859 0.000000 0.000000 0.000000 1.000000
2.661000000 -6.000000 1.000000 1.783178 0.000000 0.000000 0.000000 1.000000
2.666000000 -6.000000 1.000000 1.784440 0.000000 0.000000 0.000000 1.000000
2.671000000 -6.000000 1.000000 1.785645 0.000000 0.000000 0.000000 1.000000
2.676000000 -6.000000 1.000000 1.786795 0.000000 0.000000 0.000000 1.000000
2.681000000 -6.000000 1.000000 1.787889 0.000000 0.000000 0.000000 1.000000
2.686000000 -6.000000 1.000000 1.788928 0.000000 0.000000 0.000000 1.000000
2.691000000 -6.000000 1.000000 1.789911 0.000000 0.000000 0.000000 1.000000
2.696000000 -6.000000 1.000000 1.790840 0.000000 0.000000 0.000000 1.000000
2.701000000 -6.000000 1.000000 1.791714 0.000000 0.000000 0.000000 1.000000
2.706000000 -6.000000 1.000000 1.792533 0.000000 0.000000 0.000000 1.000000
2.711000000 -6.000000 1.000000 1.793299 0.000000 0.000000 0.000000 1.000000
2.716000000 -6.000000 1.000000 1.794012 0.000000 0.000000 0.000000 1.000000
2.721000000 -6.000000 1.000000 1.794671 0.000000 0.000000 0.000000 1.000000
2.726000000 -6.000000 1.000000 1.795277 0.000000 0.000000 0.000000 1.000000
2.731000000 -6.000000 1.000000 1.795830 0.000000 0.000000 0.000000 1.000000
2.736000000 -6.000000 1.000000 1.796331 0.000000 0.000000 0.000000 1.000000
2.741000000 -6.000000 1.000000 1.796779 0.000000 0.000000 0.000000 1.000000
2.746000000 -6.000000 1.000000 1.797176 0.000000 0.000000 0.000000 1.000000
2.751000000 -6.000000 1.000000 1.797521 0.000000 0.000000 0.000000 1.000000
2.756000000 -6.000000 1.000000 1.797815 0.000000 0.000000 0.000000 1.000000
2.761000000 -6.000000 1.000000 1.798057 0.000000 0.000000 0.000000 1.000000
2.766000000 -6.000000 1.000000 1.798250 0.000000 0.000000 0.000000 1.000000
2.771000000 -6.000000 1.000000 1.798391 0.000000 0.000000 0.000000 1.000000
2.776000000 -6.000000 1.000000 1.798483 0.000000 0.000000 0.000000 1.000000
2.781000000 -6.000000 1.000000 1.798526 0.000000 0.000000 0.000000 1.000000
2.786000000 -6.000000 1.000000 1.798519 0.000000 0.000000 0.000000 1.000000
2.791000000 -6.000000 1.000000 1.798463 0.000000 0.000000 0.000000 1.000000
2.796000000 -6.000000 1.000000 1.798359 0.000000 0.000000 0.000000 1.000000
2.801000000 -6.000000 1.000000 1.798206 0.000000 0.000000 0.000000 1.000000
2.806000000 -6.000000 1.000000 1.798006 0.000000 0.000000 0.000000 1.000000
2.811000000 -6.000000 1.000000 1.797758 0.000000 0.000000 0.000000 1.000000
2.816000000 -6.000000 1.000000 1.797464 0.000000 0.000000 0.000000 1.000000
2.821000000 -6.000000 1.000000 1.797122 0.000000 0.000000 0.000000 1.000000
2.826000000 -6.000000 1.000000 1.796734 0.000000 0.000000 0.000000 1.000000
2.831000000 -6.000000 1.000000 1.796300 0.000000 0.000000 0.000000 1.000000
2.836000000 -6.000000 1.000000 1.795820 0.000000 0.000000 0.000000 1.000000
2.841000000 -6.000000 1.000000 1.795294 0.000000 0.000000 0.000000 1.000000
2.846000000 -6.000000 1.000000 1.794723 0.000000 0.000000 0.000000 1.000000
2.851000000 -6.000000 1.000000 1.794108 0.000000 0.000000 0.000000 1.000000
2.856000000 -6.000000 1.000000 1.793447 0.000000 0.000000 0.000000 1.000000
2.861000000 -6.000000 1.000000 1.792742 0.000000 0.000000 0.000000 1.000000
2.866000000 -6.000000 1.000000 1.791993 0.000000 0.000000 0.000000 1.000000
2.871000000 -6.000000 1.000000 1.791199 0.000000 0.000000 0.000000 1.000000
2.876000000 -6.000000 1.000000 1.790363 0.000000 0.000000 0.000000 1.000000
2.881000000 -6.000000 1.000000 1.789482 0.000000 0.000000 0.000000 1.000000
2.886000000 -6.000000 1.000000 1.788559 0.000000 0.000000 0.000000 1.000000
2.891000000 -6.000000 1.000000 1.787592 0.000000 0.000000 0.000000 1.000000
2.896000000 -6.000000 1.000000 1.786583 0.000000 0.000000 0.000000 1.000000
2.901000000 -6.000000 1.000000 1.785532 0.000000 0.000000 0.000000 1.000000
2.906000000 -6.000000 1.000000 1.784438 0.000000 0.000000 0.000000 1.000000
2.911000000 -6.000000 1.000000 1.783303 0.000000 0.000000 0.000000 1.000000
2.916000000 -6.000000 1.000000 1.782126 0.000000 0.000000 0.000000 1.000000
2.921000000 -6.000000 1.000000 1.780908 0.000000 0.000000 0.000000 1.000000
2.926000000 -6.000000 1.000000 1.779649 0.000000 0.000000 0.000000 1.000000
2.931000000 -6.000000 1.000000 1.778350 0.000000 0.000000 0.000000 1.000000
2.936000000 -6.000000 1.000000 1.777010 0.000000 0.000000 0.000000 1.000000
2.941000000 -6.000000 1.000000 1.775631 0.000000 0.000000 0.000000 1.000000
2.946000000 -6.000000 1.000000 1.774213 0.000000 0.000000 0.000000 1.000000
2.951000000 -6.000000 1.000000 1.772755 0.000000 0.000000 0.000000 1.000000
2.956000000 -6.000000 1.000000 1.771259 0.000000 0.000000 0.000000 1.000000
2.961000000 -6.000000 1.000000 1.769725 0.000000 0.000000 0.000000 1.000000
2.966000000 -6.000000 1.000000 1.768153 0.000000 0.000000 0.000000 1.000000
2.971000000 -6.000000 1.000000 1.766543 0.000000 0.000000 0.000000 1.000000
2.976000000 -6.000000 1.000000 1.764896 0.000000 0.000000 0.000000 1.000000
2.981000000 -6.000000 1.000000 1.763212 0.000000 0.000000 0.000000 1.000000
2.986000000 -6.000000 1.000000 1.761491 0.000000 0.000000 0.000000 1.000000
2.991000000 -6.000000 1.000000 1.759735 0.000000 0.000000 0.000000 1.000000
2.996000000 -6.000000 1.000000 1.757943 0.000000 0.000000 0.000000 1.000000
3.001000000 -6.000000 1.000000 1.756116 0.000000 0.000000 0.000000 1.000000
3.006000000 -6.000000 1.000000 1.754254 0.000000 0.000000 0.000000 1.000000
3.011000000 -6.000000 1.000000 1.752356 0.000000 0.000000 0.000000 1.000000
3.016000000 -6.000000 1.000000 1.750424 0.000000 0.000000 0.000000 1.000000
3.021000000 -6.000000 1.000000 1.748458 0.000000 0.000000 0.000000 1.000000
3.026000000 -6.000000 1.000000 1.746457 0.000000 0.000000 0.000000 1.000000
3.031000000 -6.000000 1.000000 1.744423 0.000000 0.000000 0.000000 1.000000
3.036000000 -6.000000 1.000000 1.742355 0.000000 0.000000 0.000000 1.000000
3.041000000 -6.000000 1.000000 1.740254 0.000000 0.000000 0.000000 1.000000
3.046000000 -6.000000 1.000000 1.738121 0.000000 0.000000 0.000000 1.000000
3.051000000 -6.000000 1.000000 1.735955 0.000000 0.000000 0.000000 1.000000
3.056000000 -6.000000 1.000000 1.733757 0.000000 0.000000 0.000000 1.000000
3.061000000 -6.000000 1.000000 1.731527 0.000000 0.000000 0.000000 1.000000
3.066000000 -6.000000 1.000000 1.729265 0.000000 0.000000 0.000000 1.000000
3.071000000 -6.000000 1.000000 1.726973 0.000000 0.000000 0.000000 1.000000
3.076000000 -6.000000 1.000000 1.724649 0.000000 0.000000 0.000000 1.000000
3.081000000 -6.000000 1.000000 1.722296 0.000000 0.000000 0.000000 1.000000
3.086000000 -6.000000 1.000000 1.719912 0.000000 0.000000 0.000000 1.000000
3.091000000 -6.000000 1.000000 1.717499 0.000000 0.000000 0.000000 1.000000
3.096000000 -6.000000 1.000000 1.715056 0.000000 0.000000 0.000000 1.000000
3.101000000 -6.000000 1.000000 1.712585 0.000000 0.000000 0.000000 1.000000
3.106000000 -6.000000 1.000000 1.710086 0.000000 0.000000 0.000000 1.000000
3.111000000 -6.000000 1.000000 1.707558 0.000000 0.000000 0.000000 1.000000
3.116000000 -6.000000 1.000000 1.705003 0.000000 0.000000 0.000000 1.000000
3.121000000 -6.000000 1.000000 1.702420 0.000000 0.000000 0.000000 1.000000
3.126000000 -6.000000 1.000000 1.699811 0.000000 0.000000 0.000000 1.000000
3.131000000 -6.000000 1.000000 1.697175 0.000000 0.000000 0.000000 1.000000
3.136000000 -6.000000 1.000000 1.694513 0.000000 0.000000 0.000000 1.000000
3.141000000 -6.000000 1.000000 1.691825 0.000000 0.000000 0.000000 1.000000
3.146000000 -6.000000 1.000000 1.689111 0.000000 0.000000 0.000000 1.000000
3.151000000 -6.000000 1.000000 1.686372 0.000000 0.000000 0.000000 1.000000
3.156000000 -6.000000 1.000000 1.683608 0.000000 0.000000 0.000000 1.000000
3.161000000 -6.000000 1.000000 1.680820 0.000000 0.000000 0.000000 1.000000
3.166000000 -6.000000 1.000000 1.678007 0.000000 0.000000 0.000000 1.000000
3.171000000 -6.000000 1.000000 1.675171 0.000000 0.000000 0.000000 1.000000
3.176000000 -6.000000 1.000000 1.672311 0.000000 0.000000 0.000000 1.000000
3.181000000 -6.000000 1.000000 1.669428 0.000000 0.000000 0.000000 1.000000
3.186000000 -6.000000 1.000000 1.666521 0.000000 0.000000 0.000000 1.000000
3.191000000 -6.000000 1.000000 1.663593 0.000000 0.000000 0.000000 1.000000
3.196000000 -6.000000 1.000000 1.660642 0.000000 0.000000 0.000000 1.000000
3.201000000 -6.000000 1.000000 1.657668 0.000000 0.000000 0.000000 1.000000
3.206000000 -6.000000 1.000000 1.654674 0.000000 0.000000 0.000000 1.000000
3.211000000 -6.000000 1.000000 1.651658 0.000000 0.000000 0.000000 1.000000
3.216000000 -6.000000 1.000000 1.648620 0.000000 0.000000 0.000000 1.000000
3.221000000 -6.000000 1.000000 1.645562 0.000000 0.000000 0.000000 1.000000
3.226000000 -6.000000 1.000000 1.642484 0.000000 0.000000 0.000000 1.000000
3.231000000 -6.000000 1.000000 1.639385 0.000000 0.000000 0.000000 1.000000
3.236000000 -6.000000 1.000000 1.636266 0.000000 0.000000 0.000000 1.000000
3.241000000 -6.000000 1.000000 1.633127 0.000000 0.000000 0.000000 1.000000
3.246000000 -6.000000 1.000000 1.629968 0.000000 0.000000 0.000000 1.000000
3.251000000 -6.000000 1.000000 1.626789 0.000000 0.000000 0.000000 1.000000
3.256000000 -6.000000 1.000000 1.623591 0.000000 0.000000 0.000000 1.000000
3.261000000 -6.000000 1.000000 1.620373 0.000000 0.000000 0.000000 1.000000
3.266000000 -6.000000 1.000000 1.617137 0.000000 0.000000 0.000000 1.000000
3.271000000 -6.000000 1.000000 1.613883 0.000000 0.000000 0.000000 1.000000
3.276000000 -6.000000 1.000000 1.610610 0.000000 0.000000 0.000000 1.000000
3.281000000 -6.000000 1.000000 1.607319 0.000000 0.000000 0.000000 1.000000
3.286000000 -6.000000 1.000000 1.604010 0.000000 0.000000 0.000000 1.000000
3.291000000 -6.000000 1.000000 1.600683 0.000000 0.000000 0.000000 1.000000
3.296000000 -6.000000 1.000000 1.597338 0.000000 0.000000 0.000000 1.000000
3.301000000 -6.000000 1.000000 1.593976 0.000000 0.000000 0.000000 1.000000
3.306000000 -6.000000 1.000000 1.590596 0.000000 0.000000 0.000000 1.000000
3.311000000 -6.000000 1.000000 1.587200 0.000000 0.000000 0.000000 1.000000
3.316000000 -6.000000 1.000000 1.583786 0.000000 0.000000 0.000000 1.000000
3.321000000 -6.000000 1.000000 1.580355 0.000000 0.000000 0.000000 1.000000
3.326000000 -6.000000 1.000000 1.576907 0.000000 0.000000 0.000000 1.000000
3.331000000 -6.000000 1.000000 1.573443 0.000000 0.000000 0.000000 1.000000
3.336000000 -6.000000 1.000000 1.569963 0.000000 0.000000 0.000000 1.000000
3.341000000 -6.000000 1.000000 1.566468 0.000000 0.000000 0.000000 1.000000
3.346000000 -6.000000 1.000000 1.562957 0.000000 0.000000 0.000000 1.000000
3.351000000 -6.000000 1.000000 1.559433 0.000000 0.000000 0.000000 1.000000
3.356000000 -6.000000 1.000000 1.555894 0.000000 0.000000 0.000000 1.000000
3.361000000 -6.000000 1.000000 1.552343 0.000000 0.000000 0.000000 1.000000
3.366000000 -6.000000 1.000000 1.548780 0.000000 0.000000 0.000000 1.000000
3.371000000 -6.000000 1.000000 1.545205 0.000000 0.000000 0.000000 1.000000
3.376000000 -6.000000 1.000000 1.541619 0.000000 0.000000 0.000000 1.000000
3.381000000 -6.000000 1.000000 1.538022 0.000000 0.000000 0.000000 1.000000
3.386000000 -6.000000 1.000000 1.534417 0.000000 0.000000 0.000000 1.000000
3.391000000 -6.000000 1.000000 1.530802 0.000000 0.000000 0.000000 1.000000
3.396000000 -6.000000 1.000000 1.527179 0.000000 0.000000 0.000000 1.000000
3.401000000 -6.000000 1.000000 1.523550 0.000000 0.000000 0.000000 1.000000
3.406000000 -6.000000 1.000000 1.519913 0.000000 0.000000 0.000000 1.000000
3.411000000 -6.000000 1.000000 1.516271 0.000000 0.000000 0.000000 1.000000
3.416000000 -6.000000 1.000000 1.512623 0.000000 0.000000 0.000000 1.000000
3.421000000 -6.000000 1.000000 1.508971 0.000000 0.000000 0.000000 1.000000
3.426000000 -6.000000 1.000000 1.505315 0.000000 0.000000 0.000000 1.000000
3.431000000 -6.000000 1.000000 1.501657 0.000000 0.000000 0.000000 1.000000
3.436000000 -6.000000 1.000000 1.497996 0.000000 0.000000 0.000000 1.000000
3.441000000 -6.000000 1.000000 1.494334 0.000000 0.000000 0.000000 1.000000
3.446000000 -6.000000 1.000000 1.490671 0.000000 0.000000 0.000000 1.000000
3.451000000 -6.000000 1.000000 1.487008 0.000000 0.000000 0.000000 1.000000
3.456000000 -6.000000 1.000000 1.483346 0.000000 0.000000 0.000000 1.000000
3.461000000 -6.000000 1.000000 1.479685 0.000000 0.000000 0.000000 1.000000
3.466000000 -6.000000 1.000000 1.476026 0.000000 0.000000 0.000000 1.000000
3.471000000 -6.000000 1.000000 1.472369 0.000000 0.000000 0.000000 1.000000
3.476000000 -6.000000 1.000000 1.468715 0.000000 0.000000 0.000000 1.000000
3.481000000 -6.000000 1.000000 1.465066 0.000000 0.000000 0.000000 1.000000
3.486000000 -6.000000 1.000000 1.461420 0.000000 0.000000 0.000000 1.000000
3.491000000 -6.000000 1.000000 1.457780 0.000000 0.000000 0.000000 1.000000
3.496000000 -6.000000 1.000000 1.454145 0.000000 0.000000 0.000000 1.000000
3.501000000 -6.000000 1.000000 1.450517 0.000000 0.000000 0.000000 1.000000
3.506000000 -6.000000 1.000000 1.446895 0.000000 0.000000 0.000000 1.000000
3.511000000 -6.000000 1.000000 1.443280 0.000000 0.000000 0.000000 1.000000
3.516000000 -6.000000 1.000000 1.439673 0.000000 0.000000 0.000000 1.000000
3.521000000 -6.000000 1.000000 1.436074 0.000000 0.000000 0.000000 1.000000
3.526000000 -6.000000 1.000000 1.432483 0.000000 0.000000 0.000000 1.000000
3.531000000 -6.000000 1.000000 1.428902 0.000000 0.000000 0.000000 1.000000
3.536000000 -6.000000 1.000000 1.425330 0.000000 0.000000 0.000000 1.000000
3.541000000 -6.000000 1.000000 1.421768 0.000000 0.000000 0.000000 1.000000
3.546000000 -6.000000 1.000000 1.418216 0.000000 0.000000 0.000000 1.000000
3.551000000 -6.000000 1.000000 1.414676 0.000000 0.000000 0.000000 1.000000
3.556000000 -6.000000 1.000000 1.411146 0.000000 0.000000 0.000000 1.000000
3.561000000 -6.000000 1.000000 1.407629 0.000000 0.000000 0.000000 1.000000
3.566000000 -6.000000 1.000000 1.404123 0.000000 0.000000 0.000000 1.000000
3.571000000 -6.000000 1.000000 1.400630 0.000000 0.000000 0.000000 1.000000
3.576000000 -6.000000 1.000000 1.397150 0.000000 0.000000 0.000000 1.000000
3.581000000 -6.000000 1.000000 1.393683 0.000000 0.000000 0.000000 1.000000
3.586000000 -6.000000 1.000000 1.390230 0.000000 0.000000 0.000000 1.000000
3.591000000 -6.000000 1.000000 1.386791 0.000000 0.000000 0.000000 1.000000
3.596000000 -6.000000 1.000000 1.383366 0.000000 0.000000 0.000000 1.000000
3.601000000 -6.000000 1.000000 1.379956 0.000000 0.000000 0.000000 1.000000
3.606000000 -6.000000 1.000000 1.376560 0.000000 0.000000 0.000000 1.000000
3.611000000 -6.000000 1.000000 1.373180 0.000000 0.000000 0.000000 1.000000
3.616000000 -6.000000 1.000000 1.369816 0.000000 0.000000 0.000000 1.000000
3.621000000 -6.000000 1.000000 1.366468 0.000000 0.000000 0.000000 1.000000
3.626000000 -6.000000 1.000000 1.363135 0.000000 0.000000 0.000000 1.000000
3.631000000 -6.000000 1.000000 1.359820 0.000000 0.000000 0.000000 1.000000
3.636000000 -6.000000 1.000000 1.356521 0.000000 0.000000 0.000000 1.000000
3.641000000 -6.000000 1.000000 1.353239 0.000000 0.000000 0.000000 1.000000
3.646000000 -6.000000 1.000000 1.349974 0.000000 0.000000 0.000000 1.000000
3.651000000 -6.000000 1.000000 1.346727 0.000000 0.000000 0.000000 1.000000
3.656000000 -6.000000 1.000000 1.343498 0.000000 0.000000 0.000000 1.000000
3.661000000 -6.000000 1.000000 1.340286 0.000000 0.000000 0.000000 1.000000
3.666000000 -6.000000 1.000000 1.337093 0.000000 0.000000 0.000000 1.000000
3.671000000 -6.000000 1.000000 1.333918 0.000000 0.000000 0.000000 1.000000
3.676000000 -6.000000 1.000000 1.330762 0.000000 0.000000 0.000000 1.000000
3.681000000 -6.000000 1.000000 1.327624 0.000000 0.000000 0.000000 1.000000
3.686000000 -6.000000 1.000000 1.324505 0.000000 0.000000 0.000000 1.000000
3.691000000 -6.000000 1.000000 1.321405 0.000000 0.000000 0.000000 1.000000
3.696000000 -6.000000 1.000000 1.318325 0.000000 0.000000 0.000000 1.000000
3.701000000 -6.000000 1.000000 1.315263 0.000000 0.000000 0.000000 1.000000
3.706000000 -6.000000 1.000000 1.312221 0.000000 0.000000 0.000000 1.000000
3.711000000 -6.000000 1.000000 1.309199 0.000000 0.000000 0.000000 1.000000
3.716000000 -6.000000 1.000000 1.306197 0.000000 0.000000 0.000000 1.000000
3.721000000 -6.000000 1.000000 1.303214 0.000000 0.000000 0.000000 1.000000
3.726000000 -6.000000 1.000000 1.300252 0.000000 0.000000 0.000000 1.000000
3.731000000 -6.000000 1.000000 1.297309 0.000000 0.000000 0.000000 1.000000
3.736000000 -6.000000 1.000000 1.294387 0.000000 0.000000 0.000000 1.000000
3.741000000 -6.000000 1.000000 1.291485 0.000000 0.000000 0.000000 1.000000
3.746000000 -6.000000 1.000000 1.288603 0.000000 0.000000 0.000000 1.000000
3.751000000 -6.000000 1.000000 1.285742 0.000000 0.000000 0.000000 1.000000
3.756000000 -6.000000 1.000000 1.282901 0.000000 0.000000 0.000000 1.000000
3.761000000 -6.000000 1.000000 1.280081 0.000000 0.000000 0.000000 1.000000
3.766000000 -6.000000 1.000000 1.277281 0.000000 0.000000 0.000000 1.000000
3.771000000 -6.000000 1.000000 1.274503 0.000000 0.000000 0.000000 1.000000
3.776000000 -6.000000 1.000000 1.271745 0.000000 0.000000 0.000000 1.000000
3.781000000 -6.000000 1.000000 1.269007 0.000000 0.000000 0.000000 1.000000
3.786000000 -6.000000 1.000000 1.266291 0.000000 0.000000 0.000000 1.000000
3.791000000 -6.000000 1.000000 1.263595 0.000000 0.000000 0.000000 1.000000
3.796000000 -6.000000 1.000000 1.260921 0.000000 0.000000 0.000000 1.000000
3.801000000 -6.000000 1.000000 1.258267 0.000000 0.000000 0.000000 1.000000
3.806000000 -6.000000 1.000000 1.255634 0.000000 0.000000 0.000000 1.000000
3.811000000 -6.000000 1.000000 1.253023 0.000000 0.000000 0.000000 1.000000
3.816000000 -6.000000 1.000000 1.250432 0.000000 0.000000 0.000000 1.000000
3.821000000 -6.000000 1.000000 1.247863 0.000000 0.000000 0.000000 1.000000
3.826000000 -6.000000 1.000000 1.245314 0.000000 0.000000 0.000000 1.000000
3.831000000 -6.000000 1.000000 1.242787 0.000000 0.000000 0.000000 1.000000
3.836000000 -6.000000 1.000000 1.240280 0.000000 0.000000 0.000000 1.000000
3.841000000 -6.000000 1.000000 1.237795 0.000000 0.000000 0.000000 1.000000
3.846000000 -6.000000 1.000000 1.235331 0.000000 0.000000 0.000000 1.000000
3.851000000 -6.000000 1.000000 1.232887 0.000000 0.000000 0.000000 1.000000
3.856000000 -6.000000 1.000000 1.230465 0.000000 0.000000 0.000000 1.000000
3.861000000 -6.000000 1.000000 1.228064 0.000000 0.000000 0.000000 1.000000
3.866000000 -6.000000 1.000000 1.225683 0.000000 0.000000 0.000000 1.000000
3.871000000 -6.000000 1.000000 1.223324 0.000000 0.000000 0.000000 1.000000
3.876000000 -6.000000 1.000000 1.220985 0.000000 0.000000 0.000000 1.000000
3.881000000 -6.000000 1.000000 1.218668 0.000000 0.000000 0.000000 1.000000
3.886000000 -6.000000 1.000000 1.216371 0.000000 0.000000 0.000000 1.000000
3.891000000 -6.000000 1.000000 1.214095 0.000000 0.000000 0.000000 1.000000
3.896000000 -6.000000 1.000000 1.211840 0.000000 0.000000 0.000000 1.000000
3.901000000 -6.000000 1.000000 1.209605 0.000000 0.000000 0.000000 1.000000
3.906000000 -6.000000 1.000000 1.207391 0.000000 0.000000 0.000000 1.000000
3.911000000 -6.000000 1.000000 1.205198 0.000000 0.000000 0.000000 1.000000
3.916000000 -6.000000 1.000000 1.203026 0.000000 0.000000 0.000000 1.000000
3.921000000 -6.000000 1.000000 1.200873 0.000000 0.000000 0.000000 1.000000
3.926000000 -6.000000 1.000000 1.198742 0.000000 0.000000 0.000000 1.000000
3.931000000 -6.000000 1.000000 1.196631 0.000000 0.000000 0.000000 1.000000
3.936000000 -6.000000 1.000000 1.194540 0.000000 0.000000 0.000000 1.000000
3.941000000 -6.000000 1.000000 1.192469 0.000000 0.000000 0.000000 1.000000
3.946000000 -6.000000 1.000000 1.190418 0.000000 0.000000 0.000000 1.000000
3.951000000 -6.000000 1.000000 1.188388 0.000000 0.000000 0.000000 1.000000
3.956000000 -6.000000 1.000000 1.186378 0.000000 0.000000 0.000000 1.000000
3.961000000 -6.000000 1.000000 1.184387 0.000000 0.000000 0.000000 1.000000
3.966000000 -6.000000 1.000000 1.182417 0.000000 0.000000 0.000000 1.000000
3.971000000 -6.000000 1.000000 1.180466 0.000000 0.000000 0.000000 1.000000
3.976000000 -6.000000 1.000000 1.178535 0.000000 0.000000 0.000000 1.000000
3.981000000 -6.000000 1.000000 1.176624 0.000000 0.000000 0.000000 1.000000
3.986000000 -6.000000 1.000000 1.174732 0.000000 0.000000 0.000000 1.000000
3.991000000 -6.000000 1.000000 1.172860 0.000000 0.000000 0.000000 1.000000
3.996000000 -6.000000 1.000000 1.171007 0.000000 0.000000 0.000000 1.000000
4.001000000 -6.000000 1.000000 1.169173 0.000000 0.000000 0.000000 1.000000
4.006000000 -6.000000 1.000000 1.167359 0.000000 0.000000 0.000000 1.000000
4.011000000 -6.000000 1.000000 1.165564 0.000000 0.000000 0.000000 1.000000
4.016000000 -6.000000 1.000000 1.163787 0.000000 0.000000 0.000000 1.000000
4.021000000 -6.000000 1.000000 1.162030 0.000000 0.000000 0.000000 1.000000
4.026000000 -6.000000 1.000000 1.160292 0.000000 0.000000 0.000000 1.000000
4.031000000 -6.000000 1.000000 1.158572 0.000000 0.000000 0.000000 1.000000
4.036000000 -6.000000 1.000000 1.156871 0.000000 0.000000 0.000000 1.000000
4.041000000 -6.000000 1.000000 1.155188 0.000000 0.000000 0.000000 1.000000
4.046000000 -6.000000 1.000000 1.153524 0.000000 0.000000 0.000000 1.000000
4.051000000 -6.000000 1.000000 1.151878 0.000000 0.000000 0.000000 1.000000
4.056000000 -6.000000 1.000000 1.150250 0.000000 0.000000 0.000000 1.000000
4.061000000 -6.000000 1.000000 1.148641 0.000000 0.000000 0.000000 1.000000
4.066000000 -6.000000 1.000000 1.147049 0.000000 0.000000 0.000000 1.000000
4.071000000 -6.000000 1.000000 1.145475 0.000000 0.000000 0.000000 1.000000
4.076000000 -6.000000 1.000000 1.143920 0.000000 0.000000 0.000000 1.000000
4.081000000 -6.000000 1.000000 1.142381 0.000000 0.000000 0.000000 1.000000
4.086000000 -6.000000 1.000000 1.140861 0.000000 0.000000 0.000000 1.000000
4.091000000 -6.000000 1.000000 1.139357 0.000000 0.000000 0.000000 1.000000
4.096000000 -6.000000 1.000000 1.137872 0.000000 0.000000 0.000000 1.000000
4.101000000 -6.000000 1.000000 1.136403 0.000000 0.000000 0.000000 1.000000
4.106000000 -6.000000 1.000000 1.134951 0.000000 0.000000 0.000000 1.000000
4.111000000 -6.000000 1.000000 1.133517 0.000000 0.000000 0.000000 1.000000
4.116000000 -6.000000 1.000000 1.132099 0.000000 0.000000 0.000000 1.000000
4.121000000 -6.000000 1.000000 1.130698 0.000000 0.000000 0.000000 1.000000
4.126000000 -6.000000 1.000000 1.129314 0.000000 0.000000 0.000000 1.000000
4.131000000 -6.000000 1.000000 1.127946 0.000000 0.000000 0.000000 1.000000
4.136000000 -6.000000 1.000000 1.126595 0.000000 0.000000 0.000000 1.000000
4.141000000 -6.000000 1.000000 1.125260 0.000000 0.000000 0.000000 1.000000
4.146000000 -6.000000 1.000000 1.123941 0.000000 0.000000 0.000000 1.000000
4.151000000 -6.000000 1.000000 1.122638 0.000000 0.000000 0.000000 1.000000
4.156000000 -6.000000 1.000000 1.121351 0.000000 0.000000 0.000000 1.000000
4.161000000 -6.000000 1.000000 1.120079 0.000000 0.000000 0.000000 1.000000
4.166000000 -6.000000 1.000000 1.118824 0.000000 0.000000 0.000000 1.000000
4.171000000 -6.000000 1.000000 1.117584 0.000000 0.000000 0.000000 1.000000
4.176000000 -6.000000 1.000000 1.116359 0.000000 0.000000 0.000000 1.000000
4.181000000 -6.000000 1.000000 1.115150 0.000000 0.000000 0.000000 1.000000
4.186000000 -6.000000 1.000000 1.113956 0.000000 0.000000 0.000000 1.000000
4.191000000 -6.000000 1.000000 1.112777 0.000000 0.000000 0.000000 1.000000
4.196000000 -6.000000 1.000000 1.111613 0.000000 0.000000 0.000000 1.000000
4.201000000 -6.000000 1.000000 1.110464 0.000000 0.000000 0.000000 1.000000
4.206000000 -6.000000 1.000000 1.109330 0.000000 0.000000 0.000000 1.000000
4.211000000 -6.000000 1.000000 1.108210 0.000000 0.000000 0.000000 1.000000
4.216000000 -6.000000 1.000000 1.107105 0.000000 0.000000 0.000000 1.000000
4.221000000 -6.000000 1.000000 1.106014 0.000000 0.000000 0.000000 1.000000
4.226000000 -6.000000 1.000000 1.104937 0.000000 0.000000 0.000000 1.000000
4.231000000 -6.000000 1.000000 1.103875 0.000000 0.000000 0.000000 1.000000
4.236000000 -6.000000 1.000000 1.102826 0.000000 0.000000 0.000000 1.000000
4.241000000 -6.000000 1.000000 1.101792 0.000000 0.000000 0.000000 1.000000
4.246000000 -6.000000 1.000000 1.100771 0.000000 0.000000 0.000000 1.000000
4.251000000 -6.000000 1.000000 1.099763 0.000000 0.000000 0.000000 1.000000
4.256000000 -6.000000 1.000000 1.098770 0.000000 0.000000 0.000000 1.000000
4.261000000 -6.000000 1.000000 1.097790 0.000000 0.000000 0.000000 1.000000
4.266000000 -6.000000 1.000000 1.096823 0.000000 0.000000 0.000000 1.000000
4.271000000 -6.000000 1.000000 1.095869 0.000000 0.000000 0.000000 1.000000
4.276000000 -6.000000 1.000000 1.094928 0.000000 0.000000 0.000000 1.000000
4.281000000 -6.000000 1.000000 1.094000 0.000000 0.000000 0.000000 1.000000
4.286000000 -6.000000 1.000000 1.093085 0.000000 0.000000 0.000000 1.000000
4.291000000 -6.000000 1.000000 1.092183 0.000000 0.000000 0.000000 1.000000
4.296000000 -6.000000 1.000000 1.091294 0.000000 0.000000 0.000000 1.000000
4.301000000 -6.000000 1.000000 1.090416 0.000000 0.000000 0.000000 1.000000
4.306000000 -6.000000 1.000000 1.089552 0.000000 0.000000 0.000000 1.000000
4.311000000 -6.000000 1.000000 1.088699 0.000000 0.000000 0.000000 1.000000
4.316000000 -6.000000 1.000000 1.087859 0.000000 0.000000 0.000000 1.000000
4.321000000 -6.000000 1.000000 1.087030 0.000000 0.000000 0.000000 1.000000
4.326000000 -6.000000 1.000000 1.086214 0.000000 0.000000 0.000000 1.000000
4.331000000 -6.000000 1.000000 1.085409 0.000000 0.000000 0.000000 1.000000
4.336000000 -6.000000 1.000000 1.084616 0.000000 0.000000 0.000000 1.000000
4.341000000 -6.000000 1.000000 1.083835 0.000000 0.000000 0.000000 1.000000
4.346000000 -6.000000 1.000000 1.083065 0.000000 0.000000 0.000000 1.000000
4.351000000 -6.000000 1.000000 1.082307 0.000000 0.000000 0.000000 1.000000
4.356000000 -6.000000 1.000000 1.081559 0.000000 0.000000 0.000000 1.000000
4.361000000 -6.000000 1.000000 1.080823 0.000000 0.000000 0.000000 1.000000
4.366000000 -6.000000 1.000000 1.080098 0.000000 0.000000 0.000000 1.000000
4.371000000 -6.000000 1.000000 1.079383 0.000000 0.000000 0.000000 1.000000
4.376000000 -6.000000 1.000000 1.078680 0.000000 0.000000 0.000000 1.000000
4.381000000 -6.000000 1.000000 1.077987 0.000000 0.000000 0.000000 1.000000
4.386000000 -6.000000 1.000000 1.077304 0.000000 0.000000 0.000000 1.000000
4.391000000 -6.000000 1.000000 1.076632 0.000000 0.000000 0.000000 1.000000
4.396000000 -6.000000 1.000000 1.075971 0.000000 0.000000 0.000000 1.000000
4.401000000 -6.000000 1.000000 1.075319 0.000000 0.000000 0.000000 1.000000
4.406000000 -6.000000 1.000000 1.074678 0.000000 0.000000 0.000000 1.000000
4.411000000 -6.000000 1.000000 1.074046 0.000000 0.000000 0.000000 1.000000
4.416000000 -6.000000 1.000000 1.073425 0.000000 0.000000 0.000000 1.000000
4.421000000 -6.000000 1.000000 1.072813 0.000000 0.000000 0.000000 1.000000
4.426000000 -6.000000 1.000000 1.072210 0.000000 0.000000 0.000000 1.000000
4.431000000 -6.000000 1.000000 1.071618 0.000000 0.000000 0.000000 1.000000
4.436000000 -6.000000 1.000000 1.071035 0.000000 0.000000 0.000000 1.000000
4.441000000 -6.000000 1.000000 1.070461 0.000000 0.000000 0.000000 1.000000
4.446000000 -6.000000 1.000000 1.069896 0.000000 0.000000 0.000000 1.000000
4.451000000 -6.000000 1.000000 1.069340 0.000000 0.000000 0.000000 1.000000
4.456000000 -6.000000 1.000000 1.068794 0.000000 0.000000 0.000000 1.000000
4.461000000 -6.000000 1.000000 1.068256 0.000000 0.000000 0.000000 1.000000
4.466000000 -6.000000 1.000000 1.067727 0.000000 0.000000 0.000000 1.000000
4.471000000 -6.000000 1.000000 1.067207 0.000000 0.000000 0.000000 1.000000
4.476000000 -6.000000 1.000000 1.066696 0.000000 0.000000 0.000000 1.000000
4.481000000 -6.000000 1.000000 1.066193 0.000000 0.000000 0.000000 1.000000
4.486000000 -6.000000 1.000000 1.065698 0.000000 0.000000 0.000000 1.000000
4.491000000 -6.000000 1.000000 1.065212 0.000000 0.000000 0.000000 1.000000
4.496000000 -6.000000 1.000000 1.064734 0.000000 0.000000 0.000000 1.000000
4.501000000 -6.000000 1.000000 1.064265 0.000000 0.000000 0.000000 1.000000
4.506000000 -6.000000 1.000000 1.063803 0.000000 0.000000 0.000000 1.000000
4.511000000 -6.000000 1.000000 1.063349 0.000000 0.000000 0.000000 1.000000
4.516000000 -6.000000 1.000000 1.062903 0.000000 0.000000 0.000000 1.000000
4.521000000 -6.000000 1.000000 1.062465 0.000000 0.000000 0.000000 1.000000
4.526000000 -6.000000 1.000000 1.062035 0.000000 0.000000 0.000000 1.000000
4.531000000 -6.000000 1.000000 1.061612 0.000000 0.000000 0.000000 1.000000
4.536000000 -6.000000 1.000000 1.061196 0.000000 0.000000 0.000000 1.000000
4.541000000 -6.000000 1.000000 1.060788 0.000000 0.000000 0.000000 1.000000
4.546000000 -6.000000 1.000000 1.060387 0.000000 0.000000 0.000000 1.000000
4.551000000 -6.000000 1.000000 1.059994 0.000000 0.000000 0.000000 1.000000
4.556000000 -6.000000 1.000000 1.059607 0.000000 0.000000 0.000000 1.000000
4.561000000 -6.000000 1.000000 1.059228 0.000000 0.000000 0.000000 1.000000
4.566000000 -6.000000 1.000000 1.058855 0.000000 0.000000 0.000000 1.000000
4.571000000 -6.000000 1.000000 1.058490 0.000000 0.000000 0.000000 1.000000
4.576000000 -6.000000 1.000000 1.058131 0.000000 0.000000 0.000000 1.000000
4.581000000 -6.000000 1.000000 1.057778 0.000000 0.000000 0.000000 1.000000
4.586000000 -6.000000 1.000000 1.057433 0.000000 0.000000 0.000000 1.000000
4.591000000 -6.000000 1.000000 1.057093 0.000000 0.000000 0.000000 1.000000
4.596000000 -6.000000 1.000000 1.056760 0.000000 0.000000 0.000000 1.000000
4.601000000 -6.000000 1.000000 1.056434 0.000000 0.000000 0.000000 1.000000
4.606000000 -6.000000 1.000000 1.056114 0.000000 0.000000 0.000000 1.000000
4.611000000 -6.000000 1.000000 1.055799 0.000000 0.000000 0.000000 1.000000
4.616000000 -6.000000 1.000000 1.055491 0.000000 0.000000 0.000000 1.000000
4.621000000 -6.000000 1.000000 1.055189 0.000000 0.000000 0.000000 1.000000
4.626000000 -6.000000 1.000000 1.054893 0.000000 0.000000 0.000000 1.000000
4.631000000 -6.000000 1.000000 1.054602 0.000000 0.000000 0.000000 1.000000
4.636000000 -6.000000 1.000000 1.054318 0.000000 0.000000 0.000000 1.000000
4.641000000 -6.000000 1.000000 1.054039 0.000000 0.000000 0.000000 1.000000
4.646000000 -6.000000 1.000000 1.053766 0.000000 0.000000 0.000000 1.000000
4.651000000 -6.000000 1.000000 1.053498 0.000000 0.000000 0.000000 1.000000
4.656000000 -6.000000 1.000000 1.053236 0.000000 0.000000 0.000000 1.000000
4.661000000 -6.000000 1.000000 1.052979 0.000000 0.000000 0.000000 1.000000
4.666000000 -6.000000 1.000000 1.052727 0.000000 0.000000 0.000000 1.000000
4.671000000 -6.000000 1.000000 1.052481 0.000000 0.000000 0.000000 1.000000
4.676000000 -6.000000 1.000000 1.052240 0.000000 0.000000 0.000000 1.000000
4.681000000 -6.000000 1.000000 1.052003 0.000000 0.000000 0.000000 1.000000
4.686000000 -6.000000 1.000000 1.051772 0.000000 0.000000 0.000000 1.000000
4.691000000 -6.000000 1.000000 1.051546 0.000000 0.000000 0.000000 1.000000
4.696000000 -6.000000 1.000000 1.051325 0.000000 0.000000 0.000000 1.000000
4.701000000 -6.000000 1.000000 1.051108 0.000000 0.000000 0.000000 1.000000
4.706000000 -6.000000 1.000000 1.050897 0.000000 0.000000 0.000000 1.000000
4.711000000 -6.000000 1.000000 1.050690 0.000000 0.000000 0.000000 1.000000
4.716000000 -6.000000 1.000000 1.050487 0.000000 0.000000 0.000000 1.000000
4.721000000 -6.000000 1.000000 1.050289 0.000000 0.000000 0.000000 1.000000
4.726000000 -6.000000 1.000000 1.050096 0.000000 0.000000 0.000000 1.000000
4.731000000 -6.000000 1.000000 1.049907 0.000000 0.000000 0.000000 1.000000
4.736000000 -6.000000 1.000000 1.049722 0.000000 0.000000 0.000000 1.000000
4.741000000 -6.000000 1.000000 1.049542 0.000000 0.000000 0.000000 1.000000
4.746000000 -6.000000 1.000000 1.049366 0.000000 0.000000 0.000000 1.000000
4.751000000 -6.000000 1.000000 1.049194 0.000000 0.000000 0.000000 1.000000
4.756000000 -6.000000 1.000000 1.049026 0.000000 0.000000 0.000000 1.000000
4.761000000 -6.000000 1.000000 1.048862 0.000000 0.000000 0.000000 1.000000
4.766000000 -6.000000 1.000000 1.048702 0.000000 0.000000 0.000000 1.000000
4.771000000 -6.000000 1.000000 1.048546 0.000000 0.000000 0.000000 1.000000
4.776000000 -6.000000 1.000000 1.048394 0.000000 0.000000 0.000000 1.000000
4.781000000 -6.000000 1.000000 1.048246 0.000000 0.000000 0.000000 1.000000
4.786000000 -6.000000 1.000000 1.048101 0.000000 0.000000 0.000000 1.000000
4.791000000 -6.000000 1.000000 1.047960 0.000000 0.000000 0.000000 1.000000
4.796000000 -6.000000 1.000000 1.047823 0.000000 0.000000 0.000000 1.000000
4.801000000 -6.000000 1.000000 1.047689 0.000000 0.000000 0.000000 1.000000
4.806000000 -6.000000 1.000000 1.047559 0.000000 0.000000 0.000000 1.000000
4.811000000 -6.000000 1.000000 1.047432 0.000000 0.000000 0.000000 1.000000
4.816000000 -6.000000 1.000000 1.047309 0.000000 0.000000 0.000000 1.000000
4.821000000 -6.000000 1.000000 1.047189 0.000000 0.000000 0.000000 1.000000
4.826000000 -6.000000 1.000000 1.047072 0.000000 0.000000 0.000000 1.000000
4.831000000 -6.000000 1.000000 1.046958 0.000000 0.000000 0.000000 1.000000
4.836000000 -6.000000 1.000000 1.046848 0.000000 0.000000 0.000000 1.000000
4.841000000 -6.000000 1.000000 1.046741 0.000000 0.000000 0.000000 1.000000
4.846000000 -6.000000 1.000000 1.046637 0.000000 0.000000 0.000000 1.000000
4.851000000 -6.000000 1.000000 1.046536 0.000000 0.000000 0.000000 1.000000
4.856000000 -6.000000 1.000000 1.046437 0.000000 0.000000 0.000000 1.000000
4.861000000 -6.000000 1.000000 1.046342 0.000000 0.000000 0.000000 1.000000
4.866000000 -6.000000 1.000000 1.046250 0.000000 0.000000 0.000000 1.000000
4.871000000 -6.000000 1.000000 1.046160 0.000000 0.000000 0.000000 1.000000
4.876000000 -6.000000 1.000000 1.046074 0.000000 0.000000 0.000000 1.000000
4.881000000 -6.000000 1.000000 1.045990 0.000000 0.000000 0.000000 1.000000
4.886000000 -6.000000 1.000000 1.045909 0.000000 0.000000 0.000000 1.000000
4.891000000 -6.000000 1.000000 1.045830 0.000000 0.000000 0.000000 1.000000
4.896000000 -6.000000 1.000000 1.045754 0.000000 0.000000 0.000000 1.000000
4.901000000 -6.000000 1.000000 1.045681 0.000000 0.000000 0.000000 1.000000
4.906000000 -6.000000 1.000000 1.045610 0.000000 0.000000 0.000000 1.000000
4.911000000 -6.000000 1.000000 1.045541 0.000000 0.000000 0.000000 1.000000
4.916000000 -6.000000 1.000000 1.045475 0.000000 0.000000 0.000000 1.000000
4.921000000 -6.000000 1.000000 1.045412 0.000000 0.000000 0.000000 1.000000
4.926000000 -6.000000 1.000000 1.045350 0.000000 0.000000 0.000000 1.000000
4.931000000 -6.000000 1.000000 1.045291 0.000000 0.000000 0.000000 1.000000
4.936000000 -6.000000 1.000000 1.045235 0.000000 0.000000 0.000000 1.000000
4.941000000 -6.000000 1.000000 1.045180 0.000000 0.000000 0.000000 1.000000
4.946000000 -6.000000 1.000000 1.045128 0.000000 0.000000 0.000000 1.000000
4.951000000 -6.000000 1.000000 1.045078 0.000000 0.000000 0.000000 1.000000
4.956000000 -6.000000 1.000000 1.045030 0.000000 0.000000 0.000000 1.000000
4.961000000 -6.000000 1.000000 1.044984 0.000000 0.000000 0.000000 1.000000
4.966000000 -6.000000 1.000000 1.044940 0.000000 0.000000 0.000000 1.000000
4.971000000 -6.000000 1.000000 1.044898 0.000000 0.000000 0.000000 1.000000
4.976000000 -6.000000 1.000000 1.044858 0.000000 0.000000 0.000000 1.000000
4.981000000 -6.000000 1.000000 1.044819 0.000000 0.000000 0.000000 1.000000
4.986000000 -6.000000 1.000000 1.044783 0.000000 0.000000 0.000000 1.000000
4.991000000 -6.000000 1.000000 1.044749 0.000000 0.000000 0.000000 1.000000
4.996000000 -6.000000 1.000000 1.044716 0.000000 0.000000 0.000000 1.000000
5.001000000 -6.000000 1.000000 1.044685 0.000000 0.000000 0.000000 1.000000
5.006000000 -6.000000 1.000000 1.044656 0.000000 0.000000 0.000000 1.000000
5.011000000 -6.000000 1.000000 1.044628 0.000000 0.000000 0.000000 1.000000
5.016000000 -6.000000 1.000000 1.044602 0.000000 0.000000 0.000000 1.000000
5.021000000 -6.000000 1.000000 1.044578 0.000000 0.000000 0.000000 1.000000
5.026000000 -6.000000 1.000000 1.044556 0.000000 0.000000 0.000000 1.000000
5.031000000 -6.000000 1.000000 1.044535 0.000000 0.000000 0.000000 1.000000
5.036000000 -6.000000 1.000000 1.044515 0.000000 0.000000 0.000000 1.000000
5.041000000 -6.000000 1.000000 1.044497 0.000000 0.000000 0.000000 1.000000
5.046000000 -6.000000 1.000000 1.044480 0.000000 0.000000 0.000000 1.000000
5.051000000 -6.000000 1.000000 1.044465 0.000000 0.000000 0.000000 1.000000
5.056000000 -6.000000 1.000000 1.044451 0.000000 0.000000 0.000000 1.000000
5.061000000 -6.000000 1.000000 1.044439 0.000000 0.000000 0.000000 1.000000
5.066000000 -6.000000 1.000000 1.044428 0.000000 0.000000 0.000000 1.000000
5.071000000 -6.000000 1.000000 1.044418 0.000000 0.000000 0.000000 1.000000
5.076000000 -6.000000 1.000000 1.044410 0.000000 0.000000 0.000000 1.000000
5.081000000 -6.000000 1.000000 1.044403 0.000000 0.000000 0.000000 1.000000
5.086000000 -6.000000 1.000000 1.044397 0.000000 0.000000 0.000000 1.000000
5.091000000 -6.000000 1.000000 1.044392 0.000000 0.000000 0.000000 1.000000
5.096000000 -6.000000 1.000000 1.044389 0.000000 0.000000 0.000000 1.000000
5.101000000 -6.000000 1.000000 1.044387 0.000000 0.000000 0.000000 1.000000
5.106000000 -6.000000 1.000000 1.044385 0.000000 0.000000 0.000000 1.000000
5.111000000 -6.000000 1.000000 1.044385 0.000000 0.000000 0.000000 1.000000
5.116000000 -6.000000 1.000000 1.044386 0.000000 0.000000 0.000000 1.000000
5.121000000 -6.000000 1.000000 1.044388 0.000000 0.000000 0.000000 1.000000
5.126000000 -6.000000 1.000000 1.044391 0.000000 0.000000 0.000000 1.000000
5.131000000 -6.000000 1.000000 1.044395 0.000000 0.000000 0.000000 1.000000
5.136000000 -6.000000 1.000000 1.044400 0.000000 0.000000 0.000000 1.000000
5.141000000 -6.000000 1.000000 1.044406 0.000000 0.000000 0.000000 1.000000
5.146000000 -6.000000 1.000000 1.044413 0.000000 0.000000 0.000000 1.000000
5.151000000 -6.000000 1.000000 1.044421 0.000000 0.000000 0.000000 1.000000
5.156000000 -6.000000 1.000000 1.044430 0.000000 0.000000 0.000000 1.000000
5.161000000 -6.000000 1.000000 1.044439 0.000000 0.000000 0.000000 1.000000
5.166000000 -6.000000 1.000000 1.044450 0.000000 0.000000 0.000000 1.000000
5.171000000 -6.000000 1.000000 1.044461 0.000000 0.000000 0.000000 1.000000
5.176000000 -6.000000 1.000000 1.044473 0.000000 0.000000 0.000000 1.000000
5.181000000 -6.000000 1.000000 1.044486 0.000000 0.000000 0.000000 1.000000
5.186000000 -6.000000 1.000000 1.044499 0.000000 0.000000 0.000000 1.000000
5.191000000 -6.000000 1.000000 1.044514 0.000000 0.000000 0.000000 1.000000
5.196000000 -6.000000 1.000000 1.044529 0.000000 0.000000 0.000000 1.000000
5.201000000 -6.000000 1.000000 1.044545 0.000000 0.000000 0.000000 1.000000
5.206000000 -6.000000 1.000000 1.044561 0.000000 0.000000 0.000000 1.000000
5.211000000 -6.000000 1.000000 1.044578 0.000000 0.000000 0.000000 1.000000
5.216000000 -6.000000 1.000000 1.044596 0.000000 0.000000 0.000000 1.000000
5.221000000 -6.000000 1.000000 1.044614 0.000000 0.000000 0.000000 1.000000
5.226000000 -6.000000 1.000000 1.044633 0.000000 0.000000 0.000000 1.000000
5.231000000 -6.000000 1.000000 1.044653 0.000000 0.000000 0.000000 1.000000
5.236000000 -6.000000 1.000000 1.044673 0.000000 0.000000 0.000000 1.000000
5.241000000 -6.000000 1.000000 1.044694 0.000000 0.000000 0.000000 1.000000
5.246000000 -6.000000 1.000000 1.044715 0.000000 0.000000 0.000000 1.000000
5.251000000 -6.000000 1.000000 1.044737 0.000000 0.000000 0.000000 1.000000
5.256000000 -6.000000 1.000000 1.044759 0.000000 0.000000 0.000000 1.000000
5.261000000 -6.000000 1.000000 1.044782 0.000000 0.000000 0.000000 1.000000
5.266000000 -6.000000 1.000000 1.044805 0.000000 0.000000 0.000000 1.000000
5.271000000 -6.000000 1.000000 1.044829 0.000000 0.000000 0.000000 1.000000
5.276000000 -6.000000 1.000000 1.044853 0.000000 0.000000 0.000000 1.000000
5.281000000 -6.000000 1.000000 1.044878 0.000000 0.000000 0.000000 1.000000
5.286000000 -6.000000 1.000000 1.044903 0.000000 0.000000 0.000000 1.000000
5.291000000 -6.000000 1.000000 1.044928 0.000000 0.000000 0.000000 1.000000
5.296000000 -6.000000 1.000000 1.044954 0.000000 0.000000 0.000000 1.000000
5.301000000 -6.000000 1.000000 1.044980 0.000000 0.000000 0.000000 1.000000
5.306000000 -6.000000 1.000000 1.045007 0.000000 0.000000 0.000000 1.000000
5.311000000 -6.000000 1.000000 1.045034 0.000000 0.000000 0.000000 1.000000
5.316000000 -6.000000 1.000000 1.045061 0.000000 0.000000 0.000000 1.000000
5.321000000 -6.000000 1.000000 1.045089 0.000000 0.000000 0.000000 1.000000
5.326000000 -6.000000 1.000000 1.045117 0.000000 0.000000 0.000000 1.000000
5.331000000 -6.000000 1.000000 1.045145 0.000000 0.000000 0.000000 1.000000
5.336000000 -6.000000 1.000000 1.045173 0.000000 0.000000 0.000000 1.000000
5.341000000 -6.000000 1.000000 1.045202 0.000000 0.000000 0.000000 1.000000
5.346000000 -6.000000 1.000000 1.045231 0.000000 0.000000 0.000000 1.000000
5.351000000 -6.000000 1.000000 1.045260 0.000000 0.000000 0.000000 1.000000
5.356000000 -6.000000 1.000000 1.045290 0.000000 0.000000 0.000000 1.000000
5.361000000 -6.000000 1.000000 1.045320 0.000000 0.000000 0.000000 1.000000
5.366000000 -6.000000 1.000000 1.045350 0.000000 0.000000 0.000000 1.000000
5.371000000 -6.000000 1.000000 1.045380 0.000000 0.000000 0.000000 1.000000
5.376000000 -6.000000 1.000000 1.045410 0.000000 0.000000 0.000000 1.000000
5.381000000 -6.000000 1.000000 1.045441 0.000000 0.000000 0.000000 1.000000
5.386000000 -6.000000 1.000000 1.045472 0.000000 0.000000 0.000000 1.000000
5.391000000 -6.000000 1.000000 1.045503 0.000000 0.000000 0.000000 1.000000
5.396000000 -6.000000 1.000000 1.045534 0.000000 0.000000 0.000000 1.000000
5.401000000 -6.000000 1.000000 1.045565 0.000000 0.000000 0.000000 1.000000
5.406000000 -6.000000 1.000000 1.045596 0.000000 0.000000 0.000000 1.000000
5.411000000 -6.000000 1.000000 1.045628 0.000000 0.000000 0.000000 1.000000
5.416000000 -6.000000 1.000000 1.045659 0.000000 0.000000 0.000000 1.000000
5.421000000 -6.000000 1.000000 1.045691 0.000000 0.000000 0.000000 1.000000
5.426000000 -6.000000 1.000000 1.045723 0.000000 0.000000 0.000000 1.000000
5.431000000 -6.000000 1.000000 1.045755 0.000000 0.000000 0.000000 1.000000
5.436000000 -6.000000 1.000000 1.045787 0.000000 0.000000 0.000000 1.000000
5.441000000 -6.000000 1.000000 1.045819 0.000000 0.000000 0.000000 1.000000
5.446000000 -6.000000 1.000000 1.045851 0.000000 0.000000 0.000000 1.000000
5.451000000 -6.000000 1.000000 1.045883 0.000000 0.000000 0.000000 1.000000
5.456000000 -6.000000 1.000000 1.045915 0.000000 0.000000 0.000000 1.000000
5.461000000 -6.000000 1.000000 1.045947 0.000000 0.000000 0.000000 1.000000
5.466000000 -6.000000 1.000000 1.045980 0.000000 0.000000 0.000000 1.000000
5.471000000 -6.000000 1.000000 1.046012 0.000000 0.000000 0.000000 1.000000
5.476000000 -6.000000 1.000000 1.046045 0.000000 0.000000 0.000000 1.000000
5.481000000 -6.000000 1.000000 1.046077 0.000000 0.000000 0.000000 1.000000
5.486000000 -6.000000 1.000000 1.046109 0.000000 0.000000 0.000000 1.000000
5.491000000 -6.000000 1.000000 1.046142 0.000000 0.000000 0.000000 1.000000
5.496000000 -6.000000 1.000000 1.046174 0.000000 0.000000 0.000000 1.000000
5.501000000 -6.000000 1.000000 1.046207 0.000000 0.000000 0.000000 1.000000
5.506000000 -6.000000 1.000000 1.046239 0.000000 0.000000 0.000000 1.000000
5.511000000 -6.000000 1.000000 1.046271 0.000000 0.000000 0.000000 1.000000
5.516000000 -6.000000 1.000000 1.046304 0.000000 0.000000 0.000000 1.000000
5.521000000 -6.000000 1.000000 1.046336 0.000000 0.000000 0.000000 1.000000
5.526000000 -6.000000 1.000000 1.046368 0.000000 0.000000 0.000000 1.000000
5.531000000 -6.000000 1.000000 1.046400 0.000000 0.000000 0.000000 1.000000
5.536000000 -6.000000 1.000000 1.046433 0.000000 0.000000 0.000000 1.000000
5.541000000 -6.000000 1.000000 1.046465 0.000000 0.000000 0.000000 1.000000
5.546000000 -6.000000 1.000000 1.046497 0.000000 0.000000 0.000000 1.000000
5.551000000 -6.000000 1.000000 1.046529 0.000000 0.000000 0.000000 1.000000
5.556000000 -6.000000 1.000000 1.046561 0.000000 0.000000 0.000000 1.000000
5.561000000 -6.000000 1.000000 1.046593 0.000000 0.000000 0.000000 1.000000
5.566000000 -6.000000 1.000000 1.046624 0.000000 0.000000 0.000000 1.000000
5.571000000 -6.000000 1.000000 1.046656 0.000000 0.000000 0.000000 1.000000
5.576000000 -6.000000 1.000000 1.046688 0.000000 0.000000 0.000000 1.000000
5.581000000 -6.000000 1.000000 1.046719 0.000000 0.000000 0.000000 1.000000
5.586000000 -6.000000 1.000000 1.046751 -0.000001 0.000004 -0.000000 1.000000
5.591000000 -6.000000 1.000000 1.046783 -0.000013 0.000080 -0.000001 1.000000
5.596000000 -6.000000 1.000000 1.046816 -0.000053 0.000331 -0.000003 1.000000
5.601000000 -6.000000 1.000000 1.046851 -0.000136 0.000846 -0.000007 1.000000
5.606000000 -5.999999 1.000000 1.046889 -0.000271 0.001694 -0.000014 0.999999
5.611000000 -5.999998 1.000000 1.046931 -0.000470 0.002932 -0.000024 0.999996
5.616000000 -5.999995 1.000001 1.046977 -0.000736 0.004598 -0.000038 0.999989
5.621000000 -5.999989 1.000002 1.047027 -0.001075 0.006718 -0.000056 0.999977
5.626000000 -5.999981 1.000003 1.047082 -0.001487 0.009303 -0.000077 0.999956
5.631000000 -5.999967 1.000005 1.047143 -0.001972 0.012352 -0.000103 0.999922
5.636000000 -5.999948 1.000008 1.047209 -0.002528 0.015853 -0.000132 0.999871
5.641000000 -5.999920 1.000013 1.047282 -0.003150 0.019783 -0.000165 0.999799
5.646000000 -5.999882 1.000019 1.047361 -0.003833 0.024110 -0.000202 0.999702
5.651000000 -5.999833 1.000027 1.047447 -0.004570 0.028795 -0.000243 0.999575
5.656000000 -5.999768 1.000037 1.047539 -0.005353 0.033791 -0.000287 0.999415
5.661000000 -5.999687 1.000050 1.047639 -0.006173 0.039046 -0.000334 0.999218
5.666000000 -5.999586 1.000066 1.047746 -0.007021 0.044504 -0.000385 0.998984
5.671000000 -5.999462 1.000086 1.047860 -0.007886 0.050106 -0.000438 0.998713
5.676000000 -5.999313 1.000109 1.047982 -0.008760 0.055791 -0.000493 0.998404
5.681000000 -5.999135 1.000137 1.048111 -0.009631 0.061497 -0.000550 0.998061
5.686000000 -5.998927 1.000170 1.048247 -0.010489 0.067162 -0.000610 0.997687
5.691000000 -5.998684 1.000208 1.048390 -0.011325 0.072727 -0.000671 0.997287
5.696000000 -5.998404 1.000252 1.048541 -0.012130 0.078135 -0.000733 0.996869
5.701000000 -5.998084 1.000302 1.048698 -0.012895 0.083332 -0.000796 0.996438
5.706000000 -5.997722 1.000359 1.048861 -0.013611 0.088268 -0.000859 0.996003
5.711000000 -5.997315 1.000422 1.049031 -0.014273 0.092894 -0.000923 0.995573
5.716000000 -5.996861 1.000493 1.049207 -0.014872 0.097171 -0.000987 0.995156
5.721000000 -5.996358 1.000571 1.049388 -0.015405 0.101063 -0.001051 0.994760
5.726000000 -5.995803 1.000657 1.049575 -0.015866 0.104537 -0.001115 0.994394
5.731000000 -5.995194 1.000751 1.049767 -0.016251 0.107568 -0.001178 0.994064
5.736000000 -5.994531 1.000854 1.049963 -0.016557 0.110132 -0.001240 0.993778
5.741000000 -5.993812 1.000964 1.050163 -0.016783 0.112216 -0.001301 0.993541
5.746000000 -5.993036 1.001083 1.050367 -0.016926 0.113809 -0.001361 0.993358
5.751000000 -5.992203 1.001211 1.050575 -0.016988 0.114908 -0.001420 0.993230
5.756000000 -5.991311 1.001347 1.050786 -0.016970 0.115519 -0.001477 0.993159
5.761000000 -5.990360 1.001491 1.051000 -0.016874 0.115655 -0.001533 0.993145
5.766000000 -5.989351 1.001644 1.051217 -0.016702 0.115325 -0.001587 0.993186
5.771000000 -5.988283 1.001806 1.051438 -0.016458 0.114549 -0.001640 0.993280
5.776000000 -5.987158 1.001975 1.051661 -0.016146 0.113351 -0.001691 0.993422
5.781000000 -5.985975 1.002153 1.051887 -0.015771 0.111759 -0.001741 0.993609
5.786000000 -5.984735 1.002339 1.052116 -0.015338 0.109803 -0.001789 0.993833
5.791000000 -5.983440 1.002532 1.052349 -0.014853 0.107513 -0.001837 0.994091
5.796000000 -5.982091 1.002733 1.052585 -0.014321 0.104921 -0.001883 0.994376
5.801000000 -5.980688 1.002940 1.052824 -0.013747 0.102063 -0.001928 0.994681
5.806000000 -5.979234 1.003155 1.053067 -0.013139 0.098974 -0.001973 0.995001
5.811000000 -5.977730 1.003376 1.053314 -0.012503 0.095694 -0.002017 0.995330
5.816000000 -5.976177 1.003604 1.053565 -0.011844 0.092263 -0.002061 0.995662
5.821000000 -5.974578 1.003837 1.053820 -0.011171 0.088722 -0.002105 0.995992
5.826000000 -5.972934 1.004076 1.054080 -0.010490 0.085112 -0.002149 0.996314
5.831000000 -5.971247 1.004320 1.054346 -0.009805 0.081466 -0.002194 0.996625
5.836000000 -5.969519 1.004569 1.054616 -0.009124 0.077825 -0.002240 0.996923
5.841000000 -5.967751 1.004822 1.054893 -0.008453 0.074222 -0.002287 0.997203
5.846000000 -5.965946 1.005080 1.055175 -0.007795 0.070691 -0.002336 0.997465
5.851000000 -5.964105 1.005341 1.055463 -0.007156 0.067257 -0.002387 0.997707
5.856000000 -5.962230 1.005606 1.055758 -0.006540 0.063946 -0.002440 0.997929
5.861000000 -5.960323 1.005874 1.056059 -0.005950 0.060780 -0.002496 0.998130
5.866000000 -5.958385 1.006146 1.056367 -0.005390 0.057778 -0.002555 0.998312
5.871000000 -5.956418 1.006419 1.056681 -0.004861 0.054957 -0.002617 0.998473
5.876000000 -5.954423 1.006696 1.057003 -0.004367 0.052330 -0.002683 0.998617
5.881000000 -5.952402 1.006974 1.057331 -0.003908 0.049909 -0.002754 0.998742
5.886000000 -5.950355 1.007254 1.057667 -0.003486 0.047701 -0.002829 0.998852
5.891000000 -5.948284 1.007536 1.058009 -0.003102 0.045710 -0.002909 0.998946
5.896000000 -5.946191 1.007819 1.058359 -0.002755 0.043938 -0.002994 0.999026
5.901000000 -5.944075 1.008104 1.058716 -0.002446 0.042386 -0.003085 0.999094
5.906000000 -5.941937 1.008390 1.059081 -0.002173 0.041049 -0.003182 0.999150
5.911000000 -5.939779 1.008677 1.059453 -0.001936 0.039922 -0.003285 0.999196
5.916000000 -5.937601 1.008965 1.059832 -0.001733 0.038999 -0.003395 0.999232
5.921000000 -5.935403 1.009253 1.060218 -0.001563 0.038272 -0.003512 0.999260
5.926000000 -5.933186 1.009543 1.060611 -0.001423 0.037729 -0.003636 0.999280
5.931000000 -5.930950 1.009833 1.061012 -0.001312 0.037357 -0.003768 0.999294
5.936000000 -5.928696 1.010123 1.061420 -0.001226 0.037141 -0.003907 0.999302
5.941000000 -5.926422 1.010414 1.061836 -0.001164 0.037068 -0.004054 0.999304
5.946000000 -5.924130 1.010706 1.062258 -0.001122 0.037121 -0.004209 0.999301
5.951000000 -5.921819 1.010998 1.062688 -0.001097 0.037282 -0.004373 0.999295
5.956000000 -5.919489 1.011290 1.063124 -0.001088 0.037535 -0.004544 0.999284
5.961000000 -5.917141 1.011583 1.063568 -0.001089 0.037860 -0.004724 0.999271
5.966000000 -5.914774 1.011876 1.064018 -0.001099 0.038237 -0.004912 0.999256
5.971000000 -5.912387 1.012170 1.064475 -0.001115 0.038649 -0.005109 0.999239
5.976000000 -5.909981 1.012465 1.064939 -0.001133 0.039077 -0.005314 0.999221
5.981000000 -5.907555 1.012759 1.065410 -0.001152 0.039507 -0.005528 0.999203
5.986000000 -5.905110 1.013054 1.065887 -0.001168 0.039923 -0.005751 0.999186
5.991000000 -5.902644 1.013350 1.066370 -0.001179 0.040314 -0.005982 0.999168
5.996000000 -5.900159 1.013646 1.066860 -0.001184 0.040666 -0.006222 0.999153
6.001000000 -5.897652 1.013943 1.067357 -0.001181 0.040968 -0.006470 0.999139
6.006000000 -5.895126 1.014240 1.067859 -0.001168 0.041207 -0.006726 0.999127
6.011000000 -5.892579 1.014537 1.068368 -0.001143 0.041374 -0.006991 0.999119
6.016000000 -5.890011 1.014835 1.068883 -0.001106 0.041464 -0.007263 0.999113
6.021000000 -5.887422 1.015133 1.069404 -0.001056 0.041473 -0.007544 0.999111
6.026000000 -5.884812 1.015432 1.069931 -0.000991 0.041394 -0.007833 0.999112
6.031000000 -5.882182 1.015731 1.070465 -0.000913 0.041224 -0.008129 0.999116
6.036000000 -5.879532 1.016030 1.071004 -0.000820 0.040963 -0.008433 0.999125
6.041000000 -5.876860 1.016329 1.071549 -0.000712 0.040613 -0.008744 0.999136
6.046000000 -5.874169 1.016629 1.072101 -0.000591 0.040173 -0.009062 0.999151
6.051000000 -5.871457 1.016928 1.072658 -0.000456 0.039648 -0.009387 0.999170
6.056000000 -5.868726 1.017228 1.073221 -0.000308 0.039039 -0.009719 0.999190
6.061000000 -5.865975 1.017528 1.073790 -0.000148 0.038351 -0.010057 0.999214
6.066000000 -5.863205 1.017827 1.074365 0.000024 0.037587 -0.010402 0.999239
6.071000000 -5.860416 1.018126 1.074946 0.000206 0.036754 -0.010752 0.999266
6.076000000 -5.857609 1.018425 1.075533 0.000398 0.035855 -0.011109 0.999295
6.081000000 -5.854784 1.018724 1.076126 0.000597 0.034899 -0.011472 0.999325
6.086000000 -5.851941 1.019022 1.076724 0.000804 0.033892 -0.011840 0.999355
6.091000000 -5.849082 1.019319 1.077328 0.001017 0.032841 -0.012214 0.999385
6.096000000 -5.846207 1.019616 1.077938 0.001235 0.031754 -0.012593 0.999416
6.101000000 -5.843315 1.019912 1.078554 0.001456 0.030641 -0.012977 0.999445
6.106000000 -5.840409 1.020206 1.079175 0.001679 0.029510 -0.013366 0.999474
6.111000000 -5.837488 1.020500 1.079803 0.001903 0.028372 -0.013759 0.999501
6.116000000 -5.834552 1.020793 1.080436 0.002127 0.027234 -0.014158 0.999527
6.121000000 -5.831604 1.021084 1.081075 0.002349 0.026104 -0.014560 0.999550
6.126000000 -5.828642 1.021374 1.081720 0.002569 0.024988 -0.014967 0.999572
6.131000000 -5.825668 1.021662 1.082371 0.002786 0.023897 -0.015379 0.999592
6.136000000 -5.822682 1.021949 1.083028 0.002998 0.022833 -0.015795 0.999610
6.141000000 -5.819685 1.022234 1.083691 0.003206 0.021802 -0.016214 0.999626
6.146000000 -5.816677 1.022518 1.084360 0.003409 0.020807 -0.016638 0.999639
6.151000000 -5.813659 1.022799 1.085034 0.003605 0.019850 -0.017066 0.999651
6.156000000 -5.810632 1.023079 1.085715 0.003795 0.018935 -0.017498 0.999660
6.161000000 -5.807595 1.023356 1.086401 0.003979 0.018064 -0.017934 0.999668
6.166000000 -5.804549 1.023631 1.087093 0.004155 0.017238 -0.018374 0.999674
6.171000000 -5.801495 1.023904 1.087790 0.004325 0.016459 -0.018819 0.999678
6.176000000 -5.798432 1.024174 1.088494 0.004487 0.015730 -0.019267 0.999681
6.181000000 -5.795362 1.024442 1.089203 0.004642 0.015053 -0.019719 0.999681
6.186000000 -5.792285 1.024708 1.089918 0.004789 0.014426 -0.020175 0.999681
6.191000000 -5.789201 1.024971 1.090639 0.004929 0.013850 -0.020635 0.999679
6.196000000 -5.786110 1.025231 1.091365 0.005062 0.013321 -0.021099 0.999676
6.201000000 -5.783013 1.025489 1.092098 0.005189 0.012837 -0.021567 0.999672
6.206000000 -5.779909 1.025744 1.092835 0.005308 0.012397 -0.022039 0.999666
6.211000000 -5.776800 1.025996 1.093579 0.005422 0.011998 -0.022515 0.999660
6.216000000 -5.773684 1.026245 1.094328 0.005530 0.011635 -0.022995 0.999653
6.221000000 -5.770564 1.026492 1.095083 0.005632 0.011306 -0.023478 0.999645
6.226000000 -5.767438 1.026735 1.095843 0.005729 0.011007 -0.023966 0.999636
6.231000000 -5.764306 1.026975 1.096609 0.005822 0.010736 -0.024458 0.999626
6.236000000 -5.761170 1.027213 1.097380 0.005911 0.010490 -0.024954 0.999616
6.241000000 -5.758028 1.027447 1.098157 0.005996 0.010264 -0.025454 0.999605
6.246000000 -5.754882 1.027678 1.098939 0.006078 0.010055 -0.025957 0.999594
6.251000000 -5.751731 1.027905 1.099726 0.006158 0.009860 -0.026465 0.999582
6.256000000 -5.748575 1.028130 1.100520 0.006235 0.009679 -0.026977 0.999570
6.261000000 -5.745415 1.028351 1.101318 0.006311 0.009509 -0.027494 0.999557
6.266000000 -5.742250 1.028569 1.102123 0.006385 0.009347 -0.028014 0.999543
6.271000000 -5.739081 1.028784 1.102932 0.006458 0.009190 -0.028538 0.999530
6.276000000 -5.735908 1.028995 1.103748 0.006531 0.009035 -0.029066 0.999515
6.281000000 -5.732730 1.029203 1.104568 0.006604 0.008881 -0.029598 0.999501
6.286000000 -5.729549 1.029407 1.105394 0.006676 0.008723 -0.030134 0.999486
6.291000000 -5.726363 1.029608 1.106226 0.006750 0.008561 -0.030673 0.999470
6.296000000 -5.723173 1.029805 1.107063 0.006823 0.008395 -0.031217 0.999454
6.301000000 -5.719980 1.029999 1.107905 0.006898 0.008223 -0.031764 0.999438
6.306000000 -5.716782 1.030189 1.108753 0.006974 0.008044 -0.032315 0.999421
6.311000000 -5.713581 1.030376 1.109606 0.007051 0.007858 -0.032869 0.999404
6.316000000 -5.710377 1.030559 1.110465 0.007129 0.007666 -0.033427 0.999386
6.321000000 -5.707168 1.030738 1.111329 0.007208 0.007465 -0.033989 0.999368
6.326000000 -5.703957 1.030913 1.112198 0.007289 0.007254 -0.034553 0.999350
6.331000000 -5.700742 1.031085 1.113073 0.007371 0.007033 -0.035121 0.999331
6.336000000 -5.697524 1.031252 1.113953 0.007454 0.006800 -0.035691 0.999312
6.341000000 -5.694303 1.031416 1.114839 0.007539 0.006557 -0.036265 0.999292
6.346000000 -5.691079 1.031576 1.115730 0.007624 0.006303 -0.036841 0.999272
6.351000000 -5.687853 1.031732 1.116626 0.007711 0.006039 -0.037421 0.999252
6.356000000 -5.684623 1.031884 1.117528 0.007798 0.005767 -0.038002 0.999231
6.361000000 -5.681391 1.032032 1.118435 0.007886 0.005490 -0.038587 0.999209
6.366000000 -5.678157 1.032176 1.119347 0.007975 0.005210 -0.039174 0.999187
6.371000000 -5.674921 1.032316 1.120265 0.008064 0.004926 -0.039763 0.999164
6.376000000 -5.671682 1.032452 1.121188 0.008153 0.004640 -0.040354 0.999141
6.381000000 -5.668442 1.032583 1.122117 0.008242 0.004352 -0.040948 0.999118
6.386000000 -5.665200 1.032711 1.123050 0.008331 0.004066 -0.041543 0.999094
6.391000000 -5.661956 1.032834 1.123990 0.008420 0.003783 -0.042141 0.999069
6.396000000 -5.658711 1.032952 1.124934 0.008508 0.003505 -0.042740 0.999044
6.401000000 -5.655464 1.033067 1.125885 0.008595 0.003233 -0.043342 0.999018
6.406000000 -5.652216 1.033177 1.126840 0.008682 0.002966 -0.043945 0.998992
6.411000000 -5.648967 1.033282 1.127801 0.008767 0.002707 -0.044549 0.998965
6.416000000 -5.645717 1.033383 1.128767 0.008851 0.002456 -0.045156 0.998938
6.421000000 -5.642467 1.033480 1.129739 0.008934 0.002216 -0.045764 0.998910
6.426000000 -5.639216 1.033572 1.130716 0.009015 0.001985 -0.046374 0.998882
6.431000000 -5.635964 1.033659 1.131698 0.009094 0.001765 -0.046985 0.998853
6.436000000 -5.632712 1.033742 1.132686 0.009172 0.001554 -0.047597 0.998823
6.441000000 -5.629459 1.033820 1.133679 0.009247 0.001354 -0.048210 0.998793
6.446000000 -5.626206 1.033894 1.134677 0.009321 0.001165 -0.048825 0.998763
6.451000000 -5.622953 1.033963 1.135681 0.009392 0.000991 -0.049441 0.998732
6.456000000 -5.619700 1.034027 1.136690 0.009461 0.000830 -0.050057 0.998701
6.461000000 -5.616448 1.034086 1.137705 0.009529 0.000683 -0.050675 0.998670
6.466000000 -5.613195 1.034141 1.138725 0.009594 0.000550 -0.051294 0.998637
6.471000000 -5.609942 1.034191 1.139751 0.009657 0.000432 -0.051913 0.998605
6.476000000 -5.606690 1.034235 1.140782 0.009718 0.000327 -0.052533 0.998572
6.481000000 -5.603438 1.034276 1.141819 0.009777 0.000237 -0.053153 0.998538
6.486000000 -5.600187 1.034311 1.142861 0.009834 0.000160 -0.053774 0.998505
6.491000000 -5.596936 1.034341 1.143908 0.009889 0.000095 -0.054395 0.998470
6.496000000 -5.593685 1.034366 1.144961 0.009942 0.000042 -0.055017 0.998436
6.501000000 -5.590435 1.034386 1.146020 0.009993 0.000001 -0.055639 0.998401
6.506000000 -5.587185 1.034401 1.147084 0.010043 -0.000030 -0.056262 0.998366
6.511000000 -5.583936 1.034412 1.148153 0.010091 -0.000050 -0.056884 0.998330
6.516000000 -5.580688 1.034417 1.149228 0.010137 -0.000062 -0.057507 0.998294
6.521000000 -5.577440 1.034417 1.150309 0.010182 -0.000067 -0.058130 0.998257
6.526000000 -5.574192 1.034412 1.151395 0.010225 -0.000068 -0.058752 0.998220
6.531000000 -5.570946 1.034402 1.152486 0.010266 -0.000065 -0.059375 0.998183
6.536000000 -5.567699 1.034386 1.153583 0.010306 -0.000061 -0.059998 0.998145
6.541000000 -5.564454 1.034366 1.154685 0.010344 -0.000057 -0.060620 0.998107
6.546000000 -5.561209 1.034340 1.155793 0.010381 -0.000054 -0.061243 0.998069
6.551000000 -5.557964 1.034309 1.156906 0.010416 -0.000052 -0.061865 0.998030
6.556000000 -5.554720 1.034273 1.158025 0.010451 -0.000051 -0.062488 0.997991
6.561000000 -5.551477 1.034232 1.159149 0.010484 -0.000050 -0.063110 0.997952
6.566000000 -5.548234 1.034186 1.160279 0.010517 -0.000050 -0.063732 0.997912
6.571000000 -5.544992 1.034134 1.161414 0.010548 -0.000050 -0.064354 0.997871
6.576000000 -5.541751 1.034077 1.162554 0.010579 -0.000052 -0.064975 0.997831
6.581000000 -5.538510 1.034015 1.163701 0.010610 -0.000056 -0.065597 0.997790
6.586000000 -5.535270 1.033947 1.164852 0.010639 -0.000062 -0.066217 0.997749
6.591000000 -5.532030 1.033874 1.166010 0.010667 -0.000069 -0.066837 0.997707
6.596000000 -5.528791 1.033796 1.167172 0.010694 -0.000079 -0.067457 0.997665
6.601000000 -5.525553 1.033712 1.168341 0.010719 -0.000090 -0.068076 0.997623
6.606000000 -5.522315 1.033623 1.169515 0.010744 -0.000104 -0.068694 0.997580
6.611000000 -5.519078 1.033529 1.170694 0.010766 -0.000119 -0.069312 0.997537
6.616000000 -5.515842 1.033429 1.171879 0.010787 -0.000136 -0.069929 0.997494
6.621000000 -5.512606 1.033324 1.173069 0.010805 -0.000158 -0.070545 0.997450
6.626000000 -5.509371 1.033213 1.174265 0.010821 -0.000183 -0.071160 0.997406
6.631000000 -5.506137 1.033097 1.175466 0.010833 -0.000214 -0.071774 0.997362
6.636000000 -5.502903 1.032976 1.176673 0.010844 -0.000248 -0.072388 0.997318
6.641000000 -5.499671 1.032849 1.177885 0.010851 -0.000285 -0.073000 0.997273
6.646000000 -5.496439 1.032717 1.179103 0.010855 -0.000325 -0.073611 0.997228
6.651000000 -5.493207 1.032580 1.180326 0.010856 -0.000368 -0.074221 0.997183
6.656000000 -5.489977 1.032437 1.181554 0.010855 -0.000414 -0.074830 0.997137
6.661000000 -5.486748 1.032288 1.182788 0.010850 -0.000461 -0.075437 0.997091
6.666000000 -5.483519 1.032135 1.184027 0.010841 -0.000511 -0.076043 0.997045
6.671000000 -5.480291 1.031975 1.185272 0.010830 -0.000563 -0.076649 0.996999
6.676000000 -5.477065 1.031811 1.186521 0.010815 -0.000616 -0.077252 0.996953
6.681000000 -5.473839 1.031641 1.187777 0.010798 -0.000670 -0.077854 0.996906
6.686000000 -5.470614 1.031466 1.189037 0.010777 -0.000725 -0.078455 0.996859
6.691000000 -5.467390 1.031285 1.190303 0.010753 -0.000782 -0.079053 0.996812
6.696000000 -5.464168 1.031099 1.191574 0.010727 -0.000842 -0.079650 0.996765
6.701000000 -5.460946 1.030908 1.192851 0.010697 -0.000905 -0.080246 0.996717
6.706000000 -5.457726 1.030711 1.194132 0.010664 -0.000971 -0.080839 0.996670
6.711000000 -5.454506 1.030510 1.195419 0.010628 -0.001039 -0.081431 0.996622
6.716000000 -5.451288 1.030303 1.196710 0.010590 -0.001107 -0.082021 0.996574
6.721000000 -5.448071 1.030090 1.198007 0.010550 -0.001175 -0.082610 0.996525
6.726000000 -5.444856 1.029873 1.199310 0.010508 -0.001243 -0.083196 0.996477
6.731000000 -5.441642 1.029650 1.200617 0.010465 -0.001310 -0.083781 0.996428
6.736000000 -5.438429 1.029422 1.201929 0.010420 -0.001376 -0.084364 0.996380
6.741000000 -5.435217 1.029189 1.203247 0.010374 -0.001441 -0.084945 0.996331
6.746000000 -5.432007 1.028951 1.204569 0.010327 -0.001505 -0.085524 0.996281
6.751000000 -5.428798 1.028708 1.205897 0.010279 -0.001564 -0.086101 0.996232
6.756000000 -5.425591 1.028460 1.207230 0.010231 -0.001620 -0.086676 0.996183
6.761000000 -5.422385 1.028207 1.208568 0.010183 -0.001672 -0.087249 0.996133
6.766000000 -5.419181 1.027949 1.209911 0.010136 -0.001718 -0.087820 0.996083
6.771000000 -5.415978 1.027686 1.211260 0.010089 -0.001759 -0.088389 0.996033
6.776000000 -5.412777 1.027418 1.212613 0.010043 -0.001794 -0.088955 0.995983
6.781000000 -5.409577 1.027145 1.213971 0.009998 -0.001824 -0.089519 0.995933
6.786000000 -5.406379 1.026867 1.215335 0.009953 -0.001848 -0.090081 0.995883
6.791000000 -5.403183 1.026584 1.216704 0.009910 -0.001867 -0.090640 0.995833
6.796000000 -5.399988 1.026296 1.218078 0.009868 -0.001880 -0.091197 0.995782
6.801000000 -5.396795 1.026004 1.219457 0.009828 -0.001888 -0.091751 0.995732
6.806000000 -5.393603 1.025707 1.220840 0.009788 -0.001894 -0.092303 0.995681
6.811000000 -5.390414 1.025405 1.222229 0.009749 -0.001898 -0.092852 0.995630
6.816000000 -5.387225 1.025098 1.223623 0.009711 -0.001900 -0.093398 0.995580
6.821000000 -5.384039 1.024787 1.225022 0.009674 -0.001902 -0.093942 0.995529
6.826000000 -5.380854 1.024471 1.226426 0.009638 -0.001903 -0.094484 0.995478
6.831000000 -5.377671 1.024150 1.227834 0.009602 -0.001904 -0.095023 0.995427
6.836000000 -5.374489 1.023824 1.229247 0.009568 -0.001905 -0.095559 0.995376
6.841000000 -5.371309 1.023494 1.230666 0.009534 -0.001903 -0.096092 0.995325
6.846000000 -5.368131 1.023160 1.232089 0.009501 -0.001899 -0.096623 0.995274
6.851000000 -5.364954 1.022820 1.233518 0.009470 -0.001894 -0.097152 0.995223
6.856000000 -5.361779 1.022476 1.234951 0.009439 -0.001887 -0.097677 0.995172
6.861000000 -5.358606 1.022128 1.236389 0.009409 -0.001877 -0.098200 0.995120
6.866000000 -5.355434 1.021774 1.237832 0.009380 -0.001865 -0.098720 0.995069
6.871000000 -5.352264 1.021417 1.239280 0.009352 -0.001853 -0.099237 0.995018
6.876000000 -5.349095 1.021054 1.240733 0.009324 -0.001841 -0.099752 0.994967
6.881000000 -5.345928 1.020688 1.242191 0.009297 -0.001829 -0.100263 0.994916
6.886000000 -5.342763 1.020316 1.243654 0.009264 -0.001819 -0.100772 0.994865
6.891000000 -5.339599 1.019941 1.245127 0.009148 -0.001828 -0.101276 0.994815
6.896000000 -5.336437 1.019560 1.246616 0.008823 -0.001886 -0.101773 0.994767
6.901000000 -5.333277 1.019175 1.248128 0.008183 -0.002020 -0.102262 0.994722
6.906000000 -5.330119 1.018786 1.249669 0.007140 -0.002254 -0.102741 0.994680
6.911000000 -5.326962 1.018393 1.251242 0.005624 -0.002605 -0.103207 0.994641
6.916000000 -5.323808 1.017997 1.252851 0.003587 -0.003089 -0.103660 0.994601
6.921000000 -5.320656 1.017599 1.254501 0.000995 -0.003716 -0.104099 0.994560
6.926000000 -5.317506 1.017201 1.256194 -0.002167 -0.004492 -0.104522 0.994510
6.931000000 -5.314359 1.016804 1.257932 -0.005898 -0.005420 -0.104928 0.994448
6.936000000 -5.311215 1.016411 1.259718 -0.010185 -0.006498 -0.105316 0.994365
6.941000000 -5.308074 1.016025 1.261552 -0.014999 -0.007722 -0.105685 0.994256
6.946000000 -5.304937 1.015648 1.263437 -0.020302 -0.009085 -0.106035 0.994114
6.951000000 -5.301805 1.015284 1.265373 -0.026045 -0.010576 -0.106365 0.993930
6.956000000 -5.298677 1.014936 1.267361 -0.032169 -0.012182 -0.106674 0.993699
6.961000000 -5.295555 1.014607 1.269402 -0.038609 -0.013886 -0.106963 0.993416
6.966000000 -5.292439 1.014303 1.271495 -0.045295 -0.015671 -0.107232 0.993078
6.971000000 -5.289330 1.014027 1.273642 -0.052153 -0.017520 -0.107480 0.992684
6.976000000 -5.286228 1.013783 1.275841 -0.059107 -0.019415 -0.107710 0.992234
6.981000000 -5.283134 1.013575 1.278093 -0.066079 -0.021335 -0.107922 0.991731
6.986000000 -5.280048 1.013408 1.280397 -0.072991 -0.023261 -0.108117 0.991182
6.991000000 -5.276972 1.013286 1.282752 -0.079767 -0.025176 -0.108297 0.990593
6.996000000 -5.273906 1.013213 1.285156 -0.086333 -0.027061 -0.108463 0.989975
7.001000000 -5.270851 1.013193 1.287608 -0.092620 -0.028898 -0.108619 0.989337
7.006000000 -5.267807 1.013229 1.290108 -0.098563 -0.030670 -0.108766 0.988693
7.011000000 -5.264775 1.013325 1.292654 -0.104105 -0.032362 -0.108906 0.988056
7.016000000 -5.261755 1.013485 1.295244 -0.109191 -0.033960 -0.109042 0.987438
7.021000000 -5.258749 1.013710 1.297877 -0.113776 -0.035450 -0.109175 0.986853
7.026000000 -5.255756 1.014004 1.300552 -0.117820 -0.036822 -0.109309 0.986313
7.031000000 -5.252777 1.014368 1.303266 -0.121290 -0.038067 -0.109445 0.985830
7.036000000 -5.249812 1.014806 1.306018 -0.124162 -0.039176 -0.109585 0.985414
7.041000000 -5.246863 1.015317 1.308807 -0.126420 -0.040145 -0.109730 0.985071
7.046000000 -5.243928 1.015902 1.311631 -0.128054 -0.040968 -0.109882 0.984809
7.051000000 -5.241010 1.016564 1.314489 -0.129061 -0.041644 -0.110042 0.984632
7.056000000 -5.238106 1.017301 1.317378 -0.129444 -0.042171 -0.110211 0.984540
7.061000000 -5.235219 1.018114 1.320299 -0.129215 -0.042552 -0.110390 0.984534
7.066000000 -5.232348 1.019002 1.323249 -0.128388 -0.042788 -0.110578 0.984611
7.071000000 -5.229493 1.019965 1.326227 -0.126983 -0.042884 -0.110775 0.984767
7.076000000 -5.226654 1.021000 1.329232 -0.125027 -0.042845 -0.110981 0.984995
7.081000000 -5.223831 1.022108 1.332262 -0.122552 -0.042678 -0.111196 0.985289
7.086000000 -5.221024 1.023286 1.335318 -0.119595 -0.042390 -0.111419 0.985640
7.091000000 -5.218234 1.024531 1.338397 -0.116199 -0.041989 -0.111649 0.986037
7.096000000 -5.215459 1.025843 1.341501 -0.112413 -0.041485 -0.111884 0.986471
7.101000000 -5.212701 1.027219 1.344628 -0.108292 -0.040887 -0.112124 0.986929
7.106000000 -5.209958 1.028656 1.347778 -0.103885 -0.040204 -0.112367 0.987403
7.111000000 -5.207231 1.030153 1.350951 -0.099245 -0.039449 -0.112612 0.987883
7.116000000 -5.204520 1.031705 1.354147 -0.094424 -0.038631 -0.112857 0.988360
7.121000000 -5.201824 1.033310 1.357364 -0.089474 -0.037762 -0.113101 0.988826
7.126000000 -5.199143 1.034966 1.360604 -0.084446 -0.036852 -0.113343 0.989275
7.131000000 -5.196477 1.036669 1.363865 -0.079391 -0.035913 -0.113582 0.989700
7.136000000 -5.193825 1.038417 1.367147 -0.074362 -0.034954 -0.113816 0.990098
7.141000000 -5.191188 1.040207 1.370452 -0.069407 -0.033987 -0.114044 0.990465
7.146000000 -5.188565 1.042036 1.373778 -0.064573 -0.033019 -0.114264 0.990800
7.151000000 -5.185956 1.043901 1.377125 -0.059897 -0.032062 -0.114477 0.991100
7.156000000 -5.183361 1.045800 1.380493 -0.055413 -0.031122 -0.114680 0.991367
7.161000000 -5.180779 1.047730 1.383881 -0.051153 -0.030210 -0.114872 0.991602
7.166000000 -5.178210 1.049689 1.387290 -0.047145 -0.029331 -0.115053 0.991806
7.171000000 -5.175655 1.051675 1.390719 -0.043412 -0.028493 -0.115221 0.991982
7.176000000 -5.173111 1.053685 1.394167 -0.039975 -0.027700 -0.115375 0.992131
7.181000000 -5.170581 1.055718 1.397635 -0.036850 -0.026957 -0.115514 0.992256
7.186000000 -5.168062 1.057772 1.401123 -0.034047 -0.026267 -0.115636 0.992360
7.191000000 -5.165556 1.059845 1.404629 -0.031571 -0.025634 -0.115742 0.992446
7.196000000 -5.163061 1.061936 1.408153 -0.029423 -0.025060 -0.115828 0.992517
7.201000000 -5.160578 1.064044 1.411694 -0.027599 -0.024547 -0.115896 0.992574
7.206000000 -5.158106 1.066167 1.415253 -0.026091 -0.024095 -0.115942 0.992621
7.211000000 -5.155646 1.068306 1.418829 -0.024888 -0.023704 -0.115966 0.992658
7.216000000 -5.153197 1.070458 1.422421 -0.023976 -0.023373 -0.115968 0.992688
7.221000000 -5.150758 1.072624 1.426028 -0.023339 -0.023100 -0.115945 0.992713
7.226000000 -5.148331 1.074804 1.429650 -0.022957 -0.022882 -0.115896 0.992732
7.231000000 -5.145914 1.076997 1.433287 -0.022811 -0.022717 -0.115821 0.992748
7.236000000 -5.143508 1.079202 1.436938 -0.022876 -0.022602 -0.115719 0.992761
7.241000000 -5.141112 1.081421 1.440602 -0.023128 -0.022531 -0.115589 0.992772
7.246000000 -5.138727 1.083652 1.444279 -0.023542 -0.022502 -0.115429 0.992782
7.251000000 -5.136352 1.085897 1.447969 -0.024093 -0.022508 -0.115240 0.992790
7.256000000 -5.133987 1.088155 1.451670 -0.024753 -0.022546 -0.115021 0.992799
7.261000000 -5.131633 1.090427 1.455383 -0.025498 -0.022610 -0.114770 0.992807
7.266000000 -5.129289 1.092713 1.459106 -0.026303 -0.022695 -0.114489 0.992817
7.271000000 -5.126956 1.095013 1.462840 -0.027146 -0.022795 -0.114176 0.992828
7.276000000 -5.124632 1.097329 1.466585 -0.028003 -0.022906 -0.113831 0.992841
7.281000000 -5.122319 1.099659 1.470339 -0.028851 -0.023023 -0.113455 0.992857
7.286000000 -5.120017 1.102006 1.474102 -0.029672 -0.023142 -0.113047 0.992877
7.291000000 -5.117724 1.104368 1.477875 -0.030448 -0.023258 -0.112608 0.992901
7.296000000 -5.115442 1.106747 1.481657 -0.031162 -0.023367 -0.112137 0.992929
7.301000000 -5.113170 1.109143 1.485447 -0.031799 -0.023467 -0.111636 0.992963
7.306000000 -5.110908 1.111556 1.489245 -0.032346 -0.023555 -0.111104 0.993003
7.311000000 -5.108657 1.113987 1.493051 -0.032793 -0.023627 -0.110542 0.993049
7.316000000 -5.106416 1.116435 1.496865 -0.033131 -0.023682 -0.109951 0.993102
7.321000000 -5.104185 1.118901 1.500687 -0.033352 -0.023718 -0.109330 0.993163
7.326000000 -5.101965 1.121385 1.504515 -0.033448 -0.023735 -0.108681 0.993230
7.331000000 -5.099755 1.123886 1.508351 -0.033415 -0.023731 -0.108004 0.993305
7.336000000 -5.097556 1.126406 1.512192 -0.033252 -0.023707 -0.107301 0.993388
7.341000000 -5.095366 1.128943 1.516040 -0.032959 -0.023662 -0.106571 0.993477
7.346000000 -5.093188 1.131497 1.519894 -0.032537 -0.023598 -0.105816 0.993573
7.351000000 -5.091019 1.134069 1.523754 -0.031990 -0.023514 -0.105036 0.993676
7.356000000 -5.088861 1.136658 1.527619 -0.031323 -0.023411 -0.104232 0.993784
7.361000000 -5.086713 1.139263 1.531489 -0.030544 -0.023291 -0.103405 0.993897
7.366000000 -5.084575 1.141885 1.535365 -0.029663 -0.023156 -0.102555 0.994015
7.371000000 -5.082448 1.144523 1.539246 -0.028690 -0.023005 -0.101684 0.994137
7.376000000 -5.080331 1.147175 1.543132 -0.027637 -0.022841 -0.100792 0.994261
7.381000000 -5.078224 1.149842 1.547023 -0.026513 -0.022667 -0.099879 0.994388
7.386000000 -5.076127 1.152524 1.550919 -0.025327 -0.022484 -0.098946 0.994516
7.391000000 -5.074041 1.155219 1.554820 -0.024092 -0.022294 -0.097994 0.994646
7.396000000 -5.071965 1.157926 1.558724 -0.022818 -0.022101 -0.097024 0.994775
7.401000000 -5.069898 1.160646 1.562634 -0.021517 -0.021906 -0.096036 0.994904
7.406000000 -5.067843 1.163377 1.566547 -0.020202 -0.021711 -0.095031 0.995033
7.411000000 -5.065797 1.166119 1.570465 -0.018887 -0.021518 -0.094009 0.995160
7.416000000 -5.063761 1.168871 1.574387 -0.017581 -0.021330 -0.092972 0.995285
7.421000000 -5.061735 1.171633 1.578313 -0.016295 -0.021147 -0.091918 0.995409
7.426000000 -5.059719 1.174403 1.582242 -0.015038 -0.020974 -0.090850 0.995530
7.431000000 -5.057713 1.177182 1.586176 -0.013817 -0.020810 -0.089767 0.995650
7.436000000 -5.055717 1.179968 1.590113 -0.012642 -0.020658 -0.088669 0.995767
7.441000000 -5.053731 1.182760 1.594053 -0.011521 -0.020519 -0.087556 0.995882
7.446000000 -5.051755 1.185560 1.597997 -0.010460 -0.020394 -0.086430 0.995994
7.451000000 -5.049789 1.188364 1.601945 -0.009465 -0.020283 -0.085289 0.996105
7.456000000 -5.047833 1.191175 1.605895 -0.008539 -0.020188 -0.084135 0.996213
7.461000000 -5.045887 1.193989 1.609849 -0.007686 -0.020108 -0.082968 0.996320
7.466000000 -5.043950 1.196809 1.613805 -0.006909 -0.020043 -0.081788 0.996424
7.471000000 -5.042024 1.199632 1.617765 -0.006211 -0.019992 -0.080594 0.996527
7.476000000 -5.040107 1.202458 1.621728 -0.005590 -0.019954 -0.079388 0.996628
7.481000000 -5.038200 1.205288 1.625693 -0.005046 -0.019928 -0.078169 0.996728
7.486000000 -5.036303 1.208121 1.629662 -0.004578 -0.019912 -0.076938 0.996827
7.491000000 -5.034416 1.210957 1.633633 -0.004187 -0.019904 -0.075693 0.996924
7.496000000 -5.032539 1.213795 1.637607 -0.003868 -0.019902 -0.074436 0.997020
7.501000000 -5.030672 1.216636 1.641584 -0.003620 -0.019904 -0.073166 0.997115
7.506000000 -5.028815 1.219478 1.645564 -0.003439 -0.019908 -0.071883 0.997208
7.511000000 -5.026967 1.222323 1.649547 -0.003319 -0.019912 -0.070586 0.997301
7.516000000 -5.025130 1.225170 1.653533 -0.003255 -0.019914 -0.069277 0.997393
7.521000000 -5.023303 1.228019 1.657522 -0.003243 -0.019911 -0.067955 0.997484
7.526000000 -5.021486 1.230869 1.661514 -0.003278 -0.019902 -0.066620 0.997575
7.531000000 -5.019678 1.233722 1.665508 -0.003353 -0.019885 -0.065272 0.997664
7.536000000 -5.017881 1.236577 1.669506 -0.003462 -0.019858 -0.063912 0.997752
7.541000000 -5.016094 1.239433 1.673506 -0.003597 -0.019820 -0.062540 0.997839
7.546000000 -5.014316 1.242292 1.677509 -0.003752 -0.019770 -0.061155 0.997925
7.551000000 -5.012548 1.245153 1.681515 -0.003921 -0.019707 -0.059759 0.998011
7.556000000 -5.010791 1.248016 1.685523 -0.004097 -0.019629 -0.058350 0.998095
7.561000000 -5.009043 1.250882 1.689535 -0.004278 -0.019536 -0.056929 0.998178
7.566000000 -5.007305 1.253750 1.693549 -0.004457 -0.019427 -0.055496 0.998260
7.571000000 -5.005576 1.256620 1.697567 -0.004630 -0.019302 -0.054051 0.998341
7.576000000 -5.003858 1.259493 1.701587 -0.004792 -0.019160 -0.052594 0.998421
7.581000000 -5.002149 1.262368 1.705610 -0.004939 -0.019002 -0.051125 0.998499
7.586000000 -5.000449 1.265246 1.709636 -0.005065 -0.018828 -0.049644 0.998577
7.591000000 -4.998759 1.268126 1.713665 -0.005168 -0.018639 -0.048152 0.998653
7.596000000 -4.997078 1.271009 1.717697 -0.005242 -0.018435 -0.046648 0.998728
7.601000000 -4.995406 1.273895 1.721732 -0.005287 -0.018218 -0.045133 0.998801
7.606000000 -4.993744 1.276784 1.725769 -0.005301 -0.017988 -0.043608 0.998873
7.611000000 -4.992090 1.279675 1.729810 -0.005284 -0.017746 -0.042073 0.998943
7.616000000 -4.990446 1.282569 1.733853 -0.005235 -0.017494 -0.040527 0.999012
7.621000000 -4.988810 1.285466 1.737900 -0.005155 -0.017232 -0.038973 0.999078
7.626000000 -4.987183 1.288365 1.741950 -0.005043 -0.016963 -0.037409 0.999143
7.631000000 -4.985564 1.291267 1.746002 -0.004899 -0.016688 -0.035836 0.999206
7.636000000 -4.983954 1.294171 1.750058 -0.004725 -0.016407 -0.034254 0.999267
7.641000000 -4.982352 1.297077 1.754117 -0.004519 -0.016125 -0.032665 0.999326
7.646000000 -4.980758 1.299986 1.758179 -0.004286 -0.015841 -0.031068 0.999383
7.651000000 -4.979172 1.302896 1.762243 -0.004025 -0.015557 -0.029463 0.999437
7.656000000 -4.977594 1.305809 1.766310 -0.003739 -0.015277 -0.027852 0.999488
7.661000000 -4.976024 1.308723 1.770380 -0.003430 -0.015002 -0.026234 0.999537
7.666000000 -4.974461 1.311639 1.774451 -0.003097 -0.014733 -0.024610 0.999584
7.671000000 -4.972906 1.314556 1.778525 -0.002742 -0.014475 -0.022980 0.999627
7.676000000 -4.971358 1.317474 1.782599 -0.002365 -0.014228 -0.021345 0.999668
7.681000000 -4.969817 1.320394 1.786674 -0.001966 -0.013995 -0.019705 0.999706
7.686000000 -4.968283 1.323314 1.790750 -0.001546 -0.013778 -0.018061 0.999741
7.691000000 -4.966756 1.326234 1.794825 -0.001105 -0.013580 -0.016413 0.999772
7.696000000 -4.965236 1.329155 1.798900 -0.000644 -0.013401 -0.014762 0.999801
7.701000000 -4.963723 1.332076 1.802973 -0.000165 -0.013244 -0.013108 0.999826
7.706000000 -4.962216 1.334997 1.807045 0.000333 -0.013109 -0.011451 0.999848
7.711000000 -4.960716 1.337918 1.811114 0.000846 -0.012998 -0.009793 0.999867
7.716000000 -4.959222 1.340838 1.815181 0.001373 -0.012909 -0.008133 0.999883
7.721000000 -4.957735 1.343756 1.819245 0.001910 -0.012845 -0.006471 0.999895
7.726000000 -4.956254 1.346674 1.823305 0.002456 -0.012804 -0.004810 0.999903
7.731000000 -4.954780 1.349590 1.827361 0.003010 -0.012787 -0.003148 0.999909
7.736000000 -4.953311 1.352505 1.831412 0.003568 -0.012793 -0.001487 0.999911
7.741000000 -4.951850 1.355417 1.835458 0.004129 -0.012822 0.000174 0.999909
7.746000000 -4.950394 1.358327 1.839498 0.004691 -0.012873 0.001833 0.999904
7.751000000 -4.948945 1.361234 1.843532 0.005255 -0.012945 0.003491 0.999896
7.756000000 -4.947502 1.364139 1.847559 0.005819 -0.013039 0.005148 0.999885
7.761000000 -4.946066 1.367040 1.851578 0.006384 -0.013152 0.006802 0.999870
7.766000000 -4.944636 1.369939 1.855588 0.006950 -0.013285 0.008454 0.999852
7.771000000 -4.943212 1.372833 1.859590 0.007516 -0.013435 0.010104 0.999830
7.776000000 -4.941795 1.375723 1.863582 0.008081 -0.013602 0.011751 0.999806
7.781000000 -4.940384 1.378610 1.867564 0.008645 -0.013784 0.013395 0.999778
7.786000000 -4.938980 1.381492 1.871534 0.009208 -0.013980 0.015035 0.999747
7.791000000 -4.937583 1.384369 1.875493 0.009771 -0.014188 0.016672 0.999713
7.796000000 -4.936192 1.387241 1.879440 0.010332 -0.014406 0.018304 0.999675
7.801000000 -4.934808 1.390107 1.883374 0.010892 -0.014634 0.019931 0.999635
7.806000000 -4.933431 1.392969 1.887294 0.011451 -0.014869 0.021554 0.999592
7.811000000 -4.932060 1.395824 1.891201 0.012010 -0.015110 0.023171 0.999545
7.816000000 -4.930697 1.398674 1.895092 0.012567 -0.015356 0.024784 0.999496
7.821000000 -4.929341 1.401517 1.898968 0.013124 -0.015606 0.026390 0.999444
7.826000000 -4.927992 1.404354 1.902827 0.013680 -0.015857 0.027991 0.999389
7.831000000 -4.926650 1.407184 1.906670 0.014236 -0.016109 0.029586 0.999331
7.836000000 -4.925316 1.410007 1.910495 0.014794 -0.016362 0.031174 0.999271
7.841000000 -4.923989 1.412823 1.914302 0.015357 -0.016616 0.032756 0.999207
7.846000000 -4.922669 1.415631 1.918090 0.015932 -0.016873 0.034331 0.999141
7.851000000 -4.921357 1.418431 1.921858 0.016523 -0.017135 0.035899 0.999072
7.856000000 -4.920052 1.421224 1.925605 0.017137 -0.017404 0.037459 0.999000
7.861000000 -4.918755 1.424008 1.929330 0.017782 -0.017681 0.039011 0.998924
7.866000000 -4.917466 1.426784 1.933033 0.018463 -0.017970 0.040555 0.998845
7.871000000 -4.916185 1.429550 1.936713 0.019187 -0.018273 0.042091 0.998762
7.876000000 -4.914911 1.432308 1.940368 0.019959 -0.018592 0.043617 0.998676
7.881000000 -4.913646 1.435056 1.943999 0.020788 -0.018931 0.045134 0.998585
7.886000000 -4.912388 1.437795 1.947603 0.021679 -0.019292 0.046641 0.998490
7.891000000 -4.911139 1.440523 1.951180 0.022640 -0.019678 0.048137 0.998390
7.896000000 -4.909897 1.443241 1.954729 0.023674 -0.020092 0.049623 0.998285
7.901000000 -4.908665 1.445948 1.958249 0.024787 -0.020536 0.051097 0.998175
7.906000000 -4.907440 1.448643 1.961739 0.025984 -0.021012 0.052559 0.998059
7.911000000 -4.906224 1.451326 1.965198 0.027270 -0.021522 0.054008 0.997936
7.916000000 -4.905017 1.453997 1.968625 0.028647 -0.022070 0.055444 0.997807
7.921000000 -4.903819 1.456656 1.972020 0.030121 -0.022656 0.056867 0.997670
7.926000000 -4.902629 1.459300 1.975380 0.031692 -0.023282 0.058275 0.997526
7.931000000 -4.901449 1.461930 1.978706 0.033363 -0.023949 0.059669 0.997373
7.936000000 -4.900278 1.464546 1.981996 0.035135 -0.024659 0.061047 0.997211
7.941000000 -4.899117 1.467146 1.985249 0.037005 -0.025410 0.062409 0.997041
7.946000000 -4.897965 1.469729 1.988464 0.038975 -0.026205 0.063755 0.996860
7.951000000 -4.896823 1.472296 1.991640 0.041043 -0.027043 0.065083 0.996669
7.956000000 -4.895691 1.474845 1.994776 0.043205 -0.027924 0.066393 0.996467
7.961000000 -4.894570 1.477375 1.997871 0.045460 -0.028846 0.067685 0.996253
7.966000000 -4.893459 1.479885 2.000924 0.047803 -0.029809 0.068956 0.996028
7.971000000 -4.892360 1.482375 2.003934 0.050231 -0.030812 0.070208 0.995790
7.976000000 -4.891271 1.484844 2.006900 0.052739 -0.031853 0.071439 0.995540
7.981000000 -4.890194 1.487290 2.009821 0.055323 -0.032931 0.072649 0.995277
7.986000000 -4.889128 1.489713 2.012696 0.057980 -0.034044 0.073837 0.995001
7.991000000 -4.888074 1.492111 2.015524 0.060704 -0.035191 0.075002 0.994712
7.996000000 -4.887033 1.494485 2.018304 0.063490 -0.036370 0.076144 0.994409
8.001000000 -4.886004 1.496831 2.021034 0.066332 -0.037577 0.077262 0.994092
8.006000000 -4.884988 1.499151 2.023715 0.069225 -0.038812 0.078356 0.993761
8.011000000 -4.883984 1.501442 2.026344 0.072166 -0.040073 0.079424 0.993417
8.016000000 -4.882995 1.503704 2.028921 0.075147 -0.041357 0.080468 0.993060
8.021000000 -4.882019 1.505935 2.031445 0.078160 -0.042660 0.081486 0.992689
8.026000000 -4.881057 1.508134 2.033915 0.081194 -0.043979 0.082478 0.992306
8.031000000 -4.880110 1.510300 2.036331 0.084239 -0.045310 0.083445 0.991911
8.036000000 -4.879177 1.512432 2.038691 0.087284 -0.046650 0.084385 0.991506
8.041000000 -4.878260 1.514530 2.040995 0.090318 -0.047995 0.085299 0.991092
8.046000000 -4.877358 1.516591 2.043243 0.093327 -0.049342 0.086187 0.990670
8.051000000 -4.876471 1.518614 2.045433 0.096301 -0.050686 0.087049 0.990242
8.056000000 -4.875601 1.520599 2.047566 0.099227 -0.052024 0.087886 0.989810
8.061000000 -4.874748 1.522545 2.049640 0.102093 -0.053351 0.088699 0.989375
8.066000000 -4.873911 1.524450 2.051656 0.104888 -0.054664 0.089487 0.988940
8.071000000 -4.873091 1.526313 2.053613 0.107601 -0.055960 0.090251 0.988507
8.076000000 -4.872289 1.528134 2.055509 0.110223 -0.057236 0.090992 0.988077
8.081000000 -4.871505 1.529910 2.057346 0.112747 -0.058488 0.091710 0.987652
8.086000000 -4.870738 1.531642 2.059123 0.115161 -0.059713 0.092407 0.987235
8.091000000 -4.869991 1.533328 2.060839 0.117462 -0.060908 0.093083 0.986827
8.096000000 -4.869262 1.534968 2.062493 0.119642 -0.062072 0.093738 0.986431
8.101000000 -4.868552 1.536561 2.064087 0.121695 -0.063202 0.094374 0.986047
8.106000000 -4.867862 1.538105 2.065619 0.123617 -0.064293 0.094993 0.985678
8.111000000 -4.867191 1.539600 2.067089 0.125404 -0.065347 0.095594 0.985325
8.116000000 -4.866541 1.541046 2.068498 0.127059 -0.066361 0.096178 0.984988
8.121000000 -4.865911 1.542441 2.069844 0.128586 -0.067338 0.096747 0.984668
8.126000000 -4.865301 1.543785 2.071128 0.129982 -0.068275 0.097301 0.984366
8.131000000 -4.864713 1.545078 2.072349 0.131249 -0.069172 0.097841 0.984081
8.136000000 -4.864145 1.546319 2.073507 0.132396 -0.070031 0.098367 0.983814
8.141000000 -4.863599 1.547508 2.074602 0.133432 -0.070854 0.098880 0.983564
8.146000000 -4.863074 1.548644 2.075634 0.134361 -0.071644 0.099381 0.983330
8.151000000 -4.862571 1.549726 2.076603 0.135193 -0.072401 0.099869 0.983111
8.156000000 -4.862091 1.550756 2.077508 0.135934 -0.073128 0.100346 0.982906
8.161000000 -4.861632 1.551731 2.078349 0.136591 -0.073826 0.100813 0.982715
8.166000000 -4.861196 1.552652 2.079127 0.137175 -0.074497 0.101268 0.982536
8.171000000 -4.860782 1.553520 2.079841 0.137699 -0.075146 0.101713 0.982368
8.176000000 -4.860391 1.554332 2.080491 0.138171 -0.075776 0.102147 0.982208
8.181000000 -4.860024 1.555090 2.081076 0.138598 -0.076387 0.102572 0.982056
8.186000000 -4.859679 1.555793 2.081598 0.138987 -0.076981 0.102987 0.981912
8.191000000 -4.859358 1.556441 2.082055 0.139345 -0.077559 0.103393 0.981772
8.196000000 -4.859060 1.557033 2.082448 0.139678 -0.078123 0.103791 0.981639
8.201000000 -4.858787 1.557571 2.082777 0.139985 -0.078670 0.104181 0.981510
8.206000000 -4.858537 1.558052 2.083043 0.140268 -0.079198 0.104564 0.981386
8.211000000 -4.858311 1.558477 2.083245 0.140518 -0.079702 0.104942 0.981269
8.216000000 -4.858110 1.558846 2.083384 0.140715 -0.080169 0.105319 0.981163
8.221000000 -4.857933 1.559159 2.083461 0.140837 -0.080587 0.105696 0.981070
8.226000000 -4.857782 1.559414 2.083476 0.140853 -0.080938 0.106077 0.980998
8.231000000 -4.857655 1.559612 2.083432 0.140730 -0.081203 0.106467 0.980951
8.236000000 -4.857554 1.559753 2.083329 0.140434 -0.081364 0.106869 0.980937
8.241000000 -4.857479 1.559835 2.083169 0.139929 -0.081399 0.107287 0.980960
8.246000000 -4.857430 1.559859 2.082953 0.139182 -0.081289 0.107724 0.981028
8.251000000 -4.857406 1.559824 2.082682 0.138161 -0.081016 0.108184 0.981144
8.256000000 -4.857409 1.559731 2.082359 0.136837 -0.080561 0.108670 0.981314
8.261000000 -4.857438 1.559579 2.081985 0.135187 -0.079910 0.109182 0.981539
8.266000000 -4.857494 1.559369 2.081562 0.133197 -0.079053 0.109724 0.981820
8.271000000 -4.857576 1.559101 2.081091 0.130852 -0.077980 0.110295 0.982157
8.276000000 -4.857683 1.558776 2.080575 0.128141 -0.076682 0.110896 0.982549
8.281000000 -4.857817 1.558393 2.080016 0.125055 -0.075154 0.111528 0.982993
8.286000000 -4.857976 1.557955 2.079416 0.121597 -0.073394 0.112189 0.983484
8.291000000 -4.858160 1.557462 2.078777 0.117771 -0.071404 0.112878 0.984017
8.296000000 -4.858369 1.556915 2.078101 0.113585 -0.069188 0.113592 0.984585
8.301000000 -4.858602 1.556316 2.077391 0.109051 -0.066752 0.114330 0.985181
8.306000000 -4.858859 1.555665 2.076649 0.104186 -0.064104 0.115089 0.985794
8.311000000 -4.859138 1.554967 2.075878 0.099009 -0.061256 0.115865 0.986418
8.316000000 -4.859439 1.554221 2.075080 0.093541 -0.058218 0.116654 0.987042
8.321000000 -4.859762 1.553430 2.074257 0.087807 -0.055005 0.117454 0.987658
8.326000000 -4.860104 1.552596 2.073414 0.081838 -0.051635 0.118260 0.988257
8.331000000 -4.860466 1.551723 2.072551 0.075664 -0.048126 0.119067 0.988829
8.336000000 -4.860845 1.550812 2.071672 0.069319 -0.044497 0.119872 0.989366
8.341000000 -4.861242 1.549866 2.070780 0.062841 -0.040770 0.120671 0.989862
8.346000000 -4.861653 1.548889 2.069876 0.056265 -0.036965 0.121459 0.990311
8.351000000 -4.862079 1.547882 2.068964 0.049630 -0.033105 0.122233 0.990707
8.356000000 -4.862518 1.546851 2.068047 0.042976 -0.029214 0.122989 0.991047
8.361000000 -4.862969 1.545796 2.067126 0.036344 -0.025313 0.123723 0.991328
8.366000000 -4.863429 1.544723 2.066204 0.029773 -0.021427 0.124432 0.991550
8.371000000 -4.863898 1.543634 2.065284 0.023301 -0.017578 0.125114 0.991713
8.376000000 -4.864375 1.542532 2.064367 0.016965 -0.013785 0.125765 0.991819
8.381000000 -4.864857 1.541421 2.063456 0.010798 -0.010067 0.126385 0.991871
8.386000000 -4.865343 1.540303 2.062554 0.004831 -0.006443 0.126969 0.991874
8.391000000 -4.865833 1.539183 2.061662 -0.000903 -0.002930 0.127519 0.991831
8.396000000 -4.866324 1.538064 2.060781 -0.006376 0.000456 0.128031 0.991750
8.401000000 -4.866815 1.536947 2.059913 -0.011560 0.003700 0.128505 0.991635
8.406000000 -4.867305 1.535837 2.059060 -0.016432 0.006787 0.128941 0.991493
8.411000000 -4.867792 1.534736 2.058222 -0.020969 0.009704 0.129339 0.991331
8.416000000 -4.868276 1.533646 2.057400 -0.025153 0.012438 0.129698 0.991156
8.421000000 -4.868756 1.532570 2.056595 -0.028966 0.014979 0.130020 0.990975
8.426000000 -4.869229 1.531511 2.055808 -0.032398 0.017317 0.130305 0.990793
8.431000000 -4.869695 1.530469 2.055039 -0.035440 0.019445 0.130554 0.990617
8.436000000 -4.870154 1.529448 2.054287 -0.038087 0.021356 0.130768 0.990451
8.441000000 -4.870604 1.528448 2.053554 -0.040340 0.023048 0.130948 0.990300
8.446000000 -4.871045 1.527470 2.052840 -0.042200 0.024519 0.131097 0.990167
8.451000000 -4.871476 1.526517 2.052144 -0.043675 0.025767 0.131216 0.990056
8.456000000 -4.871897 1.525588 2.051466 -0.044774 0.026796 0.131306 0.989968
8.461000000 -4.872306 1.524685 2.050807 -0.045512 0.027609 0.131369 0.989903
8.466000000 -4.872704 1.523807 2.050167 -0.045905 0.028212 0.131408 0.989863
8.471000000 -4.873091 1.522956 2.049545 -0.045971 0.028611 0.131423 0.989846
8.476000000 -4.873466 1.522131 2.048941 -0.045733 0.028816 0.131418 0.989852
8.481000000 -4.873829 1.521331 2.048356 -0.045214 0.028837 0.131393 0.989879
8.486000000 -4.874179 1.520558 2.047788 -0.044440 0.028686 0.131352 0.989924
8.491000000 -4.874518 1.519810 2.047239 -0.043437 0.028374 0.131295 0.989985
8.496000000 -4.874845 1.519086 2.046707 -0.042232 0.027917 0.131225 0.990059
8.501000000 -4.875161 1.518386 2.046193 -0.040855 0.027327 0.131143 0.990144
8.506000000 -4.875465 1.517710 2.045697 -0.039333 0.026621 0.131052 0.990237
8.511000000 -4.875757 1.517056 2.045217 -0.037695 0.025814 0.130952 0.990335
8.516000000 -4.876039 1.516424 2.044755 -0.035970 0.024922 0.130847 0.990436
8.521000000 -4.876311 1.515812 2.044311 -0.034184 0.023960 0.130737 0.990538
8.526000000 -4.876572 1.515219 2.043883 -0.032364 0.022945 0.130623 0.990638
8.531000000 -4.876823 1.514645 2.043471 -0.030536 0.021892 0.130509 0.990735
8.536000000 -4.877066 1.514089 2.043077 -0.028723 0.020817 0.130394 0.990828
8.541000000 -4.877299 1.513549 2.042699 -0.026947 0.019733 0.130280 0.990915
8.546000000 -4.877524 1.513024 2.042337 -0.025228 0.018655 0.130169 0.990995
8.551000000 -4.877741 1.512513 2.041992 -0.023586 0.017597 0.130061 0.991069
8.556000000 -4.877950 1.512016 2.041662 -0.022037 0.016570 0.129958 0.991136
8.561000000 -4.878152 1.511532 2.041349 -0.020594 0.015585 0.129860 0.991196
8.566000000 -4.878348 1.511059 2.041051 -0.019269 0.014652 0.129768 0.991249
8.571000000 -4.878537 1.510597 2.040768 -0.018072 0.013780 0.129684 0.991295
8.576000000 -4.878721 1.510146 2.040501 -0.017009 0.012974 0.129607 0.991335
8.581000000 -4.878899 1.509704 2.040249 -0.016084 0.012242 0.129537 0.991369
8.586000000 -4.879071 1.509271 2.040011 -0.015300 0.011586 0.129476 0.991397
8.591000000 -4.879239 1.508847 2.039788 -0.014658 0.011010 0.129424 0.991420
8.596000000 -4.879402 1.508431 2.039579 -0.014156 0.010516 0.129380 0.991438
8.601000000 -4.879561 1.508024 2.039384 -0.013791 0.010104 0.129344 0.991452
8.606000000 -4.879715 1.507624 2.039203 -0.013558 0.009774 0.129318 0.991462
8.611000000 -4.879865 1.507231 2.039035 -0.013450 0.009523 0.129299 0.991469
8.616000000 -4.880011 1.506847 2.038880 -0.013460 0.009351 0.129289 0.991472
8.621000000 -4.880153 1.506469 2.038738 -0.013579 0.009252 0.129286 0.991471
8.626000000 -4.880292 1.506100 2.038609 -0.013798 0.009223 0.129290 0.991468
8.631000000 -4.880427 1.505738 2.038492 -0.014105 0.009258 0.129302 0.991462
8.636000000 -4.880557 1.505383 2.038388 -0.014488 0.009353 0.129320 0.991453
8.641000000 -4.880684 1.505037 2.038293 -0.014910 0.009502 0.129343 0.991442
8.646000000 -4.880808 1.504699 2.038206 -0.015320 0.009704 0.129371 0.991430
8.651000000 -4.880927 1.504369 2.038123 -0.015676 0.009954 0.129402 0.991418
8.656000000 -4.881043 1.504048 2.038043 -0.015938 0.010247 0.129435 0.991407
8.661000000 -4.881154 1.503735 2.037963 -0.016076 0.010577 0.129471 0.991397
8.666000000 -4.881262 1.503430 2.037882 -0.016065 0.010939 0.129506 0.991388
8.671000000 -4.881365 1.503134 2.037798 -0.015883 0.011327 0.129542 0.991382
8.676000000 -4.881464 1.502846 2.037710 -0.015519 0.011732 0.129577 0.991378
8.681000000 -4.881558 1.502566 2.037617 -0.014962 0.012148 0.129611 0.991378
8.686000000 -4.881647 1.502294 2.037518 -0.014209 0.012568 0.129643 0.991379
8.691000000 -4.881732 1.502029 2.037412 -0.013261 0.012986 0.129673 0.991383
8.696000000 -4.881811 1.501772 2.037299 -0.012122 0.013394 0.129700 0.991389
8.701000000 -4.881884 1.501521 2.037177 -0.010803 0.013787 0.129723 0.991395
8.706000000 -4.881952 1.501276 2.037047 -0.009315 0.014158 0.129744 0.991403
8.711000000 -4.882013 1.501036 2.036909 -0.007673 0.014502 0.129760 0.991410
8.716000000 -4.882068 1.500801 2.036761 -0.005895 0.014814 0.129773 0.991416
8.721000000 -4.882117 1.500569 2.036603 -0.003999 0.015087 0.129782 0.991420
8.726000000 -4.882159 1.500340 2.036436 -0.002006 0.015320 0.129787 0.991422
8.731000000 -4.882194 1.500113 2.036259 0.000060 0.015507 0.129788 0.991421
8.736000000 -4.882221 1.499887 2.036073 0.002178 0.015646 0.129785 0.991416
8.741000000 -4.882241 1.499661 2.035876 0.004323 0.015735 0.129778 0.991409
8.746000000 -4.882254 1.499434 2.035670 0.006473 0.015773 0.129767 0.991398
8.751000000 -4.882258 1.499205 2.035453 0.008604 0.015759 0.129753 0.991384
8.756000000 -4.882255 1.498972 2.035227 0.010695 0.015694 0.129736 0.991367
8.761000000 -4.882244 1.498736 2.034991 0.012725 0.015577 0.129716 0.991347
8.766000000 -4.882225 1.498495 2.034745 0.014673 0.015411 0.129693 0.991326
8.771000000 -4.882198 1.498247 2.034489 0.016520 0.015195 0.129669 0.991303
8.776000000 -4.882162 1.497993 2.034223 0.018251 0.014933 0.129642 0.991280
8.781000000 -4.882119 1.497732 2.033947 0.019850 0.014627 0.129614 0.991258
8.786000000 -4.882067 1.497462 2.033662 0.021305 0.014281 0.129584 0.991237
8.791000000 -4.882008 1.497183 2.033368 0.022605 0.013898 0.129554 0.991217
8.796000000 -4.881941 1.496894 2.033064 0.023743 0.013481 0.129523 0.991200
8.801000000 -4.881865 1.496595 2.032751 0.024712 0.013036 0.129491 0.991187
8.806000000 -4.881783 1.496285 2.032428 0.025508 0.012565 0.129459 0.991177
8.811000000 -4.881692 1.495964 2.032097 0.026128 0.012074 0.129428 0.991171
8.816000000 -4.881595 1.495631 2.031756 0.026573 0.011565 0.129397 0.991169
8.821000000 -4.881490 1.495287 2.031407 0.026843 0.011045 0.129366 0.991172
8.826000000 -4.881379 1.494931 2.031049 0.026944 0.010516 0.129335 0.991179
8.831000000 -4.881261 1.494562 2.030682 0.026880 0.009983 0.129305 0.991190
8.836000000 -4.881137 1.494182 2.030308 0.026660 0.009450 0.129276 0.991205
8.841000000 -4.881006 1.493790 2.029925 0.026294 0.008923 0.129247 0.991224
8.846000000 -4.880870 1.493386 2.029534 0.025793 0.008403 0.129219 0.991245
8.851000000 -4.880728 1.492970 2.029135 0.025167 0.007895 0.129191 0.991269
8.856000000 -4.880581 1.492543 2.028728 0.024428 0.007402 0.129164 0.991295
8.861000000 -4.880429 1.492105 2.028314 0.023589 0.006927 0.129138 0.991322
8.866000000 -4.880273 1.491656 2.027892 0.022664 0.006472 0.129112 0.991350
8.871000000 -4.880111 1.491197 2.027463 0.021666 0.006039 0.129086 0.991378
8.876000000 -4.879946 1.490728 2.027027 0.020609 0.005630 0.129061 0.991406
8.881000000 -4.879777 1.490250 2.026584 0.019508 0.005246 0.129036 0.991434
8.886000000 -4.879604 1.489762 2.026135 0.018376 0.004890 0.129011 0.991461
8.891000000 -4.879427 1.489267 2.025679 0.017227 0.004560 0.128987 0.991486
8.896000000 -4.879248 1.488763 2.025217 0.016076 0.004258 0.128962 0.991510
8.901000000 -4.879065 1.488252 2.024749 0.014935 0.003985 0.128938 0.991532
8.906000000 -4.878880 1.487735 2.024274 0.013817 0.003740 0.128914 0.991553
8.911000000 -4.878691 1.487211 2.023794 0.012732 0.003523 0.128890 0.991571
8.916000000 -4.878501 1.486681 2.023307 0.011692 0.003332 0.128866 0.991588
8.921000000 -4.878308 1.486145 2.022815 0.010705 0.003168 0.128842 0.991602
8.926000000 -4.878113 1.485605 2.022318 0.009779 0.003028 0.128818 0.991615
8.931000000 -4.877916 1.485061 2.021815 0.008922 0.002911 0.128794 0.991627
8.936000000 -4.877717 1.484512 2.021307 0.008138 0.002816 0.128770 0.991637
8.941000000 -4.877516 1.483960 2.020794 0.007432 0.002741 0.128747 0.991646
8.946000000 -4.877313 1.483404 2.020276 0.006807 0.002683 0.128724 0.991653
8.951000000 -4.877109 1.482845 2.019753 0.006266 0.002642 0.128702 0.991660
8.956000000 -4.876903 1.482284 2.019226 0.005809 0.002614 0.128679 0.991666
8.961000000 -4.876696 1.481719 2.018693 0.005435 0.002597 0.128657 0.991671
8.966000000 -4.876487 1.481153 2.018157 0.005144 0.002590 0.128636 0.991675
8.971000000 -4.876276 1.480584 2.017616 0.004934 0.002590 0.128615 0.991679
8.976000000 -4.876064 1.480013 2.017070 0.004800 0.002596 0.128595 0.991682
8.981000000 -4.875850 1.479440 2.016521 0.004740 0.002604 0.128576 0.991685
8.986000000 -4.875635 1.478864 2.015968 0.004749 0.002615 0.128558 0.991687
8.991000000 -4.875418 1.478287 2.015410 0.004821 0.002625 0.128540 0.991689
8.996000000 -4.875199 1.477707 2.014849 0.004951 0.002633 0.128524 0.991691
9.001000000 -4.874979 1.477125 2.014284 0.005133 0.002638 0.128508 0.991692
9.006000000 -4.874758 1.476541 2.013715 0.005360 0.002639 0.128494 0.991692
9.011000000 -4.874535 1.475955 2.013143 0.005625 0.002633 0.128481 0.991692
9.016000000 -4.874310 1.475366 2.012568 0.005921 0.002620 0.128470 0.991692
9.021000000 -4.874084 1.474774 2.011989 0.006241 0.002600 0.128460 0.991692
9.026000000 -4.873856 1.474180 2.011407 0.006578 0.002571 0.128452 0.991691
9.031000000 -4.873626 1.473582 2.010822 0.006925 0.002532 0.128445 0.991689
9.036000000 -4.873395 1.472982 2.010234 0.007276 0.002485 0.128441 0.991687
9.041000000 -4.873162 1.472378 2.009643 0.007625 0.002428 0.128439 0.991685
9.046000000 -4.872927 1.471770 2.009050 0.007967 0.002362 0.128438 0.991683
9.051000000 -4.872691 1.471159 2.008453 0.008295 0.002286 0.128440 0.991680
9.056000000 -4.872453 1.470544 2.007854 0.008605 0.002202 0.128445 0.991677
9.061000000 -4.872214 1.469925 2.007252 0.008893 0.002110 0.128452 0.991674
9.066000000 -4.871973 1.469302 2.006648 0.009155 0.002010 0.128462 0.991670
9.071000000 -4.871730 1.468675 2.006042 0.009388 0.001904 0.128475 0.991667
9.076000000 -4.871486 1.468043 2.005433 0.009589 0.001792 0.128490 0.991663
9.081000000 -4.871241 1.467407 2.004822 0.009758 0.001677 0.128509 0.991659
9.086000000 -4.870994 1.466766 2.004209 0.009891 0.001557 0.128532 0.991655
9.091000000 -4.870746 1.466120 2.003594 0.009990 0.001436 0.128557 0.991651
9.096000000 -4.870496 1.465470 2.002977 0.010052 0.001315 0.128587 0.991646
9.101000000 -4.870245 1.464815 2.002358 0.010079 0.001193 0.128620 0.991642
9.106000000 -4.869993 1.464155 2.001738 0.010070 0.001073 0.128657 0.991637
9.111000000 -4.869740 1.463491 2.001116 0.010026 0.000956 0.128698 0.991633
9.116000000 -4.869486 1.462821 2.000492 0.009949 0.000843 0.128743 0.991628
9.121000000 -4.869231 1.462147 1.999867 0.009841 0.000734 0.128792 0.991623
9.126000000 -4.868974 1.461469 1.999241 0.009703 0.000632 0.128845 0.991617
9.131000000 -4.868717 1.460785 1.998614 0.009539 0.000536 0.128903 0.991611
9.136000000 -4.868459 1.460097 1.997986 0.009351 0.000448 0.128966 0.991605
9.141000000 -4.868201 1.459405 1.997356 0.009142 0.000368 0.129033 0.991598
9.146000000 -4.867941 1.458708 1.996726 0.008915 0.000298 0.129105 0.991591
9.151000000 -4.867681 1.458007 1.996095 0.008674 0.000236 0.129182 0.991583
9.156000000 -4.867420 1.457301 1.995463 0.008421 0.000185 0.129264 0.991574
9.161000000 -4.867158 1.456592 1.994831 0.008161 0.000145 0.129351 0.991565
9.166000000 -4.866896 1.455879 1.994198 0.007897 0.000115 0.129443 0.991555
9.171000000 -4.866634 1.455161 1.993565 0.007632 0.000096 0.129541 0.991545
9.176000000 -4.866370 1.454441 1.992932 0.007370 0.000087 0.129644 0.991533
9.181000000 -4.866107 1.453716 1.992298 0.007113 0.000089 0.129752 0.991521
9.186000000 -4.865842 1.452988 1.991664 0.006864 0.000101 0.129866 0.991508
9.191000000 -4.865578 1.452257 1.991030 0.006626 0.000124 0.129985 0.991494
9.196000000 -4.865313 1.451523 1.990396 0.006403 0.000156 0.130110 0.991479
9.201000000 -4.865047 1.450786 1.989762 0.006196 0.000198 0.130241 0.991463
9.206000000 -4.864781 1.450045 1.989129 0.006008 0.000249 0.130377 0.991446
9.211000000 -4.864514 1.449302 1.988495 0.005840 0.000308 0.130519 0.991429
9.216000000 -4.864247 1.448556 1.987862 0.005693 0.000374 0.130667 0.991410
9.221000000 -4.863980 1.447807 1.987230 0.005568 0.000448 0.130821 0.991390
9.226000000 -4.863711 1.447055 1.986597 0.005465 0.000527 0.130980 0.991370
9.231000000 -4.863442 1.446301 1.985966 0.005386 0.000612 0.131145 0.991348
9.236000000 -4.863173 1.445545 1.985335 0.005329 0.000701 0.131317 0.991326
9.241000000 -4.862903 1.444785 1.984704 0.005295 0.000794 0.131494 0.991303
9.246000000 -4.862632 1.444024 1.984075 0.005284 0.000891 0.131677 0.991278
9.251000000 -4.862360 1.443259 1.983446 0.005294 0.000990 0.131866 0.991253
9.256000000 -4.862088 1.442492 1.982819 0.005324 0.001090 0.132061 0.991227
9.261000000 -4.861814 1.441723 1.982192 0.005374 0.001191 0.132263 0.991199
9.266000000 -4.861540 1.440951 1.981566 0.005443 0.001293 0.132470 0.991171
9.271000000 -4.861265 1.440177 1.980942 0.005530 0.001395 0.132683 0.991142
9.276000000 -4.860989 1.439400 1.980319 0.005634 0.001496 0.132902 0.991112
9.281000000 -4.860711 1.438621 1.979697 0.005753 0.001596 0.133128 0.991081
9.286000000 -4.860433 1.437838 1.979076 0.005885 0.001695 0.133359 0.991049
9.291000000 -4.860153 1.437053 1.978457 0.006030 0.001792 0.133596 0.991016
9.296000000 -4.859872 1.436265 1.977839 0.006185 0.001886 0.133840 0.990982
9.301000000 -4.859590 1.435475 1.977222 0.006348 0.001979 0.134090 0.990947
9.306000000 -4.859306 1.434681 1.976608 0.006518 0.002069 0.134346 0.990911
9.311000000 -4.859021 1.433884 1.975994 0.006692 0.002156 0.134608 0.990874
9.316000000 -4.858734 1.433084 1.975383 0.006868 0.002240 0.134876 0.990836
9.321000000 -4.858446 1.432281 1.974773 0.007045 0.002321 0.135150 0.990797
9.326000000 -4.858156 1.431475 1.974166 0.007220 0.002399 0.135430 0.990758
9.331000000 -4.857865 1.430665 1.973560 0.007392 0.002473 0.135717 0.990717
9.336000000 -4.857571 1.429852 1.972956 0.007559 0.002545 0.136009 0.990675
9.341000000 -4.857277 1.429036 1.972354 0.007721 0.002614 0.136307 0.990633
9.346000000 -4.856980 1.428215 1.971754 0.007876 0.002680 0.136612 0.990590
9.351000000 -4.856681 1.427392 1.971156 0.008024 0.002744 0.136922 0.990546
9.356000000 -4.856381 1.426564 1.970560 0.008164 0.002805 0.137238 0.990501
9.361000000 -4.856079 1.425733 1.969967 0.008295 0.002865 0.137559 0.990455
9.366000000 -4.855774 1.424897 1.969376 0.008418 0.002923 0.137887 0.990408
9.371000000 -4.855468 1.424058 1.968787 0.008532 0.002980 0.138220 0.990360
9.376000000 -4.855160 1.423215 1.968201 0.008638 0.003037 0.138558 0.990312
9.381000000 -4.854849 1.422368 1.967617 0.008734 0.003093 0.138903 0.990263
9.386000000 -4.854537 1.421517 1.967035 0.008822 0.003149 0.139253 0.990213
9.391000000 -4.854222 1.420662 1.966456 0.008899 0.003205 0.139608 0.990162
9.396000000 -4.853905 1.419802 1.965880 0.008968 0.003261 0.139969 0.990110
9.401000000 -4.853586 1.418939 1.965307 0.009028 0.003317 0.140335 0.990057
9.406000000 -4.853265 1.418071 1.964736 0.009079 0.003375 0.140707 0.990004
9.411000000 -4.852941 1.417199 1.964168 0.009123 0.003433 0.141084 0.989950
9.416000000 -4.852615 1.416323 1.963602 0.009161 0.003493 0.141466 0.989895
9.421000000 -4.852287 1.415443 1.963040 0.009194 0.003555 0.141853 0.989839
9.426000000 -4.851956 1.414558 1.962480 0.009223 0.003619 0.142245 0.989782
9.431000000 -4.851623 1.413669 1.961923 0.009248 0.003685 0.142642 0.989724
9.436000000 -4.851288 1.412776 1.961370 0.009271 0.003753 0.143044 0.989666
9.441000000 -4.850950 1.411878 1.960819 0.009291 0.003824 0.143451 0.989606
9.446000000 -4.850609 1.410977 1.960272 0.009311 0.003897 0.143862 0.989546
9.451000000 -4.850266 1.410071 1.959727 0.009332 0.003973 0.144279 0.989485
9.456000000 -4.849920 1.409161 1.959186 0.009355 0.004052 0.144699 0.989423
9.461000000 -4.849572 1.408246 1.958648 0.009379 0.004133 0.145125 0.989360
9.466000000 -4.849221 1.407327 1.958113 0.009407 0.004217 0.145554 0.989297
9.471000000 -4.848867 1.406404 1.957582 0.009440 0.004305 0.145988 0.989232
9.476000000 -4.848510 1.405477 1.957054 0.009476 0.004395 0.146426 0.989166
9.481000000 -4.848150 1.404545 1.956529 0.009518 0.004487 0.146868 0.989100
9.486000000 -4.847788 1.403609 1.956008 0.009564 0.004583 0.147315 0.989033
9.491000000 -4.847423 1.402668 1.955490 0.009614 0.004680 0.147765 0.988965
9.496000000 -4.847054 1.401724 1.954976 0.009670 0.004779 0.148218 0.988896
9.501000000 -4.846683 1.400774 1.954465 0.009731 0.004881 0.148676 0.988826
9.506000000 -4.846308 1.399821 1.953958 0.009797 0.004985 0.149137 0.988755
9.511000000 -4.845931 1.398863 1.953454 0.009871 0.005091 0.149601 0.988684
9.516000000 -4.845550 1.397900 1.952954 0.009952 0.005199 0.150069 0.988612
9.521000000 -4.845166 1.396933 1.952458 0.010040 0.005310 0.150540 0.988539
9.526000000 -4.844778 1.395962 1.951965 0.010134 0.005423 0.151015 0.988465
9.531000000 -4.844387 1.394986 1.951476 0.010234 0.005537 0.151492 0.988390
9.536000000 -4.843993 1.394005 1.950991 0.010339 0.005652 0.151972 0.988315
9.541000000 -4.843595 1.393020 1.950510 0.010449 0.005769 0.152455 0.988238
9.546000000 -4.843193 1.392030 1.950032 0.010564 0.005887 0.152941 0.988161
9.551000000 -4.842788 1.391035 1.949558 0.010683 0.006005 0.153429 0.988084
9.556000000 -4.842378 1.390036 1.949088 0.010807 0.006125 0.153919 0.988005
9.561000000 -4.841966 1.389032 1.948622 0.010934 0.006245 0.154412 0.987926
9.566000000 -4.841549 1.388023 1.948160 0.011067 0.006367 0.154908 0.987846
9.571000000 -4.841128 1.387008 1.947702 0.011203 0.006489 0.155405 0.987766
9.576000000 -4.840703 1.385989 1.947248 0.011344 0.006613 0.155904 0.987685
9.581000000 -4.840274 1.384965 1.946797 0.011489 0.006737 0.156406 0.987603
9.586000000 -4.839841 1.383936 1.946351 0.011638 0.006862 0.156909 0.987521
9.591000000 -4.839403 1.382902 1.945909 0.011791 0.006988 0.157413 0.987438
9.596000000 -4.838961 1.381862 1.945471 0.011948 0.007115 0.157919 0.987354
9.601000000 -4.838515 1.380817 1.945037 0.012107 0.007242 0.158426 0.987270
9.606000000 -4.838064 1.379767 1.944607 0.012268 0.007370 0.158935 0.987185
9.611000000 -4.837609 1.378711 1.944181 0.012433 0.007499 0.159444 0.987100
9.616000000 -4.837149 1.377650 1.943759 0.012599 0.007628 0.159954 0.987015
9.621000000 -4.836684 1.376583 1.943342 0.012767 0.007757 0.160465 0.986929
9.626000000 -4.836214 1.375511 1.942928 0.012936 0.007887 0.160976 0.986842
9.631000000 -4.835740 1.374433 1.942519 0.013107 0.008017 0.161487 0.986755
9.636000000 -4.835260 1.373349 1.942114 0.013278 0.008147 0.161998 0.986668
9.641000000 -4.834776 1.372259 1.941713 0.013449 0.008277 0.162510 0.986581
9.646000000 -4.834286 1.371163 1.941317 0.013619 0.008406 0.163021 0.986493
9.651000000 -4.833791 1.370061 1.940925 0.013787 0.008535 0.163532 0.986405
9.656000000 -4.833290 1.368954 1.940537 0.013952 0.008663 0.164043 0.986316
9.661000000 -4.832785 1.367840 1.940153 0.014114 0.008790 0.164553 0.986228
9.666000000 -4.832274 1.366720 1.939774 0.014272 0.008916 0.165063 0.986140
9.671000000 -4.831757 1.365593 1.939399 0.014427 0.009040 0.165571 0.986051
9.676000000 -4.831234 1.364461 1.939029 0.014576 0.009162 0.166078 0.985962
9.681000000 -4.830706 1.363322 1.938662 0.014721 0.009283 0.166584 0.985874
9.686000000 -4.830172 1.362176 1.938301 0.014862 0.009402 0.167089 0.985785
9.691000000 -4.829633 1.361024 1.937943 0.014998 0.009520 0.167592 0.985696
9.696000000 -4.829087 1.359866 1.937591 0.015130 0.009636 0.168093 0.985608
9.701000000 -4.828535 1.358701 1.937242 0.015256 0.009751 0.168592 0.985520
9.706000000 -4.827978 1.357529 1.936898 0.015379 0.009864 0.169089 0.985431
9.711000000 -4.827414 1.356350 1.936559 0.015499 0.009975 0.169584 0.985343
9.716000000 -4.826844 1.355165 1.936224 0.015614 0.010086 0.170077 0.985255
9.721000000 -4.826267 1.353973 1.935893 0.015727 0.010195 0.170567 0.985168
9.726000000 -4.825685 1.352774 1.935568 0.015837 0.010303 0.171054 0.985080
9.731000000 -4.825096 1.351568 1.935246 0.015945 0.010411 0.171538 0.984993
9.736000000 -4.824500 1.350355 1.934930 0.016052 0.010518 0.172020 0.984907
9.741000000 -4.823898 1.349136 1.934617 0.016157 0.010624 0.172498 0.984820
9.746000000 -4.823289 1.347909 1.934310 0.016260 0.010730 0.172972 0.984734
9.751000000 -4.822674 1.346675 1.934007 0.016363 0.010835 0.173443 0.984648
9.756000000 -4.822052 1.345434 1.933709 0.016466 0.010940 0.173910 0.984563
9.761000000 -4.821423 1.344187 1.933415 0.016570 0.011045 0.174373 0.984478
9.766000000 -4.820787 1.342931 1.933126 0.016676 0.011151 0.174831 0.984394
9.771000000 -4.820144 1.341669 1.932842 0.016786 0.011258 0.175286 0.984310
9.776000000 -4.819494 1.340400 1.932563 0.016900 0.011367 0.175736 0.984227
9.781000000 -4.818837 1.339123 1.932288 0.017019 0.011477 0.176181 0.984144
9.786000000 -4.818174 1.337839 1.932018 0.017142 0.011589 0.176622 0.984061
9.791000000 -4.817502 1.336547 1.931753 0.017269 0.011702 0.177057 0.983979
9.796000000 -4.816824 1.335248 1.931493 0.017399 0.011815 0.177488 0.983898
9.801000000 -4.816138 1.333942 1.931237 0.017532 0.011930 0.177913 0.983818
9.806000000 -4.815445 1.332628 1.930987 0.017668 0.012045 0.178332 0.983738
9.811000000 -4.814744 1.331306 1.930741 0.017807 0.012161 0.178746 0.983659
9.816000000 -4.814036 1.329977 1.930500 0.017948 0.012278 0.179154 0.983581
9.821000000 -4.813320 1.328640 1.930264 0.018093 0.012395 0.179557 0.983503
9.826000000 -4.812597 1.327296 1.930033 0.018240 0.012513 0.179953 0.983427
9.831000000 -4.811865 1.325943 1.929806 0.018393 0.012632 0.180343 0.983351
9.836000000 -4.811126 1.324583 1.929585 0.018549 0.012753 0.180727 0.983276
9.841000000 -4.810379 1.323215 1.929369 0.018709 0.012875 0.181104 0.983202
9.846000000 -4.809624 1.321838 1.929157 0.018872 0.012998 0.181475 0.983129
9.851000000 -4.808861 1.320454 1.928951 0.019040 0.013123 0.181839 0.983056
9.856000000 -4.808089 1.319062 1.928750 0.019212 0.013249 0.182196 0.982985
9.861000000 -4.807310 1.317661 1.928553 0.019387 0.013376 0.182546 0.982915
9.866000000 -4.806522 1.316252 1.928362 0.019564 0.013503 0.182889 0.982846
9.871000000 -4.805725 1.314835 1.928175 0.019741 0.013630 0.183224 0.982778
9.876000000 -4.804920 1.313409 1.927994 0.019919 0.013757 0.183552 0.982712
9.881000000 -4.804107 1.311975 1.927818 0.020096 0.013884 0.183873 0.982646
9.886000000 -4.803285 1.310532 1.927647 0.020273 0.014010 0.184186 0.982582
9.891000000 -4.802454 1.309081 1.927481 0.020449 0.014135 0.184491 0.982520
9.896000000 -4.801614 1.307621 1.927319 0.020624 0.014260 0.184789 0.982458
9.901000000 -4.800765 1.306152 1.927163 0.020796 0.014384 0.185079 0.982398
9.906000000 -4.799908 1.304674 1.927012 0.020966 0.014506 0.185360 0.982340
9.911000000 -4.799041 1.303187 1.926866 0.021133 0.014627 0.185634 0.982283
9.916000000 -4.798165 1.301692 1.926724 0.021296 0.014746 0.185899 0.982227
9.921000000 -4.797280 1.300187 1.926588 0.021455 0.014863 0.186156 0.982174
9.926000000 -4.796386 1.298673 1.926456 0.021608 0.014977 0.186404 0.982121
9.931000000 -4.795483 1.297151 1.926329 0.021755 0.015089 0.186644 0.982071
9.936000000 -4.794570 1.295618 1.926206 0.021894 0.015197 0.186875 0.982022
9.940000000 -4.793832 1.294386 1.926112 0.021999 0.015280 0.187054 0.981984
9.942000000 -4.793462 1.293767 1.926066 0.022049 0.015320 0.187141 0.981966
9.944000000 -4.793089 1.293148 1.926020 0.022097 0.015360 0.187227 0.981948
9.950000000 -4.791963 1.291279 1.925888 0.022231 0.015474 0.187476 0.981896
9.955000000 -4.791013 1.289711 1.925783 0.022331 0.015563 0.187674 0.981854
9.960000000 -4.790054 1.288134 1.925683 0.022423 0.015649 0.187863 0.981815
9.965000000 -4.789085 1.286547 1.925587 0.022508 0.015732 0.188042 0.981777
9.969000000 -4.788303 1.285271 1.925513 0.022571 0.015797 0.188179 0.981748
9.974000000 -4.787317 1.283668 1.925424 0.022647 0.015876 0.188342 0.981714
9.979000000 -4.786320 1.282054 1.925340 0.022719 0.015954 0.188496 0.981682
9.983000000 -4.785516 1.280757 1.925276 0.022777 0.016018 0.188612 0.981657
9.989000000 -4.784298 1.278799 1.925185 0.022862 0.016113 0.188775 0.981622
9.994000000 -4.783272 1.277157 1.925113 0.022932 0.016193 0.188900 0.981595
9.999000000 -4.782235 1.275505 1.925046 0.023002 0.016273 0.189015 0.981570
10.004000000 -4.781189 1.273844 1.924982 0.023070 0.016354 0.189121 0.981547
10.009000000 -4.780132 1.272173 1.924923 0.023137 0.016435 0.189216 0.981525
10.014000000 -4.779066 1.270492 1.924867 0.023203 0.016516 0.189302 0.981506
10.019000000 -4.777989 1.268801 1.924815 0.023270 0.016597 0.189378 0.981488
10.024000000 -4.776901 1.267101 1.924767 0.023338 0.016681 0.189444 0.981472
10.029000000 -4.775804 1.265391 1.924723 0.023408 0.016766 0.189499 0.981459
10.034000000 -4.774696 1.263671 1.924683 0.023478 0.016851 0.189545 0.981447
10.039000000 -4.773577 1.261942 1.924646 0.023549 0.016937 0.189580 0.981437
10.044000000 -4.772448 1.260202 1.924612 0.023620 0.017024 0.189605 0.981429
10.049000000 -4.771309 1.258453 1.924582 0.023691 0.017111 0.189620 0.981423
10.054000000 -4.770159 1.256694 1.924556 0.023764 0.017199 0.189625 0.981418
10.059000000 -4.768999 1.254924 1.924533 0.023838 0.017288 0.189619 0.981416
10.064000000 -4.767828 1.253145 1.924514 0.023914 0.017377 0.189604 0.981416
10.069000000 -4.766646 1.251356 1.924497 0.023990 0.017468 0.189578 0.981417
10.074000000 -4.765453 1.249557 1.924484 0.024066 0.017558 0.189542 0.981421
10.079000000 -4.764250 1.247748 1.924474 0.024142 0.017648 0.189496 0.981426
10.084000000 -4.763035 1.245929 1.924468 0.024219 0.017738 0.189440 0.981433
10.089000000 -4.761810 1.244100 1.924464 0.024294 0.017827 0.189374 0.981443
10.094000000 -4.760574 1.242261 1.924464 0.024367 0.017915 0.189298 0.981454
10.099000000 -4.759327 1.240411 1.924466 0.024436 0.018001 0.189213 0.981467
10.104000000 -4.758069 1.238552 1.924472 0.024501 0.018084 0.189118 0.981482
10.109000000 -4.756800 1.236682 1.924480 0.024562 0.018164 0.189013 0.981499
10.114000000 -4.755520 1.234802 1.924491 0.024619 0.018243 0.188899 0.981518
10.119000000 -4.754228 1.232912 1.924505 0.024674 0.018319 0.188776 0.981539
10.124000000 -4.752926 1.231012 1.924521 0.024726 0.018394 0.188643 0.981562
10.129000000 -4.751612 1.229101 1.924540 0.024774 0.018467 0.188501 0.981587
10.134000000 -4.750287 1.227180 1.924562 0.024819 0.018538 0.188351 0.981613
10.139000000 -4.748951 1.225249 1.924586 0.024861 0.018607 0.188191 0.981641
10.144000000 -4.747603 1.223308 1.924613 0.024900 0.018674 0.188023 0.981671
10.149000000 -4.746244 1.221356 1.924642 0.024936 0.018740 0.187846 0.981703
10.154000000 -4.744874 1.219394 1.924674 0.024970 0.018804 0.187661 0.981736
10.159000000 -4.743492 1.217422 1.924708 0.025000 0.018866 0.187467 0.981771
10.164000000 -4.742099 1.215440 1.924744 0.025027 0.018927 0.187266 0.981808
10.169000000 -4.740694 1.213447 1.924783 0.025051 0.018986 0.187057 0.981846
10.174000000 -4.739278 1.211443 1.924824 0.025072 0.019043 0.186839 0.981886
10.179000000 -4.737850 1.209430 1.924867 0.025089 0.019098 0.186615 0.981927
10.184000000 -4.736411 1.207406 1.924912 0.025102 0.019151 0.186382 0.981970
10.189000000 -4.734960 1.205372 1.924959 0.025108 0.019200 0.186143 0.982014
10.194000000 -4.733498 1.203327 1.925008 0.025109 0.019246 0.185896 0.982060
10.199000000 -4.732024 1.201272 1.925059 0.025107 0.019291 0.185643 0.982107
10.204000000 -4.730538 1.199207 1.925111 0.025101 0.019334 0.185382 0.982156
10.209000000 -4.729041 1.197132 1.925166 0.025092 0.019375 0.185116 0.982205
10.214000000 -4.727532 1.195046 1.925222 0.025081 0.019415 0.184842 0.982256
10.219000000 -4.726012 1.192950 1.925280 0.025068 0.019455 0.184563 0.982308
10.224000000 -4.724479 1.190843 1.925340 0.025054 0.019494 0.184278 0.982361
10.229000000 -4.722936 1.188726 1.925402 0.025039 0.019532 0.183987 0.982416
10.234000000 -4.721380 1.186600 1.925465 0.025024 0.019572 0.183690 0.982471
10.239000000 -4.719813 1.184462 1.925529 0.025011 0.019612 0.183388 0.982527
10.244000000 -4.718234 1.182315 1.925595 0.024999 0.019654 0.183080 0.982584
10.249000000 -4.716643 1.180157 1.925663 0.024989 0.019697 0.182768 0.982641
10.254000000 -4.715041 1.177989 1.925732 0.024982 0.019741 0.182450 0.982699
10.259000000 -4.713427 1.175811 1.925802 0.024977 0.019787 0.182128 0.982758
10.264000000 -4.711801 1.173622 1.925874 0.024976 0.019836 0.181801 0.982818
10.269000000 -4.710163 1.171424 1.925947 0.024978 0.019887 0.181470 0.982878
10.274000000 -4.708514 1.169215 1.926021 0.024983 0.019940 0.181135 0.982939
10.279000000 -4.706853 1.166996 1.926097 0.024992 0.019995 0.180796 0.983000
10.284000000 -4.705179 1.164767 1.926173 0.025004 0.020052 0.180453 0.983061
10.289000000 -4.703494 1.162527 1.926251 0.025019 0.020111 0.180106 0.983123
10.294000000 -4.701798 1.160278 1.926330 0.025038 0.020171 0.179756 0.983186
10.299000000 -4.700089 1.158018 1.926409 0.025057 0.020232 0.179402 0.983249
10.304000000 -4.698368 1.155747 1.926490 0.025076 0.020293 0.179045 0.983312
10.309000000 -4.696636 1.153467 1.926571 0.025096 0.020353 0.178686 0.983376
10.314000000 -4.694891 1.151177 1.926653 0.025116 0.020412 0.178323 0.983440
10.319000000 -4.693134 1.148876 1.926736 0.025136 0.020471 0.177959 0.983504
10.324000000 -4.691366 1.146565 1.926819 0.025155 0.020528 0.177591 0.983569
10.329000000 -4.689585 1.144243 1.926903 0.025172 0.020582 0.177222 0.983634
10.334000000 -4.687793 1.141912 1.926987 0.025185 0.020633 0.176851 0.983699
10.339000000 -4.685988 1.139570 1.927072 0.025194 0.020680 0.176478 0.983765
10.344000000 -4.684171 1.137218 1.927157 0.025200 0.020723 0.176103 0.983831
10.349000000 -4.682342 1.134855 1.927242 0.025200 0.020762 0.175727 0.983897
10.354000000 -4.680501 1.132483 1.927328 0.025192 0.020794 0.175350 0.983964
10.359000000 -4.678648 1.130100 1.927413 0.025178 0.020821 0.174972 0.984031
10.364000000 -4.676782 1.127707 1.927499 0.025158 0.020842 0.174593 0.984099
10.369000000 -4.674905 1.125304 1.927585 0.025130 0.020856 0.174214 0.984166
10.374000000 -4.673016 1.122890 1.927670 0.025094 0.020864 0.173835 0.984234
10.379000000 -4.671114 1.120467 1.927755 0.025051 0.020866 0.173455 0.984302
10.384000000 -4.669200 1.118033 1.927840 0.025000 0.020861 0.173076 0.984370
10.389000000 -4.667275 1.115589 1.927925 0.024940 0.020849 0.172696 0.984439
10.394000000 -4.665337 1.113135 1.928009 0.024872 0.020830 0.172318 0.984507
10.399000000 -4.663387 1.110671 1.928093 0.024796 0.020805 0.171940 0.984576
10.404000000 -4.661425 1.108196 1.928176 0.024713 0.020774 0.171563 0.984644
10.409000000 -4.659451 1.105712 1.928259 0.024622 0.020737 0.171187 0.984712
10.414000000 -4.657465 1.103218 1.928341 0.024525 0.020694 0.170813 0.984781
10.419000000 -4.655468 1.100714 1.928422 0.024421 0.020646 0.170440 0.984849
10.424000000 -4.653458 1.098200 1.928502 0.024310 0.020593 0.170070 0.984917
10.429000000 -4.651437 1.095676 1.928581 0.024194 0.020535 0.169701 0.984985
10.434000000 -4.649404 1.093142 1.928659 0.024073 0.020473 0.169335 0.985052
10.439000000 -4.647359 1.090599 1.928736 0.023948 0.020408 0.168971 0.985119
10.444000000 -4.645302 1.088046 1.928813 0.023819 0.020340 0.168610 0.985185
10.449000000 -4.643234 1.085483 1.928887 0.023684 0.020267 0.168252 0.985251
10.454000000 -4.641155 1.082911 1.928961 0.023542 0.020189 0.167898 0.985316
10.459000000 -4.639063 1.080329 1.929033 0.023392 0.020106 0.167547 0.985381
10.464000000 -4.636961 1.077738 1.929104 0.023237 0.020019 0.167200 0.985446
10.469000000 -4.634847 1.075138 1.929173 0.023076 0.019928 0.166857 0.985510
10.474000000 -4.632722 1.072528 1.929241 0.022912 0.019834 0.166518 0.985573
10.479000000 -4.630585 1.069909 1.929307 0.022745 0.019739 0.166183 0.985635
10.484000000 -4.628437 1.067281 1.929372 0.022581 0.019645 0.165852 0.985696
10.489000000 -4.626278 1.064644 1.929434 0.022418 0.019553 0.165527 0.985757
10.494000000 -4.624108 1.061997 1.929495 0.022258 0.019462 0.165206 0.985816
10.499000000 -4.621928 1.059342 1.929554 0.022103 0.019375 0.164890 0.985874
10.504000000 -4.619736 1.056678 1.929611 0.021954 0.019292 0.164579 0.985931
10.509000000 -4.617533 1.054005 1.929666 0.021811 0.019213 0.164274 0.985986
10.514000000 -4.615320 1.051324 1.929719 0.021674 0.019138 0.163975 0.986041
10.519000000 -4.613095 1.048634 1.929770 0.021544 0.019068 0.163682 0.986094
10.524000000 -4.610860 1.045935 1.929818 0.021424 0.019005 0.163394 0.986145
10.529000000 -4.608615 1.043227 1.929864 0.021311 0.018946 0.163113 0.986195
10.534000000 -4.606359 1.040511 1.929908 0.021206 0.018893 0.162838 0.986244
10.539000000 -4.604092 1.037787 1.929949 0.021108 0.018845 0.162570 0.986291
10.544000000 -4.601814 1.035054 1.929988 0.021016 0.018801 0.162308 0.986337
10.549000000 -4.599527 1.032313 1.930024 0.020929 0.018760 0.162054 0.986382
10.554000000 -4.597228 1.029563 1.930058 0.020847 0.018723 0.161806 0.986425
10.559000000 -4.594920 1.026805 1.930089 0.020772 0.018690 0.161566 0.986466
10.564000000 -4.592601 1.024039 1.930117 0.020704 0.018663 0.161334 0.986506
10.569000000 -4.590271 1.021265 1.930142 0.020644 0.018640 0.161109 0.986545
10.574000000 -4.587931 1.018482 1.930164 0.020589 0.018621 0.160891 0.986582
10.579000000 -4.585581 1.015692 1.930184 0.020540 0.018606 0.160682 0.986617
10.584000000 -4.583220 1.012893 1.930200 0.020494 0.018593 0.160481 0.986651
10.589000000 -4.580850 1.010086 1.930213 0.020451 0.018581 0.160289 0.986683
10.594000000 -4.578469 1.007270 1.930223 0.020409 0.018570 0.160105 0.986714
10.599000000 -4.576077 1.004447 1.930229 0.020367 0.018559 0.159929 0.986744
10.604000000 -4.573676 1.001616 1.930232 0.020326 0.018549 0.159762 0.986772
10.609000000 -4.571264 0.998776 1.930232 0.020287 0.018539 0.159605 0.986798
10.614000000 -4.568842 0.995929 1.930228 0.020252 0.018532 0.159456 0.986823
10.619000000 -4.566409 0.993074 1.930221 0.020220 0.018527 0.159317 0.986846
10.624000000 -4.563967 0.990210 1.930210 0.020190 0.018522 0.159187 0.986868
10.629000000 -4.561514 0.987339 1.930195 0.020159 0.018517 0.159067 0.986888
10.634000000 -4.559051 0.984459 1.930177 0.020127 0.018511 0.158957 0.986907
10.639000000 -4.556578 0.981572 1.930155 0.020093 0.018503 0.158856 0.986924
10.644000000 -4.554095 0.978677 1.930128 0.020058 0.018494 0.158766 0.986939
10.649000000 -4.551601 0.975774 1.930098 0.020022 0.018484 0.158686 0.986953
10.654000000 -4.549098 0.972863 1.930064 0.019988 0.018474 0.158616 0.986965
10.659000000 -4.546584 0.969944 1.930026 0.019953 0.018465 0.158557 0.986976
10.664000000 -4.544060 0.967017 1.929983 0.019919 0.018455 0.158508 0.986984
10.669000000 -4.541526 0.964082 1.929936 0.019885 0.018444 0.158470 0.986991
10.674000000 -4.538982 0.961140 1.929885 0.019853 0.018435 0.158442 0.986996
10.679000000 -4.536428 0.958190 1.929829 0.019820 0.018425 0.158426 0.987000
10.684000000 -4.533864 0.955232 1.929769 0.019787 0.018414 0.158420 0.987002
10.689000000 -4.531290 0.952266 1.929704 0.019751 0.018401 0.158426 0.987002
10.694000000 -4.528706 0.949293 1.929635 0.019714 0.018385 0.158443 0.987000
10.699000000 -4.526111 0.946311 1.929561 0.019672 0.018366 0.158471 0.986997
10.704000000 -4.523507 0.943323 1.929483 0.019628 0.018343 0.158511 0.986992
10.709000000 -4.520893 0.940326 1.929400 0.019578 0.018315 0.158562 0.986985
10.714000000 -4.518269 0.937322 1.929312 0.019525 0.018281 0.158625 0.986977
10.719000000 -4.515634 0.934310 1.929219 0.019467 0.018241 0.158699 0.986967
10.724000000 -4.512990 0.931291 1.929122 0.019404 0.018194 0.158785 0.986955
10.729000000 -4.510336 0.928263 1.929020 0.019338 0.018140 0.158883 0.986941
10.734000000 -4.507672 0.925229 1.928913 0.019268 0.018079 0.158992 0.986926
10.739000000 -4.504999 0.922187 1.928802 0.019197 0.018011 0.159114 0.986909
10.744000000 -4.502315 0.919137 1.928684 0.019136 0.017942 0.159248 0.986890
10.749000000 -4.499622 0.916081 1.928558 0.019096 0.017875 0.159394 0.986868
10.754000000 -4.496919 0.913016 1.928425 0.019087 0.017815 0.159552 0.986844
10.759000000 -4.494207 0.909945 1.928282 0.019113 0.017766 0.159723 0.986817
10.764000000 -4.491485 0.906866 1.928129 0.019183 0.017730 0.159906 0.986787
10.769000000 -4.488754 0.903780 1.927965 0.019300 0.017712 0.160101 0.986753
10.774000000 -4.486014 0.900687 1.927791 0.019467 0.017713 0.160310 0.986716
10.779000000 -4.483264 0.897586 1.927605 0.019684 0.017735 0.160530 0.986675
10.784000000 -4.480505 0.894478 1.927407 0.019950 0.017777 0.160764 0.986631
10.789000000 -4.477736 0.891362 1.927197 0.020262 0.017841 0.161010 0.986583
10.794000000 -4.474958 0.888239 1.926975 0.020617 0.017924 0.161269 0.986532
10.799000000 -4.472170 0.885107 1.926741 0.021008 0.018025 0.161541 0.986478
10.804000000 -4.469372 0.881968 1.926494 0.021428 0.018142 0.161825 0.986420
10.809000000 -4.466565 0.878820 1.926235 0.021870 0.018272 0.162121 0.986359
10.814000000 -4.463748 0.875664 1.925964 0.022327 0.018411 0.162430 0.986296
10.819000000 -4.460922 0.872500 1.925680 0.022788 0.018558 0.162751 0.986229
10.824000000 -4.458085 0.869326 1.925384 0.023249 0.018708 0.163084 0.986161
10.829000000 -4.455238 0.866144 1.925077 0.023699 0.018860 0.163429 0.986090
10.834000000 -4.452380 0.862953 1.924757 0.024134 0.019011 0.163785 0.986017
10.839000000 -4.449513 0.859752 1.924426 0.024547 0.019159 0.164154 0.985943
10.844000000 -4.446635 0.856541 1.924083 0.024934 0.019303 0.164533 0.985867
10.849000000 -4.443746 0.853321 1.923729 0.025288 0.019441 0.164924 0.985790
10.854000000 -4.440847 0.850091 1.923363 0.025604 0.019569 0.165325 0.985712
10.859000000 -4.437937 0.846851 1.922987 0.025875 0.019687 0.165737 0.985634
10.864000000 -4.435016 0.843601 1.922600 0.026098 0.019791 0.166159 0.985555
10.869000000 -4.432084 0.840340 1.922202 0.026265 0.019877 0.166590 0.985476
10.874000000 -4.429141 0.837069 1.921794 0.026374 0.019945 0.167031 0.985397
10.879000000 -4.426187 0.833788 1.921376 0.026424 0.019994 0.167481 0.985318
10.884000000 -4.423222 0.830497 1.920948 0.026415 0.020025 0.167939 0.985240
10.889000000 -4.420246 0.827195 1.920510 0.026345 0.020036 0.168406 0.985162
10.894000000 -4.417259 0.823882 1.920064 0.026215 0.020027 0.168880 0.985084
10.899000000 -4.414261 0.820560 1.919608 0.026026 0.019998 0.169362 0.985007
10.904000000 -4.411251 0.817227 1.919143 0.025779 0.019949 0.169850 0.984931
10.909000000 -4.408231 0.813884 1.918670 0.025478 0.019882 0.170345 0.984854
10.914000000 -4.405199 0.810531 1.918189 0.025124 0.019797 0.170846 0.984778
10.919000000 -4.402156 0.807168 1.917700 0.024718 0.019694 0.171353 0.984703
10.924000000 -4.399103 0.803796 1.917203 0.024264 0.019573 0.171865 0.984627
10.929000000 -4.396038 0.800414 1.916699 0.023761 0.019432 0.172381 0.984552
10.934000000 -4.392963 0.797023 1.916188 0.023214 0.019272 0.172901 0.984477
10.939000000 -4.389877 0.793623 1.915670 0.022624 0.019094 0.173425 0.984402
10.944000000 -4.386780 0.790215 1.915145 0.021996 0.018899 0.173953 0.984327
10.949000000 -4.383673 0.786797 1.914615 0.021335 0.018688 0.174483 0.984252
10.954000000 -4.380556 0.783372 1.914079 0.020645 0.018464 0.175015 0.984176
10.959000000 -4.377429 0.779939 1.913537 0.019934 0.018229 0.175550 0.984100
10.964000000 -4.374291 0.776498 1.912989 0.019209 0.017987 0.176086 0.984023
10.969000000 -4.371144 0.773050 1.912437 0.018475 0.017738 0.176624 0.983945
10.974000000 -4.367987 0.769595 1.911880 0.017735 0.017486 0.177162 0.983866
10.979000000 -4.364821 0.766134 1.911318 0.016996 0.017232 0.177702 0.983787
10.984000000 -4.361645 0.762666 1.910753 0.016265 0.016979 0.178241 0.983706
10.989000000 -4.358460 0.759193 1.910183 0.015544 0.016729 0.178781 0.983624
10.994000000 -4.355267 0.755713 1.909610 0.014836 0.016482 0.179321 0.983541
10.999000000 -4.352064 0.752229 1.909033 0.014142 0.016237 0.179860 0.983457
11.004000000 -4.348853 0.748740 1.908453 0.013466 0.015997 0.180398 0.983371
11.009000000 -4.345633 0.745246 1.907871 0.012811 0.015764 0.180935 0.983285
11.014000000 -4.342405 0.741747 1.907286 0.012183 0.015540 0.181471 0.983198
11.019000000 -4.339169 0.738245 1.906698 0.011582 0.015325 0.182006 0.983110
11.024000000 -4.335925 0.734738 1.906109 0.011010 0.015120 0.182540 0.983021
11.029000000 -4.332673 0.731228 1.905518 0.010465 0.014925 0.183072 0.982930
11.034000000 -4.329413 0.727715 1.904925 0.009948 0.014739 0.183603 0.982840
11.039000000 -4.326146 0.724199 1.904331 0.009462 0.014563 0.184132 0.982748
11.044000000 -4.322871 0.720680 1.903736 0.009007 0.014400 0.184660 0.982656
11.049000000 -4.319588 0.717158 1.903141 0.008582 0.014249 0.185185 0.982563
11.054000000 -4.316299 0.713634 1.902545 0.008187 0.014108 0.185709 0.982469
11.059000000 -4.313002 0.710107 1.901949 0.007821 0.013980 0.186231 0.982375
11.064000000 -4.309698 0.706578 1.901352 0.007485 0.013864 0.186750 0.982281
11.069000000 -4.306387 0.703048 1.900756 0.007175 0.013759 0.187268 0.982186
11.074000000 -4.303069 0.699515 1.900161 0.006890 0.013664 0.187784 0.982091
11.079000000 -4.299744 0.695981 1.899566 0.006626 0.013578 0.188297 0.981996
11.084000000 -4.296413 0.692445 1.898972 0.006380 0.013499 0.188809 0.981900
11.089000000 -4.293074 0.688908 1.898379 0.006152 0.013428 0.189319 0.981805
11.094000000 -4.289729 0.685369 1.897788 0.005941 0.013364 0.189827 0.981709
11.099000000 -4.286377 0.681829 1.897198 0.005744 0.013308 0.190333 0.981613
11.104000000 -4.283019 0.678288 1.896610 0.005559 0.013258 0.190838 0.981516
11.109000000 -4.279654 0.674746 1.896024 0.005383 0.013214 0.191340 0.981420
11.114000000 -4.276282 0.671203 1.895441 0.005217 0.013175 0.191841 0.981324
11.117000000 -4.274256 0.669077 1.895092 0.005120 0.013153 0.192141 0.981266
11.124000000 -4.269519 0.664115 1.894281 0.004899 0.013107 0.192837 0.981131
11.129000000 -4.266128 0.660569 1.893706 0.004745 0.013075 0.193333 0.981035
11.131000000 -4.264770 0.659151 1.893477 0.004684 0.013063 0.193531 0.980996
11.133000000 -4.263411 0.657732 1.893248 0.004622 0.013051 0.193728 0.980958
11.139000000 -4.259327 0.653476 1.892565 0.004442 0.013016 0.194319 0.980842
11.143000000 -4.256599 0.650638 1.892112 0.004326 0.012995 0.194713 0.980765
11.149000000 -4.252499 0.646381 1.891437 0.004158 0.012967 0.195301 0.980649
11.154000000 -4.249076 0.642833 1.890879 0.004028 0.012949 0.195791 0.980552
11.159000000 -4.245646 0.639284 1.890325 0.003907 0.012935 0.196281 0.980455
11.164000000 -4.242210 0.635736 1.889775 0.003796 0.012926 0.196770 0.980357
11.168000000 -4.239457 0.632896 1.889338 0.003716 0.012922 0.197161 0.980279
11.174000000 -4.235320 0.628637 1.888687 0.003609 0.012921 0.197747 0.980161
11.179000000 -4.231865 0.625088 1.888150 0.003530 0.012923 0.198235 0.980063
11.184000000 -4.228404 0.621539 1.887618 0.003464 0.012928 0.198722 0.979964
11.189000000 -4.224936 0.617990 1.887091 0.003412 0.012937 0.199210 0.979866
11.193000000 -4.222157 0.615150 1.886672 0.003380 0.012948 0.199599 0.979786
11.199000000 -4.217982 0.610891 1.886050 0.003352 0.012968 0.200182 0.979667
11.204000000 -4.214496 0.607342 1.885538 0.003344 0.012989 0.200667 0.979568
11.209000000 -4.211003 0.603792 1.885031 0.003351 0.013013 0.201152 0.979468
11.214000000 -4.207504 0.600243 1.884529 0.003371 0.013038 0.201636 0.979368
11.219000000 -4.203998 0.596694 1.884033 0.003403 0.013064 0.202120 0.979268
11.223000000 -4.201189 0.593855 1.883640 0.003439 0.013085 0.202506 0.979188
11.228000000 -4.197672 0.590306 1.883154 0.003498 0.013114 0.202988 0.979087
11.234000000 -4.193443 0.586047 1.882579 0.003588 0.013153 0.203565 0.978967
11.237000000 -4.191325 0.583918 1.882294 0.003642 0.013174 0.203853 0.978906
11.244000000 -4.186374 0.578949 1.881639 0.003786 0.013225 0.204523 0.978765
11.249000000 -4.182830 0.575399 1.881178 0.003903 0.013263 0.205001 0.978664
11.253000000 -4.179990 0.572560 1.880814 0.004002 0.013291 0.205382 0.978583
11.259000000 -4.175722 0.568300 1.880276 0.004160 0.013331 0.205952 0.978462
11.264000000 -4.172158 0.564750 1.879834 0.004297 0.013360 0.206426 0.978362
11.269000000 -4.168588 0.561200 1.879399 0.004439 0.013386 0.206898 0.978261
11.274000000 -4.165011 0.557649 1.878971 0.004583 0.013407 0.207369 0.978160
11.279000000 -4.161427 0.554098 1.878549 0.004727 0.013423 0.207839 0.978060
11.284000000 -4.157836 0.550546 1.878135 0.004872 0.013434 0.208307 0.977959
11.289000000 -4.154239 0.546994 1.877727 0.005019 0.013442 0.208774 0.977859
11.294000000 -4.150635 0.543441 1.877326 0.005166 0.013446 0.209240 0.977758
11.298000000 -4.147746 0.540598 1.877010 0.005282 0.013446 0.209613 0.977678
11.304000000 -4.143406 0.536333 1.876546 0.005453 0.013441 0.210169 0.977557
11.309000000 -4.139781 0.532778 1.876167 0.005592 0.013431 0.210633 0.977457
11.314000000 -4.136150 0.529221 1.875795 0.005728 0.013417 0.211095 0.977357
11.319000000 -4.132512 0.525664 1.875431 0.005862 0.013402 0.211556 0.977256
11.324000000 -4.128867 0.522106 1.875074 0.005995 0.013384 0.212017 0.977156
11.329000000 -4.125215 0.518546 1.874725 0.006126 0.013367 0.212477 0.977055
11.334000000 -4.121556 0.514985 1.874384 0.006254 0.013347 0.212936 0.976955
11.339000000 -4.117890 0.511423 1.874050 0.006377 0.013326 0.213396 0.976854
11.344000000 -4.114218 0.507860 1.873725 0.006495 0.013302 0.213855 0.976753
11.349000000 -4.110538 0.504295 1.873407 0.006607 0.013276 0.214314 0.976652
11.354000000 -4.106852 0.500729 1.873097 0.006711 0.013246 0.214773 0.976551
11.359000000 -4.103159 0.497161 1.872796 0.006805 0.013212 0.215232 0.976450
11.364000000 -4.099459 0.493592 1.872503 0.006891 0.013174 0.215692 0.976348
11.369000000 -4.095752 0.490022 1.872218 0.006968 0.013132 0.216152 0.976247
11.374000000 -4.092038 0.486449 1.871941 0.007039 0.013089 0.216613 0.976144
11.379000000 -4.088318 0.482875 1.871673 0.007107 0.013047 0.217075 0.976042
11.384000000 -4.084590 0.479300 1.871413 0.007172 0.013005 0.217538 0.975939
11.389000000 -4.080856 0.475722 1.871162 0.007236 0.012967 0.218002 0.975835
11.394000000 -4.077115 0.472143 1.870919 0.007299 0.012930 0.218468 0.975731
11.399000000 -4.073367 0.468562 1.870686 0.007361 0.012896 0.218936 0.975626
11.404000000 -4.069612 0.464980 1.870461 0.007421 0.012863 0.219405 0.975521
11.409000000 -4.065851 0.461395 1.870245 0.007480 0.012832 0.219877 0.975415
11.414000000 -4.062083 0.457809 1.870038 0.007539 0.012804 0.220351 0.975308
11.419000000 -4.058308 0.454220 1.869840 0.007600 0.012781 0.220827 0.975200
11.424000000 -4.054526 0.450630 1.869651 0.007665 0.012761 0.221305 0.975091
11.429000000 -4.050737 0.447038 1.869472 0.007734 0.012747 0.221787 0.974981
11.434000000 -4.046942 0.443444 1.869301 0.007807 0.012738 0.222271 0.974871
11.439000000 -4.043140 0.439847 1.869141 0.007884 0.012733 0.222758 0.974759
11.444000000 -4.039331 0.436249 1.868989 0.007967 0.012733 0.223248 0.974646
11.449000000 -4.035515 0.432649 1.868847 0.008055 0.012739 0.223742 0.974532
11.454000000 -4.031693 0.429046 1.868715 0.008149 0.012749 0.224238 0.974417
11.459000000 -4.027864 0.425441 1.868592 0.008247 0.012763 0.224739 0.974301
11.464000000 -4.024028 0.421835 1.868479 0.008351 0.012781 0.225243 0.974183
11.469000000 -4.020184 0.418225 1.868375 0.008462 0.012804 0.225751 0.974064
11.474000000 -4.016335 0.414614 1.868282 0.008579 0.012831 0.226263 0.973944
11.479000000 -4.012478 0.411000 1.868198 0.008702 0.012862 0.226779 0.973822
11.484000000 -4.008614 0.407384 1.868125 0.008831 0.012896 0.227300 0.973699
11.489000000 -4.004743 0.403765 1.868061 0.008964 0.012933 0.227825 0.973575
11.494000000 -4.000865 0.400143 1.868008 0.009103 0.012971 0.228355 0.973449
11.499000000 -3.996980 0.396519 1.867964 0.009246 0.013011 0.228889 0.973322
11.504000000 -3.993088 0.392893 1.867931 0.009392 0.013050 0.229429 0.973193
11.509000000 -3.989189 0.389264 1.867908 0.009543 0.013089 0.229974 0.973062
11.514000000 -3.985283 0.385631 1.867895 0.009697 0.013125 0.230524 0.972930
11.519000000 -3.981369 0.381996 1.867893 0.009852 0.013156 0.231080 0.972796
11.524000000 -3.977448 0.378359 1.867900 0.010006 0.013179 0.231640 0.972661
11.529000000 -3.973520 0.374718 1.867918 0.010157 0.013193 0.232206 0.972524
11.534000000 -3.969585 0.371074 1.867946 0.010308 0.013198 0.232778 0.972386
11.539000000 -3.965642 0.367427 1.867984 0.010461 0.013194 0.233354 0.972246
11.544000000 -3.961692 0.363776 1.868032 0.010614 0.013179 0.233937 0.972105
11.549000000 -3.957734 0.360123 1.868090 0.010768 0.013154 0.234525 0.971961
11.554000000 -3.953770 0.356466 1.868159 0.010925 0.013118 0.235119 0.971817
11.559000000 -3.949797 0.352806 1.868237 0.011086 0.013071 0.235719 0.971670
11.564000000 -3.945818 0.349142 1.868326 0.011251 0.013013 0.236325 0.971522
11.569000000 -3.941831 0.345474 1.868424 0.011418 0.012943 0.236938 0.971372
11.574000000 -3.937837 0.341803 1.868533 0.011586 0.012858 0.237556 0.971220
11.579000000 -3.933835 0.338129 1.868652 0.011753 0.012759 0.238181 0.971066
11.584000000 -3.929827 0.334450 1.868780 0.011920 0.012645 0.238812 0.970910
11.589000000 -3.925810 0.330767 1.868918 0.012086 0.012516 0.239449 0.970753
11.594000000 -3.921787 0.327081 1.869066 0.012251 0.012371 0.240093 0.970594
11.599000000 -3.917757 0.323390 1.869224 0.012417 0.012213 0.240743 0.970433
11.604000000 -3.913719 0.319695 1.869392 0.012581 0.012041 0.241400 0.970269
11.609000000 -3.909675 0.315996 1.869570 0.012745 0.011856 0.242064 0.970104
11.614000000 -3.905623 0.312292 1.869757 0.012908 0.011658 0.242734 0.969937
11.619000000 -3.901565 0.308584 1.869953 0.013070 0.011448 0.243411 0.969768
11.622000000 -3.899127 0.306357 1.870076 0.013167 0.011317 0.243821 0.969665
11.624000000 -3.897500 0.304871 1.870160 0.013231 0.011227 0.244095 0.969596
11.629000000 -3.893428 0.301154 1.870375 0.013393 0.010997 0.244786 0.969422
11.634000000 -3.889349 0.297431 1.870601 0.013560 0.010761 0.245485 0.969246
11.639000000 -3.885264 0.293704 1.870836 0.013735 0.010522 0.246193 0.969066
11.644000000 -3.881173 0.289972 1.871081 0.013920 0.010283 0.246909 0.968884
11.649000000 -3.877075 0.286235 1.871335 0.014118 0.010046 0.247634 0.968699
11.654000000 -3.872971 0.282492 1.871599 0.014331 0.009813 0.248368 0.968510
11.659000000 -3.868861 0.278744 1.871872 0.014560 0.009587 0.249111 0.968318
11.664000000 -3.864744 0.274991 1.872155 0.014806 0.009369 0.249865 0.968122
11.669000000 -3.860622 0.271231 1.872448 0.015069 0.009160 0.250627 0.967923
11.674000000 -3.856494 0.267466 1.872750 0.015352 0.008963 0.251400 0.967720
11.679000000 -3.852359 0.263696 1.873062 0.015651 0.008776 0.252182 0.967513
11.684000000 -3.848219 0.259918 1.873383 0.015968 0.008602 0.252974 0.967303
11.689000000 -3.844074 0.256135 1.873714 0.016300 0.008439 0.253775 0.967089
11.694000000 -3.839922 0.252345 1.874054 0.016644 0.008286 0.254586 0.966871
11.699000000 -3.835765 0.248549 1.874403 0.017000 0.008144 0.255407 0.966650
11.704000000 -3.831602 0.244745 1.874762 0.017369 0.008015 0.256237 0.966425
11.709000000 -3.827433 0.240935 1.875131 0.017748 0.007896 0.257076 0.966196
11.714000000 -3.823258 0.237117 1.875508 0.018135 0.007787 0.257925 0.965963
11.719000000 -3.819078 0.233292 1.875895 0.018525 0.007686 0.258782 0.965727
11.724000000 -3.814892 0.229459 1.876292 0.018916 0.007590 0.259648 0.965488
11.729000000 -3.810701 0.225619 1.876697 0.019305 0.007499 0.260524 0.965245
11.734000000 -3.806504 0.221770 1.877111 0.019690 0.007412 0.261407 0.964999
11.739000000 -3.802301 0.217913 1.877535 0.020071 0.007327 0.262299 0.964750
11.744000000 -3.798092 0.214048 1.877967 0.020447 0.007245 0.263199 0.964498
11.749000000 -3.793877 0.210175 1.878409 0.020817 0.007165 0.264106 0.964242
11.754000000 -3.789657 0.206292 1.878860 0.021181 0.007086 0.265021 0.963984
11.759000000 -3.785431 0.202400 1.879319 0.021538 0.007007 0.265944 0.963722
11.764000000 -3.781199 0.198500 1.879788 0.021886 0.006928 0.266873 0.963458
11.769000000 -3.776961 0.194590 1.880266 0.022224 0.006846 0.267810 0.963191
11.774000000 -3.772717 0.190671 1.880752 0.022551 0.006762 0.268753 0.962921
11.779000000 -3.768467 0.186741 1.881247 0.022866 0.006674 0.269702 0.962649
11.784000000 -3.764212 0.182803 1.881751 0.023171 0.006583 0.270658 0.962374
11.789000000 -3.759951 0.178854 1.882264 0.023463 0.006485 0.271620 0.962097
11.794000000 -3.755683 0.174895 1.882786 0.023738 0.006381 0.272587 0.961817
11.799000000 -3.751410 0.170926 1.883316 0.023996 0.006268 0.273561 0.961535
11.804000000 -3.747131 0.166947 1.883855 0.024236 0.006145 0.274541 0.961250
11.809000000 -3.742847 0.162957 1.884402 0.024456 0.006012 0.275526 0.960964
11.814000000 -3.738556 0.158956 1.884957 0.024656 0.005867 0.276517 0.960675
11.819000000 -3.734260 0.154945 1.885522 0.024840 0.005713 0.277514 0.960384
11.824000000 -3.729958 0.150923 1.886094 0.025011 0.005550 0.278516 0.960090
11.829000000 -3.725650 0.146890 1.886675 0.025170 0.005379 0.279524 0.959794
11.834000000 -3.721337 0.142846 1.887265 0.025316 0.005199 0.280537 0.959495
11.839000000 -3.717018 0.138791 1.887862 0.025448 0.005011 0.281556 0.959194
11.844000000 -3.712693 0.134725 1.888468 0.025569 0.004813 0.282581 0.958891
11.849000000 -3.708363 0.130648 1.889082 0.025680 0.004609 0.283611 0.958584
11.854000000 -3.704028 0.126559 1.889705 0.025788 0.004400 0.284646 0.958276
11.859000000 -3.699687 0.122459 1.890336 0.025891 0.004186 0.285687 0.957964
11.864000000 -3.695341 0.118348 1.890975 0.025990 0.003967 0.286733 0.957650
11.869000000 -3.690990 0.114225 1.891622 0.026084 0.003744 0.287785 0.957333
11.874000000 -3.686634 0.110090 1.892277 0.026174 0.003516 0.288842 0.957013
11.879000000 -3.682273 0.105944 1.892940 0.026264 0.003287 0.289904 0.956690
11.884000000 -3.677907 0.101786 1.893611 0.026357 0.003056 0.290972 0.956364
11.889000000 -3.673536 0.097616 1.894290 0.026454 0.002826 0.292046 0.956034
11.894000000 -3.669161 0.093434 1.894978 0.026556 0.002596 0.293125 0.955702
11.899000000 -3.664781 0.089241 1.895673 0.026661 0.002366 0.294211 0.955366
11.904000000 -3.660396 0.085035 1.896376 0.026769 0.002136 0.295302 0.955027
11.909000000 -3.656007 0.080818 1.897087 0.026880 0.001907 0.296398 0.954684
11.914000000 -3.651613 0.076588 1.897805 0.026995 0.001680 0.297500 0.954339
11.919000000 -3.647216 0.072346 1.898531 0.027111 0.001452 0.298608 0.953990
11.924000000 -3.642814 0.068091 1.899264 0.027230 0.001226 0.299720 0.953638
11.929000000 -3.638407 0.063825 1.900005 0.027347 0.000999 0.300838 0.953282
11.934000000 -3.633997 0.059545 1.900754 0.027460 0.000772 0.301961 0.952924
11.939000000 -3.629583 0.055254 1.901509 0.027567 0.000542 0.303090 0.952563
11.944000000 -3.625165 0.050949 1.902272 0.027667 0.000311 0.304223 0.952199
11.949000000 -3.620743 0.046632 1.903041 0.027760 0.000077 0.305362 0.951832
11.954000000 -3.616318 0.042302 1.903818 0.027847 -0.000158 0.306505 0.951462
11.959000000 -3.611888 0.037960 1.904602 0.027927 -0.000395 0.307653 0.951089
11.964000000 -3.607456 0.033604 1.905392 0.028000 -0.000634 0.308805 0.950713
11.969000000 -3.603019 0.029236 1.906189 0.028061 -0.000876 0.309962 0.950335
11.974000000 -3.598580 0.024854 1.906993 0.028110 -0.001122 0.311122 0.949953
11.979000000 -3.594137 0.020460 1.907803 0.028146 -0.001370 0.312287 0.949570
11.984000000 -3.589691 0.016052 1.908621 0.028168 -0.001621 0.313456 0.949183
11.989000000 -3.585242 0.011631 1.909445 0.028173 -0.001871 0.314629 0.948795
11.994000000 -3.580790 0.007197 1.910275 0.028163 -0.002116 0.315806 0.948403
11.999000000 -3.576335 0.002750 1.911113 0.028136 -0.002352 0.316987 0.948010
12.004000000 -3.571877 -0.001710 1.911957 0.028094 -0.002573 0.318172 0.947613
12.009000000 -3.567417 -0.006184 1.912807 0.028035 -0.002774 0.319361 0.947214
12.014000000 -3.562954 -0.010671 1.913664 0.027961 -0.002948 0.320554 0.946813
12.019000000 -3.558488 -0.015171 1.914528 0.027871 -0.003090 0.321750 0.946409
12.024000000 -3.554020 -0.019684 1.915397 0.027766 -0.003193 0.322950 0.946003
12.029000000 -3.549550 -0.024211 1.916272 0.027645 -0.003252 0.324154 0.945595
12.034000000 -3.545078 -0.028750 1.917154 0.027513 -0.003259 0.325361 0.945184
12.039000000 -3.540603 -0.033303 1.918041 0.027367 -0.003210 0.326571 0.944771
12.044000000 -3.536125 -0.037868 1.918933 0.027210 -0.003099 0.327785 0.944355
12.049000000 -3.531646 -0.042446 1.919831 0.027042 -0.002924 0.329001 0.943938
12.054000000 -3.527164 -0.047037 1.920734 0.026866 -0.002677 0.330221 0.943518
12.059000000 -3.522679 -0.051640 1.921642 0.026683 -0.002358 0.331442 0.943095
12.064000000 -3.518192 -0.056255 1.922555 0.026494 -0.001962 0.332666 0.942670
12.069000000 -3.513702 -0.060883 1.923473 0.026301 -0.001489 0.333892 0.942243
12.074000000 -3.509208 -0.065523 1.924395 0.026106 -0.000937 0.335120 0.941813
12.079000000 -3.504712 -0.070174 1.925321 0.025915 -0.000303 0.336348 0.941381
12.084000000 -3.500212 -0.074838 1.926252 0.025731 0.000412 0.337578 0.940946
12.089000000 -3.495708 -0.079512 1.927186 0.025556 0.001207 0.338808 0.940508
12.094000000 -3.491199 -0.084198 1.928125 0.025390 0.002079 0.340037 0.940067
12.099000000 -3.486686 -0.088894 1.929066 0.025232 0.003026 0.341265 0.939623
12.104000000 -3.482168 -0.093601 1.930012 0.025083 0.004044 0.342493 0.939177
12.109000000 -3.477645 -0.098319 1.930960 0.024947 0.005131 0.343717 0.938728
12.114000000 -3.473115 -0.103046 1.931912 0.024826 0.006281 0.344939 0.938276
12.119000000 -3.468579 -0.107784 1.932867 0.024720 0.007490 0.346158 0.937821
12.124000000 -3.464036 -0.112531 1.933824 0.024628 0.008752 0.347372 0.937363
12.129000000 -3.459485 -0.117287 1.934784 0.024547 0.010061 0.348581 0.936903
12.134000000 -3.454926 -0.122052 1.935746 0.024479 0.011412 0.349785 0.936441
12.139000000 -3.450358 -0.126826 1.936710 0.024421 0.012796 0.350982 0.935976
12.144000000 -3.445781 -0.131608 1.937677 0.024372 0.014208 0.352173 0.935510
12.149000000 -3.441193 -0.136399 1.938645 0.024336 0.015643 0.353357 0.935041
12.154000000 -3.436595 -0.141197 1.939614 0.024316 0.017098 0.354532 0.934571
12.159000000 -3.431985 -0.146003 1.940585 0.024307 0.018564 0.355700 0.934100
12.164000000 -3.427362 -0.150816 1.941557 0.024308 0.020036 0.356858 0.933627
12.169000000 -3.422727 -0.155636 1.942530 0.024319 0.021508 0.358008 0.933154
12.174000000 -3.418079 -0.160462 1.943504 0.024340 0.022976 0.359147 0.932680
12.179000000 -3.413416 -0.165296 1.944479 0.024372 0.024437 0.360277 0.932207
12.184000000 -3.408739 -0.170135 1.945454 0.024417 0.025886 0.361397 0.931733
12.189000000 -3.404045 -0.174980 1.946430 0.024474 0.027320 0.362505 0.931260
12.194000000 -3.399336 -0.179831 1.947405 0.024541 0.028734 0.363602 0.930788
12.199000000 -3.394610 -0.184687 1.948381 0.024618 0.030125 0.364688 0.930317
12.204000000 -3.389866 -0.189548 1.949357 0.024707 0.031491 0.365762 0.929847
12.209000000 -3.385105 -0.194414 1.950332 0.024802 0.032825 0.366824 0.929380
12.214000000 -3.380324 -0.199285 1.951306 0.024900 0.034123 0.367874 0.928916
12.219000000 -3.375524 -0.204161 1.952280 0.024999 0.035380 0.368911 0.928455
12.224000000 -3.370704 -0.209040 1.953253 0.025098 0.036593 0.369935 0.927997
12.229000000 -3.365864 -0.213924 1.954225 0.025192 0.037756 0.370946 0.927544
12.234000000 -3.361003 -0.218811 1.955195 0.025274 0.038864 0.371945 0.927097
12.239000000 -3.356120 -0.223703 1.956164 0.025337 0.039910 0.372930 0.926654
12.244000000 -3.351215 -0.228597 1.957131 0.025377 0.040889 0.373902 0.926219
12.249000000 -3.346288 -0.233495 1.958097 0.025385 0.041797 0.374860 0.925791
12.254000000 -3.341338 -0.238396 1.959060 0.025359 0.042631 0.375805 0.925370
12.259000000 -3.336364 -0.243300 1.960021 0.025294 0.043387 0.376736 0.924958
12.264000000 -3.331368 -0.248207 1.960979 0.025188 0.044064 0.377654 0.924555
12.269000000 -3.326347 -0.253116 1.961935 0.025039 0.044662 0.378557 0.924161
12.274000000 -3.321303 -0.258027 1.962888 0.024845 0.045182 0.379447 0.923776
12.279000000 -3.316234 -0.262941 1.963838 0.024609 0.045627 0.380322 0.923400
12.284000000 -3.311141 -0.267856 1.964785 0.024335 0.046000 0.381184 0.923034
12.289000000 -3.306024 -0.272773 1.965728 0.024022 0.046305 0.382030 0.922676
12.294000000 -3.300882 -0.277691 1.966669 0.023671 0.046543 0.382862 0.922328
12.299000000 -3.295716 -0.282611 1.967605 0.023284 0.046720 0.383680 0.921990
12.304000000 -3.290525 -0.287531 1.968539 0.022863 0.046839 0.384482 0.921660
12.309000000 -3.285310 -0.292452 1.969468 0.022409 0.046905 0.385270 0.921339
12.314000000 -3.280071 -0.297374 1.970394 0.021925 0.046922 0.386042 0.921026
12.319000000 -3.274807 -0.302296 1.971315 0.021411 0.046895 0.386799 0.920722
12.324000000 -3.269519 -0.307218 1.972232 0.020868 0.046825 0.387540 0.920426
12.329000000 -3.264207 -0.312140 1.973145 0.020294 0.046718 0.388265 0.920139
12.334000000 -3.258871 -0.317061 1.974054 0.019694 0.046577 0.388974 0.919860
12.339000000 -3.253512 -0.321981 1.974958 0.019071 0.046411 0.389668 0.919588
12.344000000 -3.248130 -0.326900 1.975857 0.018432 0.046227 0.390345 0.919323
12.349000000 -3.242724 -0.331818 1.976752 0.017776 0.046026 0.391006 0.919065
12.354000000 -3.237295 -0.336735 1.977642 0.017105 0.045814 0.391650 0.918814
12.359000000 -3.231844 -0.341649 1.978526 0.016420 0.045594 0.392278 0.918569
12.364000000 -3.226370 -0.346562 1.979406 0.015722 0.045368 0.392890 0.918331
12.369000000 -3.220874 -0.351472 1.980280 0.015012 0.045140 0.393485 0.918100
12.374000000 -3.215355 -0.356379 1.981149 0.014293 0.044915 0.394063 0.917874
12.379000000 -3.209816 -0.361283 1.982012 0.013569 0.044697 0.394625 0.917654
12.384000000 -3.204255 -0.366184 1.982870 0.012847 0.044492 0.395170 0.917440
12.389000000 -3.198672 -0.371081 1.983722 0.012127 0.044302 0.395699 0.917231
12.394000000 -3.193069 -0.375975 1.984568 0.011410 0.044129 0.396211 0.917027
12.399000000 -3.187445 -0.380864 1.985408 0.010696 0.043973 0.396707 0.916829
12.404000000 -3.181800 -0.385749 1.986242 0.009986 0.043836 0.397186 0.916636
12.409000000 -3.176135 -0.390629 1.987070 0.009280 0.043718 0.397649 0.916448
12.414000000 -3.170451 -0.395504 1.987891 0.008580 0.043620 0.398096 0.916266
12.419000000 -3.164746 -0.400374 1.988706 0.007887 0.043543 0.398528 0.916088
12.424000000 -3.159021 -0.405238 1.989515 0.007202 0.043488 0.398944 0.915915
12.429000000 -3.153277 -0.410096 1.990317 0.006529 0.043457 0.399344 0.915747
12.434000000 -3.147514 -0.414948 1.991112 0.005872 0.043451 0.399729 0.915584
12.439000000 -3.141731 -0.419793 1.991900 0.005227 0.043467 0.400100 0.915425
12.444000000 -3.135930 -0.424632 1.992681 0.004594 0.043502 0.400455 0.915272
12.449000000 -3.130109 -0.429463 1.993455 0.003973 0.043557 0.400797 0.915122
12.454000000 -3.124269 -0.434287 1.994222 0.003365 0.043629 0.401124 0.914978
12.459000000 -3.118411 -0.439103 1.994982 0.002766 0.043714 0.401437 0.914839
12.464000000 -3.112534 -0.443911 1.995734 0.002172 0.043806 0.401737 0.914704
12.469000000 -3.106638 -0.448711 1.996479 0.001578 0.043900 0.402024 0.914575
12.474000000 -3.100724 -0.453503 1.997217 0.000980 0.043992 0.402297 0.914451
12.479000000 -3.094792 -0.458286 1.997947 0.000375 0.044076 0.402559 0.914332
12.484000000 -3.088841 -0.463059 1.998669 -0.000240 0.044148 0.402808 0.914219
12.489000000 -3.082872 -0.467823 1.999383 -0.000871 0.044203 0.403046 0.914111
12.494000000 -3.076885 -0.472578 2.000089 -0.001519 0.044239 0.403272 0.914009
12.499000000 -3.070880 -0.477323 2.000787 -0.002184 0.044254 0.403487 0.913912
12.504000000 -3.064857 -0.482057 2.001478 -0.002867 0.044246 0.403691 0.913820
12.509000000 -3.058816 -0.486781 2.002160 -0.003571 0.044213 0.403885 0.913734
12.514000000 -3.052758 -0.491494 2.002834 -0.004298 0.044151 0.404068 0.913653
12.519000000 -3.046683 -0.496195 2.003499 -0.005047 0.044062 0.404242 0.913576
12.524000000 -3.040590 -0.500886 2.004157 -0.005817 0.043946 0.404405 0.913505
12.529000000 -3.034480 -0.505564 2.004806 -0.006610 0.043801 0.404560 0.913438
12.534000000 -3.028354 -0.510231 2.005446 -0.007427 0.043627 0.404705 0.913376
12.539000000 -3.022211 -0.514885 2.006078 -0.008267 0.043425 0.404841 0.913318
12.544000000 -3.016052 -0.519526 2.006701 -0.009128 0.043198 0.404969 0.913264
12.549000000 -3.009877 -0.524155 2.007316 -0.010011 0.042944 0.405088 0.913214
12.554000000 -3.003686 -0.528770 2.007922 -0.010919 0.042662 0.405199 0.913167
12.559000000 -2.997480 -0.533371 2.008519 -0.011851 0.042352 0.405302 0.913124
12.564000000 -2.991259 -0.537958 2.009107 -0.012810 0.042014 0.405397 0.913085
12.569000000 -2.985023 -0.542531 2.009687 -0.013794 0.041648 0.405485 0.913048
12.574000000 -2.978773 -0.547089 2.010257 -0.014803 0.041255 0.405566 0.913015
12.579000000 -2.972509 -0.551632 2.010819 -0.015833 0.040840 0.405639 0.912983
12.584000000 -2.966231 -0.556159 2.011371 -0.016882 0.040408 0.405705 0.912954
12.589000000 -2.959940 -0.560670 2.011914 -0.017948 0.039959 0.405765 0.912927
12.594000000 -2.953636 -0.565166 2.012449 -0.019031 0.039494 0.405819 0.912902
12.599000000 -2.947320 -0.569644 2.012974 -0.020130 0.039016 0.405866 0.912878
12.604000000 -2.940992 -0.574106 2.013490 -0.021244 0.038526 0.405907 0.912855
12.609000000 -2.934653 -0.578551 2.013996 -0.022372 0.038026 0.405943 0.912833
12.614000000 -2.928302 -0.582977 2.014494 -0.023510 0.037520 0.405973 0.912812
12.619000000 -2.921941 -0.587386 2.014982 -0.024657 0.037008 0.405998 0.912791
12.624000000 -2.915569 -0.591776 2.015460 -0.025809 0.036496 0.406018 0.912771
12.629000000 -2.909188 -0.596147 2.015929 -0.026964 0.035988 0.406033 0.912751
12.634000000 -2.902797 -0.600499 2.016389 -0.028115 0.035488 0.406045 0.912731
12.639000000 -2.896398 -0.604831 2.016839 -0.029263 0.034998 0.406052 0.912711
12.644000000 -2.889990 -0.609143 2.017280 -0.030404 0.034519 0.406055 0.912690
12.649000000 -2.883574 -0.613434 2.017711 -0.031536 0.034056 0.406056 0.912669
12.654000000 -2.877151 -0.617705 2.018132 -0.032655 0.033609 0.406053 0.912647
12.659000000 -2.870721 -0.621954 2.018543 -0.033760 0.033179 0.406048 0.912625
12.664000000 -2.864283 -0.626182 2.018945 -0.034850 0.032764 0.406042 0.912602
12.669000000 -2.857840 -0.630387 2.019337 -0.035924 0.032362 0.406034 0.912578
12.674000000 -2.851390 -0.634571 2.019720 -0.036983 0.031968 0.406025 0.912553
12.679000000 -2.844935 -0.638731 2.020092 -0.038026 0.031581 0.406017 0.912528
12.684000000 -2.838474 -0.642868 2.020455 -0.039051 0.031197 0.406009 0.912501
12.689000000 -2.832009 -0.646982 2.020808 -0.040060 0.030810 0.406002 0.912474
12.694000000 -2.825539 -0.651071 2.021151 -0.041054 0.030416 0.405997 0.912445
12.699000000 -2.819064 -0.655137 2.021485 -0.042033 0.030010 0.405995 0.912415
12.704000000 -2.812586 -0.659178 2.021809 -0.042996 0.029591 0.405996 0.912383
12.709000000 -2.806105 -0.663193 2.022123 -0.043945 0.029153 0.406000 0.912350
12.714000000 -2.799620 -0.667184 2.022428 -0.044881 0.028690 0.406009 0.912315
12.719000000 -2.793133 -0.671149 2.022723 -0.045808 0.028197 0.406023 0.912278
12.724000000 -2.786644 -0.675088 2.023009 -0.046725 0.027671 0.406043 0.912239
12.729000000 -2.780152 -0.679001 2.023285 -0.047635 0.027107 0.406069 0.912197
12.734000000 -2.773659 -0.682887 2.023552 -0.048539 0.026502 0.406102 0.912153
12.739000000 -2.767165 -0.686747 2.023809 -0.049439 0.025853 0.406143 0.912105
12.744000000 -2.760671 -0.690580 2.024057 -0.050335 0.025159 0.406191 0.912054
12.749000000 -2.754176 -0.694385 2.024295 -0.051228 0.024421 0.406247 0.911999
12.754000000 -2.747682 -0.698163 2.024524 -0.052117 0.023641 0.406312 0.911941
12.759000000 -2.741188 -0.701913 2.024744 -0.053003 0.022817 0.406386 0.911878
12.764000000 -2.734696 -0.705635 2.024955 -0.053888 0.021949 0.406469 0.911810
12.769000000 -2.728206 -0.709329 2.025157 -0.054774 0.021036 0.406562 0.911737
12.774000000 -2.721719 -0.712994 2.025349 -0.055661 0.020079 0.406664 0.911659
12.779000000 -2.715234 -0.716631 2.025533 -0.056548 0.019082 0.406777 0.911576
12.784000000 -2.708753 -0.720239 2.025707 -0.057436 0.018049 0.406900 0.911487
12.789000000 -2.702277 -0.723818 2.025873 -0.058325 0.016981 0.407033 0.911391
12.794000000 -2.695805 -0.727368 2.026030 -0.059216 0.015881 0.407177 0.911289
12.799000000 -2.689340 -0.730889 2.026177 -0.060111 0.014749 0.407332 0.911181
12.804000000 -2.682880 -0.734380 2.026317 -0.061010 0.013588 0.407497 0.911065
12.809000000 -2.676428 -0.737841 2.026447 -0.061913 0.012398 0.407674 0.910942
12.814000000 -2.669983 -0.741272 2.026569 -0.062823 0.011183 0.407863 0.910811
12.819000000 -2.663546 -0.744673 2.026682 -0.063738 0.009946 0.408062 0.910672
12.824000000 -2.657119 -0.748045 2.026787 -0.064660 0.008689 0.408274 0.910525
12.829000000 -2.650701 -0.751385 2.026883 -0.065587 0.007415 0.408496 0.910370
12.834000000 -2.644294 -0.754696 2.026971 -0.066522 0.006129 0.408731 0.910207
12.839000000 -2.637899 -0.757975 2.027051 -0.067461 0.004835 0.408977 0.910035
12.844000000 -2.631515 -0.761224 2.027123 -0.068405 0.003539 0.409235 0.909854
12.849000000 -2.625145 -0.764442 2.027186 -0.069354 0.002243 0.409505 0.909665
12.854000000 -2.618788 -0.767629 2.027241 -0.070306 0.000952 0.409786 0.909468
12.859000000 -2.612445 -0.770784 2.027288 -0.071262 -0.000332 0.410080 0.909261
12.864000000 -2.606117 -0.773908 2.027326 -0.072221 -0.001607 0.410385 0.909047
12.869000000 -2.599806 -0.777000 2.027357 -0.073184 -0.002873 0.410703 0.908823
12.874000000 -2.593510 -0.780061 2.027380 -0.074150 -0.004127 0.411033 0.908591
12.879000000 -2.587233 -0.783089 2.027394 -0.075116 -0.005369 0.411375 0.908350
12.884000000 -2.580973 -0.786086 2.027401 -0.076080 -0.006594 0.411731 0.908100
12.889000000 -2.574732 -0.789050 2.027400 -0.077039 -0.007804 0.412099 0.907843
12.894000000 -2.568511 -0.791981 2.027392 -0.077991 -0.008997 0.412481 0.907577
12.899000000 -2.562310 -0.794880 2.027375 -0.078931 -0.010174 0.412877 0.907303
12.904000000 -2.556131 -0.797746 2.027351 -0.079857 -0.011335 0.413287 0.907022
12.909000000 -2.549973 -0.800579 2.027320 -0.080766 -0.012483 0.413711 0.906733
12.914000000 -2.543837 -0.803379 2.027281 -0.081653 -0.013618 0.414151 0.906436
12.919000000 -2.537725 -0.806145 2.027235 -0.082516 -0.014744 0.414606 0.906132
12.924000000 -2.531636 -0.808878 2.027181 -0.083352 -0.015862 0.415077 0.905821
12.929000000 -2.525572 -0.811577 2.027121 -0.084157 -0.016976 0.415564 0.905503
12.934000000 -2.519534 -0.814242 2.027053 -0.084930 -0.018087 0.416069 0.905178
12.939000000 -2.513521 -0.816873 2.026979 -0.085668 -0.019197 0.416591 0.904845
12.944000000 -2.507534 -0.819470 2.026897 -0.086368 -0.020309 0.417130 0.904506
12.949000000 -2.501575 -0.822033 2.026809 -0.087030 -0.021422 0.417688 0.904159
12.954000000 -2.495644 -0.824562 2.026715 -0.087653 -0.022538 0.418263 0.903806
12.959000000 -2.489741 -0.827057 2.026614 -0.088236 -0.023656 0.418857 0.903446
12.964000000 -2.483868 -0.829518 2.026506 -0.088778 -0.024779 0.419468 0.903078
12.969000000 -2.478024 -0.831944 2.026392 -0.089280 -0.025907 0.420099 0.902704
12.974000000 -2.472210 -0.834336 2.026272 -0.089741 -0.027043 0.420747 0.902323
12.979000000 -2.466428 -0.836693 2.026145 -0.090163 -0.028188 0.421413 0.901935
12.984000000 -2.460677 -0.839017 2.026013 -0.090547 -0.029344 0.422098 0.901540
12.989000000 -2.454959 -0.841307 2.025875 -0.090895 -0.030509 0.422800 0.901137
12.994000000 -2.449273 -0.843562 2.025732 -0.091208 -0.031683 0.423520 0.900726
12.999000000 -2.443622 -0.845784 2.025582 -0.091490 -0.032867 0.424257 0.900309
13.004000000 -2.438004 -0.847972 2.025428 -0.091743 -0.034061 0.425010 0.899883
13.009000000 -2.432421 -0.850126 2.025267 -0.091968 -0.035266 0.425780 0.899450
13.014000000 -2.426873 -0.852247 2.025102 -0.092169 -0.036482 0.426566 0.899008
13.019000000 -2.421362 -0.854335 2.024932 -0.092349 -0.037708 0.427367 0.898558
13.024000000 -2.415887 -0.856389 2.024757 -0.092511 -0.038945 0.428183 0.898100
13.029000000 -2.410450 -0.858411 2.024577 -0.092659 -0.040191 0.429014 0.897634
13.034000000 -2.405050 -0.860400 2.024393 -0.092797 -0.041445 0.429858 0.897158
13.039000000 -2.399689 -0.862357 2.024204 -0.092928 -0.042705 0.430716 0.896674
13.044000000 -2.394368 -0.864281 2.024011 -0.093054 -0.043971 0.431585 0.896182
13.049000000 -2.389086 -0.866174 2.023814 -0.093179 -0.045242 0.432467 0.895680
13.054000000 -2.383844 -0.868035 2.023613 -0.093307 -0.046517 0.433360 0.895170
13.059000000 -2.378644 -0.869864 2.023408 -0.093439 -0.047794 0.434263 0.894651
13.064000000 -2.373485 -0.871662 2.023199 -0.093580 -0.049071 0.435175 0.894124
13.069000000 -2.368370 -0.873429 2.022988 -0.093740 -0.050334 0.436095 0.893589
13.074000000 -2.363299 -0.875163 2.022786 -0.093958 -0.051508 0.437013 0.893050
13.079000000 -2.358276 -0.876865 2.022603 -0.094277 -0.052515 0.437920 0.892513
13.084000000 -2.353303 -0.878531 2.022449 -0.094732 -0.053286 0.438808 0.891983
13.089000000 -2.348382 -0.880162 2.022332 -0.095347 -0.053761 0.439669 0.891465
13.094000000 -2.343515 -0.881757 2.022258 -0.096141 -0.053894 0.440500 0.890961
13.099000000 -2.338703 -0.883314 2.022234 -0.097125 -0.053646 0.441296 0.890475
13.104000000 -2.333948 -0.884832 2.022265 -0.098300 -0.052991 0.442054 0.890010
13.109000000 -2.329249 -0.886310 2.022354 -0.099663 -0.051912 0.442773 0.889564
13.114000000 -2.324608 -0.887746 2.022506 -0.101205 -0.050403 0.443450 0.889139
13.119000000 -2.320024 -0.889139 2.022722 -0.102910 -0.048466 0.444087 0.888733
13.124000000 -2.315497 -0.890488 2.023004 -0.104756 -0.046112 0.444685 0.888344
13.129000000 -2.311028 -0.891789 2.023356 -0.106721 -0.043362 0.445244 0.887969
13.134000000 -2.306614 -0.893041 2.023777 -0.108778 -0.040240 0.445767 0.887603
13.139000000 -2.302256 -0.894242 2.024269 -0.110895 -0.036781 0.446257 0.887245
13.144000000 -2.297951 -0.895390 2.024832 -0.113041 -0.033020 0.446719 0.886890
13.149000000 -2.293699 -0.896482 2.025467 -0.115183 -0.029001 0.447156 0.886534
13.154000000 -2.289498 -0.897516 2.026172 -0.117287 -0.024768 0.447574 0.886176
13.159000000 -2.285345 -0.898489 2.026948 -0.119319 -0.020371 0.447979 0.885812
13.164000000 -2.281239 -0.899399 2.027794 -0.121247 -0.015858 0.448376 0.885442
13.169000000 -2.277178 -0.900245 2.028709 -0.123039 -0.011280 0.448771 0.885064
13.174000000 -2.273159 -0.901023 2.029692 -0.124666 -0.006688 0.449173 0.884679
13.179000000 -2.269181 -0.901732 2.030743 -0.126101 -0.002130 0.449587 0.884288
13.184000000 -2.265241 -0.902369 2.031858 -0.127318 0.002345 0.450020 0.883893
13.189000000 -2.261336 -0.902935 2.033038 -0.128296 0.006690 0.450480 0.883495
13.194000000 -2.257465 -0.903426 2.034280 -0.129012 0.010863 0.450973 0.883098
13.199000000 -2.253625 -0.903842 2.035582 -0.129450 0.014823 0.451505 0.882704
13.204000000 -2.249813 -0.904181 2.036944 -0.129598 0.018532 0.452082 0.882317
13.209000000 -2.246029 -0.904444 2.038361 -0.129444 0.021959 0.452708 0.881940
13.214000000 -2.242269 -0.904630 2.039834 -0.128985 0.025075 0.453387 0.881575
13.219000000 -2.238532 -0.904738 2.041361 -0.128220 0.027858 0.454121 0.881225
13.224000000 -2.234816 -0.904769 2.042940 -0.127153 0.030293 0.454912 0.880891
13.229000000 -2.231120 -0.904723 2.044569 -0.125787 0.032364 0.455762 0.880574
13.234000000 -2.227441 -0.904600 2.046247 -0.124130 0.034061 0.456669 0.880275
13.239000000 -2.223779 -0.904402 2.047972 -0.122194 0.035382 0.457633 0.879994
13.244000000 -2.220132 -0.904130 2.049743 -0.119993 0.036329 0.458650 0.879728
13.249000000 -2.216500 -0.903784 2.051558 -0.117541 0.036904 0.459719 0.879478
13.254000000 -2.212880 -0.903367 2.053415 -0.114855 0.037114 0.460834 0.879240
13.259000000 -2.209273 -0.902881 2.055314 -0.111953 0.036970 0.461993 0.879012
13.264000000 -2.205677 -0.902326 2.057253 -0.108854 0.036486 0.463190 0.878792
13.269000000 -2.202093 -0.901706 2.059230 -0.105581 0.035684 0.464418 0.878576
13.274000000 -2.198519 -0.901023 2.061244 -0.102160 0.034585 0.465672 0.878360
13.279000000 -2.194955 -0.900279 2.063295 -0.098613 0.033214 0.466946 0.878142
13.284000000 -2.191401 -0.899476 2.065381 -0.094968 0.031594 0.468232 0.877919
13.289000000 -2.187858 -0.898617 2.067502 -0.091251 0.029753 0.469525 0.877687
13.294000000 -2.184324 -0.897705 2.069656 -0.087489 0.027720 0.470818 0.877444
13.299000000 -2.180800 -0.896742 2.071843 -0.083713 0.025525 0.472104 0.877188
13.304000000 -2.177285 -0.895731 2.074063 -0.079951 0.023198 0.473378 0.876917
13.309000000 -2.173782 -0.894674 2.076315 -0.076234 0.020774 0.474634 0.876629
13.314000000 -2.170288 -0.893575 2.078599 -0.072593 0.018286 0.475866 0.876326
13.319000000 -2.166805 -0.892434 2.080916 -0.069053 0.015764 0.477070 0.876006
13.324000000 -2.163334 -0.891256 2.083264 -0.065641 0.013239 0.478241 0.875672
13.329000000 -2.159874 -0.890042 2.085643 -0.062380 0.010738 0.479377 0.875324
13.334000000 -2.156425 -0.888795 2.088054 -0.059292 0.008290 0.480472 0.874964
13.339000000 -2.152989 -0.887517 2.090496 -0.056395 0.005917 0.481526 0.874595
13.344000000 -2.149565 -0.886210 2.092969 -0.053704 0.003642 0.482536 0.874221
13.349000000 -2.146154 -0.884876 2.095472 -0.051233 0.001483 0.483500 0.873843
13.354000000 -2.142757 -0.883517 2.098006 -0.048991 -0.000541 0.484417 0.873464
13.359000000 -2.139373 -0.882135 2.100570 -0.046984 -0.002416 0.485285 0.873089
13.364000000 -2.136003 -0.880731 2.103163 -0.045219 -0.004131 0.486105 0.872720
13.369000000 -2.132648 -0.879306 2.105785 -0.043695 -0.005676 0.486875 0.872359
13.374000000 -2.129307 -0.877862 2.108437 -0.042412 -0.007044 0.487596 0.872010
13.379000000 -2.125982 -0.876399 2.111118 -0.041366 -0.008230 0.488267 0.871675
13.384000000 -2.122672 -0.874919 2.113827 -0.040551 -0.009231 0.488887 0.871355
13.389000000 -2.119378 -0.873422 2.116564 -0.039959 -0.010048 0.489458 0.871053
13.394000000 -2.116099 -0.871909 2.119329 -0.039579 -0.010682 0.489980 0.870769
13.399000000 -2.112837 -0.870380 2.122121 -0.039400 -0.011135 0.490452 0.870506
13.404000000 -2.109591 -0.868835 2.124942 -0.039409 -0.011413 0.490875 0.870263
13.409000000 -2.106361 -0.867275 2.127790 -0.039590 -0.011523 0.491250 0.870042
13.414000000 -2.103147 -0.865699 2.130665 -0.039928 -0.011474 0.491577 0.869842
13.419000000 -2.099951 -0.864107 2.133567 -0.040406 -0.011277 0.491858 0.869664
13.424000000 -2.096770 -0.862500 2.136496 -0.041004 -0.010942 0.492092 0.869508
13.429000000 -2.093606 -0.860876 2.139451 -0.041705 -0.010484 0.492281 0.869373
13.434000000 -2.090459 -0.859235 2.142432 -0.042491 -0.009917 0.492426 0.869260
13.439000000 -2.087328 -0.857577 2.145440 -0.043342 -0.009255 0.492528 0.869167
13.444000000 -2.084213 -0.855901 2.148473 -0.044241 -0.008511 0.492589 0.869095
13.449000000 -2.081115 -0.854206 2.151532 -0.045170 -0.007703 0.492609 0.869043
13.454000000 -2.078033 -0.852493 2.154615 -0.046112 -0.006845 0.492591 0.869012
13.459000000 -2.074966 -0.850759 2.157724 -0.047050 -0.005953 0.492535 0.869000
13.464000000 -2.071915 -0.849006 2.160857 -0.047970 -0.005040 0.492443 0.869007
13.469000000 -2.068880 -0.847231 2.164015 -0.048857 -0.004123 0.492316 0.869035
13.474000000 -2.065860 -0.845434 2.167197 -0.049698 -0.003214 0.492157 0.869081
13.479000000 -2.062855 -0.843615 2.170403 -0.050482 -0.002327 0.491966 0.869146
13.484000000 -2.059865 -0.841773 2.173633 -0.051199 -0.001474 0.491746 0.869231
13.489000000 -2.056890 -0.839908 2.176886 -0.051838 -0.000667 0.491497 0.869335
13.494000000 -2.053929 -0.838019 2.180161 -0.052392 0.000083 0.491221 0.869458
13.499000000 -2.050982 -0.836105 2.183460 -0.052851 0.000765 0.490920 0.869600
13.504000000 -2.048049 -0.834166 2.186780 -0.053211 0.001371 0.490595 0.869760
13.509000000 -2.045130 -0.832203 2.190121 -0.053468 0.001895 0.490247 0.869940
13.514000000 -2.042224 -0.830214 2.193485 -0.053618 0.002331 0.489877 0.870138
13.519000000 -2.039331 -0.828200 2.196869 -0.053660 0.002675 0.489486 0.870354
13.524000000 -2.036452 -0.826160 2.200274 -0.053593 0.002924 0.489074 0.870589
13.529000000 -2.033585 -0.824095 2.203699 -0.053418 0.003075 0.488643 0.870842
13.534000000 -2.030732 -0.822005 2.207144 -0.053137 0.003129 0.488192 0.871112
13.539000000 -2.027891 -0.819889 2.210608 -0.052753 0.003086 0.487721 0.871398
13.544000000 -2.025063 -0.817748 2.214091 -0.052268 0.002947 0.487232 0.871702
13.549000000 -2.022247 -0.815583 2.217593 -0.051687 0.002712 0.486723 0.872022
13.554000000 -2.019443 -0.813393 2.221112 -0.051015 0.002387 0.486195 0.872357
13.559000000 -2.016652 -0.811179 2.224649 -0.050259 0.001976 0.485647 0.872707
13.564000000 -2.013873 -0.808942 2.228204 -0.049428 0.001486 0.485079 0.873071
13.569000000 -2.011106 -0.806682 2.231775 -0.048528 0.000923 0.484491 0.873449
13.574000000 -2.008352 -0.804399 2.235363 -0.047568 0.000294 0.483881 0.873840
13.579000000 -2.005610 -0.802095 2.238968 -0.046555 -0.000396 0.483250 0.874244
13.584000000 -2.002880 -0.799770 2.242587 -0.045497 -0.001139 0.482597 0.874659
13.589000000 -2.000163 -0.797424 2.246222 -0.044403 -0.001926 0.481921 0.875087
13.594000000 -1.997458 -0.795059 2.249873 -0.043284 -0.002747 0.481222 0.875525
13.599000000 -1.994765 -0.792675 2.253538 -0.042148 -0.003595 0.480499 0.875974
13.604000000 -1.992085 -0.790273 2.257217 -0.041002 -0.004463 0.479752 0.876434
13.609000000 -1.989418 -0.787854 2.260910 -0.039853 -0.005343 0.478980 0.876904
13.614000000 -1.986763 -0.785418 2.264616 -0.038708 -0.006229 0.478182 0.877385
13.619000000 -1.984121 -0.782967 2.268336 -0.037573 -0.007113 0.477359 0.877876
13.624000000 -1.981491 -0.780500 2.272068 -0.036457 -0.007988 0.476510 0.878376
13.629000000 -1.978875 -0.778019 2.275812 -0.035365 -0.008847 0.475635 0.878887
13.634000000 -1.976272 -0.775524 2.279569 -0.034304 -0.009683 0.474733 0.879408
13.639000000 -1.973681 -0.773016 2.283337 -0.033280 -0.010489 0.473804 0.879939
13.644000000 -1.971104 -0.770496 2.287117 -0.032295 -0.011262 0.472847 0.880481
13.649000000 -1.968540 -0.767965 2.290908 -0.031355 -0.011996 0.471862 0.881033
13.654000000 -1.965990 -0.765423 2.294710 -0.030463 -0.012687 0.470850 0.881596
13.659000000 -1.963453 -0.762870 2.298522 -0.029620 -0.013332 0.469809 0.882170
13.664000000 -1.960929 -0.760307 2.302345 -0.028829 -0.013929 0.468741 0.882755
13.669000000 -1.958419 -0.757735 2.306177 -0.028090 -0.014476 0.467644 0.883352
13.674000000 -1.955922 -0.755153 2.310019 -0.027404 -0.014972 0.466519 0.883960
13.679000000 -1.953439 -0.752564 2.313870 -0.026768 -0.015418 0.465366 0.884579
13.684000000 -1.950970 -0.749966 2.317730 -0.026182 -0.015816 0.464186 0.885210
13.689000000 -1.948514 -0.747360 2.321599 -0.025644 -0.016165 0.462977 0.885852
13.694000000 -1.946072 -0.744747 2.325475 -0.025153 -0.016466 0.461741 0.886505
13.699000000 -1.943643 -0.742127 2.329360 -0.024705 -0.016722 0.460478 0.887170
13.704000000 -1.941228 -0.739500 2.333251 -0.024297 -0.016938 0.459187 0.887846
13.709000000 -1.938826 -0.736866 2.337150 -0.023923 -0.017115 0.457869 0.888533
13.714000000 -1.936438 -0.734226 2.341056 -0.023581 -0.017259 0.456523 0.889231
13.719000000 -1.934064 -0.731579 2.344968 -0.023264 -0.017373 0.455151 0.889941
13.724000000 -1.931703 -0.728927 2.348886 -0.022970 -0.017461 0.453752 0.890661
13.729000000 -1.929355 -0.726268 2.352809 -0.022692 -0.017528 0.452327 0.891391
13.734000000 -1.927020 -0.723603 2.356738 -0.022428 -0.017577 0.450875 0.892132
13.739000000 -1.924699 -0.720933 2.360672 -0.022173 -0.017611 0.449398 0.892883
13.744000000 -1.922391 -0.718257 2.364611 -0.021926 -0.017634 0.447896 0.893643
13.749000000 -1.920096 -0.715575 2.368555 -0.021682 -0.017649 0.446368 0.894412
13.754000000 -1.917814 -0.712888 2.372503 -0.021436 -0.017661 0.444816 0.895191
13.759000000 -1.915545 -0.710196 2.376455 -0.021187 -0.017671 0.443239 0.895979
13.764000000 -1.913288 -0.707498 2.380411 -0.020932 -0.017683 0.441639 0.896774
13.769000000 -1.911045 -0.704795 2.384371 -0.020668 -0.017700 0.440015 0.897578
13.774000000 -1.908814 -0.702087 2.388335 -0.020392 -0.017724 0.438368 0.898390
13.779000000 -1.906596 -0.699374 2.392302 -0.020100 -0.017760 0.436697 0.899209
13.784000000 -1.904391 -0.696656 2.396271 -0.019792 -0.017809 0.435004 0.900035
13.789000000 -1.902198 -0.693934 2.400244 -0.019464 -0.017873 0.433289 0.900868
13.794000000 -1.900017 -0.691207 2.404218 -0.019114 -0.017955 0.431551 0.901707
13.799000000 -1.897849 -0.688476 2.408195 -0.018743 -0.018055 0.429792 0.902553
13.804000000 -1.895693 -0.685740 2.412173 -0.018348 -0.018176 0.428012 0.903404
13.809000000 -1.893550 -0.683001 2.416153 -0.017929 -0.018318 0.426212 0.904260
13.814000000 -1.891419 -0.680257 2.420134 -0.017486 -0.018481 0.424391 0.905121
13.819000000 -1.889299 -0.677510 2.424116 -0.017021 -0.018664 0.422551 0.905987
13.824000000 -1.887192 -0.674759 2.428100 -0.016536 -0.018866 0.420691 0.906857
13.829000000 -1.885097 -0.672006 2.432084 -0.016030 -0.019087 0.418813 0.907731
13.834000000 -1.883015 -0.669249 2.436068 -0.015506 -0.019324 0.416915 0.908608
13.839000000 -1.880944 -0.666490 2.440053 -0.014965 -0.019579 0.415000 0.909487
13.844000000 -1.878885 -0.663728 2.444038 -0.014407 -0.019848 0.413067 0.910370
13.849000000 -1.876839 -0.660965 2.448023 -0.013835 -0.020132 0.411117 0.911255
13.854000000 -1.874804 -0.658199 2.452007 -0.013249 -0.020428 0.409150 0.912142
13.859000000 -1.872782 -0.655432 2.455991 -0.012652 -0.020733 0.407166 0.913031
13.864000000 -1.870771 -0.652664 2.459974 -0.012048 -0.021047 0.405166 0.913922
13.869000000 -1.868773 -0.649895 2.463956 -0.011437 -0.021366 0.403150 0.914813
13.874000000 -1.866786 -0.647125 2.467937 -0.010822 -0.021689 0.401119 0.915705
13.879000000 -1.864812 -0.644355 2.471917 -0.010204 -0.022015 0.399073 0.916598
13.884000000 -1.862850 -0.641585 2.475895 -0.009585 -0.022341 0.397011 0.917492
13.889000000 -1.860899 -0.638815 2.479871 -0.008967 -0.022665 0.394935 0.918386
13.894000000 -1.858961 -0.636046 2.483845 -0.008352 -0.022985 0.392844 0.919280
13.899000000 -1.857035 -0.633278 2.487817 -0.007743 -0.023300 0.390740 0.920174
13.904000000 -1.855122 -0.630512 2.491786 -0.007140 -0.023607 0.388621 0.921067
13.909000000 -1.853220 -0.627746 2.495753 -0.006546 -0.023905 0.386490 0.921961
13.914000000 -1.851330 -0.624983 2.499718 -0.005964 -0.024191 0.384346 0.922853
13.919000000 -1.849453 -0.622222 2.503679 -0.005395 -0.024463 0.382189 0.923744
13.924000000 -1.847588 -0.619463 2.507638 -0.004840 -0.024720 0.380021 0.924635
13.929000000 -1.845735 -0.616707 2.511593 -0.004302 -0.024961 0.377842 0.925523
13.934000000 -1.843894 -0.613954 2.515545 -0.003781 -0.025183 0.375653 0.926411
13.939000000 -1.842066 -0.611204 2.519494 -0.003280 -0.025385 0.373452 0.927296
13.944000000 -1.840250 -0.608458 2.523439 -0.002802 -0.025566 0.371241 0.928180
13.949000000 -1.838446 -0.605715 2.527381 -0.002347 -0.025724 0.369019 0.929063
13.954000000 -1.836654 -0.602976 2.531319 -0.001916 -0.025858 0.366788 0.929943
13.959000000 -1.834874 -0.600241 2.535254 -0.001511 -0.025967 0.364548 0.930821
13.964000000 -1.833107 -0.597511 2.539185 -0.001133 -0.026052 0.362299 0.931697
13.969000000 -1.831351 -0.594784 2.543112 -0.000781 -0.026111 0.360042 0.932570
13.974000000 -1.829608 -0.592063 2.547035 -0.000456 -0.026146 0.357778 0.933441
13.979000000 -1.827877 -0.589345 2.550954 -0.000157 -0.026157 0.355505 0.934308
13.984000000 -1.826158 -0.586633 2.554869 0.000117 -0.026143 0.353226 0.935173
13.989000000 -1.824451 -0.583925 2.558780 0.000365 -0.026107 0.350939 0.936034
13.994000000 -1.822756 -0.581222 2.562687 0.000589 -0.026049 0.348647 0.936892
13.999000000 -1.821072 -0.578525 2.566589 0.000788 -0.025970 0.346349 0.937746
14.004000000 -1.819401 -0.575832 2.570488 0.000964 -0.025870 0.344045 0.938596
14.009000000 -1.817741 -0.573144 2.574381 0.001119 -0.025753 0.341736 0.939442
14.014000000 -1.816093 -0.570461 2.578271 0.001254 -0.025619 0.339422 0.940284
14.019000000 -1.814457 -0.567784 2.582156 0.001371 -0.025470 0.337104 0.941122
14.024000000 -1.812832 -0.565111 2.586036 0.001470 -0.025307 0.334782 0.941955
14.029000000 -1.811219 -0.562443 2.589912 0.001554 -0.025134 0.332456 0.942783
14.034000000 -1.809616 -0.559781 2.593783 0.001626 -0.024951 0.330127 0.943605
14.039000000 -1.808026 -0.557123 2.597649 0.001687 -0.024761 0.327795 0.944423
14.044000000 -1.806446 -0.554471 2.601510 0.001741 -0.024567 0.325462 0.945234
14.049000000 -1.804878 -0.551823 2.605366 0.001788 -0.024369 0.323126 0.946040
14.054000000 -1.803320 -0.549180 2.609218 0.001829 -0.024170 0.320790 0.946840
14.059000000 -1.801773 -0.546542 2.613064 0.001867 -0.023970 0.318453 0.947634
14.064000000 -1.800238 -0.543909 2.616905 0.001903 -0.023772 0.316115 0.948421
14.069000000 -1.798712 -0.541281 2.620741 0.001939 -0.023578 0.313777 0.949202
14.074000000 -1.797198 -0.538657 2.624572 0.001977 -0.023388 0.311440 0.949976
14.079000000 -1.795694 -0.536038 2.628398 0.002018 -0.023203 0.309103 0.950743
14.084000000 -1.794201 -0.533424 2.632218 0.002063 -0.023026 0.306766 0.951504
14.089000000 -1.792718 -0.530814 2.636033 0.002113 -0.022856 0.304431 0.952258
14.094000000 -1.791245 -0.528209 2.639842 0.002170 -0.022695 0.302098 0.953004
14.099000000 -1.789783 -0.525609 2.643646 0.002234 -0.022543 0.299767 0.953744
14.104000000 -1.788330 -0.523013 2.647444 0.002308 -0.022401 0.297438 0.954475
14.109000000 -1.786888 -0.520421 2.651236 0.002393 -0.022271 0.295113 0.955200
14.114000000 -1.785456 -0.517834 2.655023 0.002489 -0.022153 0.292791 0.955916
14.119000000 -1.784034 -0.515252 2.658802 0.002601 -0.022049 0.290474 0.956625
14.124000000 -1.782621 -0.512674 2.662575 0.002732 -0.021961 0.288163 0.957326
14.129000000 -1.781219 -0.510101 2.666341 0.002884 -0.021892 0.285856 0.958018
14.134000000 -1.779826 -0.507532 2.670098 0.003061 -0.021843 0.283555 0.958702
14.139000000 -1.778443 -0.504968 2.673847 0.003266 -0.021816 0.281259 0.959378
14.144000000 -1.777069 -0.502408 2.677588 0.003502 -0.021813 0.278970 0.960046
14.149000000 -1.775705 -0.499853 2.681318 0.003774 -0.021837 0.276687 0.960704
14.154000000 -1.774351 -0.497303 2.685038 0.004083 -0.021889 0.274411 0.961355
14.159000000 -1.773006 -0.494758 2.688747 0.004435 -0.021971 0.272142 0.961996
14.164000000 -1.771670 -0.492218 2.692444 0.004831 -0.022085 0.269881 0.962628
14.169000000 -1.770344 -0.489684 2.696128 0.005276 -0.022233 0.267627 0.963252
14.174000000 -1.769027 -0.487154 2.699798 0.005771 -0.022415 0.265382 0.963866
14.179000000 -1.767720 -0.484630 2.703454 0.006320 -0.022633 0.263145 0.964470
14.184000000 -1.766422 -0.482112 2.707095 0.006925 -0.022887 0.260917 0.965065
14.189000000 -1.765134 -0.479600 2.710719 0.007588 -0.023177 0.258698 0.965650
14.194000000 -1.763855 -0.477095 2.714326 0.008310 -0.023505 0.256488 0.966226
14.199000000 -1.762586 -0.474596 2.717915 0.009092 -0.023869 0.254287 0.966791
14.204000000 -1.761326 -0.472104 2.721485 0.009935 -0.024269 0.252096 0.967347
14.209000000 -1.760076 -0.469619 2.725035 0.010836 -0.024704 0.249916 0.967892
14.214000000 -1.758835 -0.467142 2.728563 0.011796 -0.025171 0.247745 0.968426
14.219000000 -1.757604 -0.464673 2.732070 0.012814 -0.025669 0.245585 0.968950
14.224000000 -1.756383 -0.462213 2.735554 0.013885 -0.026181 0.243437 0.969464
14.229000000 -1.755172 -0.459762 2.739013 0.015007 -0.026681 0.241299 0.969968
14.234000000 -1.753971 -0.457320 2.742448 0.016172 -0.027143 0.239175 0.970462
14.239000000 -1.752779 -0.454889 2.745856 0.017376 -0.027548 0.237064 0.970948
14.244000000 -1.751598 -0.452468 2.749237 0.018609 -0.027874 0.234968 0.971425
14.249000000 -1.750427 -0.450057 2.752591 0.019864 -0.028103 0.232887 0.971895
14.254000000 -1.749266 -0.447659 2.755916 0.021131 -0.028219 0.230822 0.972357
14.259000000 -1.748114 -0.445272 2.759212 0.022402 -0.028210 0.228774 0.972813
14.264000000 -1.746973 -0.442898 2.762479 0.023666 -0.028064 0.226744 0.973262
14.269000000 -1.745841 -0.440536 2.765717 0.024914 -0.027773 0.224733 0.973706
14.274000000 -1.744718 -0.438189 2.768924 0.026135 -0.027331 0.222742 0.974144
14.279000000 -1.743605 -0.435854 2.772101 0.027322 -0.026735 0.220769 0.974577
14.284000000 -1.742500 -0.433535 2.775247 0.028463 -0.025981 0.218817 0.975005
14.289000000 -1.741404 -0.431229 2.778362 0.029549 -0.025073 0.216886 0.975427
14.294000000 -1.740315 -0.428939 2.781446 0.030573 -0.024012 0.214977 0.975845
14.299000000 -1.739234 -0.426664 2.784498 0.031526 -0.022805 0.213089 0.976258
14.304000000 -1.738159 -0.424404 2.787519 0.032402 -0.021457 0.211223 0.976665
14.309000000 -1.737091 -0.422160 2.790508 0.033194 -0.019977 0.209380 0.977067
14.314000000 -1.736028 -0.419932 2.793465 0.033899 -0.018374 0.207560 0.977462
14.319000000 -1.734970 -0.417720 2.796390 0.034511 -0.016661 0.205761 0.977852
14.324000000 -1.733915 -0.415524 2.799283 0.035027 -0.014848 0.203986 0.978234
14.329000000 -1.732864 -0.413344 2.802144 0.035447 -0.012949 0.202232 0.978610
14.334000000 -1.731816 -0.411180 2.804973 0.035768 -0.010976 0.200501 0.978979
14.339000000 -1.730769 -0.409033 2.807769 0.035992 -0.008944 0.198792 0.979340
14.344000000 -1.729723 -0.406901 2.810534 0.036119 -0.006867 0.197105 0.979693
14.349000000 -1.728677 -0.404785 2.813266 0.036151 -0.004761 0.195441 0.980037
14.354000000 -1.727630 -0.402685 2.815965 0.036091 -0.002638 0.193799 0.980374
14.359000000 -1.726581 -0.400600 2.818633 0.035943 -0.000514 0.192178 0.980702
14.364000000 -1.725529 -0.398531 2.821268 0.035711 0.001600 0.190579 0.981021
14.369000000 -1.724474 -0.396477 2.823871 0.035401 0.003689 0.189001 0.981332
14.374000000 -1.723415 -0.394437 2.826441 0.035019 0.005742 0.187445 0.981634
14.379000000 -1.722350 -0.392412 2.828979 0.034571 0.007747 0.185910 0.981928
14.384000000 -1.721280 -0.390401 2.831485 0.034063 0.009694 0.184396 0.982214
14.389000000 -1.720203 -0.388403 2.833959 0.033504 0.011573 0.182904 0.982491
14.394000000 -1.719118 -0.386419 2.836401 0.032901 0.013374 0.181434 0.982762
14.399000000 -1.718025 -0.384448 2.838810 0.032260 0.015091 0.179986 0.983024
14.404000000 -1.716924 -0.382489 2.841187 0.031591 0.016719 0.178559 0.983280
14.409000000 -1.715813 -0.380542 2.843532 0.030900 0.018253 0.177154 0.983529
14.414000000 -1.714693 -0.378608 2.845845 0.030194 0.019691 0.175771 0.983771
14.419000000 -1.713562 -0.376684 2.848126 0.029483 0.021033 0.174409 0.984007
14.424000000 -1.712419 -0.374772 2.850375 0.028771 0.022279 0.173069 0.984237
14.429000000 -1.711266 -0.372870 2.852592 0.028067 0.023432 0.171751 0.984462
14.434000000 -1.710101 -0.370978 2.854776 0.027376 0.024494 0.170455 0.984681
14.439000000 -1.708923 -0.369096 2.856928 0.026704 0.025469 0.169180 0.984894
14.444000000 -1.707733 -0.367224 2.859048 0.026056 0.026361 0.167928 0.985102
14.449000000 -1.706530 -0.365361 2.861136 0.025438 0.027176 0.166697 0.985305
14.454000000 -1.705313 -0.363507 2.863191 0.024854 0.027918 0.165489 0.985503
14.459000000 -1.704084 -0.361661 2.865215 0.024306 0.028593 0.164302 0.985696
14.464000000 -1.702840 -0.359824 2.867206 0.023800 0.029209 0.163138 0.985884
14.469000000 -1.701583 -0.357995 2.869165 0.023336 0.029773 0.161996 0.986066
14.474000000 -1.700312 -0.356173 2.871092 0.022916 0.030295 0.160876 0.986243
14.479000000 -1.699026 -0.354360 2.872987 0.022542 0.030783 0.159779 0.986415
14.484000000 -1.697726 -0.352554 2.874849 0.022214 0.031244 0.158705 0.986582
14.489000000 -1.696411 -0.350755 2.876680 0.021932 0.031684 0.157654 0.986742
14.494000000 -1.695082 -0.348964 2.878478 0.021696 0.032113 0.156625 0.986897
14.499000000 -1.693738 -0.347180 2.880244 0.021504 0.032538 0.155620 0.987047
14.504000000 -1.692378 -0.345402 2.881977 0.021355 0.032969 0.154638 0.987190
14.509000000 -1.691004 -0.343632 2.883678 0.021247 0.033411 0.153680 0.987327
14.514000000 -1.689614 -0.341869 2.885347 0.021177 0.033871 0.152746 0.987458
14.519000000 -1.688208 -0.340112 2.886984 0.021144 0.034355 0.151836 0.987582
14.524000000 -1.686786 -0.338362 2.888588 0.021142 0.034867 0.150951 0.987700
14.529000000 -1.685349 -0.336619 2.890160 0.021171 0.035412 0.150089 0.987811
14.534000000 -1.683895 -0.334883 2.891700 0.021226 0.035993 0.149252 0.987916
14.539000000 -1.682425 -0.333154 2.893207 0.021302 0.036614 0.148440 0.988014
14.544000000 -1.680938 -0.331431 2.894682 0.021397 0.037276 0.147653 0.988105
14.549000000 -1.679434 -0.329715 2.896124 0.021507 0.037978 0.146891 0.988189
14.554000000 -1.677913 -0.328006 2.897534 0.021626 0.038719 0.146154 0.988267
14.559000000 -1.676374 -0.326304 2.898912 0.021752 0.039495 0.145442 0.988339
14.564000000 -1.674817 -0.324608 2.900258 0.021881 0.040301 0.144755 0.988404
14.569000000 -1.673242 -0.322920 2.901571 0.022008 0.041136 0.144093 0.988464
14.574000000 -1.671649 -0.321238 2.902853 0.022130 0.041996 0.143456 0.988518
14.579000000 -1.670036 -0.319563 2.904102 0.022244 0.042876 0.142844 0.988566
14.584000000 -1.668403 -0.317895 2.905319 0.022346 0.043768 0.142257 0.988609
14.589000000 -1.666751 -0.316234 2.906505 0.022435 0.044665 0.141695 0.988648
14.594000000 -1.665079 -0.314580 2.907659 0.022506 0.045561 0.141158 0.988682
14.599000000 -1.663386 -0.312933 2.908781 0.022559 0.046451 0.140646 0.988712
14.604000000 -1.661672 -0.311292 2.909871 0.022591 0.047332 0.140158 0.988739
14.609000000 -1.659937 -0.309659 2.910930 0.022601 0.048197 0.139695 0.988763
14.614000000 -1.658179 -0.308032 2.911957 0.022587 0.049043 0.139256 0.988783
14.619000000 -1.656400 -0.306412 2.912952 0.022550 0.049864 0.138841 0.988801
14.624000000 -1.654599 -0.304799 2.913916 0.022488 0.050655 0.138451 0.988817
14.629000000 -1.652774 -0.303192 2.914849 0.022402 0.051411 0.138084 0.988832
14.634000000 -1.650927 -0.301592 2.915750 0.022292 0.052130 0.137741 0.988844
14.639000000 -1.649056 -0.299999 2.916620 0.022159 0.052806 0.137422 0.988856
14.644000000 -1.647161 -0.298412 2.917459 0.022004 0.053435 0.137126 0.988867
14.649000000 -1.645242 -0.296831 2.918268 0.021827 0.054015 0.136853 0.988877
14.654000000 -1.643299 -0.295256 2.919045 0.021630 0.054543 0.136603 0.988887
14.659000000 -1.641332 -0.293688 2.919791 0.021415 0.055021 0.136375 0.988896
14.664000000 -1.639340 -0.292125 2.920507 0.021185 0.055449 0.136171 0.988906
14.669000000 -1.637323 -0.290568 2.921192 0.020940 0.055827 0.135988 0.988915
14.674000000 -1.635281 -0.289018 2.921846 0.020683 0.056156 0.135827 0.988924
14.679000000 -1.633214 -0.287472 2.922470 0.020416 0.056436 0.135689 0.988932
14.684000000 -1.631121 -0.285933 2.923064 0.020142 0.056670 0.135571 0.988940
14.689000000 -1.629004 -0.284398 2.923627 0.019863 0.056860 0.135475 0.988948
14.694000000 -1.626861 -0.282869 2.924160 0.019581 0.057011 0.135401 0.988956
14.699000000 -1.624692 -0.281345 2.924662 0.019299 0.057125 0.135347 0.988962
14.704000000 -1.622499 -0.279826 2.925135 0.019018 0.057207 0.135314 0.988967
14.709000000 -1.620279 -0.278312 2.925577 0.018740 0.057259 0.135302 0.988971
14.714000000 -1.618034 -0.276803 2.925990 0.018469 0.057285 0.135311 0.988973
14.719000000 -1.615764 -0.275299 2.926372 0.018205 0.057289 0.135339 0.988974
14.724000000 -1.613468 -0.273799 2.926725 0.017950 0.057276 0.135388 0.988973
14.729000000 -1.611146 -0.272303 2.927048 0.017707 0.057248 0.135457 0.988969
14.734000000 -1.608799 -0.270812 2.927342 0.017475 0.057208 0.135546 0.988964
14.739000000 -1.606426 -0.269324 2.927606 0.017257 0.057156 0.135655 0.988956
14.744000000 -1.604028 -0.267842 2.927841 0.017053 0.057096 0.135784 0.988945
14.749000000 -1.601605 -0.266363 2.928047 0.016864 0.057029 0.135932 0.988932
14.754000000 -1.599156 -0.264888 2.928224 0.016692 0.056957 0.136099 0.988916
14.759000000 -1.596682 -0.263417 2.928372 0.016535 0.056882 0.136286 0.988897
14.764000000 -1.594182 -0.261950 2.928491 0.016395 0.056809 0.136492 0.988875
14.769000000 -1.591657 -0.260486 2.928582 0.016272 0.056739 0.136716 0.988850
14.774000000 -1.589107 -0.259027 2.928643 0.016166 0.056676 0.136960 0.988822
14.779000000 -1.586532 -0.257571 2.928677 0.016075 0.056622 0.137223 0.988790
14.784000000 -1.583931 -0.256118 2.928681 0.016000 0.056579 0.137504 0.988754
14.789000000 -1.581305 -0.254670 2.928657 0.015941 0.056551 0.137805 0.988715
14.794000000 -1.578654 -0.253225 2.928605 0.015895 0.056538 0.138123 0.988672
14.799000000 -1.575977 -0.251783 2.928525 0.015864 0.056547 0.138461 0.988625
14.804000000 -1.573276 -0.250345 2.928416 0.015845 0.056580 0.138817 0.988573
14.809000000 -1.570549 -0.248910 2.928279 0.015837 0.056638 0.139191 0.988518
14.814000000 -1.567797 -0.247479 2.928113 0.015841 0.056722 0.139583 0.988457
14.819000000 -1.565020 -0.246052 2.927920 0.015853 0.056834 0.139994 0.988393
14.824000000 -1.562217 -0.244628 2.927698 0.015874 0.056975 0.140422 0.988324
14.829000000 -1.559389 -0.243207 2.927448 0.015902 0.057144 0.140868 0.988250
14.834000000 -1.556536 -0.241790 2.927170 0.015936 0.057338 0.141331 0.988172
14.839000000 -1.553657 -0.240376 2.926864 0.015975 0.057554 0.141812 0.988090
14.844000000 -1.550752 -0.238966 2.926530 0.016018 0.057790 0.142309 0.988004
14.849000000 -1.547821 -0.237559 2.926169 0.016063 0.058041 0.142824 0.987914
14.854000000 -1.544865 -0.236155 2.925780 0.016110 0.058303 0.143355 0.987821
14.859000000 -1.541882 -0.234755 2.925363 0.016157 0.058574 0.143903 0.987725
14.864000000 -1.538873 -0.233359 2.924918 0.016204 0.058852 0.144467 0.987625
14.869000000 -1.535838 -0.231966 2.924447 0.016249 0.059130 0.145046 0.987523
14.874000000 -1.532777 -0.230576 2.923947 0.016292 0.059402 0.145642 0.987418
14.879000000 -1.529689 -0.229189 2.923421 0.016331 0.059665 0.146254 0.987311
14.884000000 -1.526574 -0.227806 2.922868 0.016367 0.059913 0.146881 0.987202
14.889000000 -1.523432 -0.226426 2.922287 0.016399 0.060140 0.147522 0.987092
14.894000000 -1.520263 -0.225050 2.921680 0.016425 0.060340 0.148179 0.986981
14.899000000 -1.517068 -0.223677 2.921047 0.016447 0.060504 0.148849 0.986870
14.904000000 -1.513845 -0.222307 2.920387 0.016462 0.060627 0.149534 0.986759
14.909000000 -1.510595 -0.220940 2.919700 0.016472 0.060701 0.150231 0.986648
14.914000000 -1.507317 -0.219577 2.918988 0.016475 0.060721 0.150942 0.986538
14.919000000 -1.504013 -0.218217 2.918250 0.016472 0.060682 0.151665 0.986430
14.924000000 -1.500680 -0.216860 2.917487 0.016463 0.060582 0.152401 0.986323
14.929000000 -1.497321 -0.215506 2.916698 0.016448 0.060422 0.153149 0.986217
14.934000000 -1.493934 -0.214156 2.915884 0.016428 0.060204 0.153910 0.986112
14.939000000 -1.490520 -0.212808 2.915045 0.016402 0.059925 0.154682 0.986009
14.944000000 -1.487080 -0.211464 2.914180 0.016372 0.059589 0.155464 0.985907
14.949000000 -1.483612 -0.210123 2.913292 0.016337 0.059193 0.156258 0.985806
14.954000000 -1.480117 -0.208786 2.912378 0.016297 0.058738 0.157062 0.985706
14.959000000 -1.476596 -0.207451 2.911441 0.016254 0.058225 0.157877 0.985607
14.964000000 -1.473048 -0.206120 2.910479 0.016208 0.057655 0.158701 0.985509
14.969000000 -1.469474 -0.204791 2.909493 0.016159 0.057029 0.159534 0.985411
14.974000000 -1.465874 -0.203466 2.908485 0.016107 0.056351 0.160377 0.985314
14.979000000 -1.462249 -0.202144 2.907452 0.016053 0.055623 0.161229 0.985217
14.984000000 -1.458598 -0.200825 2.906397 0.015998 0.054849 0.162090 0.985121
14.989000000 -1.454922 -0.199510 2.905319 0.015942 0.054034 0.162959 0.985023
14.994000000 -1.451222 -0.198197 2.904218 0.015885 0.053183 0.163837 0.984925
14.999000000 -1.447497 -0.196888 2.903095 0.015828 0.052299 0.164722 0.984825
15.004000000 -1.443748 -0.195582 2.901950 0.015772 0.051388 0.165615 0.984724
15.009000000 -1.439976 -0.194280 2.900783 0.015717 0.050461 0.166515 0.984622
15.014000000 -1.436180 -0.192980 2.899594 0.015663 0.049526 0.167422 0.984516
15.019000000 -1.432362 -0.191684 2.898383 0.015612 0.048587 0.168336 0.984408
15.024000000 -1.428521 -0.190391 2.897151 0.015562 0.047649 0.169257 0.984296
15.029000000 -1.424659 -0.189102 2.895897 0.015516 0.046721 0.170184 0.984182
15.034000000 -1.420775 -0.187816 2.894623 0.015473 0.045811 0.171118 0.984063
15.039000000 -1.416869 -0.186534 2.893327 0.015433 0.044923 0.172058 0.983941
15.044000000 -1.412944 -0.185255 2.892011 0.015396 0.044060 0.173005 0.983814
15.049000000 -1.408997 -0.183979 2.890674 0.015364 0.043228 0.173958 0.983684
15.054000000 -1.405031 -0.182707 2.889317 0.015335 0.042432 0.174916 0.983549
15.059000000 -1.401045 -0.181439 2.887940 0.015310 0.041674 0.175880 0.983410
15.064000000 -1.397039 -0.180174 2.886542 0.015290 0.040954 0.176849 0.983267
15.069000000 -1.393015 -0.178913 2.885125 0.015272 0.040275 0.177824 0.983119
15.074000000 -1.388972 -0.177656 2.883688 0.015259 0.039640 0.178803 0.982968
15.079000000 -1.384910 -0.176402 2.882231 0.015250 0.039050 0.179787 0.982812
15.084000000 -1.380830 -0.175152 2.880755 0.015244 0.038504 0.180776 0.982652
15.089000000 -1.376732 -0.173906 2.879260 0.015241 0.038001 0.181770 0.982488
15.094000000 -1.372617 -0.172664 2.877746 0.015242 0.037538 0.182767 0.982321
15.099000000 -1.368483 -0.171425 2.876213 0.015246 0.037113 0.183768 0.982151
15.104000000 -1.364333 -0.170190 2.874661 0.015252 0.036722 0.184772 0.981977
15.109000000 -1.360165 -0.168959 2.873091 0.015259 0.036360 0.185780 0.981800
15.114000000 -1.355979 -0.167732 2.871502 0.015269 0.036023 0.186790 0.981620
15.119000000 -1.351777 -0.166509 2.869896 0.015280 0.035712 0.187803 0.981438
15.124000000 -1.347558 -0.165290 2.868272 0.015293 0.035427 0.188819 0.981253
15.129000000 -1.343323 -0.164074 2.866629 0.015307 0.035165 0.189837 0.981066
15.134000000 -1.339070 -0.162863 2.864969 0.015323 0.034924 0.190858 0.980877
15.139000000 -1.334802 -0.161655 2.863291 0.015340 0.034700 0.191880 0.980685
15.144000000 -1.330516 -0.160452 2.861596 0.015358 0.034489 0.192904 0.980491
15.149000000 -1.326215 -0.159252 2.859883 0.015375 0.034284 0.193930 0.980295
15.154000000 -1.321897 -0.158057 2.858154 0.015393 0.034081 0.194957 0.980099
15.159000000 -1.317563 -0.156865 2.856408 0.015411 0.033878 0.195985 0.979900
15.164000000 -1.313212 -0.155677 2.854644 0.015428 0.033674 0.197013 0.979701
15.169000000 -1.308846 -0.154494 2.852865 0.015445 0.033462 0.198041 0.979501
15.174000000 -1.304464 -0.153314 2.851068 0.015461 0.033237 0.199070 0.979300
15.179000000 -1.300066 -0.152139 2.849256 0.015477 0.032996 0.200098 0.979098
15.184000000 -1.295652 -0.150967 2.847427 0.015491 0.032737 0.201126 0.978896
15.189000000 -1.291222 -0.149800 2.845582 0.015505 0.032452 0.202152 0.978693
15.194000000 -1.286777 -0.148636 2.843722 0.015516 0.032136 0.203178 0.978491
15.199000000 -1.282316 -0.147477 2.841847 0.015526 0.031781 0.204201 0.978290
15.204000000 -1.277841 -0.146322 2.839956 0.015532 0.031385 0.205222 0.978089
15.209000000 -1.273349 -0.145171 2.838050 0.015537 0.030947 0.206241 0.977888
15.214000000 -1.268843 -0.144024 2.836130 0.015539 0.030466 0.207256 0.977689
15.219000000 -1.264323 -0.142882 2.834194 0.015538 0.029939 0.208269 0.977490
15.224000000 -1.259787 -0.141744 2.832245 0.015535 0.029364 0.209277 0.977292
15.229000000 -1.255238 -0.140610 2.830281 0.015529 0.028742 0.210282 0.977095
15.234000000 -1.250674 -0.139480 2.828304 0.015520 0.028074 0.211282 0.976899
15.239000000 -1.246097 -0.138355 2.826312 0.015509 0.027359 0.212279 0.976703
15.244000000 -1.241506 -0.137234 2.824307 0.015494 0.026597 0.213270 0.976508
15.249000000 -1.236902 -0.136118 2.822289 0.015477 0.025791 0.214257 0.976314
15.254000000 -1.232285 -0.135006 2.820258 0.015458 0.024945 0.215239 0.976120
15.259000000 -1.227657 -0.133899 2.818214 0.015436 0.024059 0.216216 0.975927
15.264000000 -1.223016 -0.132797 2.816157 0.015411 0.023139 0.217187 0.975734
15.269000000 -1.218363 -0.131699 2.814088 0.015384 0.022186 0.218153 0.975541
15.274000000 -1.213700 -0.130607 2.812007 0.015355 0.021205 0.219112 0.975348
15.279000000 -1.209025 -0.129519 2.809914 0.015324 0.020197 0.220065 0.975156
15.284000000 -1.204341 -0.128436 2.807809 0.015290 0.019166 0.221012 0.974963
15.289000000 -1.199647 -0.127359 2.805692 0.015254 0.018112 0.221953 0.974770
15.294000000 -1.194943 -0.126287 2.803565 0.015214 0.017041 0.222887 0.974577
15.299000000 -1.190231 -0.125220 2.801427 0.015173 0.015956 0.223814 0.974383
15.304000000 -1.185510 -0.124158 2.799277 0.015130 0.014866 0.224735 0.974189
15.309000000 -1.180781 -0.123102 2.797118 0.015085 0.013773 0.225649 0.973995
15.314000000 -1.176045 -0.122051 2.794948 0.015039 0.012681 0.226556 0.973800
15.319000000 -1.171302 -0.121006 2.792768 0.014994 0.011596 0.227456 0.973604
15.324000000 -1.166553 -0.119967 2.790577 0.014968 0.010524 0.228349 0.973407
15.329000000 -1.161798 -0.118934 2.788377 0.014982 0.009471 0.229234 0.973210
15.334000000 -1.157037 -0.117906 2.786168 0.015055 0.008443 0.230112 0.973011
15.339000000 -1.152272 -0.116885 2.783949 0.015203 0.007447 0.230982 0.972811
15.344000000 -1.147502 -0.115870 2.781722 0.015439 0.006492 0.231844 0.972609
15.349000000 -1.142728 -0.114861 2.779485 0.015770 0.005582 0.232698 0.972405
15.354000000 -1.137950 -0.113860 2.777240 0.016206 0.004726 0.233544 0.972200
15.359000000 -1.133169 -0.112865 2.774987 0.016749 0.003928 0.234381 0.971993
15.364000000 -1.128384 -0.111878 2.772725 0.017400 0.003193 0.235210 0.971783
15.369000000 -1.123597 -0.110898 2.770456 0.018160 0.002526 0.236031 0.971572
15.374000000 -1.118807 -0.109927 2.768180 0.019024 0.001931 0.236844 0.971360
15.379000000 -1.114015 -0.108964 2.765896 0.019988 0.001410 0.237648 0.971145
15.384000000 -1.109220 -0.108011 2.763605 0.021046 0.000965 0.238444 0.970928
15.389000000 -1.104423 -0.107067 2.761308 0.022188 0.000596 0.239233 0.970709
15.394000000 -1.099623 -0.106134 2.759004 0.023405 0.000306 0.240013 0.970487
15.399000000 -1.094822 -0.105212 2.756695 0.024687 0.000093 0.240785 0.970264
15.404000000 -1.090018 -0.104301 2.754380 0.026022 -0.000043 0.241550 0.970039
15.409000000 -1.085212 -0.103403 2.752059 0.027398 -0.000103 0.242307 0.969813
15.414000000 -1.080403 -0.102517 2.749733 0.028804 -0.000087 0.243057 0.969584
15.419000000 -1.075591 -0.101645 2.747402 0.030226 0.000000 0.243800 0.969354
15.424000000 -1.070776 -0.100787 2.745067 0.031653 0.000157 0.244536 0.969123
15.429000000 -1.065958 -0.099944 2.742727 0.033072 0.000380 0.245265 0.968892
15.434000000 -1.061137 -0.099116 2.740382 0.034472 0.000665 0.245988 0.968659
15.439000000 -1.056312 -0.098305 2.738034 0.035841 0.001011 0.246706 0.968427
15.444000000 -1.051482 -0.097510 2.735681 0.037173 0.001416 0.247417 0.968195
15.449000000 -1.046648 -0.096733 2.733325 0.038455 0.001874 0.248124 0.967963
15.454000000 -1.041809 -0.095974 2.730965 0.039680 0.002381 0.248826 0.967732
15.459000000 -1.036965 -0.095233 2.728602 0.040840 0.002932 0.249524 0.967503
15.464000000 -1.032115 -0.094511 2.726236 0.041927 0.003520 0.250218 0.967275
15.469000000 -1.027259 -0.093808 2.723867 0.042938 0.004141 0.250908 0.967049
15.474000000 -1.022396 -0.093125 2.721496 0.043866 0.004791 0.251596 0.966826
15.479000000 -1.017526 -0.092462 2.719121 0.044710 0.005464 0.252280 0.966605
15.484000000 -1.012649 -0.091820 2.716745 0.045465 0.006152 0.252963 0.966387
15.489000000 -1.007763 -0.091198 2.714367 0.046130 0.006848 0.253644 0.966173
15.494000000 -1.002870 -0.090597 2.711987 0.046702 0.007547 0.254324 0.965961
15.499000000 -0.997967 -0.090018 2.709605 0.047183 0.008242 0.255003 0.965753
15.504000000 -0.993056 -0.089460 2.707222 0.047574 0.008928 0.255681 0.965549
15.509000000 -0.988134 -0.088923 2.704839 0.047875 0.009599 0.256359 0.965348
15.514000000 -0.983203 -0.088408 2.702454 0.048093 0.010251 0.257037 0.965150
15.519000000 -0.978261 -0.087915 2.700069 0.048229 0.010880 0.257715 0.964955
15.524000000 -0.973309 -0.087443 2.697684 0.048289 0.011482 0.258394 0.964764
15.529000000 -0.968346 -0.086993 2.695299 0.048278 0.012055 0.259075 0.964575
15.534000000 -0.963371 -0.086564 2.692914 0.048203 0.012596 0.259757 0.964388
15.539000000 -0.958385 -0.086156 2.690530 0.048071 0.013103 0.260440 0.964203
15.544000000 -0.953387 -0.085770 2.688146 0.047889 0.013578 0.261126 0.964020
15.549000000 -0.948377 -0.085405 2.685764 0.047666 0.014021 0.261815 0.963838
15.554000000 -0.943355 -0.085060 2.683382 0.047413 0.014436 0.262506 0.963657
15.559000000 -0.938320 -0.084737 2.681002 0.047135 0.014822 0.263201 0.963475
15.564000000 -0.933273 -0.084434 2.678623 0.046841 0.015179 0.263899 0.963293
15.569000000 -0.928213 -0.084152 2.676247 0.046539 0.015511 0.264601 0.963110
15.574000000 -0.923140 -0.083889 2.673872 0.046238 0.015822 0.265307 0.962925
15.579000000 -0.918054 -0.083647 2.671500 0.045943 0.016111 0.266018 0.962738
15.584000000 -0.912954 -0.083425 2.669130 0.045660 0.016381 0.266733 0.962549
15.589000000 -0.907842 -0.083223 2.666763 0.045395 0.016633 0.267454 0.962357
15.594000000 -0.902716 -0.083040 2.664399 0.045156 0.016872 0.268180 0.962162
15.599000000 -0.897576 -0.082876 2.662038 0.044943 0.017095 0.268912 0.961964
15.604000000 -0.892423 -0.082732 2.659681 0.044761 0.017305 0.269649 0.961762
15.609000000 -0.887257 -0.082607 2.657328 0.044612 0.017504 0.270393 0.961557
15.614000000 -0.882076 -0.082501 2.654979 0.044503 0.017696 0.271142 0.961347
15.619000000 -0.876881 -0.082415 2.652634 0.044432 0.017881 0.271897 0.961134
15.624000000 -0.871673 -0.082347 2.650293 0.044401 0.018061 0.272659 0.960916
15.629000000 -0.866450 -0.082298 2.647957 0.044412 0.018238 0.273427 0.960694
15.634000000 -0.861213 -0.082268 2.645627 0.044466 0.018417 0.274203 0.960467
15.639000000 -0.855962 -0.082257 2.643301 0.044562 0.018596 0.274985 0.960235
15.644000000 -0.850696 -0.082265 2.640981 0.044697 0.018776 0.275774 0.959999
15.649000000 -0.845416 -0.082292 2.638666 0.044873 0.018961 0.276571 0.959758
15.654000000 -0.840121 -0.082338 2.636358 0.045087 0.019151 0.277376 0.959512
15.659000000 -0.834811 -0.082403 2.634055 0.045335 0.019347 0.278188 0.959261
15.664000000 -0.829485 -0.082487 2.631759 0.045616 0.019547 0.279008 0.959005
15.669000000 -0.824145 -0.082591 2.629469 0.045924 0.019752 0.279836 0.958745
15.674000000 -0.818789 -0.082714 2.627186 0.046255 0.019958 0.280672 0.958481
15.679000000 -0.813418 -0.082857 2.624910 0.046604 0.020166 0.281517 0.958212
15.684000000 -0.808031 -0.083019 2.622640 0.046969 0.020375 0.282369 0.957939
15.689000000 -0.802628 -0.083202 2.620378 0.047342 0.020582 0.283230 0.957662
15.694000000 -0.797208 -0.083404 2.618122 0.047719 0.020786 0.284099 0.957381
15.699000000 -0.791773 -0.083627 2.615874 0.048094 0.020984 0.284976 0.957097
15.704000000 -0.786321 -0.083869 2.613633 0.048462 0.021171 0.285861 0.956811
15.709000000 -0.780853 -0.084133 2.611399 0.048818 0.021347 0.286754 0.956521
15.714000000 -0.775367 -0.084416 2.609173 0.049158 0.021511 0.287656 0.956229
15.719000000 -0.769865 -0.084721 2.606954 0.049478 0.021659 0.288566 0.955935
15.724000000 -0.764346 -0.085046 2.604743 0.049774 0.021789 0.289484 0.955640
15.729000000 -0.758810 -0.085392 2.602539 0.050041 0.021899 0.290409 0.955342
15.734000000 -0.753256 -0.085759 2.600343 0.050277 0.021989 0.291343 0.955044
15.739000000 -0.747685 -0.086148 2.598154 0.050477 0.022054 0.292284 0.954744
15.744000000 -0.742096 -0.086557 2.595973 0.050639 0.022092 0.293233 0.954443
15.749000000 -0.736490 -0.086988 2.593801 0.050763 0.022104 0.294189 0.954142
15.754000000 -0.730867 -0.087440 2.591635 0.050849 0.022091 0.295153 0.953840
15.759000000 -0.725225 -0.087913 2.589478 0.050895 0.022053 0.296124 0.953538
15.764000000 -0.719566 -0.088407 2.587329 0.050901 0.021987 0.297103 0.953234
15.769000000 -0.713890 -0.088923 2.585188 0.050867 0.021896 0.298089 0.952930
15.774000000 -0.708196 -0.089461 2.583055 0.050795 0.021780 0.299083 0.952625
15.779000000 -0.702484 -0.090019 2.580930 0.050687 0.021641 0.300083 0.952320
15.784000000 -0.696755 -0.090599 2.578814 0.050543 0.021478 0.301091 0.952013
15.789000000 -0.691008 -0.091199 2.576706 0.050365 0.021293 0.302105 0.951705
15.794000000 -0.685244 -0.091821 2.574606 0.050157 0.021087 0.303125 0.951396
15.799000000 -0.679463 -0.092464 2.572514 0.049917 0.020860 0.304153 0.951086
15.804000000 -0.673665 -0.093128 2.570432 0.049649 0.020612 0.305186 0.950774
15.809000000 -0.667849 -0.093812 2.568358 0.049352 0.020341 0.306226 0.950461
15.814000000 -0.662017 -0.094518 2.566292 0.049029 0.020050 0.307271 0.950147
15.819000000 -0.656169 -0.095243 2.564236 0.048682 0.019739 0.308322 0.949830
15.824000000 -0.650304 -0.095989 2.562188 0.048315 0.019410 0.309379 0.949512
15.829000000 -0.644422 -0.096756 2.560149 0.047933 0.019069 0.310441 0.949192
15.834000000 -0.638525 -0.097542 2.558120 0.047543 0.018719 0.311509 0.948868
15.839000000 -0.632612 -0.098349 2.556099 0.047147 0.018364 0.312582 0.948542
15.844000000 -0.626683 -0.099175 2.554088 0.046750 0.018006 0.313660 0.948213
15.849000000 -0.620739 -0.100021 2.552087 0.046355 0.017648 0.314744 0.947880
15.854000000 -0.614779 -0.100886 2.550094 0.045966 0.017292 0.315832 0.947543
15.859000000 -0.608805 -0.101771 2.548111 0.045585 0.016941 0.316925 0.947203
15.864000000 -0.602816 -0.102675 2.546138 0.045214 0.016594 0.318024 0.946859
15.869000000 -0.596812 -0.103598 2.544175 0.044851 0.016251 0.319127 0.946511
15.874000000 -0.590794 -0.104541 2.542221 0.044500 0.015911 0.320234 0.946159
15.879000000 -0.584762 -0.105501 2.540278 0.044164 0.015580 0.321346 0.945803
15.884000000 -0.578715 -0.106481 2.538344 0.043847 0.015260 0.322462 0.945443
15.889000000 -0.572655 -0.107479 2.536420 0.043550 0.014953 0.323583 0.945079
15.894000000 -0.566582 -0.108496 2.534507 0.043274 0.014659 0.324708 0.944710
15.899000000 -0.560495 -0.109531 2.532604 0.043019 0.014378 0.325837 0.944337
15.904000000 -0.554394 -0.110584 2.530711 0.042784 0.014108 0.326969 0.943961
15.909000000 -0.548281 -0.111656 2.528828 0.042570 0.013851 0.328104 0.943580
15.914000000 -0.542154 -0.112745 2.526957 0.042380 0.013610 0.329243 0.943195
15.919000000 -0.536014 -0.113853 2.525095 0.042212 0.013384 0.330385 0.942807
15.924000000 -0.529862 -0.114979 2.523245 0.042067 0.013172 0.331531 0.942414
15.929000000 -0.523697 -0.116122 2.521405 0.041942 0.012973 0.332679 0.942018
15.934000000 -0.517520 -0.117284 2.519576 0.041834 0.012784 0.333831 0.941618
15.939000000 -0.511330 -0.118463 2.517758 0.041742 0.012605 0.334985 0.941214
15.944000000 -0.505127 -0.119661 2.515951 0.041665 0.012433 0.336143 0.940807
15.949000000 -0.498913 -0.120876 2.514155 0.041602 0.012271 0.337304 0.940396
15.954000000 -0.492686 -0.122109 2.512371 0.041555 0.012118 0.338467 0.939982
15.959000000 -0.486447 -0.123359 2.510597 0.041522 0.011975 0.339634 0.939564
15.964000000 -0.480195 -0.124628 2.508835 0.041500 0.011839 0.340803 0.939144
15.969000000 -0.473932 -0.125914 2.507085 0.041490 0.011711 0.341976 0.938719
15.974000000 -0.467656 -0.127218 2.505346 0.041492 0.011591 0.343151 0.938292
15.979000000 -0.461369 -0.128540 2.503618 0.041502 0.011477 0.344329 0.937861
15.984000000 -0.455069 -0.129880 2.501903 0.041518 0.011366 0.345509 0.937427
15.989000000 -0.448758 -0.131238 2.500199 0.041538 0.011258 0.346692 0.936991
15.994000000 -0.442434 -0.132613 2.498507 0.041562 0.011153 0.347876 0.936552
15.999000000 -0.436099 -0.134007 2.496826 0.041588 0.011049 0.349063 0.936111
16.004000000 -0.429752 -0.135418 2.495158 0.041613 0.010944 0.350250 0.935667
16.009000000 -0.423392 -0.136847 2.493501 0.041635 0.010834 0.351440 0.935222
16.014000000 -0.417021 -0.138294 2.491857 0.041648 0.010717 0.352631 0.934774
16.019000000 -0.410639 -0.139759 2.490224 0.041650 0.010588 0.353823 0.934325
16.024000000 -0.404244 -0.141242 2.488603 0.041636 0.010445 0.355016 0.933874
16.029000000 -0.397838 -0.142743 2.486995 0.041608 0.010288 0.356209 0.933423
16.034000000 -0.391420 -0.144262 2.485398 0.041564 0.010116 0.357404 0.932970
16.039000000 -0.384990 -0.145799 2.483813 0.041502 0.009927 0.358600 0.932516
16.044000000 -0.378549 -0.147353 2.482240 0.041419 0.009717 0.359795 0.932061
16.049000000 -0.372097 -0.148926 2.480679 0.041315 0.009488 0.360991 0.931605
16.054000000 -0.365633 -0.150516 2.479130 0.041191 0.009240 0.362187 0.931149
16.059000000 -0.359158 -0.152124 2.477593 0.041046 0.008971 0.363382 0.930692
16.064000000 -0.352672 -0.153750 2.476067 0.040880 0.008683 0.364577 0.930235
16.069000000 -0.346175 -0.155394 2.474554 0.040691 0.008373 0.365772 0.929777
16.074000000 -0.339668 -0.157055 2.473053 0.040478 0.008041 0.366966 0.929319
16.079000000 -0.333150 -0.158734 2.471563 0.040240 0.007684 0.368159 0.928860
16.084000000 -0.326621 -0.160430 2.470085 0.039974 0.007303 0.369350 0.928401
16.089000000 -0.320083 -0.162144 2.468620 0.039683 0.006897 0.370540 0.927943
16.094000000 -0.313534 -0.163876 2.467166 0.039366 0.006467 0.371730 0.927484
16.099000000 -0.306976 -0.165624 2.465723 0.039023 0.006014 0.372917 0.927024
16.104000000 -0.300409 -0.167390 2.464293 0.038656 0.005539 0.374103 0.926565
16.109000000 -0.293832 -0.169173 2.462875 0.038265 0.005042 0.375287 0.926105
16.114000000 -0.287247 -0.170973 2.461468 0.037853 0.004525 0.376470 0.925644
16.119000000 -0.280653 -0.172790 2.460073 0.037420 0.003991 0.377650 0.925183
16.124000000 -0.274051 -0.174624 2.458690 0.036970 0.003441 0.378829 0.924722
16.129000000 -0.267441 -0.176474 2.457319 0.036503 0.002877 0.380006 0.924259
16.134000000 -0.260824 -0.178341 2.455960 0.036024 0.002302 0.381180 0.923796
16.139000000 -0.254199 -0.180225 2.454613 0.035533 0.001718 0.382352 0.923332
16.144000000 -0.247568 -0.182124 2.453277 0.035037 0.001129 0.383521 0.922867
16.149000000 -0.240930 -0.184040 2.451954 0.034538 0.000540 0.384688 0.922400
16.154000000 -0.234286 -0.185972 2.450642 0.034043 -0.000044 0.385853 0.921932
16.159000000 -0.227636 -0.187920 2.449342 0.033554 -0.000622 0.387014 0.921463
16.164000000 -0.220981 -0.189883 2.448054 0.033075 -0.001190 0.388173 0.920992
16.169000000 -0.214321 -0.191862 2.446778 0.032608 -0.001746 0.389330 0.920519
16.174000000 -0.207656 -0.193856 2.445514 0.032156 -0.002286 0.390484 0.920045
16.179000000 -0.200987 -0.195866 2.444262 0.031720 -0.002812 0.391634 0.919570
16.184000000 -0.194314 -0.197892 2.443022 0.031298 -0.003321 0.392782 0.919093
16.189000000 -0.187637 -0.199932 2.441794 0.030891 -0.003815 0.393927 0.918615
16.194000000 -0.180957 -0.201987 2.440578 0.030501 -0.004293 0.395069 0.918135
16.199000000 -0.174273 -0.204058 2.439374 0.030126 -0.004754 0.396207 0.917654
16.204000000 -0.167587 -0.206143 2.438182 0.029765 -0.005199 0.397342 0.917173
16.209000000 -0.160898 -0.208243 2.437001 0.029419 -0.005629 0.398474 0.916690
16.214000000 -0.154206 -0.210358 2.435833 0.029088 -0.006044 0.399603 0.916207
16.219000000 -0.147513 -0.212488 2.434677 0.028774 -0.006440 0.400728 0.915723
16.224000000 -0.140818 -0.214632 2.433533 0.028480 -0.006818 0.401850 0.915237
16.229000000 -0.134121 -0.216790 2.432401 0.028205 -0.007178 0.402968 0.914751
16.234000000 -0.127422 -0.218963 2.431280 0.027950 -0.007518 0.404083 0.914264
16.239000000 -0.120723 -0.221151 2.430172 0.027715 -0.007841 0.405194 0.913777
16.244000000 -0.114022 -0.223353 2.429076 0.027497 -0.008148 0.406302 0.913289
16.249000000 -0.107321 -0.225569 2.427992 0.027297 -0.008438 0.407405 0.912800
16.254000000 -0.100618 -0.227799 2.426920 0.027114 -0.008714 0.408505 0.912312
16.259000000 -0.093915 -0.230044 2.425860 0.026946 -0.008976 0.409600 0.911823
16.264000000 -0.087212 -0.232302 2.424812 0.026792 -0.009226 0.410691 0.911334
16.269000000 -0.080508 -0.234575 2.423777 0.026651 -0.009466 0.411779 0.910845
16.274000000 -0.073805 -0.236862 2.422753 0.026522 -0.009695 0.412862 0.910356
16.279000000 -0.067101 -0.239164 2.421741 0.026402 -0.009918 0.413942 0.909866
16.284000000 -0.060397 -0.241479 2.420742 0.026288 -0.010136 0.415017 0.909377
16.289000000 -0.053693 -0.243808 2.419755 0.026179 -0.010350 0.416088 0.908888
16.294000000 -0.046990 -0.246152 2.418779 0.026077 -0.010561 0.417155 0.908400
16.299000000 -0.040287 -0.248510 2.417816 0.025976 -0.010771 0.418218 0.907911
16.304000000 -0.033585 -0.250882 2.416865 0.025875 -0.010982 0.419277 0.907423
16.309000000 -0.026883 -0.253268 2.415927 0.025768 -0.011199 0.420332 0.906935
16.314000000 -0.020182 -0.255668 2.415000 0.025655 -0.011421 0.421382 0.906448
16.319000000 -0.013481 -0.258082 2.414085 0.025534 -0.011650 0.422428 0.905962
16.324000000 -0.006782 -0.260510 2.413183 0.025406 -0.011885 0.423469 0.905476
16.329000000 -0.000083 -0.262952 2.412293 0.025267 -0.012127 0.424505 0.904992
16.334000000 0.006614 -0.265408 2.411414 0.025117 -0.012376 0.425537 0.904508
16.339000000 0.013310 -0.267879 2.410548 0.024953 -0.012632 0.426565 0.904024
16.344000000 0.020004 -0.270363 2.409694 0.024770 -0.012898 0.427588 0.903542
16.349000000 0.026697 -0.272861 2.408852 0.024564 -0.013174 0.428607 0.903061
16.354000000 0.033388 -0.275374 2.408022 0.024333 -0.013460 0.429622 0.902581
16.359000000 0.040078 -0.277900 2.407204 0.024076 -0.013756 0.430632 0.902102
16.364000000 0.046765 -0.280440 2.406398 0.023795 -0.014058 0.431638 0.901624
16.369000000 0.053450 -0.282994 2.405604 0.023486 -0.014368 0.432639 0.901147
16.374000000 0.060132 -0.285561 2.404821 0.023146 -0.014686 0.433637 0.900671
16.379000000 0.066812 -0.288142 2.404051 0.022773 -0.015012 0.434631 0.900196
16.384000000 0.073488 -0.290737 2.403292 0.022367 -0.015346 0.435621 0.899722
16.389000000 0.080162 -0.293345 2.402545 0.021924 -0.015687 0.436606 0.899249
16.394000000 0.086832 -0.295966 2.401809 0.021446 -0.016035 0.437589 0.898776
16.399000000 0.093499 -0.298600 2.401086 0.020935 -0.016387 0.438567 0.898305
16.404000000 0.100162 -0.301248 2.400373 0.020395 -0.016741 0.439542 0.897834
16.409000000 0.106820 -0.303908 2.399673 0.019827 -0.017095 0.440513 0.897364
16.414000000 0.113475 -0.306580 2.398984 0.019232 -0.017448 0.441481 0.896895
16.419000000 0.120124 -0.309265 2.398307 0.018613 -0.017800 0.442446 0.896425
16.424000000 0.126768 -0.311963 2.397641 0.017972 -0.018148 0.443407 0.895956
16.429000000 0.133408 -0.314672 2.396987 0.017311 -0.018492 0.444365 0.895487
16.434000000 0.140041 -0.317393 2.396345 0.016634 -0.018830 0.445321 0.895018
16.439000000 0.146669 -0.320126 2.395714 0.015941 -0.019162 0.446273 0.894550
16.444000000 0.153290 -0.322870 2.395094 0.015233 -0.019490 0.447222 0.894081
16.449000000 0.159905 -0.325624 2.394486 0.014510 -0.019812 0.448168 0.893612
16.454000000 0.166513 -0.328390 2.393889 0.013774 -0.020129 0.449112 0.893143
16.459000000 0.173115 -0.331166 2.393303 0.013026 -0.020441 0.450052 0.892673
16.464000000 0.179708 -0.333953 2.392729 0.012269 -0.020749 0.450990 0.892204
16.469000000 0.186294 -0.336749 2.392166 0.011507 -0.021048 0.451925 0.891733
16.474000000 0.192872 -0.339556 2.391615 0.010743 -0.021325 0.452858 0.891263
16.479000000 0.199442 -0.342371 2.391076 0.009979 -0.021569 0.453788 0.890793
16.484000000 0.206003 -0.345196 2.390549 0.009215 -0.021767 0.454716 0.890323
16.489000000 0.212556 -0.348030 2.390034 0.008456 -0.021908 0.455642 0.889853
16.494000000 0.219099 -0.350872 2.389532 0.007706 -0.021983 0.456566 0.889385
16.499000000 0.225633 -0.353723 2.389043 0.006967 -0.021983 0.457488 0.888917
16.504000000 0.232157 -0.356582 2.388566 0.006243 -0.021902 0.458407 0.888450
16.509000000 0.238672 -0.359448 2.388103 0.005536 -0.021734 0.459325 0.887985
16.514000000 0.245177 -0.362321 2.387652 0.004850 -0.021475 0.460241 0.887521
16.519000000 0.251673 -0.365202 2.387214 0.004186 -0.021124 0.461155 0.887058
16.524000000 0.258159 -0.368089 2.386789 0.003545 -0.020681 0.462066 0.886597
16.529000000 0.264635 -0.370982 2.386377 0.002931 -0.020145 0.462976 0.886137
16.534000000 0.271102 -0.373880 2.385978 0.002348 -0.019517 0.463883 0.885678
16.539000000 0.277559 -0.376784 2.385592 0.001797 -0.018799 0.464789 0.885220
16.544000000 0.284007 -0.379693 2.385219 0.001281 -0.017995 0.465693 0.884763
16.549000000 0.290447 -0.382607 2.384858 0.000798 -0.017111 0.466594 0.884306
16.554000000 0.296877 -0.385524 2.384510 0.000350 -0.016152 0.467494 0.883849
16.559000000 0.303300 -0.388445 2.384175 -0.000064 -0.015125 0.468392 0.883391
16.564000000 0.309714 -0.391369 2.383852 -0.000441 -0.014037 0.469288 0.882934
16.569000000 0.316121 -0.394296 2.383541 -0.000784 -0.012895 0.470182 0.882475
16.574000000 0.322522 -0.397225 2.383243 -0.001095 -0.011708 0.471075 0.882015
16.579000000 0.328915 -0.400156 2.382957 -0.001376 -0.010487 0.471966 0.881554
16.584000000 0.335303 -0.403089 2.382683 -0.001627 -0.009238 0.472855 0.881090
16.589000000 0.341684 -0.406023 2.382421 -0.001850 -0.007970 0.473744 0.880625
16.594000000 0.348061 -0.408957 2.382172 -0.002042 -0.006690 0.474631 0.880157
16.599000000 0.354434 -0.411892 2.381933 -0.002208 -0.005406 0.475518 0.879687
16.604000000 0.360802 -0.414826 2.381707 -0.002346 -0.004125 0.476404 0.879214
16.609000000 0.367167 -0.417760 2.381492 -0.002460 -0.002856 0.477290 0.878738
16.614000000 0.373529 -0.420693 2.381289 -0.002551 -0.001605 0.478176 0.878259
16.619000000 0.379889 -0.423625 2.381097 -0.002622 -0.000379 0.479063 0.877777
16.624000000 0.386247 -0.426555 2.380917 -0.002675 0.000816 0.479951 0.877291
16.629000000 0.392604 -0.429484 2.380747 -0.002711 0.001976 0.480840 0.876802
16.634000000 0.398960 -0.432410 2.380589 -0.002730 0.003098 0.481731 0.876309
16.639000000 0.405316 -0.435334 2.380442 -0.002736 0.004178 0.482625 0.875813
16.644000000 0.411672 -0.438256 2.380305 -0.002731 0.005212 0.483522 0.875312
16.649000000 0.418029 -0.441174 2.380180 -0.002717 0.006197 0.484423 0.874808
16.654000000 0.424387 -0.444089 2.380064 -0.002696 0.007132 0.485327 0.874300
16.659000000 0.430746 -0.447001 2.379960 -0.002672 0.008015 0.486235 0.873787
16.664000000 0.437107 -0.449909 2.379865 -0.002647 0.008844 0.487147 0.873271
16.669000000 0.443471 -0.452813 2.379781 -0.002621 0.009622 0.488065 0.872750
16.674000000 0.449837 -0.455713 2.379707 -0.002595 0.010350 0.488989 0.872225
16.679000000 0.456207 -0.458609 2.379643 -0.002573 0.011027 0.489917 0.871695
16.684000000 0.462579 -0.461501 2.379589 -0.002558 0.011653 0.490852 0.871161
16.689000000 0.468956 -0.464388 2.379544 -0.002553 0.012231 0.491793 0.870623
16.694000000 0.475336 -0.467271 2.379509 -0.002559 0.012763 0.492740 0.870079
16.699000000 0.481720 -0.470149 2.379484 -0.002574 0.013253 0.493694 0.869531
16.704000000 0.488108 -0.473021 2.379468 -0.002598 0.013708 0.494654 0.868978
16.709000000 0.494501 -0.475889 2.379461 -0.002633 0.014129 0.495622 0.868419
16.714000000 0.500898 -0.478752 2.379463 -0.002678 0.014521 0.496597 0.867856
16.719000000 0.507300 -0.481609 2.379474 -0.002737 0.014886 0.497579 0.867287
16.724000000 0.513708 -0.484462 2.379494 -0.002808 0.015230 0.498569 0.866712
16.729000000 0.520120 -0.487308 2.379523 -0.002894 0.015554 0.499565 0.866132
16.734000000 0.526537 -0.490149 2.379561 -0.002993 0.015863 0.500570 0.865546
16.739000000 0.532959 -0.492984 2.379607 -0.003104 0.016165 0.501581 0.864954
16.744000000 0.539387 -0.495813 2.379661 -0.003223 0.016464 0.502600 0.864356
16.749000000 0.545820 -0.498636 2.379724 -0.003350 0.016764 0.503626 0.863753
16.754000000 0.552259 -0.501453 2.379795 -0.003486 0.017067 0.504659 0.863143
16.759000000 0.558703 -0.504264 2.379875 -0.003627 0.017381 0.505699 0.862527
16.764000000 0.565153 -0.507068 2.379962 -0.003771 0.017711 0.506747 0.861905
16.769000000 0.571609 -0.509865 2.380057 -0.003917 0.018057 0.507801 0.861276
16.774000000 0.578071 -0.512656 2.380160 -0.004065 0.018422 0.508863 0.860641
16.779000000 0.584538 -0.515440 2.380271 -0.004214 0.018809 0.509931 0.860000
16.784000000 0.591012 -0.518216 2.380390 -0.004359 0.019223 0.511005 0.859351
16.789000000 0.597492 -0.520986 2.380516 -0.004501 0.019664 0.512087 0.858697
16.794000000 0.603978 -0.523748 2.380649 -0.004640 0.020132 0.513175 0.858035
16.799000000 0.610471 -0.526502 2.380790 -0.004777 0.020627 0.514270 0.857367
16.804000000 0.616971 -0.529248 2.380938 -0.004910 0.021150 0.515371 0.856692
16.809000000 0.623478 -0.531987 2.381094 -0.005039 0.021701 0.516479 0.856010
16.814000000 0.629991 -0.534717 2.381256 -0.005160 0.022281 0.517592 0.855322
16.819000000 0.636512 -0.537438 2.381425 -0.005275 0.022887 0.518711 0.854627
16.824000000 0.643040 -0.540151 2.381601 -0.005382 0.023517 0.519837 0.853925
16.829000000 0.649576 -0.542855 2.381784 -0.005480 0.024170 0.520968 0.853216
16.834000000 0.656121 -0.545550 2.381974 -0.005569 0.024843 0.522105 0.852501
16.839000000 0.662673 -0.548236 2.382170 -0.005648 0.025531 0.523248 0.851779
16.844000000 0.669234 -0.550912 2.382374 -0.005718 0.026230 0.524396 0.851051
16.849000000 0.675803 -0.553578 2.382583 -0.005780 0.026936 0.525550 0.850317
16.854000000 0.682382 -0.556234 2.382799 -0.005834 0.027643 0.526708 0.849576
16.859000000 0.688969 -0.558880 2.383022 -0.005881 0.028346 0.527872 0.848831
16.864000000 0.695567 -0.561515 2.383250 -0.005922 0.029041 0.529040 0.848079
16.869000000 0.702174 -0.564140 2.383485 -0.005959 0.029721 0.530213 0.847322
16.874000000 0.708791 -0.566754 2.383726 -0.005993 0.030381 0.531391 0.846560
16.879000000 0.715419 -0.569356 2.383974 -0.006026 0.031016 0.532574 0.845793
16.884000000 0.722057 -0.571948 2.384227 -0.006059 0.031623 0.533761 0.845022
16.889000000 0.728706 -0.574528 2.384486 -0.006090 0.032201 0.534953 0.844246
16.894000000 0.735366 -0.577096 2.384752 -0.006117 0.032749 0.536149 0.843466
16.899000000 0.742037 -0.579653 2.385023 -0.006140 0.033264 0.537349 0.842682
16.904000000 0.748719 -0.582197 2.385300 -0.006160 0.033746 0.538553 0.841893
16.909000000 0.755413 -0.584729 2.385583 -0.006179 0.034191 0.539761 0.841101
16.914000000 0.762119 -0.587250 2.385872 -0.006199 0.034596 0.540973 0.840305
16.919000000 0.768837 -0.589757 2.386167 -0.006220 0.034960 0.542189 0.839506
16.924000000 0.775567 -0.592252 2.386467 -0.006244 0.035283 0.543408 0.838704
16.929000000 0.782309 -0.594735 2.386773 -0.006270 0.035567 0.544630 0.837898
16.934000000 0.789063 -0.597204 2.387084 -0.006295 0.035815 0.545856 0.837090
16.939000000 0.795830 -0.599661 2.387402 -0.006321 0.036027 0.547085 0.836278
16.944000000 0.802609 -0.602105 2.387724 -0.006346 0.036206 0.548316 0.835463
16.949000000 0.809400 -0.604535 2.388053 -0.006373 0.036353 0.549549 0.834646
16.954000000 0.816204 -0.606953 2.388387 -0.006403 0.036468 0.550785 0.833825
16.959000000 0.823020 -0.609357 2.388726 -0.006434 0.036555 0.552023 0.833003
16.964000000 0.829848 -0.611749 2.389071 -0.006465 0.036619 0.553262 0.832177
16.969000000 0.836689 -0.614127 2.389421 -0.006498 0.036662 0.554503 0.831348
16.974000000 0.843543 -0.616491 2.389777 -0.006531 0.036686 0.555746 0.830517
16.979000000 0.850409 -0.618843 2.390138 -0.006567 0.036694 0.556989 0.829683
16.984000000 0.857287 -0.621181 2.390505 -0.006605 0.036688 0.558233 0.828846
16.989000000 0.864178 -0.623505 2.390876 -0.006649 0.036668 0.559478 0.828007
16.994000000 0.871081 -0.625816 2.391253 -0.006698 0.036637 0.560724 0.827164
16.999000000 0.877996 -0.628114 2.391636 -0.006754 0.036596 0.561971 0.826319
17.004000000 0.884923 -0.630398 2.392023 -0.006817 0.036549 0.563218 0.825472
17.009000000 0.891863 -0.632668 2.392416 -0.006886 0.036498 0.564464 0.824621
17.014000000 0.898815 -0.634925 2.392814 -0.006957 0.036451 0.565711 0.823768
17.019000000 0.905778 -0.637169 2.393218 -0.007032 0.036408 0.566957 0.822913
17.024000000 0.912754 -0.639399 2.393626 -0.007112 0.036370 0.568202 0.822054
17.029000000 0.919741 -0.641615 2.394040 -0.007198 0.036337 0.569446 0.821194
17.034000000 0.926740 -0.643817 2.394458 -0.007289 0.036312 0.570690 0.820330
17.039000000 0.933751 -0.646006 2.394882 -0.007384 0.036298 0.571932 0.819464
17.044000000 0.940774 -0.648181 2.395311 -0.007480 0.036298 0.573173 0.818596
17.049000000 0.947808 -0.650342 2.395745 -0.007577 0.036315 0.574412 0.817725
17.054000000 0.954854 -0.652489 2.396184 -0.007675 0.036348 0.575650 0.816852
17.059000000 0.961912 -0.654622 2.396628 -0.007772 0.036401 0.576886 0.815976
17.064000000 0.968981 -0.656741 2.397077 -0.007866 0.036475 0.578121 0.815098
17.069000000 0.976061 -0.658845 2.397531 -0.007958 0.036569 0.579353 0.814217
17.074000000 0.983153 -0.660936 2.397990 -0.008049 0.036682 0.580584 0.813334
17.079000000 0.990257 -0.663012 2.398454 -0.008141 0.036811 0.581812 0.812449
17.084000000 0.997372 -0.665074 2.398923 -0.008233 0.036956 0.583038 0.811562
17.089000000 1.004498 -0.667121 2.399397 -0.008323 0.037118 0.584262 0.810673
17.094000000 1.011637 -0.669154 2.399876 -0.008410 0.037299 0.585483 0.809782
17.099000000 1.018786 -0.671172 2.400360 -0.008494 0.037496 0.586702 0.808890
17.104000000 1.025947 -0.673176 2.400848 -0.008576 0.037707 0.587918 0.807996
17.109000000 1.033120 -0.675164 2.401341 -0.008657 0.037930 0.589131 0.807100
17.114000000 1.040304 -0.677137 2.401839 -0.008737 0.038161 0.590341 0.806204
17.119000000 1.047500 -0.679095 2.402342 -0.008818 0.038399 0.591549 0.805306
17.124000000 1.054708 -0.681038 2.402849 -0.008901 0.038642 0.592753 0.804408
17.129000000 1.061928 -0.682966 2.403361 -0.008984 0.038886 0.593954 0.803508
17.134000000 1.069159 -0.684878 2.403877 -0.009070 0.039132 0.595152 0.802609
17.139000000 1.076402 -0.686774 2.404398 -0.009156 0.039377 0.596347 0.801708
17.144000000 1.083657 -0.688655 2.404924 -0.009245 0.039621 0.597539 0.800807
17.149000000 1.090924 -0.690519 2.405454 -0.009335 0.039860 0.598727 0.799906
17.154000000 1.098204 -0.692368 2.405988 -0.009428 0.040093 0.599911 0.799006
17.159000000 1.105495 -0.694201 2.406527 -0.009521 0.040321 0.601092 0.798105
17.164000000 1.112798 -0.696017 2.407071 -0.009611 0.040546 0.602269 0.797205
17.169000000 1.120113 -0.697817 2.407618 -0.009701 0.040762 0.603442 0.796305
17.174000000 1.127441 -0.699600 2.408170 -0.009793 0.040966 0.604612 0.795406
17.179000000 1.134780 -0.701367 2.408727 -0.009886 0.041155 0.605778 0.794507
17.184000000 1.142132 -0.703117 2.409287 -0.009983 0.041326 0.606940 0.793610
17.189000000 1.149496 -0.704850 2.409852 -0.010081 0.041479 0.608098 0.792714
17.194000000 1.156872 -0.706567 2.410421 -0.010180 0.041614 0.609252 0.791819
17.199000000 1.164260 -0.708266 2.410994 -0.010282 0.041728 0.610401 0.790926
17.204000000 1.171661 -0.709949 2.411571 -0.010385 0.041820 0.611546 0.790034
17.209000000 1.179073 -0.711614 2.412152 -0.010492 0.041886 0.612687 0.789145
17.214000000 1.186498 -0.713261 2.412737 -0.010604 0.041926 0.613824 0.788258
17.219000000 1.193935 -0.714892 2.413326 -0.010723 0.041935 0.614956 0.787373
17.224000000 1.201383 -0.716505 2.413919 -0.010851 0.041911 0.616084 0.786490
17.229000000 1.208844 -0.718101 2.414515 -0.010989 0.041853 0.617207 0.785610
17.234000000 1.216317 -0.719679 2.415116 -0.011137 0.041760 0.618327 0.784732
17.239000000 1.223801 -0.721239 2.415720 -0.011299 0.041629 0.619441 0.783857
17.244000000 1.231296 -0.722783 2.416327 -0.011474 0.041461 0.620551 0.782985
17.249000000 1.238803 -0.724308 2.416938 -0.011665 0.041254 0.621655 0.782117
17.254000000 1.246322 -0.725816 2.417553 -0.011870 0.041011 0.622756 0.781251
17.259000000 1.253851 -0.727306 2.418171 -0.012090 0.040731 0.623851 0.780388
17.264000000 1.261391 -0.728779 2.418792 -0.012326 0.040416 0.624940 0.779528
17.269000000 1.268942 -0.730233 2.419417 -0.012577 0.040068 0.626024 0.778672
17.274000000 1.276504 -0.731671 2.420045 -0.012842 0.039690 0.627103 0.777818
17.279000000 1.284075 -0.733090 2.420676 -0.013121 0.039283 0.628176 0.776968
17.284000000 1.291656 -0.734492 2.421311 -0.013413 0.038852 0.629243 0.776121
17.289000000 1.299247 -0.735877 2.421949 -0.013716 0.038401 0.630305 0.775276
17.294000000 1.306847 -0.737243 2.422590 -0.014028 0.037934 0.631360 0.774434
17.299000000 1.314456 -0.738593 2.423235 -0.014345 0.037457 0.632409 0.773595
17.304000000 1.322074 -0.739924 2.423882 -0.014666 0.036976 0.633453 0.772758
17.309000000 1.329700 -0.741238 2.424533 -0.014990 0.036493 0.634490 0.771924
17.314000000 1.337334 -0.742535 2.425187 -0.015315 0.036011 0.635520 0.771092
17.319000000 1.344975 -0.743814 2.425844 -0.015641 0.035534 0.636544 0.770262
17.324000000 1.352624 -0.745075 2.426504 -0.015963 0.035069 0.637562 0.769435
17.329000000 1.360281 -0.746319 2.427167 -0.016281 0.034618 0.638573 0.768610
17.334000000 1.367944 -0.747546 2.427834 -0.016593 0.034184 0.639579 0.767786
17.339000000 1.375613 -0.748755 2.428503 -0.016901 0.033767 0.640577 0.766965
17.344000000 1.383289 -0.749946 2.429175 -0.017204 0.033368 0.641570 0.766145
17.349000000 1.390970 -0.751121 2.429851 -0.017501 0.032989 0.642557 0.765328
17.354000000 1.398658 -0.752277 2.430529 -0.017790 0.032634 0.643537 0.764512
17.359000000 1.406350 -0.753417 2.431211 -0.018071 0.032303 0.644512 0.763698
17.364000000 1.414048 -0.754539 2.431895 -0.018343 0.031998 0.645481 0.762885
17.369000000 1.421751 -0.755643 2.432582 -0.018609 0.031716 0.646445 0.762074
17.374000000 1.429459 -0.756730 2.433272 -0.018870 0.031454 0.647403 0.761265
17.379000000 1.437171 -0.757800 2.433964 -0.019127 0.031211 0.648355 0.760458
17.384000000 1.444887 -0.758852 2.434660 -0.019382 0.030984 0.649302 0.759652
17.389000000 1.452608 -0.759887 2.435357 -0.019635 0.030772 0.650245 0.758848
17.394000000 1.460332 -0.760904 2.436058 -0.019888 0.030572 0.651182 0.758045
17.399000000 1.468061 -0.761903 2.436761 -0.020140 0.030385 0.652114 0.757244
17.404000000 1.475793 -0.762885 2.437467 -0.020389 0.030213 0.653041 0.756445
17.409000000 1.483528 -0.763849 2.438175 -0.020636 0.030052 0.653963 0.755648
17.414000000 1.491266 -0.764796 2.438885 -0.020882 0.029902 0.654881 0.754852
17.419000000 1.499008 -0.765725 2.439598 -0.021127 0.029762 0.655794 0.754057
17.424000000 1.506753 -0.766636 2.440314 -0.021370 0.029633 0.656702 0.753265
17.429000000 1.514500 -0.767529 2.441032 -0.021611 0.029512 0.657606 0.752473
17.434000000 1.522250 -0.768405 2.441752 -0.021849 0.029400 0.658506 0.751683
17.439000000 1.530003 -0.769262 2.442474 -0.022087 0.029293 0.659402 0.750895
17.444000000 1.537758 -0.770102 2.443199 -0.022324 0.029192 0.660293 0.750108
17.449000000 1.545515 -0.770923 2.443925 -0.022561 0.029093 0.661181 0.749322
17.454000000 1.553275 -0.771727 2.444654 -0.022799 0.028993 0.662065 0.748538
17.459000000 1.561036 -0.772512 2.445385 -0.023041 0.028890 0.662946 0.747755
17.464000000 1.568799 -0.773279 2.446118 -0.023287 0.028781 0.663824 0.746972
17.469000000 1.576564 -0.774028 2.446853 -0.023537 0.028667 0.664698 0.746191
17.474000000 1.584330 -0.774759 2.447590 -0.023789 0.028549 0.665568 0.745411
17.479000000 1.592098 -0.775471 2.448329 -0.024043 0.028426 0.666436 0.744632
17.484000000 1.599867 -0.776165 2.449070 -0.024300 0.028298 0.667300 0.743854
17.489000000 1.607637 -0.776840 2.449813 -0.024559 0.028164 0.668162 0.743077
17.494000000 1.615408 -0.777497 2.450557 -0.024822 0.028022 0.669020 0.742301
17.499000000 1.623180 -0.778135 2.451303 -0.025090 0.027868 0.669876 0.741525
17.504000000 1.630952 -0.778755 2.452051 -0.025362 0.027701 0.670729 0.740751
17.509000000 1.638725 -0.779357 2.452800 -0.025640 0.027519 0.671580 0.739977
17.514000000 1.646498 -0.779939 2.453551 -0.025923 0.027319 0.672428 0.739204
17.519000000 1.654271 -0.780503 2.454303 -0.026212 0.027100 0.673273 0.738432
17.524000000 1.662044 -0.781048 2.455057 -0.026505 0.026861 0.674116 0.737661
17.529000000 1.669816 -0.781575 2.455812 -0.026804 0.026598 0.674957 0.736890
17.534000000 1.677588 -0.782082 2.456568 -0.027108 0.026314 0.675795 0.736121
17.539000000 1.685359 -0.782571 2.457325 -0.027412 0.026010 0.676631 0.735352
17.544000000 1.693129 -0.783042 2.458084 -0.027716 0.025688 0.677464 0.734584
17.549000000 1.700898 -0.783493 2.458843 -0.028018 0.025349 0.678296 0.733817
17.554000000 1.708666 -0.783926 2.459604 -0.028319 0.024993 0.679126 0.733050
17.559000000 1.716431 -0.784340 2.460366 -0.028615 0.024621 0.679954 0.732283
17.564000000 1.724195 -0.784735 2.461128 -0.028907 0.024237 0.680779 0.731516
17.569000000 1.731956 -0.785112 2.461891 -0.029191 0.023837 0.681604 0.730750
17.574000000 1.739715 -0.785470 2.462654 -0.029456 0.023408 0.682427 0.729985
17.579000000 1.747471 -0.785810 2.463416 -0.029688 0.022928 0.683250 0.729220
17.584000000 1.755223 -0.786131 2.464175 -0.029877 0.022382 0.684073 0.728457
17.589000000 1.762973 -0.786435 2.464930 -0.030013 0.021760 0.684898 0.727696
17.594000000 1.770719 -0.786721 2.465681 -0.030089 0.021055 0.685723 0.726935
17.599000000 1.778461 -0.786989 2.466428 -0.030102 0.020261 0.686551 0.726176
17.604000000 1.786199 -0.787240 2.467168 -0.030052 0.019374 0.687379 0.725418
17.609000000 1.793933 -0.787474 2.467903 -0.029941 0.018393 0.688209 0.724661
17.614000000 1.801661 -0.787691 2.468631 -0.029772 0.017320 0.689041 0.723904
17.619000000 1.809385 -0.787893 2.469353 -0.029548 0.016163 0.689873 0.723147
17.624000000 1.817103 -0.788079 2.470068 -0.029273 0.014932 0.690705 0.722390
17.629000000 1.824815 -0.788249 2.470775 -0.028955 0.013635 0.691537 0.721632
17.634000000 1.832521 -0.788406 2.471476 -0.028601 0.012285 0.692368 0.720873
17.639000000 1.840221 -0.788548 2.472169 -0.028218 0.010894 0.693198 0.720112
17.644000000 1.847914 -0.788677 2.472855 -0.027818 0.009472 0.694027 0.719349
17.649000000 1.855599 -0.788794 2.473533 -0.027411 0.008031 0.694854 0.718584
17.654000000 1.863277 -0.788898 2.474204 -0.027007 0.006585 0.695678 0.717816
17.659000000 1.870947 -0.788991 2.474868 -0.026617 0.005145 0.696499 0.717046
17.664000000 1.878609 -0.789073 2.475525 -0.026250 0.003725 0.697317 0.716273
17.669000000 1.886261 -0.789145 2.476174 -0.025914 0.002340 0.698131 0.715497
17.674000000 1.893905 -0.789207 2.476816 -0.025617 0.001006 0.698941 0.714720
17.679000000 1.901539 -0.789260 2.477452 -0.025367 -0.000266 0.699748 0.713939
17.684000000 1.909164 -0.789305 2.478080 -0.025170 -0.001462 0.700551 0.713157
17.689000000 1.916778 -0.789341 2.478701 -0.025034 -0.002574 0.701349 0.712373
17.694000000 1.924382 -0.789370 2.479316 -0.024966 -0.003594 0.702144 0.711588
17.699000000 1.931975 -0.789392 2.479924 -0.024972 -0.004518 0.702934 0.710802
17.704000000 1.939556 -0.789406 2.480526 -0.025057 -0.005336 0.703720 0.710015
17.709000000 1.947126 -0.789414 2.481121 -0.025222 -0.006044 0.704502 0.709228
17.714000000 1.954685 -0.789415 2.481710 -0.025467 -0.006633 0.705280 0.708440
17.719000000 1.962231 -0.789410 2.482292 -0.025795 -0.007103 0.706054 0.707653
17.724000000 1.969765 -0.789399 2.482869 -0.026205 -0.007454 0.706823 0.706866
17.729000000 1.977286 -0.789381 2.483440 -0.026697 -0.007683 0.707588 0.706079
17.734000000 1.984795 -0.789356 2.484005 -0.027266 -0.007791 0.708349 0.705292
17.739000000 1.992290 -0.789325 2.484564 -0.027911 -0.007781 0.709106 0.704506
17.744000000 1.999772 -0.789288 2.485118 -0.028629 -0.007658 0.709858 0.703721
17.749000000 2.007240 -0.789243 2.485666 -0.029418 -0.007428 0.710605 0.702936
17.754000000 2.014695 -0.789191 2.486209 -0.030272 -0.007098 0.711348 0.702152
17.759000000 2.022135 -0.789131 2.486747 -0.031187 -0.006673 0.712086 0.701368
17.764000000 2.029562 -0.789063 2.487280 -0.032154 -0.006158 0.712819 0.700584
17.769000000 2.036974 -0.788986 2.487808 -0.033168 -0.005563 0.713547 0.699800
17.774000000 2.044371 -0.788900 2.488331 -0.034223 -0.004896 0.714269 0.699017
17.779000000 2.051754 -0.788804 2.488849 -0.035312 -0.004166 0.714987 0.698233
17.784000000 2.059122 -0.788697 2.489363 -0.036429 -0.003379 0.715700 0.697449
17.789000000 2.066476 -0.788580 2.489872 -0.037565 -0.002548 0.716408 0.696664
17.794000000 2.073814 -0.788450 2.490377 -0.038716 -0.001681 0.717112 0.695880
17.799000000 2.081137 -0.788309 2.490878 -0.039874 -0.000788 0.717810 0.695096
17.804000000 2.088445 -0.788154 2.491375 -0.041035 0.000121 0.718504 0.694311
17.809000000 2.095737 -0.787985 2.491867 -0.042192 0.001036 0.719194 0.693526
17.814000000 2.103014 -0.787802 2.492356 -0.043341 0.001948 0.719880 0.692741
17.819000000 2.110276 -0.787604 2.492841 -0.044476 0.002851 0.720562 0.691957
17.824000000 2.117521 -0.787389 2.493322 -0.045590 0.003738 0.721240 0.691173
17.829000000 2.124751 -0.787158 2.493800 -0.046679 0.004602 0.721915 0.690390
17.834000000 2.131965 -0.786910 2.494274 -0.047742 0.005438 0.722588 0.689607
17.839000000 2.139162 -0.786644 2.494745 -0.048772 0.006239 0.723257 0.688826
17.844000000 2.146344 -0.786360 2.495213 -0.049767 0.007002 0.723924 0.688047
17.849000000 2.153509 -0.786056 2.495677 -0.050725 0.007722 0.724588 0.687270
17.854000000 2.160658 -0.785733 2.496138 -0.051646 0.008396 0.725250 0.686495
17.859000000 2.167790 -0.785390 2.496597 -0.052528 0.009018 0.725910 0.685722
17.864000000 2.174906 -0.785026 2.497052 -0.053371 0.009586 0.726568 0.684952
17.869000000 2.182004 -0.784640 2.497505 -0.054176 0.010098 0.727224 0.684185
17.874000000 2.189086 -0.784234 2.497955 -0.054942 0.010552 0.727878 0.683421
17.879000000 2.196151 -0.783805 2.498402 -0.055673 0.010949 0.728530 0.682660
17.884000000 2.203198 -0.783353 2.498847 -0.056367 0.011290 0.729180 0.681903
17.889000000 2.210228 -0.782879 2.499289 -0.057027 0.011577 0.729828 0.681150
17.894000000 2.217240 -0.782382 2.499729 -0.057654 0.011816 0.730474 0.680400
17.899000000 2.224235 -0.781862 2.500167 -0.058250 0.012008 0.731116 0.679655
17.904000000 2.231212 -0.781318 2.500603 -0.058817 0.012160 0.731756 0.678915
17.909000000 2.238170 -0.780750 2.501037 -0.059358 0.012274 0.732393 0.678178
17.914000000 2.245111 -0.780158 2.501468 -0.059876 0.012356 0.733027 0.677446
17.919000000 2.252033 -0.779541 2.501898 -0.060373 0.012407 0.733657 0.676719
17.924000000 2.258936 -0.778901 2.502327 -0.060852 0.012431 0.734282 0.675997
17.929000000 2.265820 -0.778236 2.502753 -0.061317 0.012435 0.734904 0.675279
17.934000000 2.272685 -0.777546 2.503179 -0.061771 0.012423 0.735520 0.674567
17.939000000 2.279531 -0.776831 2.503602 -0.062217 0.012399 0.736131 0.673859
17.944000000 2.286358 -0.776091 2.504025 -0.062657 0.012365 0.736737 0.673157
17.949000000 2.293165 -0.775326 2.504446 -0.063095 0.012323 0.737336 0.672460
17.954000000 2.299952 -0.774536 2.504866 -0.063533 0.012276 0.737930 0.671768
17.959000000 2.306719 -0.773720 2.505285 -0.063974 0.012231 0.738517 0.671082
17.964000000 2.313466 -0.772879 2.505703 -0.064418 0.012193 0.739097 0.670401
17.969000000 2.320192 -0.772012 2.506120 -0.064865 0.012162 0.739671 0.669725
17.974000000 2.326898 -0.771120 2.506536 -0.065318 0.012142 0.740237 0.669055
17.979000000 2.333583 -0.770201 2.506952 -0.065773 0.012132 0.740797 0.668391
17.984000000 2.340247 -0.769257 2.507367 -0.066232 0.012134 0.741350 0.667733
17.989000000 2.346889 -0.768286 2.507782 -0.066691 0.012151 0.741896 0.667080
17.994000000 2.353511 -0.767289 2.508196 -0.067149 0.012183 0.742435 0.666433
17.999000000 2.360110 -0.766266 2.508611 -0.067604 0.012236 0.742968 0.665792
18.004000000 2.366688 -0.765216 2.509025 -0.068053 0.012311 0.743494 0.665157
18.009000000 2.373244 -0.764139 2.509439 -0.068493 0.012409 0.744014 0.664528
18.014000000 2.379778 -0.763036 2.509853 -0.068922 0.012532 0.744528 0.663906
18.019000000 2.386289 -0.761905 2.510268 -0.069336 0.012679 0.745037 0.663289
18.024000000 2.392778 -0.760746 2.510683 -0.069735 0.012848 0.745539 0.662679
18.029000000 2.399245 -0.759561 2.511099 -0.070113 0.013039 0.746037 0.662074
18.034000000 2.405689 -0.758347 2.511515 -0.070471 0.013249 0.746530 0.661476
18.039000000 2.412110 -0.757105 2.511932 -0.070804 0.013477 0.747018 0.660885
18.044000000 2.418508 -0.755836 2.512350 -0.071112 0.013719 0.747502 0.660299
18.049000000 2.424884 -0.754538 2.512769 -0.071392 0.013973 0.747982 0.659721
18.054000000 2.431237 -0.753212 2.513189 -0.071642 0.014238 0.748457 0.659148
18.059000000 2.437566 -0.751857 2.513610 -0.071863 0.014515 0.748929 0.658582
18.064000000 2.443873 -0.750473 2.514033 -0.072052 0.014805 0.749398 0.658022
18.069000000 2.450157 -0.749060 2.514457 -0.072210 0.015104 0.749862 0.657468
18.074000000 2.456418 -0.747618 2.514883 -0.072335 0.015412 0.750324 0.656920
18.079000000 2.462656 -0.746146 2.515311 -0.072429 0.015727 0.750782 0.656378
18.084000000 2.468871 -0.744646 2.515740 -0.072492 0.016052 0.751238 0.655842
18.089000000 2.475063 -0.743115 2.516172 -0.072523 0.016381 0.751690 0.655312
18.094000000 2.481232 -0.741555 2.516606 -0.072525 0.016713 0.752139 0.654788
18.099000000 2.487379 -0.739965 2.517042 -0.072499 0.017047 0.752586 0.654269
18.104000000 2.493503 -0.738345 2.517481 -0.072445 0.017384 0.753029 0.653755
18.109000000 2.499605 -0.736695 2.517922 -0.072366 0.017719 0.753470 0.653247
18.114000000 2.505684 -0.735015 2.518366 -0.072264 0.018053 0.753907 0.652745
18.119000000 2.511741 -0.733304 2.518814 -0.072141 0.018382 0.754342 0.652247
18.124000000 2.517776 -0.731563 2.519264 -0.071998 0.018705 0.754773 0.651755
18.129000000 2.523788 -0.729792 2.519717 -0.071838 0.019019 0.755200 0.651268
18.134000000 2.529779 -0.727990 2.520174 -0.071664 0.019325 0.755624 0.650786
18.139000000 2.535749 -0.726157 2.520634 -0.071478 0.019620 0.756045 0.650309
18.144000000 2.541696 -0.724294 2.521098 -0.071281 0.019901 0.756462 0.649837
18.149000000 2.547622 -0.722401 2.521566 -0.071077 0.020166 0.756874 0.649371
18.154000000 2.553527 -0.720476 2.522037 -0.070867 0.020414 0.757283 0.648909
18.159000000 2.559411 -0.718521 2.522512 -0.070653 0.020641 0.757688 0.648453
18.164000000 2.565274 -0.716535 2.522992 -0.070438 0.020848 0.758089 0.648001
18.169000000 2.571115 -0.714519 2.523476 -0.070223 0.021033 0.758485 0.647554
18.174000000 2.576936 -0.712471 2.523964 -0.070011 0.021196 0.758877 0.647113
18.179000000 2.582737 -0.710393 2.524457 -0.069802 0.021336 0.759264 0.646677
18.184000000 2.588516 -0.708284 2.524955 -0.069600 0.021453 0.759646 0.646246
18.189000000 2.594276 -0.706145 2.525457 -0.069405 0.021549 0.760022 0.645821
18.194000000 2.600014 -0.703975 2.525964 -0.069219 0.021625 0.760394 0.645401
18.199000000 2.605733 -0.701774 2.526477 -0.069043 0.021680 0.760760 0.644986
18.204000000 2.611431 -0.699542 2.526994 -0.068878 0.021716 0.761120 0.644577
18.209000000 2.617109 -0.697281 2.527517 -0.068725 0.021735 0.761475 0.644174
18.214000000 2.622767 -0.694988 2.528046 -0.068585 0.021740 0.761823 0.643777
18.219000000 2.628404 -0.692665 2.528580 -0.068458 0.021734 0.762165 0.643386
18.224000000 2.634022 -0.690312 2.529119 -0.068346 0.021722 0.762500 0.643001
18.229000000 2.639619 -0.687928 2.529665 -0.068248 0.021705 0.762829 0.642622
18.234000000 2.645196 -0.685514 2.530217 -0.068165 0.021686 0.763150 0.642250
18.239000000 2.650753 -0.683069 2.530775 -0.068096 0.021664 0.763465 0.641884
18.244000000 2.656290 -0.680594 2.531339 -0.068040 0.021640 0.763772 0.641525
18.249000000 2.661807 -0.678089 2.531910 -0.067998 0.021614 0.764073 0.641172
18.254000000 2.667304 -0.675554 2.532487 -0.067967 0.021587 0.764366 0.640826
18.259000000 2.672781 -0.672988 2.533071 -0.067947 0.021560 0.764653 0.640488
18.264000000 2.678238 -0.670392 2.533661 -0.067938 0.021534 0.764932 0.640156
18.269000000 2.683674 -0.667766 2.534258 -0.067938 0.021510 0.765204 0.639832
18.274000000 2.689090 -0.665110 2.534863 -0.067946 0.021490 0.765469 0.639514
18.279000000 2.694486 -0.662423 2.535474 -0.067962 0.021474 0.765727 0.639204
18.284000000 2.699862 -0.659707 2.536092 -0.067984 0.021464 0.765978 0.638902
18.289000000 2.705217 -0.656960 2.536718 -0.068012 0.021462 0.766222 0.638607
18.294000000 2.710553 -0.654183 2.537351 -0.068045 0.021468 0.766458 0.638319
18.299000000 2.715867 -0.651376 2.537991 -0.068082 0.021482 0.766688 0.638038
18.304000000 2.721162 -0.648538 2.538640 -0.068121 0.021507 0.766911 0.637765
18.309000000 2.726436 -0.645670 2.539296 -0.068162 0.021541 0.767128 0.637499
18.314000000 2.731689 -0.642772 2.539959 -0.068203 0.021584 0.767338 0.637241
18.319000000 2.736923 -0.639844 2.540631 -0.068244 0.021634 0.767541 0.636990
18.324000000 2.742135 -0.636885 2.541311 -0.068284 0.021695 0.767738 0.636746
18.329000000 2.747328 -0.633896 2.541999 -0.068323 0.021768 0.767928 0.636509
18.334000000 2.752500 -0.630876 2.542695 -0.068362 0.021857 0.768113 0.636280
18.339000000 2.757651 -0.627826 2.543400 -0.068399 0.021959 0.768290 0.636058
18.344000000 2.762782 -0.624745 2.544113 -0.068435 0.022077 0.768462 0.635842
18.349000000 2.767892 -0.621633 2.544835 -0.068467 0.022209 0.768628 0.635634
18.354000000 2.772982 -0.618491 2.545566 -0.068494 0.022352 0.768788 0.635432
18.359000000 2.778052 -0.615318 2.546305 -0.068515 0.022507 0.768943 0.635237
18.364000000 2.783101 -0.612114 2.547054 -0.068529 0.022675 0.769092 0.635049
18.369000000 2.788130 -0.608880 2.547811 -0.068532 0.022853 0.769236 0.634868
18.374000000 2.793138 -0.605614 2.548578 -0.068523 0.023039 0.769376 0.634693
18.379000000 2.798127 -0.602317 2.549353 -0.068498 0.023229 0.769511 0.634525
18.384000000 2.803095 -0.598990 2.550138 -0.068455 0.023422 0.769642 0.634363
18.389000000 2.808043 -0.595631 2.550931 -0.068392 0.023615 0.769770 0.634207
18.394000000 2.812971 -0.592240 2.551734 -0.068307 0.023807 0.769894 0.634059
18.399000000 2.817879 -0.588819 2.552546 -0.068198 0.023995 0.770015 0.633916
18.404000000 2.822767 -0.585366 2.553367 -0.068064 0.024176 0.770134 0.633780
18.409000000 2.827636 -0.581882 2.554197 -0.067901 0.024346 0.770250 0.633650
18.414000000 2.832485 -0.578367 2.555036 -0.067708 0.024504 0.770363 0.633526
18.419000000 2.837314 -0.574820 2.555884 -0.067485 0.024648 0.770475 0.633408
18.424000000 2.842124 -0.571242 2.556742 -0.067232 0.024779 0.770585 0.633297
18.429000000 2.846915 -0.567633 2.557608 -0.066949 0.024894 0.770693 0.633191
18.434000000 2.851687 -0.563992 2.558484 -0.066634 0.024993 0.770799 0.633091
18.439000000 2.856440 -0.560321 2.559369 -0.066288 0.025073 0.770903 0.632997
18.444000000 2.861174 -0.556618 2.560264 -0.065912 0.025133 0.771006 0.632909
18.449000000 2.865890 -0.552885 2.561167 -0.065506 0.025171 0.771107 0.632827
18.454000000 2.870587 -0.549120 2.562080 -0.065071 0.025186 0.771207 0.632749
18.459000000 2.875266 -0.545325 2.563002 -0.064608 0.025178 0.771305 0.632678
18.464000000 2.879927 -0.541500 2.563933 -0.064119 0.025150 0.771401 0.632611
18.469000000 2.884570 -0.537644 2.564874 -0.063607 0.025099 0.771495 0.632550
18.474000000 2.889195 -0.533758 2.565823 -0.063071 0.025023 0.771588 0.632494
18.479000000 2.893803 -0.529842 2.566782 -0.062513 0.024920 0.771678 0.632443
18.484000000 2.898394 -0.525897 2.567750 -0.061935 0.024789 0.771767 0.632397
18.489000000 2.902967 -0.521922 2.568728 -0.061339 0.024630 0.771853 0.632356
18.494000000 2.907524 -0.517918 2.569714 -0.060727 0.024445 0.771937 0.632319
18.499000000 2.912064 -0.513885 2.570710 -0.060101 0.024233 0.772019 0.632288
18.504000000 2.916587 -0.509824 2.571715 -0.059465 0.023996 0.772097 0.632261
18.509000000 2.921094 -0.505734 2.572729 -0.058822 0.023742 0.772173 0.632239
18.514000000 2.925584 -0.501616 2.573752 -0.058175 0.023474 0.772245 0.632221
18.519000000 2.930059 -0.497471 2.574785 -0.057529 0.023196 0.772313 0.632207
18.524000000 2.934518 -0.493298 2.575828 -0.056885 0.022911 0.772376 0.632198
18.529000000 2.938961 -0.489098 2.576880 -0.056247 0.022623 0.772436 0.632192
18.534000000 2.943388 -0.484872 2.577942 -0.055617 0.022335 0.772491 0.632191
18.539000000 2.947800 -0.480619 2.579013 -0.054996 0.022047 0.772541 0.632194
18.544000000 2.952197 -0.476340 2.580094 -0.054388 0.021765 0.772586 0.632201
18.549000000 2.956578 -0.472035 2.581185 -0.053794 0.021488 0.772627 0.632212
18.554000000 2.960945 -0.467705 2.582285 -0.053215 0.021217 0.772662 0.632227
18.559000000 2.965297 -0.463350 2.583396 -0.052652 0.020956 0.772692 0.632247
18.564000000 2.969634 -0.458971 2.584516 -0.052108 0.020708 0.772717 0.632270
18.569000000 2.973957 -0.454566 2.585645 -0.051583 0.020474 0.772736 0.632297
18.574000000 2.978265 -0.450137 2.586785 -0.051078 0.020257 0.772750 0.632328
18.579000000 2.982559 -0.445685 2.587935 -0.050593 0.020055 0.772758 0.632363
18.584000000 2.986839 -0.441208 2.589095 -0.050128 0.019870 0.772762 0.632402
18.589000000 2.991104 -0.436708 2.590264 -0.049684 0.019701 0.772760 0.632445
18.594000000 2.995356 -0.432184 2.591444 -0.049258 0.019547 0.772752 0.632492
18.599000000 2.999594 -0.427638 2.592633 -0.048850 0.019405 0.772740 0.632543
18.604000000 3.003818 -0.423068 2.593832 -0.048458 0.019273 0.772723 0.632598
18.609000000 3.008029 -0.418476 2.595041 -0.048082 0.019149 0.772701 0.632657
18.614000000 3.012227 -0.413861 2.596260 -0.047720 0.019033 0.772675 0.632720
18.619000000 3.016411 -0.409224 2.597489 -0.047372 0.018928 0.772644 0.632787
18.624000000 3.020582 -0.404564 2.598728 -0.047039 0.018834 0.772608 0.632858
18.629000000 3.024739 -0.399883 2.599977 -0.046718 0.018750 0.772568 0.632933
18.634000000 3.028884 -0.395179 2.601236 -0.046408 0.018676 0.772524 0.633012
18.639000000 3.033016 -0.390454 2.602504 -0.046109 0.018611 0.772476 0.633094
18.644000000 3.037135 -0.385706 2.603783 -0.045819 0.018552 0.772424 0.633181
18.649000000 3.041241 -0.380938 2.605072 -0.045534 0.018496 0.772368 0.633271
18.654000000 3.045335 -0.376147 2.606370 -0.045255 0.018442 0.772309 0.633365
18.659000000 3.049416 -0.371336 2.607679 -0.044981 0.018392 0.772246 0.633463
18.664000000 3.053485 -0.366503 2.608998 -0.044711 0.018347 0.772179 0.633564
18.669000000 3.057541 -0.361649 2.610326 -0.044444 0.018304 0.772110 0.633669
18.674000000 3.061586 -0.356774 2.611665 -0.044178 0.018261 0.772037 0.633777
18.679000000 3.065618 -0.351878 2.613013 -0.043911 0.018216 0.771962 0.633889
18.684000000 3.069638 -0.346962 2.614372 -0.043644 0.018169 0.771883 0.634004
18.689000000 3.073646 -0.342024 2.615741 -0.043374 0.018117 0.771802 0.634123
18.694000000 3.077642 -0.337066 2.617119 -0.043101 0.018059 0.771719 0.634244
18.699000000 3.081627 -0.332088 2.618507 -0.042824 0.017994 0.771633 0.634369
18.704000000 3.085599 -0.327089 2.619906 -0.042542 0.017920 0.771545 0.634497
18.709000000 3.089561 -0.322070 2.621314 -0.042255 0.017838 0.771455 0.634628
18.714000000 3.093511 -0.317031 2.622732 -0.041963 0.017747 0.771363 0.634763
18.719000000 3.097449 -0.311972 2.624160 -0.041666 0.017649 0.771269 0.634899
18.724000000 3.101376 -0.306893 2.625598 -0.041363 0.017543 0.771172 0.635039
18.729000000 3.105292 -0.301794 2.627046 -0.041056 0.017429 0.771074 0.635182
18.734000000 3.109197 -0.296676 2.628504 -0.040743 0.017309 0.770974 0.635327
18.739000000 3.113091 -0.291539 2.629971 -0.040427 0.017184 0.770871 0.635475
18.744000000 3.116973 -0.286382 2.631449 -0.040108 0.017058 0.770767 0.635625
18.749000000 3.120845 -0.281206 2.632937 -0.039786 0.016930 0.770661 0.635777
18.754000000 3.124707 -0.276011 2.634435 -0.039462 0.016798 0.770553 0.635932
18.759000000 3.128557 -0.270798 2.635943 -0.039134 0.016660 0.770443 0.636088
18.764000000 3.132397 -0.265566 2.637461 -0.038802 0.016515 0.770332 0.636247
18.769000000 3.136227 -0.260315 2.638988 -0.038468 0.016364 0.770219 0.636408
18.774000000 3.140046 -0.255046 2.640526 -0.038131 0.016208 0.770104 0.636571
18.779000000 3.143855 -0.249760 2.642073 -0.037793 0.016046 0.769988 0.636736
18.784000000 3.147653 -0.244455 2.643630 -0.037454 0.015880 0.769870 0.636903
18.789000000 3.151442 -0.239133 2.645196 -0.037112 0.015704 0.769751 0.637071
18.794000000 3.155220 -0.233793 2.646772 -0.036767 0.015516 0.769631 0.637241
18.799000000 3.158988 -0.228436 2.648358 -0.036419 0.015315 0.769509 0.637412
18.804000000 3.162747 -0.223061 2.649952 -0.036068 0.015098 0.769387 0.637586
18.809000000 3.166496 -0.217670 2.651556 -0.035712 0.014863 0.769263 0.637760
18.814000000 3.170235 -0.212262 2.653169 -0.035353 0.014609 0.769138 0.637936
18.819000000 3.173964 -0.206838 2.654791 -0.034989 0.014334 0.769013 0.638114
18.824000000 3.177684 -0.201397 2.656422 -0.034620 0.014039 0.768887 0.638293
18.829000000 3.181394 -0.195941 2.658062 -0.034248 0.013722 0.768759 0.638473
18.834000000 3.185094 -0.190469 2.659710 -0.033871 0.013385 0.768631 0.638655
18.839000000 3.188785 -0.184981 2.661368 -0.033492 0.013030 0.768502 0.638837
18.844000000 3.192467 -0.179478 2.663033 -0.033112 0.012662 0.768372 0.639021
18.849000000 3.196140 -0.173960 2.664708 -0.032732 0.012279 0.768241 0.639206
18.854000000 3.199803 -0.168428 2.666391 -0.032350 0.011884 0.768109 0.639392
18.859000000 3.203456 -0.162881 2.668083 -0.031969 0.011479 0.767975 0.639578
18.864000000 3.207101 -0.157320 2.669783 -0.031590 0.011067 0.767841 0.639766
18.869000000 3.210736 -0.151745 2.671491 -0.031212 0.010649 0.767705 0.639954
18.874000000 3.214362 -0.146157 2.673208 -0.030836 0.010222 0.767569 0.640143
18.879000000 3.217978 -0.140556 2.674933 -0.030460 0.009787 0.767432 0.640332
18.884000000 3.221586 -0.134942 2.676666 -0.030086 0.009344 0.767293 0.640522
18.889000000 3.225184 -0.129315 2.678407 -0.029712 0.008893 0.767154 0.640712
18.894000000 3.228773 -0.123676 2.680156 -0.029339 0.008434 0.767014 0.640903
18.899000000 3.232352 -0.118025 2.681912 -0.028968 0.007972 0.766873 0.641095
18.904000000 3.235923 -0.112362 2.683677 -0.028600 0.007510 0.766732 0.641286
18.909000000 3.239484 -0.106688 2.685449 -0.028236 0.007050 0.766589 0.641478
18.914000000 3.243036 -0.101002 2.687229 -0.027876 0.006595 0.766446 0.641670
18.919000000 3.246579 -0.095306 2.689016 -0.027520 0.006144 0.766301 0.641862
18.924000000 3.250113 -0.089600 2.690811 -0.027167 0.005697 0.766156 0.642055
18.929000000 3.253637 -0.083883 2.692613 -0.026819 0.005257 0.766010 0.642247
18.934000000 3.257152 -0.078157 2.694423 -0.026476 0.004826 0.765864 0.642439
18.939000000 3.260658 -0.072420 2.696240 -0.026138 0.004402 0.765717 0.642632
18.944000000 3.264155 -0.066675 2.698064 -0.025804 0.003988 0.765569 0.642824
18.949000000 3.267642 -0.060920 2.699896 -0.025473 0.003582 0.765421 0.643016
18.954000000 3.271120 -0.055157 2.701734 -0.025147 0.003184 0.765272 0.643208
18.959000000 3.274589 -0.049385 2.703579 -0.024823 0.002792 0.765123 0.643399
18.964000000 3.278049 -0.043605 2.705432 -0.024502 0.002407 0.764974 0.643590
18.969000000 3.281500 -0.037816 2.707291 -0.024184 0.002029 0.764825 0.643781
18.974000000 3.284941 -0.032020 2.709156 -0.023870 0.001662 0.764675 0.643972
18.979000000 3.288373 -0.026217 2.711029 -0.023559 0.001303 0.764525 0.644162
18.984000000 3.291796 -0.020406 2.712908 -0.023251 0.000953 0.764376 0.644351
18.989000000 3.295210 -0.014588 2.714794 -0.022947 0.000613 0.764226 0.644540
18.994000000 3.298615 -0.008763 2.716686 -0.022645 0.000282 0.764076 0.644728
18.999000000 3.302010 -0.002932 2.718584 -0.022347 -0.000039 0.763927 0.644916
19.004000000 3.305397 0.002905 2.720489 -0.022051 -0.000351 0.763778 0.645103
19.009000000 3.308774 0.008749 2.722401 -0.021758 -0.000655 0.763629 0.645288
19.014000000 3.312142 0.014599 2.724318 -0.021467 -0.000953 0.763480 0.645473
19.019000000 3.315501 0.020454 2.726242 -0.021177 -0.001247 0.763333 0.645657
19.024000000 3.318851 0.026315 2.728171 -0.020889 -0.001535 0.763185 0.645840
19.029000000 3.322192 0.032182 2.730107 -0.020602 -0.001821 0.763039 0.646022
19.034000000 3.325524 0.038053 2.732048 -0.020314 -0.002105 0.762893 0.646202
19.039000000 3.328847 0.043929 2.733995 -0.020026 -0.002391 0.762748 0.646381
19.044000000 3.332161 0.049810 2.735948 -0.019737 -0.002680 0.762604 0.646559
19.049000000 3.335466 0.055696 2.737906 -0.019447 -0.002971 0.762461 0.646736
19.054000000 3.338762 0.061586 2.739870 -0.019157 -0.003262 0.762318 0.646911
19.059000000 3.342050 0.067479 2.741839 -0.018867 -0.003555 0.762177 0.647084
19.064000000 3.345328 0.073377 2.743814 -0.018577 -0.003848 0.762037 0.647256
19.069000000 3.348598 0.079279 2.745794 -0.018286 -0.004144 0.761898 0.647426
19.074000000 3.351858 0.085183 2.747779 -0.017994 -0.004442 0.761759 0.647595
19.079000000 3.355110 0.091092 2.749769 -0.017701 -0.004745 0.761623 0.647762
19.084000000 3.358353 0.097003 2.751765 -0.017406 -0.005054 0.761487 0.647927
19.089000000 3.361588 0.102917 2.753765 -0.017108 -0.005370 0.761352 0.648090
19.094000000 3.364813 0.108833 2.755770 -0.016809 -0.005693 0.761219 0.648252
19.099000000 3.368030 0.114752 2.757780 -0.016507 -0.006025 0.761087 0.648412
19.104000000 3.371238 0.120673 2.759795 -0.016202 -0.006365 0.760957 0.648569
19.109000000 3.374437 0.126596 2.761814 -0.015895 -0.006713 0.760827 0.648725
19.114000000 3.377628 0.132521 2.763838 -0.015586 -0.007069 0.760700 0.648878
19.119000000 3.380810 0.138447 2.765866 -0.015274 -0.007433 0.760573 0.649030
19.124000000 3.383983 0.144375 2.767898 -0.014961 -0.007805 0.760448 0.649179
19.129000000 3.387147 0.150303 2.769935 -0.014646 -0.008183 0.760325 0.649327
19.134000000 3.390303 0.156232 2.771976 -0.014329 -0.008568 0.760202 0.649472
19.139000000 3.393450 0.162162 2.774021 -0.014012 -0.008959 0.760082 0.649615
19.144000000 3.396589 0.168092 2.776070 -0.013693 -0.009355 0.759963 0.649755
19.149000000 3.399718 0.174022 2.778123 -0.013375 -0.009758 0.759845 0.649893
19.154000000 3.402839 0.179951 2.780179 -0.013056 -0.010166 0.759729 0.650029
19.159000000 3.405951 0.185880 2.782240 -0.012738 -0.010576 0.759614 0.650163
19.164000000 3.409055 0.191809 2.784304 -0.012424 -0.010983 0.759501 0.650294
19.169000000 3.412150 0.197736 2.786372 -0.012112 -0.011390 0.759390 0.650423
19.174000000 3.415236 0.203662 2.788444 -0.011803 -0.011796 0.759280 0.650550
19.179000000 3.418313 0.209586 2.790519 -0.011496 -0.012202 0.759172 0.650674
19.184000000 3.421382 0.215509 2.792597 -0.011192 -0.012608 0.759066 0.650795
19.189000000 3.424441 0.221430 2.794679 -0.010892 -0.013012 0.758962 0.650914
19.194000000 3.427492 0.227348 2.796764 -0.010596 -0.013412 0.758859 0.651031
19.199000000 3.430534 0.233264 2.798852 -0.010304 -0.013809 0.758758 0.651145
19.204000000 3.433568 0.239177 2.800944 -0.010016 -0.014202 0.758659 0.651256
19.209000000 3.436592 0.245087 2.803038 -0.009731 -0.014593 0.758561 0.651365
19.214000000 3.439608 0.250994 2.805135 -0.009450 -0.014981 0.758466 0.651472
19.219000000 3.442614 0.256897 2.807235 -0.009171 -0.015370 0.758373 0.651575
19.224000000 3.445612 0.262797 2.809338 -0.008895 -0.015759 0.758281 0.651676
19.229000000 3.448601 0.268693 2.811443 -0.008619 -0.016151 0.758192 0.651774
19.234000000 3.451581 0.274584 2.813550 -0.008344 -0.016547 0.758105 0.651870
19.239000000 3.454552 0.280471 2.815660 -0.008070 -0.016944 0.758019 0.651962
19.244000000 3.457514 0.286354 2.817773 -0.007797 -0.017341 0.757936 0.652051
19.249000000 3.460467 0.292231 2.819887 -0.007525 -0.017740 0.757855 0.652138
19.254000000 3.463412 0.298104 2.822004 -0.007252 -0.018142 0.757777 0.652221
19.259000000 3.466347 0.303971 2.824123 -0.006978 -0.018550 0.757700 0.652302
19.264000000 3.469273 0.309833 2.826243 -0.006702 -0.018964 0.757626 0.652379
19.269000000 3.472190 0.315688 2.828366 -0.006423 -0.019385 0.757554 0.652453
19.274000000 3.475098 0.321538 2.830490 -0.006141 -0.019814 0.757484 0.652524
19.279000000 3.477996 0.327381 2.832615 -0.005854 -0.020252 0.757417 0.652591
19.284000000 3.480886 0.333218 2.834742 -0.005563 -0.020700 0.757352 0.652655
19.289000000 3.483767 0.339048 2.836870 -0.005267 -0.021157 0.757290 0.652715
19.294000000 3.486638 0.344871 2.839000 -0.004965 -0.021624 0.757229 0.652772
19.299000000 3.489500 0.350687 2.841131 -0.004659 -0.022098 0.757172 0.652825
19.304000000 3.492352 0.356494 2.843262 -0.004348 -0.022578 0.757116 0.652875
19.309000000 3.495196 0.362294 2.845395 -0.004033 -0.023063 0.757063 0.652922
19.314000000 3.498030 0.368086 2.847529 -0.003714 -0.023552 0.757013 0.652965
19.319000000 3.500854 0.373870 2.849664 -0.003389 -0.024049 0.756965 0.653004
19.324000000 3.503669 0.379644 2.851800 -0.003058 -0.024551 0.756920 0.653039
19.329000000 3.506475 0.385410 2.853936 -0.002723 -0.025057 0.756877 0.653071
19.334000000 3.509271 0.391166 2.856073 -0.002383 -0.025565 0.756837 0.653100
19.339000000 3.512058 0.396913 2.858210 -0.002040 -0.026075 0.756799 0.653124
19.344000000 3.514835 0.402650 2.860348 -0.001691 -0.026587 0.756764 0.653145
19.349000000 3.517603 0.408376 2.862486 -0.001339 -0.027101 0.756731 0.653163
19.354000000 3.520361 0.414093 2.864625 -0.000982 -0.027614 0.756702 0.653176
19.359000000 3.523109 0.419798 2.866764 -0.000622 -0.028128 0.756674 0.653186
19.364000000 3.525847 0.425492 2.868903 -0.000258 -0.028644 0.756650 0.653192
19.369000000 3.528576 0.431175 2.871041 0.000111 -0.029164 0.756628 0.653195
19.374000000 3.531296 0.436846 2.873180 0.000485 -0.029686 0.756609 0.653193
19.379000000 3.534005 0.442505 2.875318 0.000863 -0.030211 0.756592 0.653188
19.384000000 3.536705 0.448152 2.877457 0.001245 -0.030736 0.756578 0.653179
19.389000000 3.539395 0.453786 2.879594 0.001630 -0.031263 0.756567 0.653166
19.394000000 3.542075 0.459407 2.881732 0.002020 -0.031792 0.756559 0.653149
19.399000000 3.544745 0.465015 2.883868 0.002413 -0.032326 0.756553 0.653128
19.404000000 3.547405 0.470609 2.886005 0.002811 -0.032863 0.756550 0.653104
19.409000000 3.550056 0.476190 2.888140 0.003212 -0.033403 0.756549 0.653075
19.414000000 3.552697 0.481756 2.890274 0.003616 -0.033944 0.756552 0.653042
19.419000000 3.555327 0.487308 2.892408 0.004023 -0.034487 0.756557 0.653006
19.424000000 3.557948 0.492845 2.894540 0.004433 -0.035033 0.756564 0.652965
19.429000000 3.560559 0.498367 2.896671 0.004846 -0.035583 0.756575 0.652921
19.434000000 3.563160 0.503873 2.898801 0.005262 -0.036137 0.756587 0.652872
19.439000000 3.565751 0.509363 2.900930 0.005681 -0.036696 0.756603 0.652819
19.444000000 3.568332 0.514837 2.903057 0.006104 -0.037261 0.756621 0.652762
19.449000000 3.570903 0.520295 2.905183 0.006528 -0.037828 0.756642 0.652702
19.454000000 3.573464 0.525736 2.907307 0.006955 -0.038397 0.756665 0.652637
19.459000000 3.576015 0.531159 2.909429 0.007383 -0.038968 0.756692 0.652568
19.464000000 3.578556 0.536565 2.911550 0.007812 -0.039541 0.756720 0.652495
19.469000000 3.581087 0.541954 2.913668 0.008243 -0.040117 0.756752 0.652418
19.474000000 3.583608 0.547324 2.915785 0.008676 -0.040696 0.756786 0.652337
19.479000000 3.586118 0.552675 2.917900 0.009110 -0.041279 0.756822 0.652252
19.484000000 3.588619 0.558008 2.920012 0.009546 -0.041865 0.756861 0.652163
19.489000000 3.591109 0.563321 2.922122 0.009984 -0.042454 0.756903 0.652070
19.494000000 3.593590 0.568615 2.924230 0.010422 -0.043046 0.756948 0.651973
19.499000000 3.596060 0.573889 2.926335 0.010862 -0.043642 0.756995 0.651872
19.504000000 3.598519 0.579143 2.928437 0.011303 -0.044240 0.757044 0.651766
19.509000000 3.600969 0.584376 2.930537 0.011744 -0.044841 0.757096 0.651657
19.514000000 3.603409 0.589588 2.932634 0.012184 -0.045443 0.757151 0.651543
19.519000000 3.605838 0.594778 2.934728 0.012622 -0.046045 0.757208 0.651426
19.524000000 3.608257 0.599947 2.936819 0.013057 -0.046646 0.757268 0.651305
19.529000000 3.610665 0.605094 2.938907 0.013486 -0.047244 0.757331 0.651180
19.534000000 3.613063 0.610219 2.940991 0.013908 -0.047834 0.757396 0.651052
19.539000000 3.615451 0.615321 2.943073 0.014322 -0.048416 0.757465 0.650921
19.544000000 3.617829 0.620400 2.945150 0.014725 -0.048988 0.757536 0.650787
19.549000000 3.620196 0.625455 2.947225 0.015115 -0.049548 0.757610 0.650649
19.554000000 3.622553 0.630487 2.949295 0.015492 -0.050094 0.757686 0.650509
19.559000000 3.624899 0.635495 2.951362 0.015854 -0.050626 0.757766 0.650366
19.564000000 3.627235 0.640478 2.953425 0.016200 -0.051143 0.757849 0.650220
19.569000000 3.629560 0.645437 2.955484 0.016529 -0.051643 0.757935 0.650072
19.574000000 3.631875 0.650371 2.957539 0.016839 -0.052126 0.758025 0.649922
19.579000000 3.634179 0.655280 2.959590 0.017131 -0.052590 0.758117 0.649769
19.584000000 3.636473 0.660164 2.961636 0.017402 -0.053036 0.758213 0.649614
19.589000000 3.638756 0.665022 2.963678 0.017654 -0.053464 0.758312 0.649456
19.594000000 3.641029 0.669854 2.965715 0.017887 -0.053874 0.758414 0.649297
19.599000000 3.643291 0.674660 2.967748 0.018099 -0.054267 0.758519 0.649135
19.604000000 3.645542 0.679440 2.969775 0.018292 -0.054642 0.758627 0.648972
19.609000000 3.647782 0.684194 2.971798 0.018466 -0.055000 0.758739 0.648806
19.614000000 3.650012 0.688921 2.973816 0.018621 -0.055344 0.758854 0.648638
19.619000000 3.652231 0.693621 2.975828 0.018759 -0.055674 0.758972 0.648468
19.624000000 3.654439 0.698295 2.977835 0.018881 -0.055992 0.759092 0.648296
19.629000000 3.656636 0.702941 2.979836 0.018987 -0.056300 0.759216 0.648121
19.634000000 3.658822 0.707560 2.981832 0.019080 -0.056598 0.759342 0.647944
19.639000000 3.660997 0.712152 2.983822 0.019159 -0.056889 0.759472 0.647765
19.644000000 3.663161 0.716717 2.985806 0.019227 -0.057174 0.759604 0.647583
19.649000000 3.665315 0.721254 2.987785 0.019286 -0.057453 0.759739 0.647398
19.654000000 3.667457 0.725763 2.989757 0.019335 -0.057726 0.759877 0.647211
19.659000000 3.669588 0.730245 2.991723 0.019377 -0.057996 0.760017 0.647021
19.664000000 3.671707 0.734699 2.993682 0.019414 -0.058264 0.760159 0.646828
19.669000000 3.673815 0.739125 2.995635 0.019446 -0.058530 0.760305 0.646632
19.674000000 3.675912 0.743523 2.997582 0.019475 -0.058796 0.760453 0.646433
19.679000000 3.677998 0.747893 2.999522 0.019503 -0.059061 0.760603 0.646231
19.684000000 3.680072 0.752235 3.001456 0.019530 -0.059329 0.760755 0.646027
19.689000000 3.682135 0.756548 3.003382 0.019559 -0.059598 0.760910 0.645819
19.694000000 3.684186 0.760833 3.005301 0.019590 -0.059872 0.761067 0.645608
19.699000000 3.686225 0.765090 3.007214 0.019624 -0.060149 0.761226 0.645393
19.704000000 3.688253 0.769318 3.009119 0.019662 -0.060431 0.761387 0.645176
19.709000000 3.690269 0.773518 3.011017 0.019706 -0.060719 0.761550 0.644954
19.714000000 3.692273 0.777689 3.012907 0.019756 -0.061014 0.761715 0.644730
19.719000000 3.694265 0.781831 3.014789 0.019813 -0.061314 0.761883 0.644502
19.724000000 3.696245 0.785944 3.016665 0.019878 -0.061614 0.762052 0.644271
19.729000000 3.698214 0.790027 3.018533 0.019954 -0.061898 0.762224 0.644038
19.734000000 3.700170 0.794082 3.020394 0.020040 -0.062156 0.762399 0.643804
19.739000000 3.702114 0.798107 3.022248 0.020136 -0.062375 0.762577 0.643569
19.744000000 3.704046 0.802102 3.024096 0.020242 -0.062546 0.762758 0.643334
19.749000000 3.705966 0.806068 3.025937 0.020355 -0.062660 0.762944 0.643099
19.754000000 3.707874 0.810004 3.027773 0.020473 -0.062708 0.763133 0.642866
19.759000000 3.709769 0.813910 3.029602 0.020591 -0.062684 0.763326 0.642635
19.764000000 3.711653 0.817786 3.031425 0.020707 -0.062582 0.763524 0.642407
19.769000000 3.713524 0.821633 3.033242 0.020817 -0.062400 0.763725 0.642181
19.774000000 3.715384 0.825449 3.035054 0.020916 -0.062134 0.763931 0.641958
19.779000000 3.717232 0.829236 3.036860 0.021000 -0.061784 0.764141 0.641740
19.784000000 3.719068 0.832992 3.038661 0.021065 -0.061349 0.764355 0.641524
19.789000000 3.720893 0.836720 3.040456 0.021106 -0.060831 0.764573 0.641313
19.794000000 3.722707 0.840417 3.042246 0.021121 -0.060231 0.764794 0.641106
19.799000000 3.724509 0.844086 3.044031 0.021104 -0.059554 0.765018 0.640902
19.804000000 3.726301 0.847725 3.045811 0.021053 -0.058802 0.765245 0.640702
19.809000000 3.728082 0.851336 3.047586 0.020965 -0.057983 0.765474 0.640506
19.814000000 3.729853 0.854919 3.049356 0.020838 -0.057102 0.765705 0.640314
19.819000000 3.731613 0.858473 3.051121 0.020669 -0.056165 0.765937 0.640124
19.824000000 3.733364 0.862000 3.052882 0.020456 -0.055179 0.766170 0.639937
19.829000000 3.735105 0.865500 3.054638 0.020198 -0.054151 0.766404 0.639753
19.834000000 3.736836 0.868973 3.056390 0.019895 -0.053088 0.766639 0.639571
19.839000000 3.738558 0.872419 3.058138 0.019546 -0.052000 0.766873 0.639390
19.844000000 3.740271 0.875840 3.059881 0.019153 -0.050893 0.767106 0.639211
19.849000000 3.741976 0.879236 3.061620 0.018715 -0.049776 0.767339 0.639033
19.854000000 3.743671 0.882607 3.063356 0.018233 -0.048656 0.767571 0.638855
19.859000000 3.745359 0.885954 3.065087 0.017711 -0.047542 0.767801 0.638677
19.864000000 3.747038 0.889277 3.066814 0.017149 -0.046438 0.768030 0.638498
19.869000000 3.748709 0.892578 3.068538 0.016550 -0.045354 0.768256 0.638319
19.874000000 3.750371 0.895856 3.070258 0.015918 -0.044293 0.768481 0.638139
19.879000000 3.752026 0.899113 3.071974 0.015254 -0.043264 0.768705 0.637957
19.884000000 3.753673 0.902348 3.073687 0.014562 -0.042269 0.768926 0.637773
19.889000000 3.755313 0.905562 3.075397 0.013845 -0.041315 0.769145 0.637587
19.894000000 3.756944 0.908757 3.077104 0.013108 -0.040403 0.769363 0.637398
19.899000000 3.758568 0.911932 3.078807 0.012354 -0.039538 0.769578 0.637207
19.904000000 3.760184 0.915089 3.080507 0.011586 -0.038723 0.769792 0.637013
19.909000000 3.761792 0.918227 3.082204 0.010809 -0.037958 0.770005 0.636816
19.914000000 3.763392 0.921347 3.083898 0.010027 -0.037246 0.770216 0.636616
19.919000000 3.764984 0.924449 3.085589 0.009243 -0.036587 0.770425 0.636413
19.924000000 3.766569 0.927535 3.087278 0.008462 -0.035981 0.770633 0.636206
19.929000000 3.768145 0.930605 3.088963 0.007685 -0.035427 0.770840 0.635996
19.934000000 3.769713 0.933659 3.090646 0.006916 -0.034924 0.771046 0.635783
19.939000000 3.771273 0.936697 3.092326 0.006159 -0.034471 0.771252 0.635566
19.944000000 3.772824 0.939720 3.094004 0.005416 -0.034065 0.771456 0.635347
19.949000000 3.774366 0.942728 3.095679 0.004690 -0.033705 0.771661 0.635124
19.954000000 3.775900 0.945722 3.097352 0.003983 -0.033387 0.771864 0.634897
19.959000000 3.777425 0.948702 3.099022 0.003296 -0.033108 0.772068 0.634668
19.964000000 3.778941 0.951668 3.100690 0.002632 -0.032864 0.772272 0.634436
19.969000000 3.780447 0.954621 3.102355 0.001991 -0.032652 0.772476 0.634201
19.974000000 3.781944 0.957561 3.104018 0.001374 -0.032469 0.772680 0.633964
19.979000000 3.783432 0.960488 3.105679 0.000783 -0.032308 0.772884 0.633724
19.984000000 3.784909 0.963402 3.107337 0.000216 -0.032168 0.773089 0.633482
19.989000000 3.786377 0.966304 3.108994 -0.000325 -0.032043 0.773294 0.633238
19.994000000 3.787834 0.969193 3.110648 -0.000842 -0.031929 0.773500 0.632991
19.999000000 3.789281 0.972071 3.112300 -0.001334 -0.031823 0.773706 0.632744
20.004000000 3.790718 0.974937 3.113950 -0.001802 -0.031722 0.773913 0.632494
20.009000000 3.792144 0.977791 3.115597 -0.002247 -0.031623 0.774121 0.632244
20.014000000 3.793560 0.980633 3.117243 -0.002670 -0.031521 0.774329 0.631992
20.019000000 3.794964 0.983465 3.118887 -0.003072 -0.031414 0.774537 0.631740
20.024000000 3.796358 0.986285 3.120528 -0.003454 -0.031301 0.774747 0.631487
20.029000000 3.797741 0.989094 3.122168 -0.003817 -0.031177 0.774957 0.631234
20.034000000 3.799112 0.991892 3.123806 -0.004165 -0.031041 0.775167 0.630980
20.039000000 3.800472 0.994680 3.125441 -0.004498 -0.030889 0.775378 0.630726
20.044000000 3.801821 0.997457 3.127075 -0.004819 -0.030718 0.775589 0.630472
20.049000000 3.803159 1.000224 3.128707 -0.005130 -0.030528 0.775801 0.630218
20.054000000 3.804485 1.002981 3.130337 -0.005432 -0.030315 0.776013 0.629965
20.059000000 3.805800 1.005727 3.131964 -0.005728 -0.030079 0.776225 0.629712
20.064000000 3.807103 1.008464 3.133590 -0.006021 -0.029817 0.776438 0.629459
20.069000000 3.808395 1.011191 3.135214 -0.006312 -0.029528 0.776651 0.629207
20.074000000 3.809675 1.013909 3.136836 -0.006603 -0.029211 0.776864 0.628956
20.079000000 3.810943 1.016618 3.138456 -0.006896 -0.028866 0.777077 0.628706
20.084000000 3.812200 1.019317 3.140074 -0.007193 -0.028493 0.777290 0.628456
20.089000000 3.813446 1.022008 3.141690 -0.007495 -0.028091 0.777502 0.628208
20.094000000 3.814680 1.024690 3.143304 -0.007803 -0.027662 0.777715 0.627960
20.099000000 3.815902 1.027364 3.144916 -0.008117 -0.027206 0.777927 0.627713
20.104000000 3.817113 1.030030 3.146527 -0.008441 -0.026723 0.778139 0.627467
20.109000000 3.818312 1.032688 3.148135 -0.008773 -0.026217 0.778350 0.627221
20.114000000 3.819500 1.035338 3.149741 -0.009114 -0.025687 0.778561 0.626977
20.119000000 3.820677 1.037982 3.151345 -0.009465 -0.025137 0.778771 0.626733
20.124000000 3.821842 1.040618 3.152948 -0.009825 -0.024568 0.778981 0.626489
20.129000000 3.822996 1.043248 3.154548 -0.010194 -0.023983 0.779190 0.626246
20.134000000 3.824139 1.045872 3.156146 -0.010573 -0.023383 0.779398 0.626003
20.139000000 3.825270 1.048490 3.157742 -0.010960 -0.022772 0.779606 0.625761
20.144000000 3.826391 1.051103 3.159336 -0.011356 -0.022150 0.779812 0.625518
20.149000000 3.827500 1.053710 3.160928 -0.011760 -0.021519 0.780019 0.625276
20.154000000 3.828598 1.056313 3.162519 -0.012171 -0.020883 0.780224 0.625033
20.159000000 3.829685 1.058911 3.164107 -0.012589 -0.020244 0.780429 0.624790
20.164000000 3.830761 1.061505 3.165693 -0.013012 -0.019605 0.780633 0.624546
20.169000000 3.831826 1.064096 3.167277 -0.013439 -0.018968 0.780837 0.624302
20.174000000 3.832879 1.066683 3.168859 -0.013870 -0.018333 0.781040 0.624058
20.179000000 3.833923 1.069267 3.170439 -0.014303 -0.017704 0.781243 0.623812
20.184000000 3.834955 1.071849 3.172017 -0.014737 -0.017083 0.781445 0.623566
20.189000000 3.835976 1.074429 3.173593 -0.015171 -0.016470 0.781647 0.623318
20.194000000 3.836986 1.077006 3.175167 -0.015605 -0.015867 0.781850 0.623070
20.199000000 3.837986 1.079583 3.176738 -0.016037 -0.015275 0.782052 0.622820
20.204000000 3.838975 1.082158 3.178308 -0.016466 -0.014696 0.782254 0.622569
20.209000000 3.839953 1.084732 3.179876 -0.016890 -0.014132 0.782456 0.622316
20.214000000 3.840920 1.087306 3.181441 -0.017307 -0.013584 0.782659 0.622061
20.219000000 3.841876 1.089879 3.183005 -0.017718 -0.013051 0.782863 0.621805
20.224000000 3.842822 1.092453 3.184566 -0.018123 -0.012534 0.783066 0.621548
20.229000000 3.843757 1.095028 3.186125 -0.018519 -0.012033 0.783271 0.621288
20.234000000 3.844681 1.097603 3.187682 -0.018908 -0.011547 0.783476 0.621027
20.239000000 3.845594 1.100179 3.189237 -0.019288 -0.011078 0.783682 0.620763
20.244000000 3.846497 1.102757 3.190790 -0.019659 -0.010623 0.783889 0.620498
20.249000000 3.847389 1.105337 3.192341 -0.020020 -0.010184 0.784097 0.620231
20.254000000 3.848270 1.107918 3.193890 -0.020371 -0.009759 0.784306 0.619962
20.259000000 3.849140 1.110502 3.195436 -0.020712 -0.009348 0.784517 0.619691
20.264000000 3.850000 1.113088 3.196980 -0.021043 -0.008950 0.784728 0.619418
20.269000000 3.850848 1.115677 3.198522 -0.021364 -0.008564 0.784941 0.619142
20.274000000 3.851686 1.118269 3.200062 -0.021676 -0.008189 0.785156 0.618865
20.279000000 3.852513 1.120865 3.201600 -0.021978 -0.007823 0.785372 0.618585
20.284000000 3.853329 1.123463 3.203135 -0.022270 -0.007467 0.785589 0.618303
20.289000000 3.854135 1.126066 3.204669 -0.022552 -0.007120 0.785808 0.618019
20.294000000 3.854929 1.128672 3.206200 -0.022825 -0.006781 0.786028 0.617732
20.299000000 3.855713 1.131282 3.207728 -0.023088 -0.006448 0.786250 0.617443
20.304000000 3.856486 1.133897 3.209255 -0.023344 -0.006119 0.786474 0.617152
20.309000000 3.857248 1.136516 3.210779 -0.023592 -0.005795 0.786700 0.616858
20.314000000 3.857999 1.139140 3.212301 -0.023833 -0.005474 0.786927 0.616562
20.319000000 3.858740 1.141769 3.213821 -0.024066 -0.005157 0.787156 0.616263
20.324000000 3.859470 1.144402 3.215338 -0.024292 -0.004841 0.787387 0.615962
20.329000000 3.860188 1.147041 3.216853 -0.024512 -0.004526 0.787619 0.615658
20.334000000 3.860897 1.149686 3.218366 -0.024728 -0.004210 0.787853 0.615352
20.339000000 3.861594 1.152336 3.219876 -0.024940 -0.003893 0.788090 0.615043
20.344000000 3.862280 1.154992 3.221384 -0.025151 -0.003571 0.788328 0.614731
20.349000000 3.862956 1.157653 3.222890 -0.025358 -0.003248 0.788568 0.614416
20.354000000 3.863621 1.160321 3.224393 -0.025564 -0.002920 0.788809 0.614099
20.359000000 3.864275 1.162996 3.225894 -0.025768 -0.002589 0.789053 0.613779
20.364000000 3.864919 1.165677 3.227393 -0.025974 -0.002250 0.789299 0.613455
20.369000000 3.865551 1.168364 3.228889 -0.026181 -0.001907 0.789547 0.613129
20.374000000 3.866174 1.171059 3.230383 -0.026388 -0.001556 0.789796 0.612799
20.379000000 3.866785 1.173760 3.231875 -0.026596 -0.001201 0.790048 0.612466
20.384000000 3.867386 1.176469 3.233364 -0.026803 -0.000838 0.790302 0.612130
20.389000000 3.867976 1.179185 3.234850 -0.027009 -0.000470 0.790558 0.611791
20.394000000 3.868556 1.181909 3.236334 -0.027214 -0.000093 0.790817 0.611448
20.399000000 3.869125 1.184641 3.237815 -0.027418 0.000292 0.791078 0.611101
20.404000000 3.869684 1.187381 3.239293 -0.027621 0.000687 0.791341 0.610750
20.409000000 3.870232 1.190129 3.240769 -0.027821 0.001093 0.791607 0.610396
20.414000000 3.870770 1.192885 3.242241 -0.028020 0.001510 0.791875 0.610039
20.419000000 3.871298 1.195651 3.243710 -0.028216 0.001941 0.792145 0.609677
20.424000000 3.871815 1.198425 3.245176 -0.028410 0.002386 0.792418 0.609312
20.429000000 3.872322 1.201208 3.246638 -0.028601 0.002846 0.792694 0.608942
20.434000000 3.872819 1.204001 3.248097 -0.028790 0.003323 0.792972 0.608568
20.439000000 3.873305 1.206803 3.249552 -0.028976 0.003817 0.793253 0.608190
20.444000000 3.873782 1.209615 3.251004 -0.029159 0.004330 0.793537 0.607808
20.449000000 3.874249 1.212437 3.252452 -0.029340 0.004861 0.793824 0.607421
20.454000000 3.874706 1.215269 3.253895 -0.029518 0.005412 0.794113 0.607029
20.459000000 3.875153 1.218112 3.255335 -0.029693 0.005981 0.794405 0.606632
20.464000000 3.875590 1.220966 3.256770 -0.029865 0.006569 0.794700 0.606231
20.469000000 3.876018 1.223831 3.258201 -0.030034 0.007176 0.794998 0.605825
20.474000000 3.876436 1.226707 3.259628 -0.030201 0.007802 0.795299 0.605414
20.479000000 3.876845 1.229594 3.261050 -0.030367 0.008448 0.795603 0.604998
20.484000000 3.877245 1.232494 3.262467 -0.030533 0.009115 0.795909 0.604576
20.489000000 3.877636 1.235406 3.263879 -0.030700 0.009802 0.796219 0.604149
20.494000000 3.878018 1.238330 3.265287 -0.030866 0.010507 0.796532 0.603717
20.499000000 3.878391 1.241267 3.266689 -0.031032 0.011229 0.796847 0.603279
20.504000000 3.878755 1.244217 3.268086 -0.031199 0.011968 0.797166 0.602835
20.509000000 3.879111 1.247181 3.269478 -0.031367 0.012723 0.797488 0.602385
20.514000000 3.879458 1.250158 3.270864 -0.031537 0.013494 0.797813 0.601928
20.519000000 3.879797 1.253150 3.272245 -0.031710 0.014280 0.798141 0.601466
20.524000000 3.880129 1.256155 3.273619 -0.031884 0.015078 0.798473 0.600997
20.529000000 3.880452 1.259176 3.274988 -0.032062 0.015889 0.798807 0.600522
20.534000000 3.880767 1.262212 3.276351 -0.032244 0.016712 0.799146 0.600040
20.539000000 3.881075 1.265263 3.277708 -0.032429 0.017545 0.799487 0.599551
20.544000000 3.881376 1.268330 3.279059 -0.032616 0.018385 0.799832 0.599055
20.549000000 3.881669 1.271413 3.280403 -0.032804 0.019230 0.800181 0.598552
20.554000000 3.881955 1.274513 3.281740 -0.032994 0.020078 0.800533 0.598043
20.559000000 3.882235 1.277630 3.283071 -0.033183 0.020926 0.800889 0.597526
20.564000000 3.882507 1.280764 3.284395 -0.033370 0.021772 0.801250 0.597002
20.569000000 3.882773 1.283915 3.285712 -0.033556 0.022615 0.801614 0.596471
20.574000000 3.883033 1.287085 3.287022 -0.033739 0.023453 0.801982 0.595933
20.579000000 3.883286 1.290273 3.288324 -0.033920 0.024286 0.802355 0.595388
20.584000000 3.883533 1.293479 3.289620 -0.034099 0.025113 0.802731 0.594835
20.589000000 3.883774 1.296705 3.290907 -0.034278 0.025934 0.803113 0.594275
20.594000000 3.884010 1.299950 3.292187 -0.034456 0.026751 0.803498 0.593707
20.599000000 3.884239 1.303215 3.293459 -0.034635 0.027562 0.803888 0.593132
20.604000000 3.884464 1.306500 3.294723 -0.034812 0.028365 0.804281 0.592550
20.609000000 3.884683 1.309805 3.295980 -0.034987 0.029160 0.804680 0.591960
20.614000000 3.884896 1.313132 3.297228 -0.035162 0.029948 0.805082 0.591362
20.619000000 3.885105 1.316479 3.298467 -0.035335 0.030728 0.805489 0.590757
20.624000000 3.885309 1.319848 3.299698 -0.035507 0.031502 0.805901 0.590144
20.629000000 3.885508 1.323238 3.300921 -0.035680 0.032270 0.806318 0.589523
20.634000000 3.885702 1.326651 3.302135 -0.035854 0.033034 0.806738 0.588894
20.639000000 3.885892 1.330086 3.303340 -0.036028 0.033794 0.807163 0.588258
20.644000000 3.886077 1.333544 3.304536 -0.036203 0.034548 0.807593 0.587613
20.649000000 3.886258 1.337025 3.305723 -0.036378 0.035299 0.808027 0.586961
20.654000000 3.886435 1.340529 3.306900 -0.036557 0.036051 0.808465 0.586301
20.659000000 3.886608 1.344057 3.308069 -0.036738 0.036802 0.808907 0.585632
20.664000000 3.886777 1.347609 3.309228 -0.036921 0.037553 0.809354 0.584956
20.669000000 3.886942 1.351185 3.310377 -0.037107 0.038305 0.809804 0.584271
20.674000000 3.887104 1.354787 3.311517 -0.037296 0.039060 0.810259 0.583579
20.679000000 3.887262 1.358413 3.312646 -0.037488 0.039817 0.810717 0.582878
20.684000000 3.887417 1.362064 3.313766 -0.037683 0.040577 0.811180 0.582169
20.689000000 3.887568 1.365741 3.314876 -0.037879 0.041340 0.811646 0.581452
20.694000000 3.887717 1.369444 3.315975 -0.038078 0.042107 0.812117 0.580727
20.699000000 3.887862 1.373174 3.317064 -0.038279 0.042877 0.812591 0.579994
20.704000000 3.888004 1.376930 3.318143 -0.038481 0.043651 0.813069 0.579252
20.709000000 3.888143 1.380713 3.319210 -0.038683 0.044428 0.813550 0.578503
20.714000000 3.888280 1.384523 3.320268 -0.038885 0.045208 0.814036 0.577745
20.719000000 3.888414 1.388361 3.321314 -0.039087 0.045991 0.814526 0.576979
20.724000000 3.888546 1.392227 3.322349 -0.039288 0.046779 0.815019 0.576205
20.729000000 3.888675 1.396122 3.323373 -0.039486 0.047570 0.815516 0.575423
20.734000000 3.888801 1.400045 3.324386 -0.039681 0.048365 0.816017 0.574633
20.739000000 3.888926 1.403997 3.325387 -0.039868 0.049161 0.816522 0.573835
20.744000000 3.889049 1.407978 3.326377 -0.040046 0.049958 0.817031 0.573028
20.749000000 3.889169 1.411989 3.327355 -0.040210 0.050753 0.817544 0.572214
20.754000000 3.889288 1.416031 3.328322 -0.040356 0.051543 0.818062 0.571393
20.759000000 3.889405 1.420102 3.329276 -0.040482 0.052327 0.818584 0.570564
20.764000000 3.889521 1.424204 3.330219 -0.040587 0.053107 0.819110 0.569728
20.769000000 3.889635 1.428337 3.331149 -0.040666 0.053878 0.819642 0.568885
20.774000000 3.889748 1.432502 3.332066 -0.040716 0.054639 0.820179 0.568035
20.779000000 3.889859 1.436698 3.332972 -0.040732 0.055385 0.820721 0.567178
20.784000000 3.889970 1.440925 3.333864 -0.040712 0.056113 0.821268 0.566315
20.789000000 3.890080 1.445185 3.334744 -0.040652 0.056821 0.821821 0.565446
20.794000000 3.890190 1.449477 3.335611 -0.040551 0.057508 0.822380 0.564571
20.799000000 3.890299 1.453802 3.336466 -0.040409 0.058174 0.822944 0.563690
20.804000000 3.890407 1.458159 3.337307 -0.040227 0.058823 0.823514 0.562803
20.809000000 3.890516 1.462550 3.338134 -0.040003 0.059449 0.824089 0.561910
20.814000000 3.890625 1.466973 3.338949 -0.039736 0.060053 0.824670 0.561012
20.819000000 3.890734 1.471430 3.339750 -0.039426 0.060632 0.825256 0.560109
20.824000000 3.890844 1.475919 3.340537 -0.039073 0.061188 0.825847 0.559201
20.829000000 3.890955 1.480443 3.341311 -0.038681 0.061724 0.826444 0.558286
20.834000000 3.891067 1.485000 3.342071 -0.038252 0.062243 0.827046 0.557366
20.839000000 3.891181 1.489590 3.342817 -0.037787 0.062745 0.827653 0.556440
20.844000000 3.891296 1.494214 3.343549 -0.037291 0.063233 0.828265 0.555507
20.849000000 3.891413 1.498872 3.344268 -0.036764 0.063707 0.828881 0.554568
20.854000000 3.891533 1.503564 3.344972 -0.036208 0.064168 0.829502 0.553623
20.859000000 3.891655 1.508289 3.345661 -0.035627 0.064619 0.830127 0.552670
20.864000000 3.891779 1.513048 3.346337 -0.035025 0.065063 0.830756 0.551711
20.869000000 3.891907 1.517841 3.346998 -0.034403 0.065500 0.831389 0.550744
20.874000000 3.892039 1.522668 3.347645 -0.033764 0.065928 0.832025 0.549771
20.879000000 3.892174 1.527528 3.348277 -0.033109 0.066347 0.832665 0.548791
20.884000000 3.892313 1.532422 3.348894 -0.032439 0.066757 0.833308 0.547804
20.889000000 3.892457 1.537350 3.349497 -0.031757 0.067157 0.833954 0.546811
20.894000000 3.892606 1.542312 3.350085 -0.031065 0.067549 0.834603 0.545811
20.899000000 3.892759 1.547307 3.350658 -0.030367 0.067937 0.835256 0.544803
20.904000000 3.892918 1.552335 3.351215 -0.029668 0.068328 0.835911 0.543787
20.909000000 3.893083 1.557398 3.351758 -0.028968 0.068717 0.836568 0.542765
20.914000000 3.893254 1.562493 3.352286 -0.028270 0.069106 0.837227 0.541734
20.919000000 3.893431 1.567623 3.352799 -0.027573 0.069493 0.837888 0.540697
20.924000000 3.893615 1.572785 3.353296 -0.026880 0.069878 0.838552 0.539653
20.929000000 3.893806 1.577981 3.353778 -0.026194 0.070269 0.839217 0.538600
20.934000000 3.894004 1.583211 3.354244 -0.025518 0.070667 0.839884 0.537540
20.939000000 3.894210 1.588474 3.354695 -0.024851 0.071070 0.840553 0.536472
20.944000000 3.894424 1.593770 3.355130 -0.024194 0.071478 0.841223 0.535396
20.949000000 3.894647 1.599100 3.355550 -0.023547 0.071891 0.841895 0.534313
20.954000000 3.894878 1.604462 3.355953 -0.022911 0.072309 0.842567 0.533223
20.959000000 3.895117 1.609859 3.356341 -0.022286 0.072732 0.843242 0.532125
20.964000000 3.895366 1.615288 3.356713 -0.021672 0.073161 0.843917 0.531019
20.969000000 3.895625 1.620751 3.357069 -0.021068 0.073594 0.844594 0.529907
20.974000000 3.895893 1.626247 3.357409 -0.020474 0.074033 0.845272 0.528787
20.979000000 3.896171 1.631777 3.357732 -0.019890 0.074476 0.845951 0.527660
20.984000000 3.896460 1.637340 3.358039 -0.019316 0.074923 0.846631 0.526526
20.989000000 3.896760 1.642936 3.358330 -0.018751 0.075375 0.847311 0.525386
20.994000000 3.897070 1.648566 3.358605 -0.018194 0.075834 0.847993 0.524239
20.999000000 3.897392 1.654229 3.358862 -0.017644 0.076296 0.848675 0.523085
21.004000000 3.897725 1.659926 3.359104 -0.017102 0.076762 0.849358 0.521926
21.009000000 3.898070 1.665657 3.359328 -0.016567 0.077239 0.850040 0.520760
21.014000000 3.898427 1.671421 3.359536 -0.016042 0.077731 0.850723 0.519587
21.019000000 3.898796 1.677219 3.359727 -0.015523 0.078235 0.851406 0.518408
21.024000000 3.899178 1.683050 3.359901 -0.015011 0.078751 0.852088 0.517222
21.029000000 3.899573 1.688916 3.360057 -0.014505 0.079283 0.852770 0.516031
21.034000000 3.899980 1.694815 3.360197 -0.014006 0.079833 0.853451 0.514832
21.039000000 3.900402 1.700749 3.360319 -0.013513 0.080400 0.854131 0.513628
21.044000000 3.900837 1.706717 3.360424 -0.013024 0.080985 0.854810 0.512417
21.049000000 3.901286 1.712719 3.360511 -0.012538 0.081586 0.855489 0.511200
21.054000000 3.901749 1.718755 3.360581 -0.012055 0.082206 0.856167 0.509976
21.059000000 3.902227 1.724826 3.360633 -0.011573 0.082838 0.856843 0.508747
21.064000000 3.902719 1.730931 3.360667 -0.011090 0.083481 0.857519 0.507512
21.069000000 3.903227 1.737072 3.360684 -0.010605 0.084133 0.858194 0.506273
21.074000000 3.903750 1.743247 3.360682 -0.010119 0.084796 0.858868 0.505028
21.079000000 3.904288 1.749457 3.360663 -0.009628 0.085459 0.859541 0.503779
21.084000000 3.904843 1.755703 3.360625 -0.009130 0.086116 0.860214 0.502527
21.089000000 3.905414 1.761984 3.360569 -0.008623 0.086762 0.860886 0.501271
21.094000000 3.906001 1.768301 3.360495 -0.008108 0.087392 0.861559 0.500013
21.099000000 3.906605 1.774653 3.360402 -0.007580 0.087995 0.862233 0.498753
21.104000000 3.907227 1.781041 3.360291 -0.007038 0.088560 0.862907 0.497492
21.109000000 3.907866 1.787465 3.360162 -0.006480 0.089080 0.863583 0.496233
21.114000000 3.908522 1.793926 3.360014 -0.005906 0.089550 0.864260 0.494975
21.119000000 3.909197 1.800422 3.359848 -0.005314 0.089960 0.864940 0.493719
21.124000000 3.909889 1.806954 3.359663 -0.004702 0.090301 0.865621 0.492467
21.129000000 3.910601 1.813523 3.359459 -0.004070 0.090568 0.866306 0.491218
21.134000000 3.911331 1.820127 3.359237 -0.003418 0.090759 0.866993 0.489974
21.139000000 3.912080 1.826768 3.358997 -0.002745 0.090865 0.867683 0.488735
21.144000000 3.912848 1.833445 3.358737 -0.002050 0.090880 0.868377 0.487502
21.149000000 3.913636 1.840157 3.358459 -0.001332 0.090795 0.869074 0.486276
21.154000000 3.914443 1.846905 3.358163 -0.000592 0.090606 0.869776 0.485057
21.159000000 3.915271 1.853689 3.357848 0.000171 0.090308 0.870481 0.483847
21.164000000 3.916118 1.860508 3.357514 0.000956 0.089898 0.871190 0.482645
21.169000000 3.916986 1.867362 3.357163 0.001763 0.089376 0.871902 0.481452
21.174000000 3.917874 1.874250 3.356792 0.002589 0.088744 0.872618 0.480266
21.179000000 3.918783 1.881172 3.356404 0.003434 0.088003 0.873337 0.479090
21.184000000 3.919712 1.888128 3.355997 0.004294 0.087158 0.874058 0.477921
21.189000000 3.920662 1.895117 3.355572 0.005168 0.086219 0.874780 0.476760
21.194000000 3.921633 1.902139 3.355129 0.006051 0.085197 0.875502 0.475605
21.199000000 3.922625 1.909192 3.354668 0.006941 0.084102 0.876225 0.474457
21.204000000 3.923638 1.916277 3.354190 0.007835 0.082942 0.876946 0.473313
21.209000000 3.924672 1.923393 3.353693 0.008730 0.081726 0.877665 0.472175
21.214000000 3.925728 1.930539 3.353179 0.009623 0.080466 0.878382 0.471039
21.219000000 3.926804 1.937714 3.352648 0.010512 0.079169 0.879096 0.469907
21.224000000 3.927902 1.944918 3.352099 0.011394 0.077847 0.879806 0.468777
21.229000000 3.929021 1.952150 3.351533 0.012267 0.076503 0.880512 0.467648
21.234000000 3.930162 1.959409 3.350949 0.013129 0.075145 0.881214 0.466521
21.239000000 3.931324 1.966695 3.350349 0.013978 0.073784 0.881912 0.465395
21.244000000 3.932507 1.974006 3.349732 0.014812 0.072429 0.882604 0.464268
21.249000000 3.933711 1.981343 3.349098 0.015629 0.071083 0.883291 0.463142
21.254000000 3.934937 1.988704 3.348448 0.016429 0.069749 0.883972 0.462015
21.259000000 3.936185 1.996089 3.347781 0.017210 0.068430 0.884649 0.460888
21.264000000 3.937454 2.003497 3.347097 0.017972 0.067132 0.885320 0.459759
21.269000000 3.938744 2.010928 3.346398 0.018715 0.065857 0.885986 0.458630
21.274000000 3.940055 2.018380 3.345683 0.019437 0.064608 0.886647 0.457499
21.279000000 3.941388 2.025854 3.344951 0.020139 0.063389 0.887302 0.456368
21.284000000 3.942743 2.033348 3.344204 0.020821 0.062204 0.887952 0.455235
21.289000000 3.944119 2.040862 3.343442 0.021482 0.061054 0.888596 0.454100
21.294000000 3.945516 2.048395 3.342663 0.022123 0.059942 0.889236 0.452965
21.299000000 3.946935 2.055947 3.341869 0.022744 0.058876 0.889869 0.451828
21.304000000 3.948375 2.063518 3.341060 0.023345 0.057863 0.890498 0.450689
21.309000000 3.949837 2.071106 3.340235 0.023926 0.056902 0.891120 0.449549
21.314000000 3.951320 2.078711 3.339395 0.024490 0.055994 0.891737 0.448407
21.319000000 3.952825 2.086333 3.338540 0.025036 0.055135 0.892349 0.447265
21.324000000 3.954351 2.093972 3.337670 0.025566 0.054324 0.892956 0.446122
21.329000000 3.955899 2.101626 3.336784 0.026081 0.053566 0.893558 0.444978
21.334000000 3.957468 2.109296 3.335884 0.026582 0.052863 0.894154 0.443833
21.339000000 3.959059 2.116981 3.334969 0.027070 0.052212 0.894745 0.442688
21.344000000 3.960672 2.124681 3.334039 0.027547 0.051615 0.895330 0.441543
21.349000000 3.962306 2.132395 3.333093 0.028014 0.051065 0.895911 0.440399
21.354000000 3.963962 2.140123 3.332134 0.028471 0.050557 0.896486 0.439256
21.359000000 3.965640 2.147865 3.331159 0.028922 0.050086 0.897057 0.438114
21.364000000 3.967340 2.155621 3.330170 0.029367 0.049648 0.897623 0.436974
21.369000000 3.969062 2.163390 3.329166 0.029806 0.049235 0.898184 0.435836
21.374000000 3.970806 2.171173 3.328148 0.030243 0.048843 0.898741 0.434701
21.379000000 3.972572 2.178968 3.327116 0.030676 0.048466 0.899293 0.433570
21.384000000 3.974361 2.186776 3.326069 0.031109 0.048101 0.899840 0.432442
21.389000000 3.976171 2.194597 3.325007 0.031541 0.047750 0.900383 0.431319
21.394000000 3.978005 2.202429 3.323932 0.031975 0.047413 0.900920 0.430200
21.399000000 3.979860 2.210274 3.322842 0.032410 0.047087 0.901453 0.429086
21.404000000 3.981739 2.218131 3.321737 0.032847 0.046768 0.901981 0.427976
21.409000000 3.983640 2.225999 3.320619 0.033287 0.046455 0.902504 0.426873
21.414000000 3.985564 2.233879 3.319486 0.033731 0.046147 0.903022 0.425775
21.419000000 3.987511 2.241770 3.318338 0.034177 0.045842 0.903534 0.424683
21.424000000 3.989481 2.249673 3.317177 0.034624 0.045535 0.904042 0.423598
21.429000000 3.991474 2.257586 3.316001 0.035071 0.045220 0.904545 0.422520
21.434000000 3.993490 2.265510 3.314812 0.035514 0.044888 0.905044 0.421450
21.439000000 3.995530 2.273444 3.313608 0.035952 0.044529 0.905538 0.420387
21.444000000 3.997593 2.281389 3.312391 0.036380 0.044137 0.906029 0.419332
21.449000000 3.999680 2.289344 3.311159 0.036796 0.043709 0.906517 0.418285
21.454000000 4.001790 2.297308 3.309914 0.037196 0.043240 0.907001 0.417248
21.459000000 4.003925 2.305282 3.308656 0.037576 0.042725 0.907482 0.416219
21.464000000 4.006083 2.313266 3.307383 0.037934 0.042159 0.907961 0.415200
21.469000000 4.008264 2.321259 3.306097 0.038266 0.041534 0.908437 0.414190
21.474000000 4.010470 2.329260 3.304798 0.038567 0.040842 0.908910 0.413191
21.479000000 4.012700 2.337270 3.303486 0.038834 0.040077 0.909382 0.412202
21.484000000 4.014953 2.345287 3.302161 0.039065 0.039238 0.909851 0.411224
21.489000000 4.017230 2.353313 3.300822 0.039257 0.038325 0.910318 0.410257
21.494000000 4.019530 2.361346 3.299471 0.039409 0.037343 0.910784 0.409299
21.499000000 4.021855 2.369386 3.298107 0.039519 0.036288 0.911246 0.408352
21.504000000 4.024202 2.377432 3.296730 0.039585 0.035162 0.911707 0.407415
21.509000000 4.026572 2.385484 3.295341 0.039606 0.033967 0.912165 0.406488
21.514000000 4.028966 2.393541 3.293940 0.039583 0.032711 0.912620 0.405571
21.519000000 4.031382 2.401604 3.292526 0.039515 0.031392 0.913072 0.404664
21.524000000 4.033821 2.409671 3.291100 0.039402 0.030015 0.913520 0.403767
21.529000000 4.036281 2.417742 3.289662 0.039245 0.028584 0.913965 0.402879
21.534000000 4.038763 2.425816 3.288213 0.039045 0.027108 0.914405 0.402000
21.539000000 4.041267 2.433893 3.286751 0.038805 0.025592 0.914841 0.401131
21.544000000 4.043792 2.441972 3.285279 0.038525 0.024041 0.915271 0.400271
21.549000000 4.046337 2.450053 3.283795 0.038207 0.022459 0.915696 0.399419
21.554000000 4.048903 2.458135 3.282300 0.037855 0.020850 0.916116 0.398577
21.559000000 4.051488 2.466217 3.280794 0.037469 0.019223 0.916530 0.397742
21.564000000 4.054092 2.474299 3.279278 0.037055 0.017585 0.916938 0.396917
21.569000000 4.056716 2.482380 3.277750 0.036614 0.015940 0.917339 0.396099
21.574000000 4.059357 2.490459 3.276213 0.036149 0.014293 0.917733 0.395290
21.579000000 4.062016 2.498537 3.274665 0.035663 0.012651 0.918121 0.394489
21.584000000 4.064693 2.506612 3.273107 0.035161 0.011022 0.918502 0.393696
21.589000000 4.067386 2.514683 3.271539 0.034645 0.009407 0.918876 0.392911
21.594000000 4.070096 2.522751 3.269962 0.034118 0.007814 0.919242 0.392134
21.599000000 4.072821 2.530814 3.268375 0.033584 0.006244 0.919601 0.391366
21.604000000 4.075562 2.538872 3.266778 0.033046 0.004703 0.919953 0.390606
21.609000000 4.078317 2.546925 3.265172 0.032507 0.003194 0.920297 0.389854
21.614000000 4.081086 2.554972 3.263558 0.031969 0.001719 0.920634 0.389111
21.619000000 4.083870 2.563012 3.261934 0.031435 0.000277 0.920964 0.388377
21.624000000 4.086666 2.571044 3.260302 0.030908 -0.001130 0.921287 0.387652
21.629000000 4.089475 2.579069 3.258661 0.030390 -0.002499 0.921602 0.386936
21.634000000 4.092297 2.587086 3.257012 0.029883 -0.003828 0.921911 0.386229
21.639000000 4.095130 2.595095 3.255355 0.029390 -0.005117 0.922212 0.385531
21.644000000 4.097975 2.603094 3.253690 0.028913 -0.006367 0.922507 0.384844
21.649000000 4.100831 2.611083 3.252017 0.028452 -0.007578 0.922795 0.384166
21.654000000 4.103697 2.619063 3.250336 0.028011 -0.008750 0.923076 0.383498
21.659000000 4.106573 2.627032 3.248647 0.027589 -0.009884 0.923350 0.382840
21.664000000 4.109459 2.634990 3.246951 0.027188 -0.010981 0.923618 0.382192
21.669000000 4.112355 2.642938 3.245247 0.026808 -0.012046 0.923879 0.381555
21.674000000 4.115260 2.650873 3.243536 0.026450 -0.013081 0.924133 0.380929
21.679000000 4.118173 2.658796 3.241819 0.026114 -0.014089 0.924382 0.380313
21.684000000 4.121095 2.666707 3.240094 0.025800 -0.015072 0.924623 0.379709
21.689000000 4.124025 2.674605 3.238363 0.025506 -0.016037 0.924859 0.379116
21.694000000 4.126963 2.682490 3.236625 0.025234 -0.016988 0.925087 0.378534
21.699000000 4.129908 2.690362 3.234880 0.024982 -0.017925 0.925310 0.377963
21.704000000 4.132860 2.698219 3.233129 0.024750 -0.018851 0.925526 0.377404
21.709000000 4.135820 2.706062 3.231372 0.024538 -0.019768 0.925735 0.376857
21.714000000 4.138786 2.713891 3.229609 0.024344 -0.020683 0.925939 0.376321
21.719000000 4.141759 2.721704 3.227840 0.024166 -0.021599 0.926135 0.375796
21.724000000 4.144738 2.729503 3.226065 0.024004 -0.022520 0.926326 0.375283
21.729000000 4.147723 2.737285 3.224285 0.023856 -0.023446 0.926509 0.374782
21.734000000 4.150714 2.745051 3.222499 0.023722 -0.024378 0.926687 0.374292
21.739000000 4.153711 2.752801 3.220707 0.023601 -0.025317 0.926858 0.373814
21.744000000 4.156713 2.760534 3.218910 0.023492 -0.026266 0.927022 0.373347
21.749000000 4.159720 2.768249 3.217108 0.023392 -0.027225 0.927180 0.372891
21.754000000 4.162732 2.775947 3.215301 0.023302 -0.028196 0.927332 0.372447
21.759000000 4.165749 2.783627 3.213488 0.023219 -0.029180 0.927478 0.372015
21.764000000 4.168771 2.791288 3.211671 0.023142 -0.030179 0.927616 0.371593
21.769000000 4.171797 2.798930 3.209849 0.023070 -0.031194 0.927749 0.371182
21.774000000 4.174827 2.806552 3.208022 0.023000 -0.032230 0.927875 0.370783
21.779000000 4.177861 2.814155 3.206192 0.022930 -0.033288 0.927995 0.370394
21.784000000 4.180899 2.821737 3.204357 0.022858 -0.034370 0.928108 0.370015
21.789000000 4.183941 2.829298 3.202518 0.022781 -0.035478 0.928215 0.369647
21.794000000 4.186986 2.836838 3.200676 0.022699 -0.036613 0.928315 0.369289
21.799000000 4.190034 2.844356 3.198830 0.022609 -0.037772 0.928410 0.368942
21.804000000 4.193084 2.851851 3.196980 0.022511 -0.038953 0.928497 0.368603
21.809000000 4.196138 2.859324 3.195128 0.022404 -0.040155 0.928579 0.368275
21.814000000 4.199194 2.866773 3.193273 0.022285 -0.041380 0.928655 0.367956
21.819000000 4.202252 2.874198 3.191415 0.022153 -0.042628 0.928724 0.367646
21.824000000 4.205311 2.881599 3.189554 0.022008 -0.043897 0.928787 0.367345
21.829000000 4.208373 2.888974 3.187692 0.021849 -0.045185 0.928845 0.367053
21.834000000 4.211435 2.896324 3.185827 0.021677 -0.046488 0.928897 0.366769
21.839000000 4.214499 2.903647 3.183960 0.021490 -0.047807 0.928943 0.366494
21.844000000 4.217563 2.910943 3.182092 0.021290 -0.049137 0.928984 0.366227
21.849000000 4.220628 2.918213 3.180223 0.021075 -0.050479 0.929019 0.365967
21.854000000 4.223692 2.925454 3.178352 0.020847 -0.051831 0.929049 0.365715
21.859000000 4.226756 2.932666 3.176480 0.020605 -0.053190 0.929074 0.365470
21.864000000 4.229820 2.939849 3.174608 0.020352 -0.054554 0.929094 0.365232
21.869000000 4.232883 2.947002 3.172735 0.020088 -0.055921 0.929109 0.365001
21.874000000 4.235944 2.954125 3.170862 0.019813 -0.057292 0.929120 0.364776
21.879000000 4.239003 2.961217 3.168989 0.019528 -0.058664 0.929126 0.364557
21.884000000 4.242060 2.968277 3.167116 0.019235 -0.060039 0.929128 0.364345
21.889000000 4.245115 2.975304 3.165244 0.018934 -0.061412 0.929125 0.364138
21.894000000 4.248167 2.982299 3.163373 0.018628 -0.062782 0.929119 0.363936
21.899000000 4.251215 2.989261 3.161502 0.018317 -0.064147 0.929109 0.363740
21.904000000 4.254260 2.996188 3.159633 0.018003 -0.065508 0.929095 0.363548
21.909000000 4.257301 3.003081 3.157764 0.017687 -0.066865 0.929077 0.363361
21.914000000 4.260338 3.009938 3.155898 0.017369 -0.068216 0.929056 0.363179
21.919000000 4.263369 3.016759 3.154034 0.017050 -0.069561 0.929032 0.363001
21.924000000 4.266396 3.023544 3.152171 0.016733 -0.070900 0.929005 0.362827
21.929000000 4.269417 3.030292 3.150311 0.016417 -0.072231 0.928975 0.362656
21.934000000 4.272431 3.037003 3.148454 0.016106 -0.073553 0.928941 0.362489
21.939000000 4.275440 3.043674 3.146599 0.015800 -0.074866 0.928906 0.362325
21.944000000 4.278442 3.050308 3.144747 0.015499 -0.076169 0.928867 0.362165
21.949000000 4.281436 3.056901 3.142899 0.015204 -0.077463 0.928827 0.362007
21.954000000 4.284424 3.063455 3.141054 0.014914 -0.078748 0.928784 0.361853
21.959000000 4.287403 3.069968 3.139213 0.014631 -0.080025 0.928738 0.361700
21.964000000 4.290374 3.076440 3.137376 0.014355 -0.081293 0.928691 0.361551
21.969000000 4.293337 3.082870 3.135543 0.014086 -0.082554 0.928641 0.361403
21.974000000 4.296290 3.089257 3.133714 0.013824 -0.083807 0.928589 0.361257
21.979000000 4.299234 3.095602 3.131890 0.013570 -0.085051 0.928536 0.361114
21.984000000 4.302169 3.101903 3.130071 0.013323 -0.086287 0.928481 0.360972
21.989000000 4.305094 3.108160 3.128257 0.013085 -0.087514 0.928424 0.360831
21.994000000 4.308008 3.114373 3.126448 0.012854 -0.088734 0.928365 0.360692
21.999000000 4.310912 3.120540 3.124645 0.012630 -0.089948 0.928305 0.360554
22.004000000 4.313804 3.126661 3.122847 0.012412 -0.091156 0.928243 0.360417
22.009000000 4.316686 3.132736 3.121056 0.012200 -0.092359 0.928180 0.360281
22.014000000 4.319555 3.138764 3.119271 0.011993 -0.093558 0.928115 0.360146
22.019000000 4.322413 3.144744 3.117492 0.011791 -0.094751 0.928049 0.360012
22.024000000 4.325258 3.150676 3.115721 0.011592 -0.095941 0.927981 0.359877
22.029000000 4.328091 3.156560 3.113956 0.011396 -0.097127 0.927912 0.359743
22.034000000 4.330911 3.162394 3.112198 0.011203 -0.098311 0.927842 0.359609
22.039000000 4.333718 3.168178 3.110448 0.011013 -0.099491 0.927770 0.359475
22.044000000 4.336511 3.173912 3.108705 0.010824 -0.100669 0.927698 0.359340
22.049000000 4.339290 3.179594 3.106971 0.010637 -0.101845 0.927624 0.359205
22.054000000 4.342054 3.185226 3.105244 0.010449 -0.103019 0.927549 0.359069
22.059000000 4.344805 3.190804 3.103526 0.010261 -0.104192 0.927473 0.358932
22.064000000 4.347540 3.196330 3.101817 0.010072 -0.105364 0.927396 0.358794
22.069000000 4.350261 3.201803 3.100116 0.009880 -0.106535 0.927319 0.358654
22.074000000 4.352966 3.207222 3.098425 0.009687 -0.107706 0.927240 0.358513
22.079000000 4.355655 3.212586 3.096742 0.009491 -0.108878 0.927161 0.358369
22.084000000 4.358328 3.217895 3.095070 0.009293 -0.110050 0.927081 0.358224
22.089000000 4.360984 3.223148 3.093407 0.009091 -0.111222 0.927000 0.358075
22.094000000 4.363624 3.228345 3.091754 0.008885 -0.112394 0.926919 0.357925
22.099000000 4.366246 3.233485 3.090112 0.008675 -0.113565 0.926837 0.357771
22.104000000 4.368852 3.238567 3.088480 0.008461 -0.114737 0.926756 0.357614
22.109000000 4.371439 3.243592 3.086859 0.008241 -0.115907 0.926674 0.357454
22.114000000 4.374008 3.248557 3.085249 0.008016 -0.117074 0.926592 0.357290
22.119000000 4.376559 3.253464 3.083650 0.007785 -0.118234 0.926511 0.357123
22.124000000 4.379091 3.258310 3.082062 0.007546 -0.119383 0.926431 0.356953
22.129000000 4.381604 3.263096 3.080485 0.007299 -0.120516 0.926353 0.356780
22.134000000 4.384097 3.267821 3.078921 0.007043 -0.121627 0.926278 0.356604
22.139000000 4.386571 3.272485 3.077367 0.006777 -0.122712 0.926205 0.356427
22.144000000 4.389025 3.277086 3.075826 0.006502 -0.123765 0.926136 0.356246
22.149000000 4.391458 3.281625 3.074296 0.006217 -0.124778 0.926072 0.356065
22.154000000 4.393870 3.286102 3.072779 0.005920 -0.125746 0.926013 0.355882
22.159000000 4.396261 3.290514 3.071273 0.005611 -0.126663 0.925961 0.355699
22.164000000 4.398631 3.294863 3.069779 0.005291 -0.127524 0.925915 0.355515
22.169000000 4.400979 3.299148 3.068297 0.004958 -0.128323 0.925877 0.355331
22.174000000 4.403305 3.303367 3.066827 0.004612 -0.129055 0.925848 0.355148
22.179000000 4.405608 3.307522 3.065370 0.004254 -0.129715 0.925827 0.354965
22.184000000 4.407889 3.311612 3.063924 0.003883 -0.130302 0.925816 0.354783
22.189000000 4.410147 3.315637 3.062491 0.003499 -0.130812 0.925815 0.354602
22.194000000 4.412382 3.319595 3.061071 0.003102 -0.131240 0.925825 0.354422
22.199000000 4.414593 3.323488 3.059662 0.002692 -0.131588 0.925845 0.354244
22.204000000 4.416780 3.327315 3.058267 0.002271 -0.131855 0.925876 0.354066
22.209000000 4.418944 3.331076 3.056883 0.001838 -0.132040 0.925918 0.353890
22.214000000 4.421083 3.334771 3.055513 0.001393 -0.132146 0.925971 0.353715
22.219000000 4.423197 3.338400 3.054155 0.000938 -0.132172 0.926034 0.353540
22.224000000 4.425287 3.341963 3.052811 0.000473 -0.132121 0.926108 0.353366
22.229000000 4.427352 3.345460 3.051479 -0.000001 -0.131995 0.926193 0.353191
22.234000000 4.429392 3.348892 3.050160 -0.000484 -0.131800 0.926287 0.353016
22.239000000 4.431406 3.352258 3.048855 -0.000974 -0.131539 0.926391 0.352840
22.244000000 4.433395 3.355558 3.047564 -0.001471 -0.131218 0.926504 0.352663
22.249000000 4.435358 3.358793 3.046286 -0.001974 -0.130839 0.926625 0.352483
22.254000000 4.437296 3.361963 3.045022 -0.002481 -0.130407 0.926754 0.352300
22.259000000 4.439207 3.365069 3.043772 -0.002993 -0.129930 0.926890 0.352115
22.264000000 4.441092 3.368110 3.042536 -0.003507 -0.129415 0.927032 0.351924
22.269000000 4.442951 3.371087 3.041315 -0.004024 -0.128865 0.927181 0.351729
22.274000000 4.444783 3.374001 3.040108 -0.004541 -0.128288 0.927334 0.351529
22.279000000 4.446589 3.376851 3.038916 -0.005059 -0.127687 0.927493 0.351322
22.284000000 4.448367 3.379638 3.037739 -0.005577 -0.127068 0.927656 0.351108
22.289000000 4.450119 3.382363 3.036577 -0.006094 -0.126438 0.927823 0.350886
22.294000000 4.451844 3.385026 3.035431 -0.006608 -0.125806 0.927992 0.350656
22.299000000 4.453541 3.387626 3.034301 -0.007120 -0.125175 0.928164 0.350416
22.304000000 4.455212 3.390165 3.033186 -0.007628 -0.124551 0.928338 0.350167
22.309000000 4.456855 3.392643 3.032087 -0.008132 -0.123940 0.928514 0.349907
22.314000000 4.458470 3.395061 3.031005 -0.008631 -0.123347 0.928691 0.349635
22.319000000 4.460057 3.397418 3.029939 -0.009126 -0.122775 0.928868 0.349352
22.324000000 4.461617 3.399715 3.028890 -0.009614 -0.122228 0.929046 0.349057
22.329000000 4.463148 3.401952 3.027858 -0.010097 -0.121710 0.929225 0.348749
22.334000000 4.464652 3.404130 3.026842 -0.010573 -0.121224 0.929403 0.348428
22.339000000 4.466127 3.406248 3.025845 -0.011043 -0.120774 0.929582 0.348094
22.344000000 4.467574 3.408308 3.024865 -0.011507 -0.120362 0.929760 0.347746
22.349000000 4.468992 3.410309 3.023902 -0.011964 -0.119987 0.929938 0.347384
22.354000000 4.470382 3.412252 3.022958 -0.012414 -0.119651 0.930116 0.347007
22.359000000 4.471743 3.414137 3.022031 -0.012857 -0.119354 0.930293 0.346617
22.364000000 4.473075 3.415964 3.021123 -0.013295 -0.119094 0.930471 0.346213
22.369000000 4.474377 3.417733 3.020233 -0.013726 -0.118870 0.930649 0.345794
22.374000000 4.475650 3.419445 3.019362 -0.014151 -0.118678 0.930828 0.345362
22.379000000 4.476894 3.421099 3.018509 -0.014571 -0.118517 0.931007 0.344916
22.384000000 4.478108 3.422696 3.017675 -0.014985 -0.118385 0.931188 0.344456
22.389000000 4.479293 3.424236 3.016859 -0.015395 -0.118280 0.931369 0.343983
22.394000000 4.480447 3.425719 3.016063 -0.015801 -0.118199 0.931552 0.343497
22.399000000 4.481571 3.427144 3.015286 -0.016202 -0.118139 0.931737 0.342997
22.404000000 4.482665 3.428513 3.014528 -0.016600 -0.118101 0.931923 0.342485
22.409000000 4.483729 3.429825 3.013789 -0.016995 -0.118083 0.932111 0.341961
22.414000000 4.484761 3.431079 3.013071 -0.017388 -0.118085 0.932300 0.341424
22.419000000 4.485763 3.432277 3.012372 -0.017778 -0.118105 0.932491 0.340874
22.424000000 4.486734 3.433418 3.011693 -0.018167 -0.118141 0.932684 0.340314
22.429000000 4.487673 3.434503 3.011034 -0.018555 -0.118190 0.932878 0.339742
22.434000000 4.488581 3.435530 3.010395 -0.018943 -0.118254 0.933075 0.339159
22.439000000 4.489458 3.436500 3.009777 -0.019330 -0.118330 0.933273 0.338565
22.444000000 4.490302 3.437414 3.009180 -0.019718 -0.118414 0.933473 0.337961
22.449000000 4.491115 3.438270 3.008603 -0.020105 -0.118506 0.933675 0.337348
22.454000000 4.491895 3.439070 3.008048 -0.020494 -0.118603 0.933879 0.336726
22.459000000 4.492643 3.439813 3.007513 -0.020883 -0.118702 0.934085 0.336095
22.464000000 4.493358 3.440499 3.006999 -0.021271 -0.118794 0.934293 0.335457
22.469000000 4.494041 3.441127 3.006506 -0.021659 -0.118871 0.934506 0.334812
22.474000000 4.494690 3.441699 3.006033 -0.022044 -0.118920 0.934723 0.334162
22.479000000 4.495307 3.442215 3.005581 -0.022425 -0.118927 0.934947 0.333507
22.484000000 4.495891 3.442673 3.005148 -0.022798 -0.118872 0.935179 0.332850
22.489000000 4.496441 3.443075 3.004735 -0.023163 -0.118744 0.935421 0.332192
22.494000000 4.496958 3.443421 3.004340 -0.023516 -0.118525 0.935673 0.331533
22.499000000 4.497442 3.443711 3.003964 -0.023855 -0.118198 0.935939 0.330876
22.504000000 4.497892 3.443945 3.003606 -0.024177 -0.117745 0.936218 0.330222
22.509000000 4.498310 3.444124 3.003265 -0.024479 -0.117153 0.936514 0.329572
22.514000000 4.498694 3.444248 3.002940 -0.024759 -0.116410 0.936825 0.328928
22.519000000 4.499045 3.444318 3.002632 -0.025015 -0.115501 0.937155 0.328290
22.524000000 4.499363 3.444334 3.002340 -0.025242 -0.114413 0.937503 0.327660
22.529000000 4.499648 3.444297 3.002062 -0.025440 -0.113137 0.937869 0.327038
22.534000000 4.499901 3.444208 3.001799 -0.025607 -0.111669 0.938254 0.326425
22.539000000 4.500121 3.444067 3.001551 -0.025740 -0.110001 0.938657 0.325821
22.544000000 4.500310 3.443877 3.001315 -0.025839 -0.108130 0.939078 0.325227
22.549000000 4.500467 3.443637 3.001093 -0.025900 -0.106052 0.939516 0.324642
22.554000000 4.500594 3.443348 3.000883 -0.025924 -0.103766 0.939969 0.324067
22.559000000 4.500689 3.443013 3.000685 -0.025908 -0.101274 0.940436 0.323501
22.564000000 4.500755 3.442632 3.000499 -0.025852 -0.098579 0.940915 0.322944
22.569000000 4.500791 3.442207 3.000324 -0.025755 -0.095686 0.941405 0.322395
22.574000000 4.500799 3.441739 3.000160 -0.025618 -0.092603 0.941902 0.321854
22.579000000 4.500778 3.441230 3.000007 -0.025440 -0.089342 0.942404 0.321319
22.584000000 4.500730 3.440682 2.999864 -0.025223 -0.085913 0.942908 0.320791
22.589000000 4.500655 3.440096 2.999731 -0.024968 -0.082335 0.943412 0.320268
22.594000000 4.500555 3.439473 2.999608 -0.024676 -0.078623 0.943912 0.319749
22.599000000 4.500429 3.438817 2.999495 -0.024348 -0.074795 0.944406 0.319233
22.604000000 4.500280 3.438128 2.999391 -0.023987 -0.070867 0.944892 0.318719
22.609000000 4.500107 3.437408 2.999297 -0.023594 -0.066857 0.945366 0.318208
22.614000000 4.499911 3.436660 2.999211 -0.023171 -0.062782 0.945828 0.317697
22.619000000 4.499694 3.435885 2.999135 -0.022721 -0.058664 0.946274 0.317187
22.624000000 4.499457 3.435085 2.999068 -0.022246 -0.054520 0.946704 0.316676
22.629000000 4.499200 3.434263 2.999010 -0.021748 -0.050370 0.947116 0.316166
22.634000000 4.498924 3.433419 2.998960 -0.021231 -0.046232 0.947509 0.315654
22.639000000 4.498630 3.432557 2.998919 -0.020696 -0.042123 0.947883 0.315142
22.644000000 4.498320 3.431678 2.998886 -0.020145 -0.038058 0.948237 0.314629
22.649000000 4.497994 3.430784 2.998861 -0.019582 -0.034049 0.948572 0.314116
22.654000000 4.497654 3.429876 2.998844 -0.019008 -0.030113 0.948887 0.313602
22.659000000 4.497299 3.428957 2.998835 -0.018425 -0.026260 0.949182 0.313088
22.664000000 4.496931 3.428028 2.998833 -0.017835 -0.022502 0.949459 0.312574
22.669000000 4.496551 3.427092 2.998839 -0.017242 -0.018849 0.949718 0.312062
22.674000000 4.496160 3.426149 2.998852 -0.016645 -0.015308 0.949960 0.311552
22.679000000 4.495758 3.425201 2.998871 -0.016048 -0.011888 0.950186 0.311043
22.684000000 4.495347 3.424250 2.998898 -0.015452 -0.008594 0.950396 0.310538
22.689000000 4.494927 3.423298 2.998930 -0.014860 -0.005431 0.950593 0.310037
22.694000000 4.494500 3.422345 2.998969 -0.014271 -0.002402 0.950776 0.309541
22.699000000 4.494065 3.421393 2.999014 -0.013689 0.000492 0.950947 0.309050
22.704000000 4.493623 3.420444 2.999065 -0.013115 0.003249 0.951107 0.308566
22.709000000 4.493176 3.419498 2.999121 -0.012550 0.005870 0.951257 0.308089
22.714000000 4.492724 3.418557 2.999182 -0.011994 0.008358 0.951397 0.307620
22.719000000 4.492267 3.417622 2.999247 -0.011449 0.010716 0.951529 0.307160
22.724000000 4.491807 3.416694 2.999318 -0.010914 0.012950 0.951652 0.306710
22.729000000 4.491343 3.415773 2.999393 -0.010391 0.015064 0.951769 0.306270
22.734000000 4.490877 3.414861 2.999471 -0.009879 0.017065 0.951878 0.305841
22.739000000 4.490409 3.413959 2.999554 -0.009379 0.018959 0.951982 0.305424
22.744000000 4.489939 3.413068 2.999640 -0.008891 0.020754 0.952079 0.305019
22.749000000 4.489468 3.412187 2.999729 -0.008414 0.022457 0.952170 0.304626
22.754000000 4.488997 3.411319 2.999821 -0.007948 0.024078 0.952256 0.304247
22.759000000 4.488525 3.410463 2.999915 -0.007492 0.025625 0.952336 0.303882
22.764000000 4.488054 3.409620 3.000012 -0.007045 0.027107 0.952410 0.303531
22.769000000 4.487583 3.408791 3.000111 -0.006606 0.028532 0.952479 0.303194
22.774000000 4.487114 3.407977 3.000211 -0.006175 0.029910 0.952542 0.302871
22.779000000 4.486646 3.407177 3.000313 -0.005751 0.031248 0.952599 0.302564
22.784000000 4.486180 3.406394 3.000416 -0.005333 0.032554 0.952651 0.302271
22.789000000 4.485717 3.405626 3.000519 -0.004920 0.033835 0.952697 0.301994
22.794000000 4.485256 3.404875 3.000624 -0.004510 0.035100 0.952736 0.301731
22.799000000 4.484799 3.404141 3.000728 -0.004104 0.036353 0.952769 0.301483
22.804000000 4.484345 3.403425 3.000832 -0.003700 0.037601 0.952796 0.301250
22.809000000 4.483894 3.402726 3.000937 -0.003298 0.038846 0.952817 0.301032
22.814000000 4.483448 3.402047 3.001040 -0.002898 0.040089 0.952831 0.300828
22.819000000 4.483007 3.401387 3.001143 -0.002501 0.041329 0.952839 0.300639
22.824000000 4.482570 3.400746 3.001245 -0.002107 0.042564 0.952841 0.300463
22.829000000 4.482139 3.400126 3.001347 -0.001718 0.043787 0.952837 0.300302
22.834000000 4.481713 3.399526 3.001447 -0.001333 0.044993 0.952828 0.300154
22.839000000 4.481294 3.398948 3.001545 -0.000956 0.046174 0.952815 0.300019
22.844000000 4.480880 3.398391 3.001642 -0.000585 0.047320 0.952797 0.299897
22.849000000 4.480474 3.397856 3.001738 -0.000224 0.048424 0.952776 0.299789
22.854000000 4.480074 3.397344 3.001832 0.000128 0.049475 0.952752 0.299692
22.859000000 4.479682 3.396855 3.001924 0.000468 0.050466 0.952727 0.299608
22.864000000 4.479297 3.396390 3.002014 0.000795 0.051388 0.952700 0.299536
22.869000000 4.478921 3.395948 3.002103 0.001108 0.052233 0.952673 0.299474
22.874000000 4.478552 3.395531 3.002189 0.001405 0.052993 0.952646 0.299424
22.879000000 4.478192 3.395138 3.002273 0.001686 0.053661 0.952621 0.299385
22.884000000 4.477840 3.394770 3.002355 0.001950 0.054231 0.952597 0.299355
22.889000000 4.477498 3.394426 3.002435 0.002196 0.054697 0.952576 0.299335
22.894000000 4.477164 3.394108 3.002512 0.002423 0.055055 0.952559 0.299324
22.899000000 4.476839 3.393816 3.002587 0.002631 0.055300 0.952545 0.299322
22.904000000 4.476524 3.393548 3.002660 0.002819 0.055432 0.952535 0.299327
22.909000000 4.476219 3.393306 3.002730 0.002988 0.055449 0.952529 0.299341
22.914000000 4.475922 3.393089 3.002798 0.003137 0.055350 0.952528 0.299361
22.919000000 4.475636 3.392898 3.002864 0.003267 0.055136 0.952532 0.299387
22.924000000 4.475359 3.392732 3.002927 0.003378 0.054808 0.952540 0.299419
22.929000000 4.475091 3.392590 3.002987 0.003471 0.054369 0.952553 0.299456
22.934000000 4.474833 3.392474 3.003045 0.003546 0.053821 0.952571 0.299498
22.939000000 4.474585 3.392382 3.003101 0.003604 0.053171 0.952593 0.299543
22.944000000 4.474346 3.392314 3.003154 0.003647 0.052426 0.952619 0.299592
22.949000000 4.474116 3.392271 3.003205 0.003674 0.051591 0.952648 0.299643
22.954000000 4.473896 3.392250 3.003254 0.003687 0.050672 0.952681 0.299697
22.959000000 4.473685 3.392253 3.003300 0.003688 0.049679 0.952716 0.299751
22.964000000 4.473483 3.392278 3.003345 0.003677 0.048620 0.952753 0.299807
22.969000000 4.473289 3.392326 3.003387 0.003657 0.047502 0.952792 0.299863
22.974000000 4.473105 3.392394 3.003426 0.003627 0.046334 0.952832 0.299919
22.979000000 4.472928 3.392484 3.003464 0.003590 0.045126 0.952873 0.299974
22.984000000 4.472761 3.392595 3.003500 0.003547 0.043886 0.952914 0.300029
22.989000000 4.472601 3.392725 3.003534 0.003499 0.042623 0.952954 0.300082
22.994000000 4.472449 3.392875 3.003566 0.003447 0.041346 0.952995 0.300133
22.999000000 4.472304 3.393043 3.003596 0.003392 0.040063 0.953034 0.300183
23.004000000 4.472168 3.393230 3.003624 0.003337 0.038780 0.953072 0.300230
23.009000000 4.472038 3.393434 3.003651 0.003281 0.037506 0.953109 0.300275
23.014000000 4.471915 3.393655 3.003676 0.003226 0.036247 0.953145 0.300317
23.019000000 4.471800 3.393893 3.003699 0.003173 0.035011 0.953179 0.300357
23.024000000 4.471690 3.394146 3.003721 0.003122 0.033801 0.953211 0.300394
23.029000000 4.471588 3.394415 3.003742 0.003074 0.032623 0.953241 0.300428
23.034000000 4.471491 3.394698 3.003761 0.003031 0.031480 0.953270 0.300460
23.039000000 4.471401 3.394996 3.003779 0.002991 0.030377 0.953297 0.300489
23.044000000 4.471316 3.395307 3.003795 0.002957 0.029316 0.953322 0.300515
23.049000000 4.471237 3.395631 3.003811 0.002928 0.028301 0.953345 0.300539
23.054000000 4.471164 3.395969 3.003825 0.002904 0.027335 0.953367 0.300560
23.059000000 4.471096 3.396318 3.003837 0.002886 0.026418 0.953387 0.300578
23.064000000 4.471033 3.396680 3.003849 0.002874 0.025552 0.953405 0.300594
23.069000000 4.470975 3.397053 3.003860 0.002867 0.024736 0.953423 0.300608
23.074000000 4.470923 3.397437 3.003869 0.002865 0.023971 0.953438 0.300620
23.079000000 4.470875 3.397832 3.003878 0.002869 0.023256 0.953453 0.300630
23.084000000 4.470832 3.398237 3.003885 0.002877 0.022588 0.953466 0.300638
23.089000000 4.470793 3.398653 3.003892 0.002891 0.021967 0.953479 0.300644
23.094000000 4.470759 3.399078 3.003898 0.002908 0.021388 0.953490 0.300649
23.099000000 4.470730 3.399513 3.003902 0.002930 0.020851 0.953501 0.300653
23.104000000 4.470705 3.399957 3.003906 0.002954 0.020351 0.953511 0.300655
23.109000000 4.470685 3.400410 3.003909 0.002981 0.019886 0.953521 0.300656
23.114000000 4.470668 3.400872 3.003911 0.003011 0.019453 0.953529 0.300657
23.119000000 4.470656 3.401342 3.003913 0.003043 0.019047 0.953537 0.300656
23.124000000 4.470649 3.401821 3.003913 0.003075 0.018664 0.953545 0.300655
23.129000000 4.470645 3.402309 3.003913 0.003109 0.018302 0.953553 0.300654
23.134000000 4.470646 3.402804 3.003912 0.003142 0.017957 0.953560 0.300652
23.139000000 4.470650 3.403307 3.003910 0.003175 0.017624 0.953567 0.300650
23.144000000 4.470659 3.403818 3.003908 0.003207 0.017301 0.953573 0.300647
23.149000000 4.470672 3.404337 3.003904 0.003238 0.016984 0.953580 0.300645
23.154000000 4.470689 3.404863 3.003900 0.003267 0.016669 0.953586 0.300642
23.159000000 4.470710 3.405396 3.003896 0.003294 0.016355 0.953592 0.300640
23.164000000 4.470734 3.405937 3.003890 0.003319 0.016036 0.953598 0.300638
23.169000000 4.470763 3.406484 3.003884 0.003340 0.015711 0.953604 0.300636
23.174000000 4.470796 3.407038 3.003878 0.003359 0.015377 0.953610 0.300634
23.179000000 4.470832 3.407599 3.003871 0.003374 0.015033 0.953616 0.300633
23.184000000 4.470872 3.408167 3.003863 0.003385 0.014675 0.953621 0.300632
23.189000000 4.470916 3.408741 3.003854 0.003393 0.014304 0.953627 0.300631
23.194000000 4.470963 3.409321 3.003845 0.003397 0.013918 0.953633 0.300631
23.199000000 4.471015 3.409907 3.003836 0.003398 0.013516 0.953639 0.300631
23.204000000 4.471069 3.410498 3.003826 0.003394 0.013101 0.953644 0.300632
23.209000000 4.471128 3.411096 3.003815 0.003387 0.012671 0.953650 0.300633
23.214000000 4.471189 3.411699 3.003804 0.003376 0.012227 0.953655 0.300635
23.219000000 4.471255 3.412307 3.003792 0.003362 0.011770 0.953660 0.300637
23.224000000 4.471323 3.412920 3.003780 0.003345 0.011300 0.953665 0.300639
23.229000000 4.471395 3.413537 3.003768 0.003324 0.010819 0.953670 0.300642
23.234000000 4.471469 3.414160 3.003754 0.003301 0.010328 0.953675 0.300645
23.239000000 4.471547 3.414786 3.003741 0.003275 0.009828 0.953679 0.300648
23.244000000 4.471628 3.415417 3.003727 0.003246 0.009321 0.953683 0.300652
23.249000000 4.471712 3.416052 3.003713 0.003216 0.008808 0.953687 0.300655
23.254000000 4.471798 3.416690 3.003698 0.003183 0.008290 0.953690 0.300659
23.259000000 4.471887 3.417332 3.003683 0.003149 0.007770 0.953694 0.300663
23.264000000 4.471979 3.417977 3.003667 0.003114 0.007248 0.953697 0.300667
23.269000000 4.472073 3.418624 3.003652 0.003077 0.006725 0.953699 0.300671
23.274000000 4.472170 3.419275 3.003636 0.003040 0.006205 0.953702 0.300675
23.279000000 4.472269 3.419928 3.003619 0.003003 0.005689 0.953704 0.300679
23.284000000 4.472371 3.420583 3.003602 0.002965 0.005178 0.953705 0.300683
23.289000000 4.472474 3.421240 3.003585 0.002927 0.004674 0.953707 0.300687
23.294000000 4.472580 3.421899 3.003568 0.002889 0.004180 0.953708 0.300691
23.299000000 4.472687 3.422559 3.003550 0.002852 0.003696 0.953709 0.300695
23.304000000 4.472797 3.423220 3.003533 0.002816 0.003226 0.953710 0.300698
23.309000000 4.472908 3.423883 3.003515 0.002781 0.002769 0.953710 0.300701
23.314000000 4.473021 3.424547 3.003496 0.002747 0.002326 0.953711 0.300705
23.319000000 4.473135 3.425211 3.003478 0.002714 0.001899 0.953711 0.300707
23.324000000 4.473251 3.425876 3.003459 0.002682 0.001488 0.953711 0.300710
23.329000000 4.473369 3.426541 3.003440 0.002652 0.001094 0.953711 0.300713
23.334000000 4.473488 3.427206 3.003421 0.002623 0.000717 0.953710 0.300715
23.339000000 4.473608 3.427871 3.003402 0.002596 0.000358 0.953710 0.300717
23.344000000 4.473729 3.428536 3.003382 0.002570 0.000017 0.953710 0.300718
23.349000000 4.473852 3.429200 3.003363 0.002546 -0.000307 0.953709 0.300720
23.354000000 4.473976 3.429864 3.003343 0.002523 -0.000613 0.953709 0.300721
23.359000000 4.474101 3.430527 3.003323 0.002502 -0.000901 0.953708 0.300722
23.364000000 4.474227 3.431190 3.003303 0.002483 -0.001172 0.953708 0.300723
23.369000000 4.474354 3.431851 3.003283 0.002464 -0.001428 0.953707 0.300723
23.374000000 4.474482 3.432512 3.003263 0.002447 -0.001667 0.953707 0.300723
23.379000000 4.474611 3.433171 3.003242 0.002431 -0.001892 0.953706 0.300723
23.384000000 4.474740 3.433829 3.003222 0.002416 -0.002104 0.953706 0.300723
23.389000000 4.474871 3.434486 3.003201 0.002402 -0.002303 0.953706 0.300723
23.394000000 4.475002 3.435141 3.003180 0.002389 -0.002490 0.953706 0.300722
23.399000000 4.475134 3.435795 3.003160 0.002376 -0.002666 0.953705 0.300721
23.404000000 4.475267 3.436447 3.003139 0.002364 -0.002833 0.953705 0.300720
23.409000000 4.475400 3.437098 3.003118 0.002352 -0.002992 0.953705 0.300719
23.414000000 4.475534 3.437746 3.003097 0.002341 -0.003143 0.953705 0.300718
23.419000000 4.475669 3.438393 3.003076 0.002329 -0.003288 0.953705 0.300717
23.424000000 4.475804 3.439038 3.003055 0.002317 -0.003428 0.953705 0.300715
23.429000000 4.475940 3.439681 3.003034 0.002306 -0.003563 0.953705 0.300714
23.434000000 4.476076 3.440322 3.003012 0.002294 -0.003695 0.953705 0.300712
23.439000000 4.476213 3.440961 3.002991 0.002281 -0.003825 0.953705 0.300711
23.444000000 4.476351 3.441598 3.002970 0.002268 -0.003953 0.953705 0.300709
23.449000000 4.476489 3.442233 3.002949 0.002254 -0.004080 0.953705 0.300707
23.454000000 4.476627 3.442865 3.002927 0.002240 -0.004206 0.953705 0.300705
23.459000000 4.476766 3.443495 3.002906 0.002225 -0.004334 0.953705 0.300704
23.464000000 4.476905 3.444123 3.002885 0.002209 -0.004462 0.953705 0.300702
23.469000000 4.477045 3.444748 3.002863 0.002193 -0.004591 0.953705 0.300700
23.474000000 4.477185 3.445371 3.002842 0.002175 -0.004722 0.953705 0.300698
23.479000000 4.477325 3.445991 3.002821 0.002157 -0.004855 0.953705 0.300696
23.484000000 4.477465 3.446609 3.002799 0.002138 -0.004990 0.953705 0.300695
23.489000000 4.477606 3.447224 3.002778 0.002118 -0.005126 0.953705 0.300693
23.494000000 4.477747 3.447836 3.002757 0.002097 -0.005264 0.953705 0.300691
23.499000000 4.477889 3.448446 3.002735 0.002075 -0.005404 0.953704 0.300690
23.504000000 4.478030 3.449053 3.002714 0.002053 -0.005545 0.953704 0.300688
23.509000000 4.478172 3.449656 3.002693 0.002030 -0.005688 0.953704 0.300687
23.514000000 4.478313 3.450257 3.002672 0.002006 -0.005831 0.953703 0.300685
23.519000000 4.478455 3.450855 3.002650 0.001982 -0.005976 0.953703 0.300684
23.524000000 4.478597 3.451450 3.002629 0.001957 -0.006121 0.953703 0.300683
23.529000000 4.478738 3.452041 3.002608 0.001931 -0.006265 0.953702 0.300681
23.534000000 4.478880 3.452630 3.002587 0.001906 -0.006409 0.953702 0.300680
23.539000000 4.479022 3.453215 3.002566 0.001880 -0.006552 0.953701 0.300679
23.544000000 4.479164 3.453796 3.002545 0.001854 -0.006693 0.953700 0.300678
23.549000000 4.479305 3.454374 3.002524 0.001828 -0.006832 0.953700 0.300677
23.554000000 4.479446 3.454949 3.002503 0.001801 -0.006968 0.953699 0.300676
23.559000000 4.479588 3.455521 3.002483 0.001775 -0.007101 0.953699 0.300675
23.564000000 4.479728 3.456088 3.002462 0.001749 -0.007231 0.953698 0.300674
23.569000000 4.479869 3.456652 3.002441 0.001723 -0.007357 0.953697 0.300674
23.574000000 4.480010 3.457212 3.002420 0.001697 -0.007479 0.953696 0.300673
23.579000000 4.480150 3.457769 3.002400 0.001672 -0.007596 0.953696 0.300672
23.584000000 4.480289 3.458322 3.002379 0.001647 -0.007708 0.953695 0.300672
23.589000000 4.480429 3.458871 3.002359 0.001623 -0.007814 0.953695 0.300671
23.594000000 4.480568 3.459416 3.002339 0.001598 -0.007916 0.953694 0.300671
23.599000000 4.480706 3.459957 3.002318 0.001575 -0.008012 0.953693 0.300670
23.604000000 4.480844 3.460494 3.002298 0.001551 -0.008102 0.953693 0.300670
23.609000000 4.480982 3.461027 3.002278 0.001529 -0.008186 0.953692 0.300669
23.614000000 4.481119 3.461556 3.002258 0.001506 -0.008265 0.953692 0.300669
23.619000000 4.481256 3.462080 3.002238 0.001484 -0.008337 0.953691 0.300669
23.624000000 4.481392 3.462601 3.002218 0.001463 -0.008404 0.953691 0.300668
23.629000000 4.481528 3.463118 3.002199 0.001442 -0.008465 0.953690 0.300668
23.634000000 4.481663 3.463630 3.002179 0.001422 -0.008520 0.953690 0.300668
23.639000000 4.481797 3.464138 3.002159 0.001402 -0.008569 0.953689 0.300668
23.644000000 4.481931 3.464642 3.002140 0.001383 -0.008614 0.953689 0.300668
23.649000000 4.482064 3.465142 3.002120 0.001364 -0.008653 0.953689 0.300668
23.654000000 4.482196 3.465637 3.002101 0.001345 -0.008687 0.953689 0.300667
23.659000000 4.482328 3.466129 3.002082 0.001327 -0.008716 0.953688 0.300667
23.664000000 4.482459 3.466616 3.002063 0.001309 -0.008741 0.953688 0.300667
23.669000000 4.482590 3.467098 3.002044 0.001291 -0.008761 0.953688 0.300667
23.674000000 4.482720 3.467576 3.002025 0.001274 -0.008778 0.953688 0.300667
23.679000000 4.482849 3.468050 3.002006 0.001257 -0.008791 0.953688 0.300667
23.684000000 4.482977 3.468520 3.001987 0.001241 -0.008800 0.953688 0.300667
23.689000000 4.483105 3.468986 3.001969 0.001224 -0.008807 0.953688 0.300667
23.694000000 4.483232 3.469447 3.001950 0.001208 -0.008810 0.953688 0.300667
23.699000000 4.483358 3.469904 3.001932 0.001192 -0.008811 0.953688 0.300667
23.704000000 4.483484 3.470356 3.001913 0.001177 -0.008810 0.953688 0.300667
23.709000000 4.483608 3.470804 3.001895 0.001161 -0.008807 0.953688 0.300667
23.714000000 4.483732 3.471248 3.001877 0.001146 -0.008802 0.953688 0.300667
23.719000000 4.483856 3.471688 3.001859 0.001130 -0.008795 0.953688 0.300667
23.724000000 4.483978 3.472123 3.001841 0.001115 -0.008787 0.953688 0.300667
23.729000000 4.484100 3.472554 3.001823 0.001100 -0.008778 0.953688 0.300667
23.734000000 4.484221 3.472981 3.001806 0.001084 -0.008769 0.953688 0.300667
23.739000000 4.484341 3.473403 3.001788 0.001069 -0.008758 0.953688 0.300667
23.744000000 4.484460 3.473822 3.001771 0.001054 -0.008747 0.953688 0.300667
23.749000000 4.484578 3.474236 3.001754 0.001039 -0.008736 0.953689 0.300667
23.754000000 4.484696 3.474645 3.001736 0.001024 -0.008724 0.953689 0.300667
23.759000000 4.484813 3.475051 3.001719 0.001009 -0.008711 0.953689 0.300667
23.764000000 4.484929 3.475452 3.001702 0.000993 -0.008699 0.953689 0.300668
23.769000000 4.485044 3.475849 3.001685 0.000978 -0.008686 0.953689 0.300668
23.774000000 4.485159 3.476242 3.001669 0.000963 -0.008673 0.953689 0.300668
23.779000000 4.485272 3.476630 3.001652 0.000947 -0.008660 0.953689 0.300668
23.784000000 4.485385 3.477015 3.001636 0.000931 -0.008647 0.953689 0.300668
23.789000000 4.485497 3.477395 3.001619 0.000916 -0.008633 0.953689 0.300668
23.794000000 4.485608 3.477771 3.001603 0.000900 -0.008619 0.953689 0.300668
23.799000000 4.485718 3.478143 3.001587 0.000884 -0.008604 0.953690 0.300668
23.804000000 4.485828 3.478511 3.001571 0.000868 -0.008589 0.953690 0.300668
23.809000000 4.485936 3.478874 3.001555 0.000853 -0.008574 0.953690 0.300669
23.814000000 4.486044 3.479234 3.001539 0.000837 -0.008558 0.953690 0.300669
23.819000000 4.486151 3.479589 3.001524 0.000821 -0.008541 0.953690 0.300669
23.824000000 4.486257 3.479940 3.001508 0.000805 -0.008524 0.953690 0.300669
23.829000000 4.486362 3.480287 3.001493 0.000789 -0.008506 0.953690 0.300669
23.834000000 4.486466 3.480630 3.001477 0.000774 -0.008486 0.953690 0.300669
23.839000000 4.486569 3.480969 3.001462 0.000758 -0.008466 0.953690 0.300670
23.844000000 4.486671 3.481304 3.001447 0.000743 -0.008445 0.953691 0.300670
23.849000000 4.486773 3.481635 3.001432 0.000727 -0.008423 0.953691 0.300670
23.854000000 4.486873 3.481961 3.001417 0.000712 -0.008400 0.953691 0.300670
23.859000000 4.486973 3.482284 3.001403 0.000697 -0.008375 0.953691 0.300671
23.864000000 4.487072 3.482603 3.001388 0.000683 -0.008350 0.953691 0.300671
23.869000000 4.487169 3.482917 3.001374 0.000668 -0.008322 0.953691 0.300671
23.874000000 4.487266 3.483228 3.001359 0.000654 -0.008294 0.953691 0.300671
23.879000000 4.487362 3.483535 3.001345 0.000640 -0.008264 0.953692 0.300672
23.884000000 4.487457 3.483837 3.001331 0.000626 -0.008232 0.953692 0.300672
23.889000000 4.487551 3.484136 3.001317 0.000612 -0.008199 0.953692 0.300672
23.894000000 4.487645 3.484431 3.001303 0.000599 -0.008165 0.953692 0.300673
23.899000000 4.487737 3.484722 3.001290 0.000586 -0.008129 0.953692 0.300673
23.904000000 4.487828 3.485009 3.001276 0.000573 -0.008091 0.953693 0.300673
23.909000000 4.487919 3.485292 3.001263 0.000560 -0.008052 0.953693 0.300674
23.914000000 4.488008 3.485571 3.001249 0.000547 -0.008010 0.953693 0.300674
23.919000000 4.488097 3.485846 3.001236 0.000535 -0.007968 0.953693 0.300674
23.924000000 4.488184 3.486118 3.001223 0.000523 -0.007924 0.953694 0.300675
23.929000000 4.488271 3.486386 3.001210 0.000511 -0.007878 0.953694 0.300675
23.934000000 4.488357 3.486650 3.001197 0.000500 -0.007832 0.953694 0.300676
23.939000000 4.488442 3.486910 3.001184 0.000488 -0.007784 0.953694 0.300676
23.944000000 4.488526 3.487167 3.001172 0.000477 -0.007735 0.953695 0.300676
23.949000000 4.488609 3.487420 3.001159 0.000466 -0.007685 0.953695 0.300677
23.954000000 4.488691 3.487669 3.001147 0.000455 -0.007633 0.953695 0.300677
23.959000000 4.488772 3.487914 3.001134 0.000444 -0.007581 0.953696 0.300677
23.964000000 4.488852 3.488156 3.001122 0.000434 -0.007528 0.953696 0.300678
23.969000000 4.488932 3.488395 3.001110 0.000423 -0.007474 0.953696 0.300678
23.974000000 4.489010 3.488630 3.001098 0.000413 -0.007420 0.953697 0.300679
23.979000000 4.489088 3.488861 3.001086 0.000403 -0.007364 0.953697 0.300679
23.984000000 4.489164 3.489089 3.001075 0.000393 -0.007309 0.953697 0.300680
23.989000000 4.489240 3.489313 3.001063 0.000384 -0.007252 0.953697 0.300680
23.994000000 4.489315 3.489534 3.001052 0.000374 -0.007196 0.953698 0.300680
23.999000000 4.489389 3.489751 3.001040 0.000364 -0.007139 0.953698 0.300681
24.004000000 4.489462 3.489965 3.001029 0.000355 -0.007082 0.953698 0.300681
24.009000000 4.489535 3.490176 3.001018 0.000346 -0.007025 0.953699 0.300682
24.014000000 4.489606 3.490383 3.001007 0.000337 -0.006968 0.953699 0.300682
24.019000000 4.489676 3.490587 3.000996 0.000328 -0.006911 0.953699 0.300682
24.024000000 4.489746 3.490788 3.000985 0.000319 -0.006854 0.953700 0.300683
24.029000000 4.489815 3.490986 3.000974 0.000310 -0.006797 0.953700 0.300683
24.034000000 4.489883 3.491180 3.000964 0.000301 -0.006740 0.953700 0.300684
24.039000000 4.489950 3.491371 3.000953 0.000293 -0.006683 0.953700 0.300684
24.044000000 4.490016 3.491559 3.000943 0.000284 -0.006627 0.953701 0.300684
24.049000000 4.490081 3.491744 3.000933 0.000276 -0.006570 0.953701 0.300685
24.054000000 4.490146 3.491925 3.000923 0.000267 -0.006514 0.953701 0.300685
24.059000000 4.490210 3.492104 3.000912 0.000259 -0.006458 0.953701 0.300685
24.064000000 4.490272 3.492279 3.000903 0.000251 -0.006402 0.953702 0.300686
24.069000000 4.490334 3.492452 3.000893 0.000243 -0.006345 0.953702 0.300686
24.074000000 4.490396 3.492621 3.000883 0.000235 -0.006290 0.953702 0.300687
24.079000000 4.490456 3.492787 3.000873 0.000227 -0.006234 0.953703 0.300687
24.084000000 4.490516 3.492951 3.000864 0.000219 -0.006178 0.953703 0.300687
24.089000000 4.490574 3.493112 3.000855 0.000211 -0.006123 0.953703 0.300688
24.094000000 4.490632 3.493269 3.000845 0.000203 -0.006067 0.953703 0.300688
24.099000000 4.490689 3.493424 3.000836 0.000196 -0.006012 0.953703 0.300688
24.104000000 4.490746 3.493576 3.000827 0.000188 -0.005958 0.953704 0.300689
24.109000000 4.490801 3.493725 3.000818 0.000181 -0.005903 0.953704 0.300689
24.114000000 4.490856 3.493871 3.000809 0.000173 -0.005849 0.953704 0.300689
24.119000000 4.490910 3.494015 3.000800 0.000166 -0.005794 0.953704 0.300690
24.124000000 4.490963 3.494156 3.000792 0.000159 -0.005740 0.953705 0.300690
24.129000000 4.491016 3.494294 3.000783 0.000152 -0.005686 0.953705 0.300690
24.134000000 4.491067 3.494429 3.000775 0.000145 -0.005632 0.953705 0.300691
24.139000000 4.491118 3.494562 3.000766 0.000139 -0.005578 0.953705 0.300691
24.144000000 4.491169 3.494692 3.000758 0.000132 -0.005524 0.953706 0.300691
24.149000000 4.491218 3.494820 3.000750 0.000125 -0.005469 0.953706 0.300692
24.154000000 4.491267 3.494945 3.000742 0.000119 -0.005415 0.953706 0.300692
24.159000000 4.491314 3.495067 3.000734 0.000113 -0.005360 0.953706 0.300692
24.164000000 4.491362 3.495187 3.000726 0.000107 -0.005306 0.953706 0.300692
24.169000000 4.491408 3.495305 3.000718 0.000101 -0.005251 0.953707 0.300693
24.174000000 4.491454 3.495420 3.000710 0.000095 -0.005196 0.953707 0.300693
24.179000000 4.491499 3.495532 3.000703 0.000089 -0.005140 0.953707 0.300693
24.184000000 4.491543 3.495642 3.000695 0.000083 -0.005085 0.953707 0.300694
24.189000000 4.491587 3.495750 3.000688 0.000077 -0.005029 0.953707 0.300694
24.194000000 4.491630 3.495855 3.000680 0.000072 -0.004973 0.953708 0.300694
24.199000000 4.491672 3.495958 3.000673 0.000066 -0.004917 0.953708 0.300694
24.204000000 4.491713 3.496059 3.000666 0.000061 -0.004861 0.953708 0.300695
24.209000000 4.491754 3.496157 3.000659 0.000056 -0.004805 0.953708 0.300695
24.214000000 4.491794 3.496253 3.000652 0.000051 -0.004749 0.953708 0.300695
24.219000000 4.491833 3.496347 3.000645 0.000046 -0.004693 0.953709 0.300695
24.224000000 4.491872 3.496439 3.000638 0.000041 -0.004637 0.953709 0.300696
24.229000000 4.491910 3.496528 3.000632 0.000036 -0.004581 0.953709 0.300696
24.234000000 4.491948 3.496616 3.000625 0.000031 -0.004525 0.953709 0.300696
24.239000000 4.491984 3.496701 3.000619 0.000027 -0.004468 0.953709 0.300696
24.244000000 4.492021 3.496784 3.000612 0.000022 -0.004412 0.953710 0.300697
24.249000000 4.492056 3.496865 3.000606 0.000018 -0.004356 0.953710 0.300697
24.254000000 4.492091 3.496944 3.000599 0.000013 -0.004300 0.953710 0.300697
24.259000000 4.492125 3.497021 3.000593 0.000009 -0.004244 0.953710 0.300697
24.264000000 4.492159 3.497096 3.000587 0.000005 -0.004188 0.953710 0.300698
24.269000000 4.492192 3.497170 3.000581 0.000001 -0.004132 0.953711 0.300698
24.274000000 4.492224 3.497241 3.000575 -0.000003 -0.004077 0.953711 0.300698
24.279000000 4.492256 3.497310 3.000569 -0.000007 -0.004021 0.953711 0.300698
24.284000000 4.492287 3.497377 3.000563 -0.000011 -0.003967 0.953711 0.300698
24.289000000 4.492318 3.497443 3.000558 -0.000015 -0.003912 0.953711 0.300699
24.294000000 4.492347 3.497506 3.000552 -0.000018 -0.003858 0.953711 0.300699
24.299000000 4.492377 3.497568 3.000547 -0.000022 -0.003804 0.953712 0.300699
24.304000000 4.492406 3.497628 3.000541 -0.000025 -0.003751 0.953712 0.300699
24.309000000 4.492434 3.497687 3.000536 -0.000029 -0.003699 0.953712 0.300699
24.314000000 4.492462 3.497743 3.000530 -0.000032 -0.003647 0.953712 0.300700
24.319000000 4.492489 3.497798 3.000525 -0.000035 -0.003595 0.953712 0.300700
24.324000000 4.492516 3.497851 3.000520 -0.000039 -0.003544 0.953712 0.300700
24.329000000 4.492542 3.497903 3.000515 -0.000042 -0.003494 0.953712 0.300700
24.334000000 4.492567 3.497953 3.000510 -0.000045 -0.003444 0.953712 0.300700
24.339000000 4.492592 3.498001 3.000505 -0.000048 -0.003395 0.953713 0.300700
24.344000000 4.492617 3.498048 3.000500 -0.000050 -0.003346 0.953713 0.300701
24.349000000 4.492641 3.498093 3.000495 -0.000053 -0.003297 0.953713 0.300701
24.354000000 4.492664 3.498137 3.000490 -0.000056 -0.003249 0.953713 0.300701
24.359000000 4.492687 3.498179 3.000486 -0.000059 -0.003202 0.953713 0.300701
24.364000000 4.492710 3.498220 3.000481 -0.000061 -0.003155 0.953713 0.300701
24.369000000 4.492731 3.498259 3.000477 -0.000064 -0.003109 0.953713 0.300701
24.374000000 4.492753 3.498297 3.000472 -0.000066 -0.003063 0.953713 0.300701
24.379000000 4.492774 3.498333 3.000468 -0.000069 -0.003017 0.953714 0.300702
24.384000000 4.492794 3.498368 3.000463 -0.000071 -0.002973 0.953714 0.300702
24.389000000 4.492814 3.498402 3.000459 -0.000073 -0.002928 0.953714 0.300702
24.394000000 4.492834 3.498434 3.000455 -0.000075 -0.002885 0.953714 0.300702
24.399000000 4.492853 3.498465 3.000451 -0.000078 -0.002841 0.953714 0.300702
24.404000000 4.492872 3.498494 3.000447 -0.000080 -0.002798 0.953714 0.300702
24.409000000 4.492890 3.498522 3.000443 -0.000082 -0.002756 0.953714 0.300702
24.414000000 4.492908 3.498549 3.000439 -0.000084 -0.002714 0.953714 0.300702
24.419000000 4.492925 3.498575 3.000435 -0.000086 -0.002672 0.953714 0.300703
24.424000000 4.492942 3.498599 3.000431 -0.000087 -0.002630 0.953714 0.300703
24.429000000 4.492958 3.498623 3.000427 -0.000089 -0.002589 0.953714 0.300703
24.434000000 4.492975 3.498645 3.000423 -0.000091 -0.002549 0.953714 0.300703
24.439000000 4.492990 3.498666 3.000420 -0.000093 -0.002508 0.953715 0.300703
24.444000000 4.493005 3.498685 3.000416 -0.000094 -0.002468 0.953715 0.300703
24.449000000 4.493020 3.498704 3.000413 -0.000096 -0.002428 0.953715 0.300703
24.454000000 4.493035 3.498721 3.000409 -0.000097 -0.002389 0.953715 0.300703
24.459000000 4.493049 3.498738 3.000406 -0.000099 -0.002350 0.953715 0.300703
24.464000000 4.493062 3.498753 3.000402 -0.000100 -0.002311 0.953715 0.300703
24.469000000 4.493075 3.498767 3.000399 -0.000101 -0.002272 0.953715 0.300703
24.474000000 4.493088 3.498780 3.000396 -0.000103 -0.002234 0.953715 0.300704
24.479000000 4.493101 3.498792 3.000393 -0.000104 -0.002196 0.953715 0.300704
24.484000000 4.493113 3.498803 3.000389 -0.000105 -0.002158 0.953715 0.300704
24.489000000 4.493124 3.498814 3.000386 -0.000106 -0.002120 0.953715 0.300704
24.494000000 4.493136 3.498823 3.000383 -0.000108 -0.002083 0.953715 0.300704
24.499000000 4.493147 3.498831 3.000380 -0.000109 -0.002046 0.953715 0.300704
24.504000000 4.493157 3.498838 3.000377 -0.000110 -0.002009 0.953715 0.300704
24.509000000 4.493168 3.498844 3.000375 -0.000111 -0.001973 0.953715 0.300704
24.514000000 4.493178 3.498850 3.000372 -0.000112 -0.001937 0.953716 0.300704
24.519000000 4.493187 3.498854 3.000369 -0.000113 -0.001901 0.953716 0.300704
24.524000000 4.493197 3.498858 3.000366 -0.000113 -0.001865 0.953716 0.300704
24.529000000 4.493206 3.498861 3.000363 -0.000114 -0.001830 0.953716 0.300704
24.534000000 4.493214 3.498863 3.000361 -0.000115 -0.001795 0.953716 0.300704
24.539000000 4.493222 3.498864 3.000358 -0.000116 -0.001760 0.953716 0.300704
24.544000000 4.493230 3.498864 3.000356 -0.000117 -0.001726 0.953716 0.300704
24.549000000 4.493238 3.498864 3.000353 -0.000117 -0.001691 0.953716 0.300705
24.554000000 4.493246 3.498862 3.000351 -0.000118 -0.001657 0.953716 0.300705
24.559000000 4.493253 3.498860 3.000348 -0.000119 -0.001624 0.953716 0.300705
24.564000000 4.493259 3.498858 3.000346 -0.000119 -0.001590 0.953716 0.300705
24.569000000 4.493266 3.498854 3.000344 -0.000120 -0.001557 0.953716 0.300705
24.574000000 4.493272 3.498850 3.000341 -0.000120 -0.001525 0.953716 0.300705
24.579000000 4.493278 3.498845 3.000339 -0.000121 -0.001492 0.953716 0.300705
24.584000000 4.493284 3.498839 3.000337 -0.000121 -0.001460 0.953716 0.300705
24.589000000 4.493289 3.498833 3.000335 -0.000122 -0.001428 0.953716 0.300705
24.594000000 4.493294 3.498826 3.000333 -0.000122 -0.001397 0.953716 0.300705
24.599000000 4.493299 3.498819 3.000331 -0.000122 -0.001365 0.953716 0.300705
24.604000000 4.493304 3.498811 3.000329 -0.000123 -0.001334 0.953716 0.300705
24.609000000 4.493308 3.498802 3.000327 -0.000123 -0.001304 0.953716 0.300705
24.614000000 4.493312 3.498793 3.000325 -0.000123 -0.001274 0.953716 0.300705
24.619000000 4.493316 3.498783 3.000323 -0.000124 -0.001244 0.953716 0.300705
24.624000000 4.493320 3.498772 3.000321 -0.000124 -0.001214 0.953716 0.300705
24.629000000 4.493323 3.498761 3.000319 -0.000124 -0.001185 0.953716 0.300705
24.634000000 4.493326 3.498750 3.000317 -0.000124 -0.001156 0.953716 0.300705
24.639000000 4.493329 3.498738 3.000315 -0.000124 -0.001128 0.953716 0.300705
24.644000000 4.493332 3.498725 3.000314 -0.000124 -0.001099 0.953716 0.300705
24.649000000 4.493334 3.498712 3.000312 -0.000125 -0.001072 0.953717 0.300705
24.654000000 4.493336 3.498698 3.000310 -0.000125 -0.001044 0.953717 0.300705
24.659000000 4.493338 3.498684 3.000309 -0.000125 -0.001017 0.953717 0.300705
24.664000000 4.493340 3.498670 3.000307 -0.000125 -0.000990 0.953717 0.300705
24.669000000 4.493342 3.498655 3.000306 -0.000125 -0.000963 0.953717 0.300705
24.674000000 4.493343 3.498639 3.000304 -0.000124 -0.000937 0.953717 0.300705
24.679000000 4.493344 3.498624 3.000303 -0.000124 -0.000911 0.953717 0.300705
24.684000000 4.493345 3.498607 3.000301 -0.000124 -0.000886 0.953717 0.300705
24.689000000 4.493346 3.498591 3.000300 -0.000124 -0.000861 0.953717 0.300705
24.694000000 4.493347 3.498574 3.000298 -0.000124 -0.000836 0.953717 0.300705
24.699000000 4.493347 3.498556 3.000297 -0.000124 -0.000811 0.953717 0.300706
24.704000000 4.493348 3.498539 3.000296 -0.000124 -0.000787 0.953717 0.300706
24.709000000 4.493348 3.498521 3.000294 -0.000123 -0.000763 0.953717 0.300706
24.714000000 4.493348 3.498502 3.000293 -0.000123 -0.000739 0.953717 0.300706
24.719000000 4.493348 3.498484 3.000292 -0.000123 -0.000716 0.953717 0.300706
24.724000000 4.493347 3.498464 3.000291 -0.000123 -0.000693 0.953717 0.300706
24.729000000 4.493347 3.498445 3.000289 -0.000122 -0.000670 0.953717 0.300706
24.734000000 4.493346 3.498425 3.000288 -0.000122 -0.000648 0.953717 0.300706
24.739000000 4.493345 3.498405 3.000287 -0.000122 -0.000626 0.953717 0.300706
24.744000000 4.493344 3.498385 3.000286 -0.000121 -0.000604 0.953717 0.300706
24.749000000 4.493343 3.498365 3.000285 -0.000121 -0.000583 0.953717 0.300706
24.754000000 4.493342 3.498344 3.000284 -0.000120 -0.000563 0.953717 0.300706
24.759000000 4.493340 3.498323 3.000283 -0.000120 -0.000542 0.953717 0.300706
24.764000000 4.493339 3.498302 3.000282 -0.000120 -0.000522 0.953717 0.300706
24.769000000 4.493337 3.498280 3.000281 -0.000119 -0.000502 0.953717 0.300706
24.774000000 4.493335 3.498259 3.000280 -0.000119 -0.000483 0.953717 0.300706
24.779000000 4.493333 3.498237 3.000279 -0.000118 -0.000464 0.953717 0.300706
24.784000000 4.493331 3.498215 3.000278 -0.000118 -0.000445 0.953717 0.300706
24.789000000 4.493329 3.498193 3.000277 -0.000117 -0.000427 0.953717 0.300706
24.794000000 4.493327 3.498170 3.000276 -0.000117 -0.000409 0.953717 0.300706
24.799000000 4.493324 3.498147 3.000276 -0.000116 -0.000391 0.953717 0.300706
24.804000000 4.493322 3.498125 3.000275 -0.000115 -0.000374 0.953717 0.300706
24.809000000 4.493319 3.498102 3.000274 -0.000115 -0.000357 0.953717 0.300706
24.814000000 4.493316 3.498079 3.000273 -0.000114 -0.000340 0.953717 0.300706
24.819000000 4.493313 3.498055 3.000273 -0.000114 -0.000323 0.953717 0.300706
24.824000000 4.493310 3.498032 3.000272 -0.000113 -0.000307 0.953717 0.300706
24.829000000 4.493307 3.498009 3.000271 -0.000113 -0.000291 0.953717 0.300706
24.834000000 4.493304 3.497985 3.000270 -0.000112 -0.000276 0.953717 0.300706
24.839000000 4.493301 3.497961 3.000270 -0.000111 -0.000261 0.953717 0.300706
24.844000000 4.493298 3.497937 3.000269 -0.000111 -0.000246 0.953717 0.300706
24.849000000 4.493294 3.497913 3.000269 -0.000110 -0.000231 0.953717 0.300706
24.854000000 4.493291 3.497889 3.000268 -0.000109 -0.000216 0.953717 0.300706
24.859000000 4.493287 3.497865 3.000267 -0.000109 -0.000202 0.953717 0.300706
24.864000000 4.493283 3.497841 3.000267 -0.000108 -0.000188 0.953717 0.300706
24.869000000 4.493280 3.497817 3.000266 -0.000107 -0.000174 0.953717 0.300706
24.874000000 4.493276 3.497793 3.000266 -0.000107 -0.000161 0.953717 0.300706
24.879000000 4.493272 3.497768 3.000265 -0.000106 -0.000148 0.953717 0.300706
24.884000000 4.493268 3.497744 3.000265 -0.000105 -0.000134 0.953717 0.300706
24.889000000 4.493264 3.497719 3.000264 -0.000105 -0.000121 0.953717 0.300706
24.894000000 4.493260 3.497695 3.000264 -0.000104 -0.000109 0.953717 0.300706
24.899000000 4.493256 3.497670 3.000263 -0.000103 -0.000096 0.953717 0.300706
24.904000000 4.493251 3.497646 3.000263 -0.000102 -0.000084 0.953717 0.300706
24.909000000 4.493247 3.497621 3.000263 -0.000102 -0.000072 0.953717 0.300706
24.914000000 4.493243 3.497596 3.000262 -0.000101 -0.000060 0.953717 0.300706
24.919000000 4.493238 3.497572 3.000262 -0.000100 -0.000048 0.953717 0.300706
24.924000000 4.493234 3.497547 3.000261 -0.000099 -0.000037 0.953717 0.300706
24.929000000 4.493229 3.497522 3.000261 -0.000099 -0.000026 0.953717 0.300706
24.934000000 4.493225 3.497498 3.000261 -0.000098 -0.000015 0.953717 0.300706
24.939000000 4.493220 3.497473 3.000260 -0.000097 -0.000004 0.953717 0.300706
24.944000000 4.493216 3.497448 3.000260 -0.000096 0.000006 0.953717 0.300706
24.949000000 4.493211 3.497424 3.000260 -0.000096 0.000016 0.953717 0.300706
24.954000000 4.493206 3.497399 3.000260 -0.000095 0.000026 0.953717 0.300706
24.959000000 4.493201 3.497375 3.000259 -0.000094 0.000036 0.953717 0.300706
24.964000000 4.493196 3.497350 3.000259 -0.000093 0.000046 0.953717 0.300706
24.969000000 4.493192 3.497326 3.000259 -0.000093 0.000055 0.953717 0.300706
24.974000000 4.493187 3.497301 3.000259 -0.000092 0.000064 0.953717 0.300706
24.979000000 4.493182 3.497277 3.000258 -0.000091 0.000073 0.953717 0.300706
24.984000000 4.493177 3.497252 3.000258 -0.000090 0.000082 0.953717 0.300706
24.989000000 4.493172 3.497228 3.000258 -0.000090 0.000090 0.953717 0.300706
24.994000000 4.493167 3.497204 3.000258 -0.000089 0.000099 0.953717 0.300706
24.999000000 4.493162 3.497179 3.000258 -0.000088 0.000107 0.953717 0.300706
25.004000000 4.493157 3.497155 3.000257 -0.000087 0.000115 0.953717 0.300706
25.009000000 4.493152 3.497131 3.000257 -0.000086 0.000123 0.953717 0.300706
25.014000000 4.493146 3.497107 3.000257 -0.000086 0.000130 0.953717 0.300706
25.019000000 4.493141 3.497083 3.000257 -0.000085 0.000138 0.953717 0.300706
25.024000000 4.493136 3.497059 3.000257 -0.000084 0.000145 0.953717 0.300706
25.029000000 4.493131 3.497036 3.000257 -0.000083 0.000152 0.953717 0.300706
25.034000000 4.493126 3.497012 3.000257 -0.000082 0.000159 0.953717 0.300706
25.039000000 4.493121 3.496988 3.000257 -0.000082 0.000165 0.953717 0.300706
25.044000000 4.493115 3.496965 3.000256 -0.000081 0.000172 0.953717 0.300706
25.049000000 4.493110 3.496941 3.000256 -0.000080 0.000178 0.953717 0.300706
25.054000000 4.493105 3.496918 3.000256 -0.000079 0.000185 0.953717 0.300706
25.059000000 4.493100 3.496895 3.000256 -0.000078 0.000191 0.953717 0.300706
25.064000000 4.493094 3.496872 3.000256 -0.000078 0.000197 0.953717 0.300706
25.069000000 4.493089 3.496849 3.000256 -0.000077 0.000202 0.953717 0.300706
25.074000000 4.493084 3.496826 3.000256 -0.000076 0.000208 0.953717 0.300706
25.079000000 4.493078 3.496803 3.000256 -0.000075 0.000214 0.953717 0.300706
25.084000000 4.493073 3.496780 3.000256 -0.000074 0.000219 0.953717 0.300706
25.089000000 4.493068 3.496758 3.000256 -0.000074 0.000224 0.953717 0.300706
25.094000000 4.493063 3.496735 3.000256 -0.000073 0.000229 0.953717 0.300706
25.099000000 4.493057 3.496713 3.000256 -0.000072 0.000234 0.953717 0.300706
25.104000000 4.493052 3.496691 3.000256 -0.000071 0.000239 0.953717 0.300706
25.109000000 4.493047 3.496668 3.000256 -0.000070 0.000243 0.953717 0.300706
25.114000000 4.493041 3.496647 3.000256 -0.000069 0.000248 0.953717 0.300706
25.119000000 4.493036 3.496625 3.000256 -0.000069 0.000252 0.953717 0.300706
25.124000000 4.493031 3.496603 3.000256 -0.000068 0.000256 0.953717 0.300706
25.129000000 4.493026 3.496581 3.000256 -0.000067 0.000260 0.953717 0.300706
25.134000000 4.493020 3.496560 3.000256 -0.000066 0.000264 0.953717 0.300706
25.139000000 4.493015 3.496538 3.000256 -0.000065 0.000268 0.953717 0.300706
25.144000000 4.493010 3.496517 3.000257 -0.000065 0.000272 0.953717 0.300706
25.149000000 4.493005 3.496496 3.000257 -0.000064 0.000275 0.953717 0.300706
25.154000000 4.492999 3.496475 3.000257 -0.000063 0.000279 0.953717 0.300706
25.159000000 4.492994 3.496454 3.000257 -0.000062 0.000282 0.953717 0.300706
25.164000000 4.492989 3.496434 3.000257 -0.000062 0.000285 0.953717 0.300706
25.169000000 4.492984 3.496413 3.000257 -0.000061 0.000288 0.953717 0.300706
25.174000000 4.492979 3.496393 3.000257 -0.000060 0.000291 0.953717 0.300706
25.179000000 4.492973 3.496373 3.000257 -0.000059 0.000293 0.953717 0.300706
25.184000000 4.492968 3.496353 3.000257 -0.000059 0.000296 0.953717 0.300706
25.189000000 4.492963 3.496333 3.000257 -0.000058 0.000299 0.953717 0.300706
25.194000000 4.492958 3.496313 3.000258 -0.000057 0.000301 0.953717 0.300706
25.199000000 4.492953 3.496293 3.000258 -0.000056 0.000303 0.953717 0.300706
25.204000000 4.492948 3.496274 3.000258 -0.000056 0.000305 0.953717 0.300706
25.209000000 4.492943 3.496255 3.000258 -0.000055 0.000307 0.953717 0.300706
25.214000000 4.492938 3.496235 3.000258 -0.000054 0.000309 0.953717 0.300706
25.219000000 4.492933 3.496216 3.000258 -0.000054 0.000311 0.953717 0.300706
25.224000000 4.492928 3.496197 3.000258 -0.000053 0.000312 0.953717 0.300706
25.229000000 4.492923 3.496179 3.000258 -0.000052 0.000314 0.953717 0.300706
25.234000000 4.492918 3.496160 3.000259 -0.000051 0.000315 0.953717 0.300706
25.239000000 4.492913 3.496142 3.000259 -0.000051 0.000317 0.953717 0.300706
25.244000000 4.492908 3.496124 3.000259 -0.000050 0.000318 0.953717 0.300706
25.249000000 4.492903 3.496105 3.000259 -0.000049 0.000319 0.953717 0.300706
25.254000000 4.492898 3.496087 3.000259 -0.000049 0.000320 0.953717 0.300706
25.259000000 4.492893 3.496070 3.000259 -0.000048 0.000321 0.953717 0.300706
25.264000000 4.492889 3.496052 3.000260 -0.000047 0.000322 0.953717 0.300706
25.269000000 4.492884 3.496035 3.000260 -0.000047 0.000323 0.953717 0.300706
25.274000000 4.492879 3.496017 3.000260 -0.000046 0.000324 0.953717 0.300706
25.279000000 4.492874 3.496000 3.000260 -0.000045 0.000325 0.953717 0.300706
25.284000000 4.492870 3.495983 3.000260 -0.000045 0.000325 0.953717 0.300706
25.289000000 4.492865 3.495966 3.000260 -0.000044 0.000326 0.953717 0.300706
25.294000000 4.492860 3.495950 3.000261 -0.000043 0.000326 0.953717 0.300706
25.299000000 4.492856 3.495933 3.000261 -0.000043 0.000327 0.953717 0.300706
25.304000000 4.492851 3.495917 3.000261 -0.000042 0.000327 0.953717 0.300706
25.309000000 4.492846 3.495901 3.000261 -0.000041 0.000327 0.953717 0.300706
25.314000000 4.492842 3.495885 3.000261 -0.000041 0.000328 0.953717 0.300706
25.319000000 4.492837 3.495869 3.000262 -0.000040 0.000328 0.953717 0.300706
25.324000000 4.492833 3.495853 3.000262 -0.000039 0.000328 0.953717 0.300706
25.329000000 4.492828 3.495837 3.000262 -0.000039 0.000328 0.953717 0.300706
25.334000000 4.492824 3.495822 3.000262 -0.000038 0.000328 0.953717 0.300706
25.339000000 4.492820 3.495807 3.000262 -0.000037 0.000328 0.953717 0.300706
25.344000000 4.492815 3.495792 3.000263 -0.000037 0.000327 0.953717 0.300706
25.349000000 4.492811 3.495777 3.000263 -0.000036 0.000327 0.953717 0.300706
25.354000000 4.492807 3.495762 3.000263 -0.000036 0.000327 0.953717 0.300706
25.359000000 4.492802 3.495747 3.000263 -0.000035 0.000327 0.953717 0.300706
25.364000000 4.492798 3.495733 3.000263 -0.000034 0.000326 0.953717 0.300706
25.369000000 4.492794 3.495719 3.000264 -0.000034 0.000326 0.953717 0.300706
25.374000000 4.492790 3.495705 3.000264 -0.000033 0.000325 0.953717 0.300706
25.379000000 4.492786 3.495691 3.000264 -0.000033 0.000325 0.953717 0.300706
25.384000000 4.492782 3.495677 3.000264 -0.000032 0.000324 0.953717 0.300706
25.389000000 4.492778 3.495663 3.000265 -0.000031 0.000323 0.953717 0.300706
25.394000000 4.492773 3.495650 3.000265 -0.000031 0.000323 0.953717 0.300706
25.399000000 4.492769 3.495636 3.000265 -0.000030 0.000322 0.953717 0.300706
25.404000000 4.492765 3.495623 3.000265 -0.000030 0.000321 0.953717 0.300706
25.409000000 4.492762 3.495610 3.000265 -0.000029 0.000320 0.953717 0.300706
25.414000000 4.492758 3.495597 3.000266 -0.000029 0.000319 0.953717 0.300706
25.419000000 4.492754 3.495584 3.000266 -0.000028 0.000318 0.953717 0.300706
25.424000000 4.492750 3.495572 3.000266 -0.000028 0.000317 0.953717 0.300706
25.429000000 4.492746 3.495559 3.000266 -0.000027 0.000316 0.953717 0.300706
25.434000000 4.492742 3.495547 3.000266 -0.000026 0.000315 0.953717 0.300706
25.439000000 4.492739 3.495535 3.000267 -0.000026 0.000314 0.953717 0.300706
25.444000000 4.492735 3.495523 3.000267 -0.000025 0.000312 0.953717 0.300706
25.449000000 4.492731 3.495511 3.000267 -0.000025 0.000311 0.953717 0.300706
25.454000000 4.492728 3.495499 3.000267 -0.000025 0.000310 0.953717 0.300706
25.459000000 4.492724 3.495488 3.000268 -0.000024 0.000309 0.953717 0.300706
25.464000000 4.492720 3.495477 3.000268 -0.000024 0.000307 0.953717 0.300706
25.469000000 4.492717 3.495465 3.000268 -0.000023 0.000306 0.953717 0.300706
25.474000000 4.492713 3.495454 3.000268 -0.000023 0.000304 0.953717 0.300706
25.479000000 4.492710 3.495443 3.000268 -0.000022 0.000303 0.953717 0.300706
25.484000000 4.492707 3.495432 3.000269 -0.000022 0.000301 0.953717 0.300706
25.489000000 4.492703 3.495422 3.000269 -0.000021 0.000300 0.953717 0.300706
25.494000000 4.492700 3.495411 3.000269 -0.000021 0.000298 0.953717 0.300706
25.499000000 4.492696 3.495401 3.000269 -0.000020 0.000297 0.953717 0.300706
25.504000000 4.492693 3.495391 3.000270 -0.000020 0.000295 0.953717 0.300706
25.509000000 4.492690 3.495381 3.000270 -0.000020 0.000293 0.953717 0.300706
25.514000000 4.492687 3.495371 3.000270 -0.000019 0.000292 0.953717 0.300706
25.519000000 4.492684 3.495361 3.000270 -0.000019 0.000290 0.953717 0.300706
25.524000000 4.492680 3.495351 3.000270 -0.000018 0.000288 0.953717 0.300706
25.529000000 4.492677 3.495342 3.000271 -0.000018 0.000286 0.953717 0.300706
25.534000000 4.492674 3.495332 3.000271 -0.000017 0.000285 0.953717 0.300706
25.539000000 4.492671 3.495323 3.000271 -0.000017 0.000283 0.953717 0.300706
25.544000000 4.492668 3.495314 3.000271 -0.000017 0.000281 0.953717 0.300706
25.549000000 4.492665 3.495305 3.000271 -0.000016 0.000279 0.953717 0.300706
25.554000000 4.492662 3.495296 3.000272 -0.000016 0.000277 0.953717 0.300706
25.559000000 4.492659 3.495287 3.000272 -0.000015 0.000275 0.953717 0.300706
25.564000000 4.492656 3.495279 3.000272 -0.000015 0.000273 0.953717 0.300706
25.569000000 4.492654 3.495270 3.000272 -0.000015 0.000271 0.953717 0.300706
25.574000000 4.492651 3.495262 3.000273 -0.000014 0.000269 0.953717 0.300706
25.579000000 4.492648 3.495254 3.000273 -0.000014 0.000267 0.953717 0.300706
25.584000000 4.492645 3.495246 3.000273 -0.000014 0.000265 0.953717 0.300706
25.589000000 4.492642 3.495238 3.000273 -0.000013 0.000263 0.953717 0.300706
25.594000000 4.492640 3.495230 3.000273 -0.000013 0.000261 0.953717 0.300706
25.599000000 4.492637 3.495222 3.000274 -0.000012 0.000259 0.953717 0.300706
25.604000000 4.492634 3.495215 3.000274 -0.000012 0.000257 0.953717 0.300706
25.609000000 4.492632 3.495207 3.000274 -0.000012 0.000255 0.953717 0.300706
25.614000000 4.492629 3.495200 3.000274 -0.000011 0.000253 0.953717 0.300706
25.619000000 4.492627 3.495193 3.000274 -0.000011 0.000251 0.953717 0.300706
25.624000000 4.492624 3.495185 3.000275 -0.000011 0.000249 0.953717 0.300706
25.629000000 4.492622 3.495179 3.000275 -0.000010 0.000247 0.953717 0.300706
25.634000000 4.492619 3.495172 3.000275 -0.000010 0.000245 0.953717 0.300706
25.639000000 4.492617 3.495165 3.000275 -0.000010 0.000243 0.953717 0.300706
25.644000000 4.492615 3.495158 3.000275 -0.000009 0.000241 0.953717 0.300706
25.649000000 4.492612 3.495152 3.000276 -0.000009 0.000239 0.953717 0.300706
25.654000000 4.492610 3.495145 3.000276 -0.000009 0.000237 0.953717 0.300706
25.659000000 4.492608 3.495139 3.000276 -0.000008 0.000235 0.953717 0.300706
25.664000000 4.492606 3.495133 3.000276 -0.000008 0.000232 0.953717 0.300706
25.669000000 4.492603 3.495127 3.000276 -0.000008 0.000230 0.953717 0.300706
25.674000000 4.492601 3.495121 3.000277 -0.000008 0.000228 0.953717 0.300706
25.679000000 4.492599 3.495115 3.000277 -0.000007 0.000226 0.953717 0.300706
25.684000000 4.492597 3.495109 3.000277 -0.000007 0.000224 0.953717 0.300706
25.689000000 4.492595 3.495104 3.000277 -0.000007 0.000222 0.953717 0.300706
25.694000000 4.492593 3.495098 3.000277 -0.000006 0.000220 0.953717 0.300706
25.699000000 4.492591 3.495093 3.000278 -0.000006 0.000218 0.953717 0.300706
25.704000000 4.492589 3.495087 3.000278 -0.000006 0.000216 0.953717 0.300706
25.709000000 4.492587 3.495082 3.000278 -0.000006 0.000214 0.953717 0.300706
25.714000000 4.492585 3.495077 3.000278 -0.000005 0.000212 0.953717 0.300706
25.719000000 4.492583 3.495072 3.000278 -0.000005 0.000210 0.953717 0.300706
25.724000000 4.492581 3.495067 3.000278 -0.000005 0.000207 0.953717 0.300706
25.729000000 4.492579 3.495062 3.000279 -0.000005 0.000205 0.953717 0.300706
25.734000000 4.492577 3.495057 3.000279 -0.000005 0.000203 0.953717 0.300706
25.739000000 4.492575 3.495053 3.000279 -0.000004 0.000201 0.953717 0.300706
25.744000000 4.492574 3.495048 3.000279 -0.000004 0.000199 0.953717 0.300706
25.749000000 4.492572 3.495044 3.000279 -0.000004 0.000197 0.953717 0.300706
25.754000000 4.492570 3.495039 3.000280 -0.000004 0.000195 0.953717 0.300706
25.759000000 4.492568 3.495035 3.000280 -0.000003 0.000193 0.953717 0.300706
25.764000000 4.492567 3.495031 3.000280 -0.000003 0.000191 0.953717 0.300706
25.769000000 4.492565 3.495027 3.000280 -0.000003 0.000189 0.953717 0.300706
25.774000000 4.492564 3.495023 3.000280 -0.000003 0.000187 0.953717 0.300706
25.779000000 4.492562 3.495019 3.000280 -0.000003 0.000185 0.953717 0.300706
25.784000000 4.492560 3.495015 3.000281 -0.000003 0.000183 0.953717 0.300706
25.789000000 4.492559 3.495011 3.000281 -0.000002 0.000180 0.953717 0.300706
25.794000000 4.492557 3.495008 3.000281 -0.000002 0.000178 0.953717 0.300706
25.799000000 4.492556 3.495004 3.000281 -0.000002 0.000176 0.953717 0.300706
25.804000000 4.492554 3.495001 3.000281 -0.000002 0.000174 0.953717 0.300706
25.809000000 4.492553 3.494997 3.000281 -0.000002 0.000172 0.953717 0.300706
25.814000000 4.492552 3.494994 3.000282 -0.000001 0.000170 0.953717 0.300706
25.819000000 4.492550 3.494991 3.000282 -0.000001 0.000168 0.953717 0.300706
25.824000000 4.492549 3.494988 3.000282 -0.000001 0.000166 0.953717 0.300706
25.829000000 4.492547 3.494985 3.000282 -0.000001 0.000164 0.953717 0.300706
25.834000000 4.492546 3.494982 3.000282 -0.000001 0.000162 0.953717 0.300706
25.839000000 4.492545 3.494979 3.000282 -0.000001 0.000160 0.953717 0.300706
25.844000000 4.492544 3.494976 3.000282 -0.000000 0.000158 0.953717 0.300706
25.849000000 4.492542 3.494973 3.000283 -0.000000 0.000156 0.953717 0.300706
25.854000000 4.492541 3.494970 3.000283 -0.000000 0.000154 0.953717 0.300706
25.859000000 4.492540 3.494968 3.000283 0.000000 0.000152 0.953717 0.300706
25.864000000 4.492539 3.494965 3.000283 0.000000 0.000150 0.953717 0.300706
25.869000000 4.492538 3.494963 3.000283 0.000000 0.000148 0.953717 0.300706
25.874000000 4.492536 3.494960 3.000283 0.000000 0.000147 0.953717 0.300706
25.879000000 4.492535 3.494958 3.000284 0.000001 0.000145 0.953717 0.300706
25.884000000 4.492534 3.494955 3.000284 0.000001 0.000143 0.953717 0.300706
25.889000000 4.492533 3.494953 3.000284 0.000001 0.000141 0.953717 0.300706
25.894000000 4.492532 3.494951 3.000284 0.000001 0.000139 0.953717 0.300706
25.899000000 4.492531 3.494949 3.000284 0.000001 0.000137 0.953717 0.300706
25.904000000 4.492530 3.494947 3.000284 0.000001 0.000135 0.953717 0.300706
25.909000000 4.492529 3.494945 3.000284 0.000001 0.000133 0.953717 0.300706
25.914000000 4.492528 3.494943 3.000284 0.000001 0.000131 0.953717 0.300706
25.919000000 4.492527 3.494941 3.000285 0.000002 0.000130 0.953717 0.300706
25.924000000 4.492526 3.494940 3.000285 0.000002 0.000128 0.953717 0.300706
25.929000000 4.492525 3.494938 3.000285 0.000002 0.000126 0.953717 0.300706
25.934000000 4.492524 3.494936 3.000285 0.000002 0.000124 0.953717 0.300706
25.939000000 4.492524 3.494935 3.000285 0.000002 0.000122 0.953717 0.300706
25.944000000 4.492523 3.494933 3.000285 0.000002 0.000121 0.953717 0.300706
25.949000000 4.492522 3.494931 3.000285 0.000002 0.000119 0.953717 0.300706
25.954000000 4.492521 3.494930 3.000286 0.000002 0.000117 0.953717 0.300706
25.959000000 4.492520 3.494929 3.000286 0.000002 0.000115 0.953717 0.300706
25.963000000 4.492520 3.494928 3.000286 0.000003 0.000114 0.953717 0.300706
25.967000000 4.492519 3.494927 3.000286 0.000003 0.000112 0.953717 0.300706
25.971000000 4.492519 3.494926 3.000286 0.000003 0.000111 0.953717 0.300706
25.977000000 4.492518 3.494924 3.000286 0.000003 0.000109 0.953717 0.300706
25.982000000 4.492517 3.494923 3.000286 0.000003 0.000107 0.953717 0.300706
25.987000000 4.492516 3.494922 3.000286 0.000003 0.000105 0.953717 0.300706
25.992000000 4.492516 3.494921 3.000286 0.000003 0.000104 0.953717 0.300706
25.997000000 4.492515 3.494920 3.000287 0.000003 0.000102 0.953717 0.300706
26.002000000 4.492514 3.494919 3.000287 0.000003 0.000100 0.953717 0.300706
26.007000000 4.492514 3.494918 3.000287 0.000003 0.000099 0.953717 0.300706
26.012000000 4.492513 3.494917 3.000287 0.000003 0.000097 0.953717 0.300706
26.017000000 4.492512 3.494916 3.000287 0.000003 0.000095 0.953717 0.300706
26.022000000 4.492512 3.494916 3.000287 0.000003 0.000094 0.953717 0.300706
26.027000000 4.492511 3.494915 3.000287 0.000003 0.000092 0.953717 0.300706
26.032000000 4.492511 3.494914 3.000287 0.000004 0.000091 0.953717 0.300706
26.037000000 4.492510 3.494913 3.000287 0.000004 0.000089 0.953717 0.300706
26.042000000 4.492510 3.494913 3.000288 0.000004 0.000088 0.953717 0.300706
26.047000000 4.492509 3.494912 3.000288 0.000004 0.000086 0.953717 0.300706
26.052000000 4.492509 3.494912 3.000288 0.000004 0.000085 0.953717 0.300706
26.057000000 4.492508 3.494911 3.000288 0.000004 0.000083 0.953717 0.300706
26.062000000 4.492508 3.494911 3.000288 0.000004 0.000082 0.953717 0.300706
26.067000000 4.492507 3.494910 3.000288 0.000004 0.000080 0.953717 0.300706
26.072000000 4.492507 3.494910 3.000288 0.000004 0.000079 0.953717 0.300706
26.077000000 4.492506 3.494910 3.000288 0.000004 0.000077 0.953717 0.300706
26.081000000 4.492506 3.494910 3.000288 0.000004 0.000076 0.953717 0.300706
26.087000000 4.492506 3.494909 3.000288 0.000004 0.000074 0.953717 0.300706
26.092000000 4.492505 3.494909 3.000289 0.000004 0.000073 0.953717 0.300706
26.097000000 4.492505 3.494909 3.000289 0.000004 0.000072 0.953717 0.300706
26.102000000 4.492505 3.494909 3.000289 0.000004 0.000070 0.953717 0.300706
26.107000000 4.492504 3.494909 3.000289 0.000004 0.000069 0.953717 0.300706
26.112000000 4.492504 3.494908 3.000289 0.000004 0.000068 0.953717 0.300706
26.117000000 4.492504 3.494908 3.000289 0.000004 0.000066 0.953717 0.300706
26.122000000 4.492503 3.494908 3.000289 0.000004 0.000065 0.953717 0.300706
26.127000000 4.492503 3.494908 3.000289 0.000004 0.000064 0.953717 0.300706
26.131000000 4.492503 3.494908 3.000289 0.000004 0.000063 0.953717 0.300706
26.137000000 4.492502 3.494908 3.000289 0.000004 0.000061 0.953717 0.300706
26.142000000 4.492502 3.494908 3.000289 0.000004 0.000060 0.953717 0.300706
26.147000000 4.492502 3.494909 3.000289 0.000004 0.000059 0.953717 0.300706
26.151000000 4.492502 3.494909 3.000290 0.000004 0.000058 0.953717 0.300706
26.157000000 4.492501 3.494909 3.000290 0.000004 0.000056 0.953717 0.300706
26.162000000 4.492501 3.494909 3.000290 0.000004 0.000055 0.953717 0.300706
26.167000000 4.492501 3.494909 3.000290 0.000005 0.000054 0.953717 0.300706
26.172000000 4.492501 3.494909 3.000290 0.000005 0.000053 0.953717 0.300706
26.177000000 4.492501 3.494910 3.000290 0.000005 0.000052 0.953717 0.300706
26.181000000 4.492500 3.494910 3.000290 0.000005 0.000051 0.953717 0.300706
26.187000000 4.492500 3.494910 3.000290 0.000005 0.000050 0.953717 0.300706
26.192000000 4.492500 3.494911 3.000290 0.000005 0.000048 0.953717 0.300706
26.197000000 4.492500 3.494911 3.000290 0.000005 0.000047 0.953717 0.300706
26.202000000 4.492500 3.494911 3.000290 0.000005 0.000046 0.953717 0.300706
26.207000000 4.492500 3.494912 3.000290 0.000005 0.000045 0.953717 0.300706
26.212000000 4.492500 3.494912 3.000290 0.000005 0.000044 0.953717 0.300706
26.217000000 4.492499 3.494913 3.000291 0.000005 0.000043 0.953717 0.300706
26.222000000 4.492499 3.494913 3.000291 0.000005 0.000042 0.953717 0.300706
26.227000000 4.492499 3.494914 3.000291 0.000005 0.000041 0.953717 0.300706
26.232000000 4.492499 3.494914 3.000291 0.000005 0.000040 0.953717 0.300706
26.237000000 4.492499 3.494915 3.000291 0.000005 0.000039 0.953717 0.300706
26.242000000 4.492499 3.494915 3.000291 0.000005 0.000038 0.953717 0.300706
26.247000000 4.492499 3.494916 3.000291 0.000005 0.000037 0.953717 0.300706
26.252000000 4.492499 3.494916 3.000291 0.000005 0.000036 0.953717 0.300706
26.257000000 4.492499 3.494917 3.000291 0.000005 0.000035 0.953717 0.300706
26.262000000 4.492499 3.494917 3.000291 0.000005 0.000034 0.953717 0.300706
26.267000000 4.492499 3.494918 3.000291 0.000005 0.000033 0.953717 0.300706
26.272000000 4.492499 3.494919 3.000291 0.000005 0.000032 0.953717 0.300706
26.277000000 4.492499 3.494919 3.000291 0.000005 0.000031 0.953717 0.300706
26.282000000 4.492499 3.494920 3.000291 0.000005 0.000030 0.953717 0.300706
26.287000000 4.492499 3.494921 3.000291 0.000005 0.000029 0.953717 0.300706
26.292000000 4.492499 3.494921 3.000291 0.000005 0.000028 0.953717 0.300706
26.297000000 4.492499 3.494922 3.000292 0.000005 0.000028 0.953717 0.300706
26.302000000 4.492499 3.494923 3.000292 0.000005 0.000027 0.953717 0.300706
26.307000000 4.492499 3.494923 3.000292 0.000005 0.000026 0.953717 0.300706
26.311000000 4.492499 3.494924 3.000292 0.000005 0.000025 0.953717 0.300706
26.317000000 4.492499 3.494925 3.000292 0.000005 0.000024 0.953717 0.300706
26.322000000 4.492499 3.494926 3.000292 0.000005 0.000023 0.953717 0.300706
26.327000000 4.492499 3.494926 3.000292 0.000005 0.000023 0.953717 0.300706
26.331000000 4.492499 3.494927 3.000292 0.000005 0.000022 0.953717 0.300706
26.337000000 4.492499 3.494928 3.000292 0.000004 0.000021 0.953717 0.300706
26.342000000 4.492499 3.494929 3.000292 0.000004 0.000020 0.953717 0.300706
26.347000000 4.492499 3.494929 3.000292 0.000004 0.000020 0.953717 0.300706
26.352000000 4.492499 3.494930 3.000292 0.000004 0.000019 0.953717 0.300706
26.357000000 4.492499 3.494931 3.000292 0.000004 0.000018 0.953717 0.300706
26.362000000 4.492499 3.494932 3.000292 0.000004 0.000017 0.953717 0.300706
26.367000000 4.492499 3.494933 3.000292 0.000004 0.000017 0.953717 0.300706
26.372000000 4.492499 3.494934 3.000292 0.000004 0.000016 0.953717 0.300706
26.377000000 4.492499 3.494934 3.000292 0.000004 0.000015 0.953717 0.300706
26.381000000 4.492499 3.494935 3.000292 0.000004 0.000015 0.953717 0.300706
26.387000000 4.492500 3.494936 3.000292 0.000004 0.000014 0.953717 0.300706
26.392000000 4.492500 3.494937 3.000292 0.000004 0.000013 0.953717 0.300706
26.397000000 4.492500 3.494938 3.000292 0.000004 0.000013 0.953717 0.300706
26.402000000 4.492500 3.494939 3.000292 0.000004 0.000012 0.953717 0.300706
26.407000000 4.492500 3.494940 3.000293 0.000004 0.000011 0.953717 0.300706
26.412000000 4.492500 3.494940 3.000293 0.000004 0.000011 0.953717 0.300706
26.417000000 4.492500 3.494941 3.000293 0.000004 0.000010 0.953717 0.300706
26.422000000 4.492500 3.494942 3.000293 0.000004 0.000010 0.953717 0.300706
26.427000000 4.492500 3.494943 3.000293 0.000004 0.000009 0.953717 0.300706
26.432000000 4.492501 3.494944 3.000293 0.000004 0.000009 0.953717 0.300706
26.437000000 4.492501 3.494945 3.000293 0.000004 0.000008 0.953717 0.300706
26.442000000 4.492501 3.494946 3.000293 0.000004 0.000007 0.953717 0.300706
26.447000000 4.492501 3.494947 3.000293 0.000004 0.000007 0.953717 0.300706
26.452000000 4.492501 3.494948 3.000293 0.000004 0.000006 0.953717 0.300706
26.457000000 4.492501 3.494948 3.000293 0.000004 0.000006 0.953717 0.300706
26.462000000 4.492501 3.494949 3.000293 0.000004 0.000005 0.953717 0.300706
26.467000000 4.492502 3.494950 3.000293 0.000004 0.000005 0.953717 0.300706
26.472000000 4.492502 3.494951 3.000293 0.000004 0.000004 0.953717 0.300706
26.477000000 4.492502 3.494952 3.000293 0.000004 0.000004 0.953717 0.300706
26.482000000 4.492502 3.494953 3.000293 0.000004 0.000004 0.953717 0.300706
26.487000000 4.492502 3.494954 3.000293 0.000004 0.000003 0.953717 0.300706
26.491000000 4.492502 3.494955 3.000293 0.000004 0.000003 0.953717 0.300706
26.497000000 4.492503 3.494956 3.000293 0.000004 0.000002 0.953717 0.300706
26.502000000 4.492503 3.494957 3.000293 0.000004 0.000002 0.953717 0.300706
26.507000000 4.492503 3.494958 3.000293 0.000004 0.000001 0.953717 0.300706
26.512000000 4.492503 3.494959 3.000293 0.000004 0.000001 0.953717 0.300706
26.517000000 4.492503 3.494960 3.000293 0.000004 0.000001 0.953717 0.300706
26.522000000 4.492503 3.494960 3.000293 0.000004 0.000000 0.953717 0.300706
26.527000000 4.492504 3.494961 3.000293 0.000004 -0.000000 0.953717 0.300706
26.531000000 4.492504 3.494962 3.000293 0.000004 -0.000001 0.953717 0.300706
26.537000000 4.492504 3.494963 3.000293 0.000004 -0.000001 0.953717 0.300706
26.542000000 4.492504 3.494964 3.000293 0.000004 -0.000001 0.953717 0.300706
26.547000000 4.492504 3.494965 3.000293 0.000003 -0.000002 0.953717 0.300706
26.552000000 4.492504 3.494966 3.000293 0.000003 -0.000002 0.953717 0.300706
26.557000000 4.492505 3.494967 3.000293 0.000003 -0.000002 0.953717 0.300706
26.562000000 4.492505 3.494968 3.000294 0.000003 -0.000003 0.953717 0.300706
26.566000000 4.492505 3.494968 3.000294 0.000003 -0.000003 0.953717 0.300706
26.572000000 4.492505 3.494970 3.000294 0.000003 -0.000003 0.953717 0.300706
26.577000000 4.492505 3.494970 3.000294 0.000003 -0.000004 0.953717 0.300706
26.582000000 4.492506 3.494971 3.000294 0.000003 -0.000004 0.953717 0.300706
26.587000000 4.492506 3.494972 3.000294 0.000003 -0.000004 0.953717 0.300706
26.592000000 4.492506 3.494973 3.000294 0.000003 -0.000005 0.953717 0.300706
26.597000000 4.492506 3.494974 3.000294 0.000003 -0.000005 0.953717 0.300706
26.602000000 4.492506 3.494975 3.000294 0.000003 -0.000005 0.953717 0.300706
26.607000000 4.492507 3.494976 3.000294 0.000003 -0.000005 0.953717 0.300706
26.612000000 4.492507 3.494977 3.000294 0.000003 -0.000006 0.953717 0.300706
26.617000000 4.492507 3.494978 3.000294 0.000003 -0.000006 0.953717 0.300706
26.622000000 4.492507 3.494979 3.000294 0.000003 -0.000006 0.953717 0.300706
26.627000000 4.492507 3.494979 3.000294 0.000003 -0.000007 0.953717 0.300706
26.632000000 4.492508 3.494980 3.000294 0.000003 -0.000007 0.953717 0.300706
26.637000000 4.492508 3.494981 3.000294 0.000003 -0.000007 0.953717 0.300706
26.642000000 4.492508 3.494982 3.000294 0.000003 -0.000007 0.953717 0.300706
26.647000000 4.492508 3.494983 3.000294 0.000003 -0.000007 0.953717 0.300706
26.652000000 4.492508 3.494984 3.000294 0.000003 -0.000008 0.953717 0.300706
26.657000000 4.492508 3.494985 3.000294 0.000003 -0.000008 0.953717 0.300706
26.662000000 4.492509 3.494985 3.000294 0.000003 -0.000008 0.953717 0.300706
26.667000000 4.492509 3.494986 3.000294 0.000003 -0.000008 0.953717 0.300706
26.672000000 4.492509 3.494987 3.000294 0.000003 -0.000009 0.953717 0.300706
26.677000000 4.492509 3.494988 3.000294 0.000003 -0.000009 0.953717 0.300706
26.682000000 4.492509 3.494989 3.000294 0.000003 -0.000009 0.953717 0.300706
26.687000000 4.492510 3.494990 3.000294 0.000003 -0.000009 0.953717 0.300706
26.692000000 4.492510 3.494990 3.000294 0.000003 -0.000009 0.953717 0.300706
26.697000000 4.492510 3.494991 3.000294 0.000003 -0.000009 0.953717 0.300706
26.702000000 4.492510 3.494992 3.000294 0.000003 -0.000010 0.953717 0.300706
26.707000000 4.492510 3.494993 3.000294 0.000003 -0.000010 0.953717 0.300706
26.712000000 4.492511 3.494994 3.000294 0.000002 -0.000010 0.953717 0.300706
26.717000000 4.492511 3.494995 3.000294 0.000002 -0.000010 0.953717 0.300706
26.722000000 4.492511 3.494995 3.000294 0.000002 -0.000010 0.953717 0.300706
26.727000000 4.492511 3.494996 3.000294 0.000002 -0.000010 0.953717 0.300706
26.731000000 4.492511 3.494997 3.000294 0.000002 -0.000010 0.953717 0.300706
26.737000000 4.492512 3.494998 3.000294 0.000002 -0.000010 0.953717 0.300706
26.742000000 4.492512 3.494998 3.000294 0.000002 -0.000011 0.953717 0.300706
26.747000000 4.492512 3.494999 3.000294 0.000002 -0.000011 0.953717 0.300706
26.752000000 4.492512 3.495000 3.000294 0.000002 -0.000011 0.953717 0.300706
26.757000000 4.492512 3.495001 3.000294 0.000002 -0.000011 0.953717 0.300706
26.762000000 4.492513 3.495002 3.000294 0.000002 -0.000011 0.953717 0.300706
26.767000000 4.492513 3.495002 3.000294 0.000002 -0.000011 0.953717 0.300706
26.772000000 4.492513 3.495003 3.000294 0.000002 -0.000011 0.953717 0.300706
26.777000000 4.492513 3.495004 3.000294 0.000002 -0.000011 0.953717 0.300706
26.781000000 4.492513 3.495004 3.000294 0.000002 -0.000011 0.953717 0.300706
26.787000000 4.492514 3.495005 3.000294 0.000002 -0.000011 0.953717 0.300706
26.792000000 4.492514 3.495006 3.000294 0.000002 -0.000011 0.953717 0.300706
26.797000000 4.492514 3.495007 3.000294 0.000002 -0.000012 0.953717 0.300706
26.802000000 4.492514 3.495007 3.000294 0.000002 -0.000012 0.953717 0.300706
26.807000000 4.492514 3.495008 3.000294 0.000002 -0.000012 0.953717 0.300706
26.812000000 4.492515 3.495009 3.000294 0.000002 -0.000012 0.953717 0.300706
26.816000000 4.492515 3.495009 3.000294 0.000002 -0.000012 0.953717 0.300706
26.822000000 4.492515 3.495010 3.000294 0.000002 -0.000012 0.953717 0.300706
26.827000000 4.492515 3.495011 3.000294 0.000002 -0.000012 0.953717 0.300706
26.831000000 4.492515 3.495011 3.000294 0.000002 -0.000012 0.953717 0.300706
26.837000000 4.492515 3.495012 3.000294 0.000002 -0.000012 0.953717 0.300706
26.842000000 4.492516 3.495013 3.000294 0.000002 -0.000012 0.953717 0.300706
26.847000000 4.492516 3.495014 3.000294 0.000002 -0.000012 0.953717 0.300706
26.852000000 4.492516 3.495014 3.000294 0.000002 -0.000012 0.953717 0.300706
26.857000000 4.492516 3.495015 3.000294 0.000002 -0.000012 0.953717 0.300706
26.862000000 4.492516 3.495015 3.000294 0.000002 -0.000012 0.953717 0.300706
26.867000000 4.492516 3.495016 3.000294 0.000002 -0.000012 0.953717 0.300706
26.872000000 4.492517 3.495017 3.000294 0.000002 -0.000012 0.953717 0.300706
26.877000000 4.492517 3.495017 3.000294 0.000002 -0.000012 0.953717 0.300706
26.881000000 4.492517 3.495018 3.000294 0.000002 -0.000012 0.953717 0.300706
26.887000000 4.492517 3.495019 3.000294 0.000002 -0.000012 0.953717 0.300706
26.892000000 4.492517 3.495019 3.000294 0.000002 -0.000012 0.953717 0.300706
26.896000000 4.492517 3.495020 3.000294 0.000002 -0.000012 0.953717 0.300706
26.901000000 4.492518 3.495020 3.000294 0.000002 -0.000012 0.953717 0.300706
26.907000000 4.492518 3.495021 3.000294 0.000001 -0.000012 0.953717 0.300706
26.912000000 4.492518 3.495022 3.000294 0.000001 -0.000012 0.953717 0.300706
26.917000000 4.492518 3.495022 3.000294 0.000001 -0.000012 0.953717 0.300706
26.922000000 4.492518 3.495023 3.000294 0.000001 -0.000012 0.953717 0.300706
26.927000000 4.492519 3.495023 3.000294 0.000001 -0.000012 0.953717 0.300706
26.931000000 4.492519 3.495024 3.000294 0.000001 -0.000012 0.953717 0.300706
26.937000000 4.492519 3.495024 3.000294 0.000001 -0.000012 0.953717 0.300706
26.942000000 4.492519 3.495025 3.000294 0.000001 -0.000012 0.953717 0.300706
26.947000000 4.492519 3.495025 3.000294 0.000001 -0.000012 0.953717 0.300706
26.952000000 4.492519 3.495026 3.000294 0.000001 -0.000012 0.953717 0.300706
26.957000000 4.492519 3.495026 3.000294 0.000001 -0.000012 0.953717 0.300706
26.962000000 4.492520 3.495027 3.000294 0.000001 -0.000012 0.953717 0.300706
26.967000000 4.492520 3.495027 3.000294 0.000001 -0.000012 0.953717 0.300706
26.972000000 4.492520 3.495028 3.000294 0.000001 -0.000012 0.953717 0.300706
26.977000000 4.492520 3.495029 3.000294 0.000001 -0.000012 0.953717 0.300706
26.981000000 4.492520 3.495029 3.000294 0.000001 -0.000012 0.953717 0.300706
26.987000000 4.492520 3.495030 3.000294 0.000001 -0.000012 0.953717 0.300706
26.992000000 4.492521 3.495030 3.000294 0.000001 -0.000012 0.953717 0.300706
26.997000000 4.492521 3.495030 3.000294 0.000001 -0.000012 0.953717 0.300706
27.002000000 4.492521 3.495031 3.000294 0.000001 -0.000012 0.953717 0.300706
27.007000000 4.492521 3.495031 3.000294 0.000001 -0.000012 0.953717 0.300706
27.012000000 4.492521 3.495032 3.000294 0.000001 -0.000012 0.953717 0.300706
27.017000000 4.492521 3.495032 3.000294 0.000001 -0.000012 0.953717 0.300706
27.022000000 4.492521 3.495033 3.000294 0.000001 -0.000012 0.953717 0.300706
27.027000000 4.492522 3.495033 3.000294 0.000001 -0.000012 0.953717 0.300706
27.031000000 4.492522 3.495034 3.000294 0.000001 -0.000012 0.953717 0.300706
27.037000000 4.492522 3.495034 3.000294 0.000001 -0.000012 0.953717 0.300706
27.042000000 4.492522 3.495035 3.000294 0.000001 -0.000012 0.953717 0.300706
27.047000000 4.492522 3.495035 3.000294 0.000001 -0.000011 0.953717 0.300706
27.052000000 4.492522 3.495035 3.000294 0.000001 -0.000011 0.953717 0.300706
27.057000000 4.492522 3.495036 3.000294 0.000001 -0.000011 0.953717 0.300706
27.061000000 4.492522 3.495036 3.000294 0.000001 -0.000011 0.953717 0.300706
27.067000000 4.492523 3.495037 3.000294 0.000001 -0.000011 0.953717 0.300706
27.072000000 4.492523 3.495037 3.000294 0.000001 -0.000011 0.953717 0.300706
27.077000000 4.492523 3.495037 3.000294 0.000001 -0.000011 0.953717 0.300706
27.082000000 4.492523 3.495038 3.000294 0.000001 -0.000011 0.953717 0.300706
27.087000000 4.492523 3.495038 3.000294 0.000001 -0.000011 0.953717 0.300706
27.092000000 4.492523 3.495039 3.000294 0.000001 -0.000011 0.953717 0.300706
27.097000000 4.492523 3.495039 3.000294 0.000001 -0.000011 0.953717 0.300706
27.102000000 4.492523 3.495039 3.000294 0.000001 -0.000011 0.953717 0.300706
27.107000000 4.492524 3.495040 3.000294 0.000001 -0.000011 0.953717 0.300706
27.112000000 4.492524 3.495040 3.000294 0.000001 -0.000011 0.953717 0.300706
27.117000000 4.492524 3.495040 3.000294 0.000001 -0.000011 0.953717 0.300706
27.122000000 4.492524 3.495041 3.000294 0.000001 -0.000011 0.953717 0.300706
27.127000000 4.492524 3.495041 3.000294 0.000001 -0.000010 0.953717 0.300706
27.131000000 4.492524 3.495041 3.000294 0.000001 -0.000010 0.953717 0.300706
27.137000000 4.492524 3.495042 3.000294 0.000001 -0.000010 0.953717 0.300706
27.142000000 4.492524 3.495042 3.000294 0.000001 -0.000010 0.953717 0.300706
27.147000000 4.492524 3.495042 3.000294 0.000001 -0.000010 0.953717 0.300706
27.152000000 4.492525 3.495043 3.000294 0.000001 -0.000010 0.953717 0.300706
27.157000000 4.492525 3.495043 3.000294 0.000001 -0.000010 0.953717 0.300706
27.162000000 4.492525 3.495043 3.000294 0.000001 -0.000010 0.953717 0.300706
27.167000000 4.492525 3.495044 3.000294 0.000001 -0.000010 0.953717 0.300706
27.172000000 4.492525 3.495044 3.000294 0.000000 -0.000010 0.953717 0.300706
27.177000000 4.492525 3.495044 3.000294 0.000000 -0.000010 0.953717 0.300706
27.182000000 4.492525 3.495044 3.000294 0.000000 -0.000010 0.953717 0.300706
27.187000000 4.492525 3.495045 3.000294 0.000000 -0.000010 0.953717 0.300706
27.192000000 4.492525 3.495045 3.000294 0.000000 -0.000010 0.953717 0.300706
27.197000000 4.492525 3.495045 3.000294 0.000000 -0.000009 0.953717 0.300706
27.201000000 4.492526 3.495045 3.000294 0.000000 -0.000009 0.953717 0.300706
27.207000000 4.492526 3.495046 3.000294 0.000000 -0.000009 0.953717 0.300706
27.212000000 4.492526 3.495046 3.000294 0.000000 -0.000009 0.953717 0.300706
27.217000000 4.492526 3.495046 3.000294 0.000000 -0.000009 0.953717 0.300706
27.222000000 4.492526 3.495047 3.000294 0.000000 -0.000009 0.953717 0.300706
27.227000000 4.492526 3.495047 3.000294 0.000000 -0.000009 0.953717 0.300706
27.232000000 4.492526 3.495047 3.000294 0.000000 -0.000009 0.953717 0.300706
27.237000000 4.492526 3.495047 3.000294 0.000000 -0.000009 0.953717 0.300706
27.242000000 4.492526 3.495048 3.000294 0.000000 -0.000009 0.953717 0.300706
27.247000000 4.492526 3.495048 3.000294 0.000000 -0.000009 0.953717 0.300706
27.252000000 4.492526 3.495048 3.000294 0.000000 -0.000009 0.953717 0.300706
27.257000000 4.492526 3.495048 3.000294 0.000000 -0.000009 0.953717 0.300706
27.262000000 4.492527 3.495048 3.000294 0.000000 -0.000008 0.953717 0.300706
27.267000000 4.492527 3.495049 3.000294 0.000000 -0.000008 0.953717 0.300706
27.272000000 4.492527 3.495049 3.000294 0.000000 -0.000008 0.953717 0.300706
27.277000000 4.492527 3.495049 3.000294 0.000000 -0.000008 0.953717 0.300706
27.282000000 4.492527 3.495049 3.000294 0.000000 -0.000008 0.953717 0.300706
27.287000000 4.492527 3.495049 3.000294 0.000000 -0.000008 0.953717 0.300706
27.292000000 4.492527 3.495050 3.000294 0.000000 -0.000008 0.953717 0.300706
27.297000000 4.492527 3.495050 3.000294 0.000000 -0.000008 0.953717 0.300706
27.302000000 4.492527 3.495050 3.000294 0.000000 -0.000008 0.953717 0.300706
27.306000000 4.492527 3.495050 3.000294 0.000000 -0.000008 0.953717 0.300706
27.312000000 4.492527 3.495050 3.000294 0.000000 -0.000008 0.953717 0.300706
27.317000000 4.492527 3.495051 3.000294 0.000000 -0.000008 0.953717 0.300706
27.322000000 4.492527 3.495051 3.000294 0.000000 -0.000008 0.953717 0.300706
27.327000000 4.492528 3.495051 3.000294 0.000000 -0.000007 0.953717 0.300706
27.331000000 4.492528 3.495051 3.000294 0.000000 -0.000007 0.953717 0.300706
27.337000000 4.492528 3.495051 3.000294 0.000000 -0.000007 0.953717 0.300706
27.342000000 4.492528 3.495051 3.000294 0.000000 -0.000007 0.953717 0.300706
27.347000000 4.492528 3.495052 3.000294 0.000000 -0.000007 0.953717 0.300706
27.352000000 4.492528 3.495052 3.000294 0.000000 -0.000007 0.953717 0.300706
27.357000000 4.492528 3.495052 3.000294 0.000000 -0.000007 0.953717 0.300706
27.362000000 4.492528 3.495052 3.000294 0.000000 -0.000007 0.953717 0.300706
27.366000000 4.492528 3.495052 3.000294 0.000000 -0.000007 0.953717 0.300706
27.372000000 4.492528 3.495052 3.000294 0.000000 -0.000007 0.953717 0.300706
27.377000000 4.492528 3.495052 3.000294 0.000000 -0.000007 0.953717 0.300706
27.381000000 4.492528 3.495052 3.000294 0.000000 -0.000007 0.953717 0.300706
27.387000000 4.492528 3.495053 3.000294 0.000000 -0.000007 0.953717 0.300706
27.392000000 4.492528 3.495053 3.000294 0.000000 -0.000006 0.953717 0.300706
27.397000000 4.492528 3.495053 3.000294 0.000000 -0.000006 0.953717 0.300706
27.402000000 4.492528 3.495053 3.000294 0.000000 -0.000006 0.953717 0.300706
27.407000000 4.492528 3.495053 3.000294 0.000000 -0.000006 0.953717 0.300706
27.412000000 4.492528 3.495053 3.000294 0.000000 -0.000006 0.953717 0.300706
27.417000000 4.492529 3.495053 3.000294 0.000000 -0.000006 0.953717 0.300706
27.422000000 4.492529 3.495053 3.000294 0.000000 -0.000006 0.953717 0.300706
27.427000000 4.492529 3.495054 3.000294 0.000000 -0.000006 0.953717 0.300706
27.432000000 4.492529 3.495054 3.000294 0.000000 -0.000006 0.953717 0.300706
27.437000000 4.492529 3.495054 3.000294 0.000000 -0.000006 0.953717 0.300706
27.442000000 4.492529 3.495054 3.000294 0.000000 -0.000006 0.953717 0.300706
27.447000000 4.492529 3.495054 3.000294 0.000000 -0.000006 0.953717 0.300706
27.452000000 4.492529 3.495054 3.000294 -0.000000 -0.000006 0.953717 0.300706
27.457000000 4.492529 3.495054 3.000294 -0.000000 -0.000005 0.953717 0.300706
27.462000000 4.492529 3.495054 3.000294 -0.000000 -0.000005 0.953717 0.300706
27.467000000 4.492529 3.495054 3.000294 -0.000000 -0.000005 0.953717 0.300706
27.472000000 4.492529 3.495054 3.000294 -0.000000 -0.000005 0.953717 0.300706
27.477000000 4.492529 3.495054 3.000294 -0.000000 -0.000005 0.953717 0.300706
27.482000000 4.492529 3.495055 3.000294 -0.000000 -0.000005 0.953717 0.300706
27.487000000 4.492529 3.495055 3.000294 -0.000000 -0.000005 0.953717 0.300706
27.492000000 4.492529 3.495055 3.000294 -0.000000 -0.000005 0.953717 0.300706
27.497000000 4.492529 3.495055 3.000294 -0.000000 -0.000005 0.953717 0.300706
27.502000000 4.492529 3.495055 3.000294 -0.000000 -0.000005 0.953717 0.300706
27.507000000 4.492529 3.495055 3.000294 -0.000000 -0.000005 0.953717 0.300706
27.512000000 4.492529 3.495055 3.000294 -0.000000 -0.000005 0.953717 0.300706
27.517000000 4.492529 3.495055 3.000294 -0.000000 -0.000005 0.953717 0.300706
27.522000000 4.492529 3.495055 3.000294 -0.000000 -0.000005 0.953717 0.300706
27.527000000 4.492529 3.495055 3.000294 -0.000000 -0.000004 0.953717 0.300706
27.532000000 4.492529 3.495055 3.000294 -0.000000 -0.000004 0.953717 0.300706
27.537000000 4.492529 3.495055 3.000294 -0.000000 -0.000004 0.953717 0.300706
27.542000000 4.492529 3.495055 3.000294 -0.000000 -0.000004 0.953717 0.300706
27.547000000 4.492530 3.495055 3.000294 -0.000000 -0.000004 0.953717 0.300706
27.552000000 4.492530 3.495055 3.000294 -0.000000 -0.000004 0.953717 0.300706
27.557000000 4.492530 3.495055 3.000294 -0.000000 -0.000004 0.953717 0.300706
27.561000000 4.492530 3.495055 3.000294 -0.000000 -0.000004 0.953717 0.300706
27.567000000 4.492530 3.495056 3.000294 -0.000000 -0.000004 0.953717 0.300706
27.572000000 4.492530 3.495056 3.000294 -0.000000 -0.000004 0.953717 0.300706
27.577000000 4.492530 3.495056 3.000294 -0.000000 -0.000004 0.953717 0.300706
27.581000000 4.492530 3.495056 3.000294 -0.000000 -0.000004 0.953717 0.300706
27.587000000 4.492530 3.495056 3.000294 -0.000000 -0.000004 0.953717 0.300706
27.592000000 4.492530 3.495056 3.000294 -0.000000 -0.000004 0.953717 0.300706
27.597000000 4.492530 3.495056 3.000294 -0.000000 -0.000004 0.953717 0.300706
27.602000000 4.492530 3.495056 3.000294 -0.000000 -0.000004 0.953717 0.300706
27.607000000 4.492530 3.495056 3.000294 -0.000000 -0.000003 0.953717 0.300706
27.612000000 4.492530 3.495056 3.000294 -0.000000 -0.000003 0.953717 0.300706
27.617000000 4.492530 3.495056 3.000294 -0.000000 -0.000003 0.953717 0.300706
27.622000000 4.492530 3.495056 3.000294 -0.000000 -0.000003 0.953717 0.300706
27.627000000 4.492530 3.495056 3.000294 -0.000000 -0.000003 0.953717 0.300706
27.631000000 4.492530 3.495056 3.000294 -0.000000 -0.000003 0.953717 0.300706
27.637000000 4.492530 3.495056 3.000294 -0.000000 -0.000003 0.953717 0.300706
27.642000000 4.492530 3.495056 3.000294 -0.000000 -0.000003 0.953717 0.300706
27.647000000 4.492530 3.495056 3.000294 -0.000000 -0.000003 0.953717 0.300706
27.652000000 4.492530 3.495056 3.000294 -0.000000 -0.000003 0.953717 0.300706
27.657000000 4.492530 3.495056 3.000294 -0.000000 -0.000003 0.953717 0.300706
27.662000000 4.492530 3.495056 3.000294 -0.000000 -0.000003 0.953717 0.300706
27.667000000 4.492530 3.495056 3.000294 -0.000000 -0.000003 0.953717 0.300706
27.672000000 4.492530 3.495056 3.000294 -0.000000 -0.000003 0.953717 0.300706
27.677000000 4.492530 3.495056 3.000294 -0.000000 -0.000003 0.953717 0.300706
27.682000000 4.492530 3.495056 3.000294 -0.000000 -0.000003 0.953717 0.300706
27.687000000 4.492530 3.495056 3.000294 -0.000000 -0.000003 0.953717 0.300706
27.692000000 4.492530 3.495056 3.000294 -0.000000 -0.000003 0.953717 0.300706
27.697000000 4.492530 3.495056 3.000294 -0.000000 -0.000002 0.953717 0.300706
27.702000000 4.492530 3.495056 3.000294 -0.000000 -0.000002 0.953717 0.300706
27.707000000 4.492530 3.495056 3.000294 -0.000000 -0.000002 0.953717 0.300706
27.712000000 4.492530 3.495056 3.000294 -0.000000 -0.000002 0.953717 0.300706
27.716000000 4.492530 3.495056 3.000294 -0.000000 -0.000002 0.953717 0.300706
27.722000000 4.492530 3.495056 3.000294 -0.000000 -0.000002 0.953717 0.300706
27.727000000 4.492530 3.495056 3.000294 -0.000000 -0.000002 0.953717 0.300706
27.732000000 4.492530 3.495056 3.000294 -0.000000 -0.000002 0.953717 0.300706
27.737000000 4.492530 3.495056 3.000294 -0.000000 -0.000002 0.953717 0.300706
27.742000000 4.492530 3.495056 3.000294 -0.000000 -0.000002 0.953717 0.300706
27.747000000 4.492530 3.495056 3.000294 -0.000000 -0.000002 0.953717 0.300706
27.752000000 4.492530 3.495056 3.000294 -0.000000 -0.000002 0.953717 0.300706
27.757000000 4.492530 3.495056 3.000294 -0.000000 -0.000002 0.953717 0.300706
27.762000000 4.492530 3.495056 3.000294 -0.000000 -0.000002 0.953717 0.300706
27.767000000 4.492530 3.495056 3.000294 -0.000000 -0.000002 0.953717 0.300706
27.772000000 4.492530 3.495056 3.000294 -0.000000 -0.000002 0.953717 0.300706
27.777000000 4.492530 3.495056 3.000294 -0.000000 -0.000002 0.953717 0.300706
27.781000000 4.492530 3.495056 3.000294 -0.000000 -0.000002 0.953717 0.300706
27.787000000 4.492530 3.495056 3.000294 -0.000000 -0.000002 0.953717 0.300706
27.792000000 4.492530 3.495056 3.000294 -0.000000 -0.000002 0.953717 0.300706
27.797000000 4.492530 3.495056 3.000294 -0.000000 -0.000002 0.953717 0.300706
27.802000000 4.492530 3.495056 3.000294 -0.000000 -0.000002 0.953717 0.300706
27.807000000 4.492530 3.495056 3.000294 -0.000000 -0.000002 0.953717 0.300706
27.812000000 4.492530 3.495056 3.000294 -0.000000 -0.000001 0.953717 0.300706
27.817000000 4.492530 3.495056 3.000294 -0.000000 -0.000001 0.953717 0.300706
27.822000000 4.492530 3.495056 3.000294 -0.000000 -0.000001 0.953717 0.300706
27.827000000 4.492530 3.495056 3.000294 -0.000000 -0.000001 0.953717 0.300706
27.832000000 4.492530 3.495056 3.000294 -0.000000 -0.000001 0.953717 0.300706
27.837000000 4.492530 3.495056 3.000294 -0.000000 -0.000001 0.953717 0.300706
27.842000000 4.492530 3.495056 3.000294 -0.000000 -0.000001 0.953717 0.300706
27.847000000 4.492530 3.495056 3.000294 -0.000000 -0.000001 0.953717 0.300706
27.852000000 4.492530 3.495056 3.000294 -0.000000 -0.000001 0.953717 0.300706
27.857000000 4.492530 3.495056 3.000294 -0.000000 -0.000001 0.953717 0.300706
27.862000000 4.492530 3.495056 3.000294 -0.000000 -0.000001 0.953717 0.300706
27.867000000 4.492530 3.495056 3.000294 -0.000000 -0.000001 0.953717 0.300706
27.872000000 4.492530 3.495056 3.000294 -0.000000 -0.000001 0.953717 0.300706
27.877000000 4.492530 3.495056 3.000294 -0.000000 -0.000001 0.953717 0.300706
27.881000000 4.492530 3.495056 3.000294 -0.000000 -0.000001 0.953717 0.300706
27.887000000 4.492530 3.495056 3.000294 -0.000000 -0.000001 0.953717 0.300706
27.892000000 4.492530 3.495055 3.000294 -0.000000 -0.000001 0.953717 0.300706
27.897000000 4.492530 3.495055 3.000294 -0.000000 -0.000001 0.953717 0.300706
27.902000000 4.492530 3.495055 3.000294 -0.000000 -0.000001 0.953717 0.300706
27.907000000 4.492530 3.495055 3.000294 -0.000000 -0.000001 0.953717 0.300706
27.912000000 4.492530 3.495055 3.000294 -0.000000 -0.000001 0.953717 0.300706
27.917000000 4.492530 3.495055 3.000294 -0.000000 -0.000001 0.953717 0.300706
27.922000000 4.492530 3.495055 3.000294 -0.000000 -0.000001 0.953717 0.300706
27.927000000 4.492530 3.495055 3.000294 -0.000000 -0.000001 0.953717 0.300706
27.932000000 4.492530 3.495055 3.000294 -0.000000 -0.000001 0.953717 0.300706
27.937000000 4.492530 3.495055 3.000294 -0.000000 -0.000001 0.953717 0.300706
27.942000000 4.492530 3.495055 3.000294 -0.000000 -0.000001 0.953717 0.300706
27.947000000 4.492530 3.495055 3.000294 -0.000000 -0.000001 0.953717 0.300706
27.952000000 4.492530 3.495055 3.000294 -0.000000 -0.000001 0.953717 0.300706
27.957000000 4.492530 3.495055 3.000294 -0.000000 -0.000001 0.953717 0.300706
27.962000000 4.492530 3.495055 3.000294 -0.000000 -0.000001 0.953717 0.300706
27.967000000 4.492530 3.495055 3.000294 -0.000000 -0.000001 0.953717 0.300706
27.972000000 4.492530 3.495055 3.000294 -0.000000 -0.000001 0.953717 0.300706
27.977000000 4.492530 3.495055 3.000294 -0.000000 -0.000000 0.953717 0.300706
27.981000000 4.492530 3.495055 3.000294 -0.000000 -0.000000 0.953717 0.300706
27.987000000 4.492530 3.495055 3.000294 -0.000000 -0.000000 0.953717 0.300706
27.992000000 4.492530 3.495055 3.000294 -0.000000 -0.000000 0.953717 0.300706
27.997000000 4.492530 3.495055 3.000294 -0.000000 -0.000000 0.953717 0.300706
28.002000000 4.492530 3.495055 3.000294 -0.000000 -0.000000 0.953717 0.300706
28.007000000 4.492530 3.495055 3.000294 -0.000000 -0.000000 0.953717 0.300706
28.012000000 4.492530 3.495055 3.000294 -0.000000 -0.000000 0.953717 0.300706
28.017000000 4.492530 3.495055 3.000294 -0.000000 -0.000000 0.953717 0.300706
28.022000000 4.492530 3.495055 3.000294 -0.000000 -0.000000 0.953717 0.300706
28.027000000 4.492530 3.495055 3.000294 -0.000000 -0.000000 0.953717 0.300706
28.032000000 4.492530 3.495055 3.000294 -0.000000 -0.000000 0.953717 0.300706
28.037000000 4.492530 3.495055 3.000294 -0.000000 -0.000000 0.953717 0.300706
28.042000000 4.492530 3.495055 3.000294 -0.000000 -0.000000 0.953717 0.300706
28.047000000 4.492530 3.495054 3.000294 -0.000000 -0.000000 0.953717 0.300706
28.052000000 4.492530 3.495054 3.000294 -0.000000 -0.000000 0.953717 0.300706
28.057000000 4.492530 3.495054 3.000294 -0.000000 -0.000000 0.953717 0.300706
28.062000000 4.492530 3.495054 3.000294 -0.000000 -0.000000 0.953717 0.300706
28.067000000 4.492530 3.495054 3.000294 -0.000000 -0.000000 0.953717 0.300706
28.072000000 4.492530 3.495054 3.000294 -0.000000 -0.000000 0.953717 0.300706
28.077000000 4.492530 3.495054 3.000294 -0.000000 -0.000000 0.953717 0.300706
28.081000000 4.492530 3.495054 3.000294 -0.000000 -0.000000 0.953717 0.300706
28.087000000 4.492530 3.495054 3.000294 -0.000000 -0.000000 0.953717 0.300706
28.092000000 4.492530 3.495054 3.000294 -0.000000 -0.000000 0.953717 0.300706
28.097000000 4.492530 3.495054 3.000294 -0.000000 -0.000000 0.953717 0.300706
28.102000000 4.492530 3.495054 3.000294 -0.000000 -0.000000 0.953717 0.300706
28.107000000 4.492530 3.495054 3.000294 -0.000000 0.000000 0.953717 0.300706
28.112000000 4.492530 3.495054 3.000294 -0.000000 0.000000 0.953717 0.300706
28.117000000 4.492530 3.495054 3.000294 -0.000000 0.000000 0.953717 0.300706
28.122000000 4.492530 3.495054 3.000294 -0.000000 0.000000 0.953717 0.300706
28.127000000 4.492530 3.495054 3.000294 -0.000000 0.000000 0.953717 0.300706
28.132000000 4.492530 3.495054 3.000294 -0.000000 0.000000 0.953717 0.300706
28.137000000 4.492530 3.495054 3.000294 -0.000000 0.000000 0.953717 0.300706
28.142000000 4.492530 3.495054 3.000294 -0.000000 0.000000 0.953717 0.300706
28.146000000 4.492530 3.495054 3.000294 -0.000000 0.000000 0.953717 0.300706
28.152000000 4.492530 3.495054 3.000294 -0.000000 0.000000 0.953717 0.300706
28.157000000 4.492530 3.495054 3.000294 -0.000000 0.000000 0.953717 0.300706
28.162000000 4.492530 3.495054 3.000294 -0.000000 0.000000 0.953717 0.300706
28.167000000 4.492530 3.495054 3.000294 -0.000000 0.000000 0.953717 0.300706
28.172000000 4.492530 3.495054 3.000294 -0.000000 0.000000 0.953717 0.300706
28.177000000 4.492530 3.495054 3.000294 -0.000000 0.000000 0.953717 0.300706
28.181000000 4.492530 3.495054 3.000294 -0.000000 0.000000 0.953717 0.300706
28.187000000 4.492530 3.495054 3.000294 -0.000000 0.000000 0.953717 0.300706
28.192000000 4.492530 3.495053 3.000294 -0.000000 0.000000 0.953717 0.300706
28.197000000 4.492530 3.495053 3.000294 -0.000000 0.000000 0.953717 0.300706
28.202000000 4.492530 3.495053 3.000294 -0.000000 0.000000 0.953717 0.300706
28.207000000 4.492530 3.495053 3.000294 -0.000000 0.000000 0.953717 0.300706
28.212000000 4.492530 3.495053 3.000294 -0.000000 0.000000 0.953717 0.300706
28.216000000 4.492530 3.495053 3.000294 -0.000000 0.000000 0.953717 0.300706
28.222000000 4.492530 3.495053 3.000294 -0.000000 0.000000 0.953717 0.300706
28.227000000 4.492530 3.495053 3.000294 -0.000000 0.000000 0.953717 0.300706
28.232000000 4.492530 3.495053 3.000294 -0.000000 0.000000 0.953717 0.300706
28.237000000 4.492530 3.495053 3.000294 -0.000000 0.000000 0.953717 0.300706
28.242000000 4.492530 3.495053 3.000294 -0.000000 0.000000 0.953717 0.300706
28.247000000 4.492530 3.495053 3.000294 -0.000000 0.000000 0.953717 0.300706
28.252000000 4.492530 3.495053 3.000294 -0.000000 0.000000 0.953717 0.300706
28.257000000 4.492530 3.495053 3.000294 -0.000000 0.000000 0.953717 0.300706
28.262000000 4.492530 3.495053 3.000294 -0.000000 0.000000 0.953717 0.300706
28.267000000 4.492530 3.495053 3.000294 -0.000000 0.000000 0.953717 0.300706
28.272000000 4.492530 3.495053 3.000294 -0.000000 0.000000 0.953717 0.300706
28.277000000 4.492530 3.495053 3.000294 -0.000000 0.000000 0.953717 0.300706
28.281000000 4.492530 3.495053 3.000294 -0.000000 0.000000 0.953717 0.300706
28.287000000 4.492530 3.495053 3.000294 -0.000000 0.000000 0.953717 0.300706
28.292000000 4.492530 3.495053 3.000294 -0.000000 0.000000 0.953717 0.300706
28.297000000 4.492530 3.495053 3.000294 -0.000000 0.000000 0.953717 0.300706
28.302000000 4.492530 3.495053 3.000294 -0.000000 0.000000 0.953717 0.300706
28.307000000 4.492530 3.495053 3.000294 -0.000000 0.000000 0.953717 0.300706
28.312000000 4.492530 3.495053 3.000294 -0.000000 0.000000 0.953717 0.300706
28.317000000 4.492530 3.495053 3.000294 -0.000000 0.000000 0.953717 0.300706
28.322000000 4.492530 3.495053 3.000294 -0.000000 0.000000 0.953717 0.300706
28.327000000 4.492530 3.495053 3.000294 -0.000000 0.000000 0.953717 0.300706
28.331000000 4.492530 3.495053 3.000294 -0.000000 0.000000 0.953717 0.300706
28.337000000 4.492530 3.495053 3.000294 -0.000000 0.000000 0.953717 0.300706
28.342000000 4.492530 3.495053 3.000294 -0.000000 0.000000 0.953717 0.300706
28.346000000 4.492530 3.495053 3.000294 -0.000000 0.000000 0.953717 0.300706
28.352000000 4.492530 3.495053 3.000294 -0.000000 0.000000 0.953717 0.300706
28.357000000 4.492530 3.495052 3.000294 -0.000000 0.000000 0.953717 0.300706
28.362000000 4.492530 3.495052 3.000294 -0.000000 0.000000 0.953717 0.300706
28.367000000 4.492530 3.495052 3.000294 -0.000000 0.000000 0.953717 0.300706
28.372000000 4.492530 3.495052 3.000294 -0.000000 0.000000 0.953717 0.300706
28.377000000 4.492530 3.495052 3.000294 -0.000000 0.000000 0.953717 0.300706
28.382000000 4.492530 3.495052 3.000294 -0.000000 0.000000 0.953717 0.300706
28.387000000 4.492530 3.495052 3.000294 -0.000000 0.000000 0.953717 0.300706
28.392000000 4.492530 3.495052 3.000294 -0.000000 0.000000 0.953717 0.300706
28.397000000 4.492530 3.495052 3.000294 -0.000000 0.000000 0.953717 0.300706
28.402000000 4.492530 3.495052 3.000294 -0.000000 0.000000 0.953717 0.300706
28.407000000 4.492530 3.495052 3.000294 -0.000000 0.000000 0.953717 0.300706
28.412000000 4.492530 3.495052 3.000294 -0.000000 0.000000 0.953717 0.300706
28.417000000 4.492530 3.495052 3.000294 -0.000000 0.000000 0.953717 0.300706
28.422000000 4.492530 3.495052 3.000294 -0.000000 0.000000 0.953717 0.300706
28.426000000 4.492530 3.495052 3.000294 -0.000000 0.000000 0.953717 0.300706
28.431000000 4.492530 3.495052 3.000294 -0.000000 0.000000 0.953717 0.300706
28.437000000 4.492530 3.495052 3.000294 -0.000000 0.000000 0.953717 0.300706
28.442000000 4.492530 3.495052 3.000294 -0.000000 0.000000 0.953717 0.300706
28.447000000 4.492530 3.495052 3.000294 -0.000000 0.000000 0.953717 0.300706
28.452000000 4.492530 3.495052 3.000294 -0.000000 0.000000 0.953717 0.300706
28.457000000 4.492530 3.495052 3.000294 -0.000000 0.000000 0.953717 0.300706
28.462000000 4.492530 3.495052 3.000294 -0.000000 0.000000 0.953717 0.300706
28.467000000 4.492530 3.495052 3.000294 -0.000000 0.000000 0.953717 0.300706
28.472000000 4.492530 3.495052 3.000294 -0.000000 0.000000 0.953717 0.300706
28.477000000 4.492530 3.495052 3.000294 -0.000000 0.000000 0.953717 0.300706
28.482000000 4.492530 3.495052 3.000294 -0.000000 0.000000 0.953717 0.300706
28.487000000 4.492530 3.495052 3.000294 -0.000000 0.000000 0.953717 0.300706
28.492000000 4.492530 3.495052 3.000294 -0.000000 0.000000 0.953717 0.300706
28.497000000 4.492530 3.495052 3.000294 -0.000000 0.000000 0.953717 0.300706
28.502000000 4.492530 3.495052 3.000294 -0.000000 0.000000 0.953717 0.300706
28.507000000 4.492530 3.495052 3.000294 -0.000000 0.000000 0.953717 0.300706
28.512000000 4.492530 3.495052 3.000294 -0.000000 0.000000 0.953717 0.300706
28.517000000 4.492530 3.495052 3.000294 -0.000000 0.000000 0.953717 0.300706
28.522000000 4.492530 3.495052 3.000294 -0.000000 0.000000 0.953717 0.300706
28.527000000 4.492530 3.495052 3.000294 -0.000000 0.000000 0.953717 0.300706
28.531000000 4.492530 3.495052 3.000294 -0.000000 0.000000 0.953717 0.300706
28.537000000 4.492530 3.495052 3.000294 -0.000000 0.000000 0.953717 0.300706
28.542000000 4.492530 3.495052 3.000294 -0.000000 0.000000 0.953717 0.300706
28.547000000 4.492530 3.495052 3.000294 -0.000000 0.000000 0.953717 0.300706
28.552000000 4.492529 3.495052 3.000294 -0.000000 0.000000 0.953717 0.300706
28.557000000 4.492529 3.495052 3.000294 -0.000000 0.000000 0.953717 0.300706
28.562000000 4.492529 3.495052 3.000294 -0.000000 0.000000 0.953717 0.300706
28.566000000 4.492529 3.495052 3.000294 -0.000000 0.000000 0.953717 0.300706
28.572000000 4.492529 3.495051 3.000294 -0.000000 0.000000 0.953717 0.300706
28.577000000 4.492529 3.495051 3.000294 -0.000000 0.000000 0.953717 0.300706
28.581000000 4.492529 3.495051 3.000294 -0.000000 0.000000 0.953717 0.300706
28.587000000 4.492529 3.495051 3.000294 -0.000000 0.000000 0.953717 0.300706
28.592000000 4.492529 3.495051 3.000294 -0.000000 0.000000 0.953717 0.300706
28.597000000 4.492529 3.495051 3.000294 -0.000000 0.000000 0.953717 0.300706
28.602000000 4.492529 3.495051 3.000294 -0.000000 0.000000 0.953717 0.300706
28.607000000 4.492529 3.495051 3.000294 -0.000000 0.000000 0.953717 0.300706
28.612000000 4.492529 3.495051 3.000294 -0.000000 0.000000 0.953717 0.300706
28.617000000 4.492529 3.495051 3.000294 -0.000000 0.000000 0.953717 0.300706
28.622000000 4.492529 3.495051 3.000294 -0.000000 0.000000 0.953717 0.300706
28.627000000 4.492529 3.495051 3.000294 -0.000000 0.000000 0.953717 0.300706
28.631000000 4.492529 3.495051 3.000294 -0.000000 0.000000 0.953717 0.300706
28.637000000 4.492529 3.495051 3.000294 -0.000000 0.000000 0.953717 0.300706
28.642000000 4.492529 3.495051 3.000294 -0.000000 0.000000 0.953717 0.300706
28.647000000 4.492529 3.495051 3.000294 -0.000000 0.000000 0.953717 0.300706
28.652000000 4.492529 3.495051 3.000294 -0.000000 0.000000 0.953717 0.300706
28.657000000 4.492529 3.495051 3.000294 -0.000000 0.000000 0.953717 0.300706
28.662000000 4.492529 3.495051 3.000294 -0.000000 0.000000 0.953717 0.300706
28.667000000 4.492529 3.495051 3.000294 -0.000000 0.000000 0.953717 0.300706
28.672000000 4.492529 3.495051 3.000294 -0.000000 0.000000 0.953717 0.300706
28.677000000 4.492529 3.495051 3.000294 -0.000000 0.000000 0.953717 0.300706
28.681000000 4.492529 3.495051 3.000294 -0.000000 0.000000 0.953717 0.300706
28.687000000 4.492529 3.495051 3.000294 -0.000000 0.000000 0.953717 0.300706
28.692000000 4.492529 3.495051 3.000294 -0.000000 0.000000 0.953717 0.300706
28.697000000 4.492529 3.495051 3.000294 -0.000000 0.000000 0.953717 0.300706
28.702000000 4.492529 3.495051 3.000294 -0.000000 0.000000 0.953717 0.300706
28.707000000 4.492529 3.495051 3.000294 -0.000000 0.000000 0.953717 0.300706
28.712000000 4.492529 3.495051 3.000294 -0.000000 0.000000 0.953717 0.300706
28.717000000 4.492529 3.495051 3.000294 -0.000000 0.000000 0.953717 0.300706
28.722000000 4.492529 3.495051 3.000294 -0.000000 0.000000 0.953717 0.300706
28.727000000 4.492529 3.495051 3.000294 -0.000000 0.000000 0.953717 0.300706
28.732000000 4.492529 3.495051 3.000294 -0.000000 0.000000 0.953717 0.300706
28.737000000 4.492529 3.495051 3.000294 -0.000000 0.000000 0.953717 0.300706
28.742000000 4.492529 3.495051 3.000294 -0.000000 0.000000 0.953717 0.300706
28.747000000 4.492529 3.495051 3.000294 -0.000000 0.000000 0.953717 0.300706
28.752000000 4.492529 3.495051 3.000294 -0.000000 0.000000 0.953717 0.300706
28.757000000 4.492529 3.495051 3.000294 -0.000000 0.000000 0.953717 0.300706
28.762000000 4.492529 3.495051 3.000294 -0.000000 0.000000 0.953717 0.300706
28.767000000 4.492529 3.495051 3.000294 -0.000000 0.000000 0.953717 0.300706
28.772000000 4.492529 3.495051 3.000294 -0.000000 0.000000 0.953717 0.300706
28.777000000 4.492529 3.495051 3.000294 -0.000000 0.000000 0.953717 0.300706
28.782000000 4.492529 3.495051 3.000294 -0.000000 0.000000 0.953717 0.300706
28.787000000 4.492529 3.495051 3.000294 -0.000000 0.000000 0.953717 0.300706
28.792000000 4.492529 3.495051 3.000294 -0.000000 0.000000 0.953717 0.300706
28.797000000 4.492529 3.495051 3.000294 -0.000000 0.000000 0.953717 0.300706
28.802000000 4.492529 3.495051 3.000294 -0.000000 0.000000 0.953717 0.300706
28.807000000 4.492529 3.495051 3.000294 -0.000000 0.000000 0.953717 0.300706
28.812000000 4.492529 3.495051 3.000294 -0.000000 0.000000 0.953717 0.300706
28.817000000 4.492529 3.495051 3.000294 -0.000000 0.000000 0.953717 0.300706
28.822000000 4.492529 3.495051 3.000294 -0.000000 0.000000 0.953717 0.300706
28.826000000 4.492529 3.495051 3.000294 -0.000000 0.000000 0.953717 0.300706
28.832000000 4.492529 3.495051 3.000294 -0.000000 0.000000 0.953717 0.300706
28.837000000 4.492529 3.495051 3.000294 -0.000000 0.000000 0.953717 0.300706
28.842000000 4.492529 3.495051 3.000294 -0.000000 0.000000 0.953717 0.300706
28.846000000 4.492529 3.495051 3.000294 -0.000000 0.000000 0.953717 0.300706
28.852000000 4.492529 3.495051 3.000294 -0.000000 0.000000 0.953717 0.300706
28.857000000 4.492529 3.495051 3.000294 -0.000000 0.000000 0.953717 0.300706
28.862000000 4.492529 3.495051 3.000294 -0.000000 0.000000 0.953717 0.300706
28.867000000 4.492529 3.495051 3.000294 -0.000000 0.000000 0.953717 0.300706
28.872000000 4.492529 3.495051 3.000294 -0.000000 0.000000 0.953717 0.300706
28.877000000 4.492529 3.495051 3.000294 -0.000000 0.000000 0.953717 0.300706
28.881000000 4.492529 3.495051 3.000294 -0.000000 0.000000 0.953717 0.300706
28.887000000 4.492529 3.495051 3.000294 -0.000000 0.000000 0.953717 0.300706
28.892000000 4.492529 3.495051 3.000294 -0.000000 0.000000 0.953717 0.300706
28.897000000 4.492529 3.495051 3.000294 -0.000000 0.000000 0.953717 0.300706
28.902000000 4.492529 3.495051 3.000294 -0.000000 0.000000 0.953717 0.300706
28.907000000 4.492529 3.495051 3.000294 -0.000000 0.000000 0.953717 0.300706
28.912000000 4.492529 3.495051 3.000294 -0.000000 0.000000 0.953717 0.300706
28.917000000 4.492529 3.495051 3.000294 -0.000000 0.000000 0.953717 0.300706
28.922000000 4.492529 3.495051 3.000294 -0.000000 0.000000 0.953717 0.300706
28.927000000 4.492529 3.495051 3.000294 -0.000000 0.000000 0.953717 0.300706
28.932000000 4.492529 3.495051 3.000294 -0.000000 0.000000 0.953717 0.300706
28.937000000 4.492529 3.495051 3.000294 -0.000000 0.000000 0.953717 0.300706
28.942000000 4.492529 3.495051 3.000294 -0.000000 0.000000 0.953717 0.300706
28.947000000 4.492529 3.495051 3.000294 -0.000000 0.000000 0.953717 0.300706
28.952000000 4.492529 3.495051 3.000294 -0.000000 0.000000 0.953717 0.300706
28.957000000 4.492529 3.495051 3.000294 -0.000000 0.000000 0.953717 0.300706
28.962000000 4.492529 3.495051 3.000294 -0.000000 0.000000 0.953717 0.300706
28.967000000 4.492529 3.495051 3.000294 -0.000000 0.000000 0.953717 0.300706
28.972000000 4.492529 3.495051 3.000294 -0.000000 0.000000 0.953717 0.300706
28.977000000 4.492529 3.495051 3.000294 -0.000000 0.000000 0.953717 0.300706
28.981000000 4.492529 3.495051 3.000294 -0.000000 0.000000 0.953717 0.300706
28.987000000 4.492529 3.495051 3.000294 -0.000000 0.000000 0.953717 0.300706
28.992000000 4.492529 3.495051 3.000294 0.000000 0.000000 0.953717 0.300706
28.997000000 4.492529 3.495051 3.000294 0.000000 0.000000 0.953717 0.300706
29.001000000 4.492529 3.495051 3.000294 0.000000 0.000000 0.953717 0.300706
29.006000000 4.492529 3.495051 3.000294 0.000000 0.000000 0.953717 0.300706
29.012000000 4.492529 3.495051 3.000294 0.000000 0.000000 0.953717 0.300706
29.017000000 4.492529 3.495051 3.000294 0.000000 0.000000 0.953717 0.300706
29.022000000 4.492529 3.495051 3.000294 0.000000 0.000000 0.953717 0.300706
29.027000000 4.492529 3.495051 3.000294 0.000000 0.000000 0.953717 0.300706
29.032000000 4.492529 3.495051 3.000294 0.000000 0.000000 0.953717 0.300706
29.037000000 4.492529 3.495051 3.000294 0.000000 0.000000 0.953717 0.300706
29.042000000 4.492529 3.495051 3.000294 0.000000 0.000000 0.953717 0.300706
29.047000000 4.492529 3.495051 3.000294 0.000000 0.000000 0.953717 0.300706
29.052000000 4.492529 3.495051 3.000294 0.000000 0.000000 0.953717 0.300706
29.056000000 4.492529 3.495051 3.000294 0.000000 0.000000 0.953717 0.300706
29.062000000 4.492529 3.495051 3.000294 0.000000 0.000000 0.953717 0.300706
29.067000000 4.492529 3.495051 3.000294 0.000000 0.000000 0.953717 0.300706
29.072000000 4.492529 3.495051 3.000294 0.000000 0.000000 0.953717 0.300706
29.077000000 4.492529 3.495051 3.000294 0.000000 0.000000 0.953717 0.300706
29.081000000 4.492529 3.495051 3.000294 0.000000 0.000000 0.953717 0.300706
29.087000000 4.492529 3.495051 3.000294 0.000000 0.000000 0.953717 0.300706
29.092000000 4.492529 3.495051 3.000294 0.000000 0.000000 0.953717 0.300706
29.097000000 4.492529 3.495051 3.000294 0.000000 0.000000 0.953717 0.300706
29.102000000 4.492529 3.495051 3.000294 0.000000 0.000000 0.953717 0.300706
29.107000000 4.492529 3.495051 3.000294 0.000000 0.000000 0.953717 0.300706
29.112000000 4.492529 3.495051 3.000294 0.000000 0.000000 0.953717 0.300706
29.117000000 4.492529 3.495051 3.000294 0.000000 0.000000 0.953717 0.300706
29.122000000 4.492529 3.495051 3.000294 0.000000 0.000000 0.953717 0.300706
29.126000000 4.492529 3.495051 3.000294 0.000000 0.000000 0.953717 0.300706
29.132000000 4.492529 3.495051 3.000294 0.000000 0.000000 0.953717 0.300706
29.137000000 4.492529 3.495051 3.000294 0.000000 0.000000 0.953717 0.300706
29.142000000 4.492529 3.495051 3.000294 0.000000 0.000000 0.953717 0.300706
29.147000000 4.492529 3.495051 3.000294 0.000000 0.000000 0.953717 0.300706
29.152000000 4.492529 3.495051 3.000294 0.000000 0.000000 0.953717 0.300706
29.157000000 4.492529 3.495051 3.000294 0.000000 0.000000 0.953717 0.300706
29.162000000 4.492529 3.495051 3.000294 0.000000 0.000000 0.953717 0.300706
29.167000000 4.492529 3.495051 3.000294 0.000000 0.000000 0.953717 0.300706
29.172000000 4.492529 3.495051 3.000294 0.000000 0.000000 0.953717 0.300706
29.177000000 4.492529 3.495051 3.000294 0.000000 0.000000 0.953717 0.300706
29.182000000 4.492529 3.495051 3.000294 0.000000 0.000000 0.953717 0.300706
29.187000000 4.492529 3.495051 3.000294 0.000000 0.000000 0.953717 0.300706
29.192000000 4.492529 3.495051 3.000294 0.000000 0.000000 0.953717 0.300706
29.197000000 4.492529 3.495051 3.000294 0.000000 0.000000 0.953717 0.300706
29.202000000 4.492529 3.495051 3.000294 0.000000 0.000000 0.953717 0.300706
29.207000000 4.492529 3.495051 3.000294 0.000000 0.000000 0.953717 0.300706
29.212000000 4.492529 3.495051 3.000294 0.000000 0.000000 0.953717 0.300706
29.217000000 4.492529 3.495051 3.000294 0.000000 0.000000 0.953717 0.300706
29.222000000 4.492529 3.495051 3.000294 0.000000 0.000000 0.953717 0.300706
29.227000000 4.492529 3.495051 3.000294 0.000000 0.000000 0.953717 0.300706
29.231000000 4.492529 3.495051 3.000294 0.000000 0.000000 0.953717 0.300706
29.237000000 4.492529 3.495051 3.000294 0.000000 0.000000 0.953717 0.300706
29.242000000 4.492529 3.495051 3.000294 0.000000 0.000000 0.953717 0.300706
29.247000000 4.492529 3.495051 3.000294 0.000000 0.000000 0.953717 0.300706
29.252000000 4.492529 3.495051 3.000294 0.000000 0.000000 0.953717 0.300706
29.257000000 4.492529 3.495051 3.000294 0.000000 0.000000 0.953717 0.300706
29.262000000 4.492529 3.495051 3.000294 0.000000 0.000000 0.953717 0.300706
29.267000000 4.492529 3.495051 3.000294 0.000000 0.000000 0.953717 0.300706
29.272000000 4.492529 3.495051 3.000294 0.000000 0.000000 0.953717 0.300706
29.277000000 4.492529 3.495051 3.000294 0.000000 0.000000 0.953717 0.300706
29.281000000 4.492529 3.495051 3.000294 0.000000 0.000000 0.953717 0.300706
29.287000000 4.492529 3.495051 3.000294 0.000000 0.000000 0.953717 0.300706
29.292000000 4.492529 3.495051 3.000294 0.000000 0.000000 0.953717 0.300706
29.297000000 4.492529 3.495051 3.000294 0.000000 0.000000 0.953717 0.300706
29.302000000 4.492529 3.495051 3.000294 -0.000000 0.000000 0.953717 0.300706
29.307000000 4.492529 3.495051 3.000294 0.000000 0.000000 0.953717 0.300706
29.312000000 4.492529 3.495051 3.000294 0.000000 0.000000 0.953717 0.300706
29.317000000 4.492529 3.495051 3.000294 0.000000 0.000000 0.953717 0.300706
29.322000000 4.492529 3.495051 3.000294 0.000000 0.000000 0.953717 0.300706
29.327000000 4.492529 3.495051 3.000294 0.000000 0.000000 0.953717 0.300706
29.331000000 4.492529 3.495051 3.000294 0.000000 0.000000 0.953717 0.300706
29.337000000 4.492529 3.495051 3.000294 0.000000 0.000000 0.953717 0.300706
29.342000000 4.492529 3.495051 3.000294 0.000000 0.000000 0.953717 0.300706
29.347000000 4.492529 3.495051 3.000294 0.000000 0.000000 0.953717 0.300706
29.352000000 4.492529 3.495051 3.000294 0.000000 0.000000 0.953717 0.300706
29.357000000 4.492529 3.495051 3.000294 0.000000 0.000000 0.953717 0.300706
29.362000000 4.492529 3.495051 3.000294 0.000000 0.000000 0.953717 0.300706
29.367000000 4.492529 3.495051 3.000294 0.000000 0.000000 0.953717 0.300706
29.372000000 4.492529 3.495051 3.000294 0.000000 0.000000 0.953717 0.300706
29.377000000 4.492529 3.495051 3.000294 0.000000 0.000000 0.953717 0.300706
29.382000000 4.492529 3.495051 3.000294 0.000000 0.000000 0.953717 0.300706
29.387000000 4.492529 3.495051 3.000294 0.000000 0.000000 0.953717 0.300706
29.392000000 4.492529 3.495051 3.000294 0.000000 0.000000 0.953717 0.300706
29.397000000 4.492529 3.495051 3.000294 0.000000 0.000000 0.953717 0.300706
29.402000000 4.492529 3.495051 3.000294 0.000000 0.000000 0.953717 0.300706
29.407000000 4.492529 3.495051 3.000294 0.000000 0.000000 0.953717 0.300706
29.411000000 4.492529 3.495051 3.000294 0.000000 0.000000 0.953717 0.300706
29.417000000 4.492529 3.495051 3.000294 0.000000 0.000000 0.953717 0.300706
29.422000000 4.492529 3.495051 3.000294 0.000000 0.000000 0.953717 0.300706
29.427000000 4.492529 3.495051 3.000294 0.000000 0.000000 0.953717 0.300706
29.431000000 4.492529 3.495051 3.000294 0.000000 0.000000 0.953717 0.300706
29.437000000 4.492529 3.495051 3.000294 -0.000000 0.000000 0.953717 0.300706
29.442000000 4.492529 3.495051 3.000294 -0.000000 0.000000 0.953717 0.300706
29.447000000 4.492529 3.495051 3.000294 -0.000000 0.000000 0.953717 0.300706
29.452000000 4.492529 3.495051 3.000294 -0.000000 0.000000 0.953717 0.300706
29.457000000 4.492529 3.495051 3.000294 -0.000000 0.000000 0.953717 0.300706
29.462000000 4.492529 3.495051 3.000294 -0.000000 0.000000 0.953717 0.300706
29.467000000 4.492529 3.495051 3.000294 -0.000000 0.000000 0.953717 0.300706
29.472000000 4.492529 3.495051 3.000294 -0.000000 0.000000 0.953717 0.300706
29.477000000 4.492529 3.495051 3.000294 -0.000000 0.000000 0.953717 0.300706
29.482000000 4.492529 3.495051 3.000294 -0.000000 0.000000 0.953717 0.300706
29.487000000 4.492529 3.495051 3.000294 -0.000000 0.000000 0.953717 0.300706
29.492000000 4.492529 3.495051 3.000294 -0.000000 0.000000 0.953717 0.300706
29.497000000 4.492529 3.495051 3.000294 -0.000000 0.000000 0.953717 0.300706
29.502000000 4.492529 3.495051 3.000294 -0.000000 0.000000 0.953717 0.300706
29.507000000 4.492529 3.495051 3.000294 -0.000000 0.000000 0.953717 0.300706
29.512000000 4.492529 3.495051 3.000294 -0.000000 0.000000 0.953717 0.300706
29.517000000 4.492529 3.495051 3.000294 -0.000000 0.000000 0.953717 0.300706
29.522000000 4.492529 3.495051 3.000294 -0.000000 0.000000 0.953717 0.300706
29.527000000 4.492529 3.495051 3.000294 -0.000000 0.000000 0.953717 0.300706
29.532000000 4.492529 3.495051 3.000294 -0.000000 0.000000 0.953717 0.300706
29.537000000 4.492529 3.495051 3.000294 0.000000 0.000000 0.953717 0.300706
29.542000000 4.492529 3.495051 3.000294 0.000000 0.000000 0.953717 0.300706
29.547000000 4.492529 3.495051 3.000294 0.000000 0.000000 0.953717 0.300706
29.552000000 4.492529 3.495051 3.000294 0.000000 0.000000 0.953717 0.300706
29.557000000 4.492529 3.495051 3.000294 0.000000 0.000000 0.953717 0.300706
29.561000000 4.492529 3.495051 3.000294 0.000000 0.000000 0.953717 0.300706
29.567000000 4.492529 3.495051 3.000294 0.000000 0.000000 0.953717 0.300706
29.572000000 4.492529 3.495051 3.000294 0.000000 0.000000 0.953717 0.300706
29.577000000 4.492529 3.495051 3.000294 0.000000 0.000000 0.953717 0.300706
29.582000000 4.492529 3.495051 3.000294 0.000000 -0.000000 0.953717 0.300706
29.587000000 4.492529 3.495051 3.000294 0.000000 -0.000000 0.953717 0.300706
29.592000000 4.492529 3.495051 3.000294 0.000000 -0.000000 0.953717 0.300706
29.597000000 4.492529 3.495051 3.000294 0.000000 -0.000000 0.953717 0.300706
29.602000000 4.492529 3.495051 3.000294 0.000000 -0.000000 0.953717 0.300706
29.607000000 4.492529 3.495051 3.000294 0.000000 -0.000000 0.953717 0.300706
29.612000000 4.492529 3.495051 3.000294 0.000000 -0.000000 0.953717 0.300706
29.617000000 4.492529 3.495051 3.000294 0.000000 -0.000000 0.953717 0.300706
29.622000000 4.492529 3.495051 3.000294 0.000000 -0.000000 0.953717 0.300706
29.627000000 4.492529 3.495051 3.000294 0.000000 -0.000000 0.953717 0.300706
29.631000000 4.492529 3.495051 3.000294 0.000000 -0.000000 0.953717 0.300706
29.637000000 4.492529 3.495051 3.000294 0.000000 -0.000000 0.953717 0.300706
29.642000000 4.492529 3.495051 3.000294 0.000000 -0.000000 0.953717 0.300706
29.647000000 4.492529 3.495051 3.000294 0.000000 -0.000000 0.953717 0.300706
29.652000000 4.492529 3.495051 3.000294 0.000000 -0.000000 0.953717 0.300706
29.657000000 4.492529 3.495051 3.000294 0.000000 -0.000000 0.953717 0.300706
29.662000000 4.492529 3.495051 3.000294 0.000000 -0.000000 0.953717 0.300706
29.667000000 4.492529 3.495051 3.000294 0.000000 -0.000000 0.953717 0.300706
29.672000000 4.492529 3.495051 3.000294 0.000000 -0.000000 0.953717 0.300706
29.677000000 4.492529 3.495051 3.000294 0.000000 -0.000000 0.953717 0.300706
29.682000000 4.492529 3.495051 3.000294 0.000000 -0.000000 0.953717 0.300706
29.687000000 4.492529 3.495051 3.000294 0.000000 -0.000000 0.953717 0.300706
29.692000000 4.492529 3.495051 3.000294 0.000000 -0.000000 0.953717 0.300706
29.697000000 4.492529 3.495051 3.000294 0.000000 -0.000000 0.953717 0.300706
29.702000000 4.492529 3.495051 3.000294 0.000000 -0.000000 0.953717 0.300706
29.707000000 4.492529 3.495051 3.000294 0.000000 -0.000000 0.953717 0.300706
29.712000000 4.492529 3.495051 3.000294 0.000000 -0.000000 0.953717 0.300706
29.717000000 4.492529 3.495051 3.000294 0.000000 -0.000000 0.953717 0.300706
29.722000000 4.492529 3.495051 3.000294 0.000000 -0.000000 0.953717 0.300706
29.727000000 4.492529 3.495051 3.000294 0.000000 -0.000000 0.953717 0.300706
29.732000000 4.492529 3.495051 3.000294 0.000000 -0.000000 0.953717 0.300706
29.737000000 4.492529 3.495051 3.000294 0.000000 -0.000000 0.953717 0.300706
29.742000000 4.492529 3.495051 3.000294 0.000000 -0.000000 0.953717 0.300706
29.747000000 4.492529 3.495051 3.000294 0.000000 -0.000000 0.953717 0.300706
29.752000000 4.492529 3.495051 3.000294 0.000000 -0.000000 0.953717 0.300706
29.757000000 4.492529 3.495051 3.000294 0.000000 -0.000000 0.953717 0.300706
29.762000000 4.492529 3.495051 3.000294 0.000000 -0.000000 0.953717 0.300706
29.767000000 4.492529 3.495051 3.000294 0.000000 -0.000000 0.953717 0.300706
29.772000000 4.492529 3.495051 3.000294 0.000000 -0.000000 0.953717 0.300706
29.777000000 4.492529 3.495051 3.000294 0.000000 -0.000000 0.953717 0.300706
29.781000000 4.492529 3.495051 3.000294 0.000000 -0.000000 0.953717 0.300706
29.787000000 4.492529 3.495051 3.000294 0.000000 -0.000000 0.953717 0.300706
29.792000000 4.492529 3.495051 3.000294 0.000000 -0.000000 0.953717 0.300706
29.797000000 4.492529 3.495051 3.000294 0.000000 -0.000000 0.953717 0.300706
29.802000000 4.492529 3.495051 3.000294 0.000000 -0.000000 0.953717 0.300706
29.807000000 4.492529 3.495051 3.000294 0.000000 -0.000000 0.953717 0.300706
29.812000000 4.492529 3.495051 3.000294 0.000000 -0.000000 0.953717 0.300706
29.817000000 4.492529 3.495051 3.000294 0.000000 -0.000000 0.953717 0.300706
29.822000000 4.492529 3.495051 3.000294 0.000000 -0.000000 0.953717 0.300706
29.827000000 4.492529 3.495051 3.000294 -0.000000 -0.000000 0.953717 0.300706
29.832000000 4.492529 3.495051 3.000294 -0.000000 -0.000000 0.953717 0.300706
29.837000000 4.492529 3.495051 3.000294 -0.000000 -0.000000 0.953717 0.300706
29.842000000 4.492529 3.495051 3.000294 -0.000000 -0.000000 0.953717 0.300706
29.847000000 4.492529 3.495051 3.000294 -0.000000 -0.000000 0.953717 0.300706
29.852000000 4.492529 3.495051 3.000294 -0.000000 -0.000000 0.953717 0.300706
29.857000000 4.492529 3.495051 3.000294 -0.000000 -0.000000 0.953717 0.300706
29.862000000 4.492529 3.495051 3.000294 0.000000 -0.000000 0.953717 0.300706
29.867000000 4.492529 3.495051 3.000294 0.000000 -0.000000 0.953717 0.300706
29.872000000 4.492529 3.495051 3.000294 0.000000 -0.000000 0.953717 0.300706
29.877000000 4.492529 3.495051 3.000294 0.000000 -0.000000 0.953717 0.300706
29.882000000 4.492529 3.495051 3.000294 0.000000 -0.000000 0.953717 0.300706
29.887000000 4.492529 3.495051 3.000294 0.000000 -0.000000 0.953717 0.300706
29.892000000 4.492529 3.495051 3.000294 0.000000 -0.000000 0.953717 0.300706
29.897000000 4.492529 3.495051 3.000294 0.000000 -0.000000 0.953717 0.300706
29.902000000 4.492529 3.495051 3.000294 0.000000 -0.000000 0.953717 0.300706
29.907000000 4.492529 3.495051 3.000294 0.000000 -0.000000 0.953717 0.300706
29.911000000 4.492529 3.495051 3.000294 0.000000 -0.000000 0.953717 0.300706
29.917000000 4.492529 3.495051 3.000294 0.000000 -0.000000 0.953717 0.300706
29.922000000 4.492529 3.495051 3.000294 0.000000 -0.000000 0.953717 0.300706
29.927000000 4.492529 3.495051 3.000294 0.000000 -0.000000 0.953717 0.300706
29.932000000 4.492529 3.495051 3.000294 0.000000 -0.000000 0.953717 0.300706
29.937000000 4.492529 3.495051 3.000294 0.000000 -0.000000 0.953717 0.300706
29.942000000 4.492529 3.495051 3.000294 0.000000 -0.000000 0.953717 0.300706
29.947000000 4.492529 3.495051 3.000294 0.000000 -0.000000 0.953717 0.300706
29.952000000 4.492529 3.495051 3.000294 0.000000 -0.000000 0.953717 0.300706
29.957000000 4.492529 3.495051 3.000294 0.000000 -0.000000 0.953717 0.300706
29.962000000 4.492529 3.495051 3.000294 0.000000 -0.000000 0.953717 0.300706
29.967000000 4.492529 3.495051 3.000294 0.000000 -0.000000 0.953717 0.300706
29.972000000 4.492529 3.495051 3.000294 0.000000 -0.000000 0.953717 0.300706
29.977000000 4.492529 3.495051 3.000294 0.000000 -0.000000 0.953717 0.300706
29.981000000 4.492529 3.495051 3.000294 0.000000 -0.000000 0.953717 0.300706
29.987000000 4.492529 3.495051 3.000294 0.000000 -0.000000 0.953717 0.300706
29.992000000 4.492529 3.495051 3.000294 0.000000 -0.000000 0.953717 0.300706
29.997000000 4.492529 3.495051 3.000294 0.000000 -0.000000 0.953717 0.300706
30.002000000 4.492529 3.495051 3.000294 0.000000 -0.000000 0.953717 0.300706
30.007000000 4.492529 3.495051 3.000294 0.000000 -0.000000 0.953717 0.300706
30.012000000 4.492529 3.495051 3.000294 0.000000 -0.000000 0.953717 0.300706
30.017000000 4.492529 3.495051 3.000294 0.000000 -0.000000 0.953717 0.300706
30.022000000 4.492529 3.495051 3.000294 0.000000 -0.000000 0.953717 0.300706
30.027000000 4.492529 3.495051 3.000294 0.000000 -0.000000 0.953717 0.300706
30.031000000 4.492529 3.495051 3.000294 0.000000 -0.000000 0.953717 0.300706
30.037000000 4.492529 3.495051 3.000294 0.000000 -0.000000 0.953717 0.300706
30.042000000 4.492529 3.495051 3.000294 0.000000 -0.000000 0.953717 0.300706
30.047000000 4.492529 3.495051 3.000294 0.000000 -0.000000 0.953717 0.300706
30.052000000 4.492529 3.495051 3.000294 0.000000 -0.000000 0.953717 0.300706
30.057000000 4.492529 3.495051 3.000294 0.000000 -0.000000 0.953717 0.300706
30.062000000 4.492529 3.495051 3.000294 0.000000 -0.000000 0.953717 0.300706
30.067000000 4.492529 3.495051 3.000294 0.000000 -0.000000 0.953717 0.300706
30.072000000 4.492529 3.495051 3.000294 0.000000 -0.000000 0.953717 0.300706
30.077000000 4.492529 3.495051 3.000294 0.000000 -0.000000 0.953717 0.300706
30.081000000 4.492529 3.495051 3.000294 0.000000 -0.000000 0.953717 0.300706
30.087000000 4.492529 3.495051 3.000294 0.000000 -0.000000 0.953717 0.300706
30.092000000 4.492529 3.495051 3.000294 0.000000 -0.000000 0.953717 0.300706
30.097000000 4.492529 3.495051 3.000294 0.000000 -0.000000 0.953717 0.300706
30.101000000 4.492529 3.495051 3.000294 0.000000 -0.000000 0.953717 0.300706
30.107000000 4.492529 3.495051 3.000294 0.000000 -0.000000 0.953717 0.300706
30.112000000 4.492529 3.495051 3.000294 0.000000 -0.000000 0.953717 0.300706
30.117000000 4.492529 3.495051 3.000294 0.000000 -0.000000 0.953717 0.300706
30.122000000 4.492529 3.495051 3.000294 0.000000 -0.000000 0.953717 0.300706
30.127000000 4.492529 3.495051 3.000294 0.000000 -0.000000 0.953717 0.300706
30.132000000 4.492529 3.495051 3.000294 0.000000 -0.000000 0.953717 0.300706
30.137000000 4.492529 3.495051 3.000294 0.000000 -0.000000 0.953717 0.300706
30.142000000 4.492529 3.495051 3.000294 0.000000 -0.000000 0.953717 0.300706
30.147000000 4.492529 3.495051 3.000294 0.000000 -0.000000 0.953717 0.300706
30.152000000 4.492529 3.495051 3.000294 0.000000 -0.000000 0.953717 0.300706
30.157000000 4.492529 3.495051 3.000294 0.000000 -0.000000 0.953717 0.300706
30.162000000 4.492529 3.495051 3.000294 0.000000 -0.000000 0.953717 0.300706
30.167000000 4.492529 3.495051 3.000294 0.000000 -0.000000 0.953717 0.300706
30.172000000 4.492529 3.495051 3.000294 0.000000 -0.000000 0.953717 0.300706
30.177000000 4.492529 3.495051 3.000294 0.000000 -0.000000 0.953717 0.300706
30.181000000 4.492529 3.495051 3.000294 0.000000 -0.000000 0.953717 0.300706
30.187000000 4.492529 3.495051 3.000294 -0.000000 -0.000000 0.953717 0.300706
30.192000000 4.492529 3.495051 3.000294 -0.000000 -0.000000 0.953717 0.300706
30.197000000 4.492529 3.495051 3.000294 -0.000000 -0.000000 0.953717 0.300706
30.202000000 4.492529 3.495051 3.000294 -0.000000 -0.000000 0.953717 0.300706
30.207000000 4.492529 3.495051 3.000294 -0.000000 -0.000000 0.953717 0.300706
30.211000000 4.492529 3.495051 3.000294 -0.000000 -0.000000 0.953717 0.300706
30.216000000 4.492529 3.495051 3.000294 -0.000000 -0.000000 0.953717 0.300706
30.222000000 4.492529 3.495051 3.000294 0.000000 -0.000000 0.953717 0.300706
30.227000000 4.492529 3.495051 3.000294 0.000000 -0.000000 0.953717 0.300706
30.232000000 4.492529 3.495051 3.000294 0.000000 -0.000000 0.953717 0.300706
30.237000000 4.492529 3.495051 3.000294 0.000000 -0.000000 0.953717 0.300706
30.242000000 4.492529 3.495051 3.000294 0.000000 -0.000000 0.953717 0.300706
30.247000000 4.492529 3.495051 3.000294 0.000000 -0.000000 0.953717 0.300706
30.252000000 4.492529 3.495051 3.000294 0.000000 -0.000000 0.953717 0.300706
30.257000000 4.492529 3.495051 3.000294 0.000000 -0.000000 0.953717 0.300706
30.262000000 4.492529 3.495051 3.000294 0.000000 -0.000000 0.953717 0.300706
30.267000000 4.492529 3.495051 3.000294 0.000000 -0.000000 0.953717 0.300706
30.272000000 4.492529 3.495051 3.000294 0.000000 -0.000000 0.953717 0.300706
30.277000000 4.492529 3.495051 3.000294 0.000000 -0.000000 0.953717 0.300706
30.281000000 4.492529 3.495051 3.000294 0.000000 -0.000000 0.953717 0.300706
30.287000000 4.492529 3.495051 3.000294 0.000000 -0.000000 0.953717 0.300706
30.292000000 4.492529 3.495051 3.000294 0.000000 -0.000000 0.953717 0.300706
30.297000000 4.492529 3.495051 3.000294 0.000000 -0.000000 0.953717 0.300706
30.302000000 4.492529 3.495051 3.000294 0.000000 -0.000000 0.953717 0.300706
30.307000000 4.492529 3.495051 3.000294 0.000000 -0.000000 0.953717 0.300706
30.312000000 4.492529 3.495051 3.000294 0.000000 -0.000000 0.953717 0.300706
30.317000000 4.492529 3.495051 3.000294 0.000000 -0.000000 0.953717 0.300706
30.322000000 4.492529 3.495051 3.000294 0.000000 -0.000000 0.953717 0.300706
30.327000000 4.492529 3.495051 3.000294 -0.000000 -0.000000 0.953717 0.300706
30.331000000 4.492529 3.495051 3.000294 -0.000000 -0.000000 0.953717 0.300706
30.337000000 4.492529 3.495051 3.000294 -0.000000 -0.000000 0.953717 0.300706
30.342000000 4.492529 3.495051 3.000294 -0.000000 -0.000000 0.953717 0.300706
30.347000000 4.492529 3.495051 3.000294 -0.000000 -0.000000 0.953717 0.300706
30.352000000 4.492529 3.495051 3.000294 -0.000000 -0.000000 0.953717 0.300706
30.357000000 4.492529 3.495051 3.000294 -0.000000 -0.000000 0.953717 0.300706
30.362000000 4.492529 3.495051 3.000294 -0.000000 -0.000000 0.953717 0.300706
30.367000000 4.492529 3.495051 3.000294 -0.000000 -0.000000 0.953717 0.300706
30.372000000 4.492529 3.495051 3.000294 -0.000000 -0.000000 0.953717 0.300706
30.377000000 4.492529 3.495051 3.000294 -0.000000 -0.000000 0.953717 0.300706
30.381000000 4.492529 3.495051 3.000294 -0.000000 -0.000000 0.953717 0.300706
30.387000000 4.492529 3.495051 3.000294 -0.000000 -0.000000 0.953717 0.300706
30.392000000 4.492529 3.495051 3.000294 -0.000000 -0.000000 0.953717 0.300706
30.397000000 4.492529 3.495051 3.000294 -0.000000 -0.000000 0.953717 0.300706
30.402000000 4.492529 3.495051 3.000294 -0.000000 -0.000000 0.953717 0.300706
30.407000000 4.492529 3.495051 3.000294 -0.000000 -0.000000 0.953717 0.300706
30.412000000 4.492529 3.495051 3.000294 -0.000000 -0.000000 0.953717 0.300706
30.417000000 4.492529 3.495051 3.000294 -0.000000 -0.000000 0.953717 0.300706
30.422000000 4.492529 3.495051 3.000294 -0.000000 -0.000000 0.953717 0.300706
30.427000000 4.492529 3.495051 3.000294 -0.000000 -0.000000 0.953717 0.300706
30.432000000 4.492529 3.495051 3.000294 -0.000000 -0.000000 0.953717 0.300706
30.437000000 4.492529 3.495051 3.000294 -0.000000 -0.000000 0.953717 0.300706
30.442000000 4.492529 3.495051 3.000294 -0.000000 -0.000000 0.953717 0.300706
30.447000000 4.492529 3.495051 3.000294 -0.000000 -0.000000 0.953717 0.300706
30.452000000 4.492529 3.495051 3.000294 -0.000000 -0.000000 0.953717 0.300706
30.457000000 4.492529 3.495051 3.000294 -0.000000 -0.000000 0.953717 0.300706
30.462000000 4.492529 3.495051 3.000294 -0.000000 -0.000000 0.953717 0.300706
30.467000000 4.492529 3.495051 3.000294 -0.000000 -0.000000 0.953717 0.300706
30.472000000 4.492529 3.495051 3.000294 -0.000000 -0.000000 0.953717 0.300706
30.477000000 4.492529 3.495051 3.000294 -0.000000 -0.000000 0.953717 0.300706
30.482000000 4.492529 3.495051 3.000294 -0.000000 -0.000000 0.953717 0.300706
30.487000000 4.492529 3.495051 3.000294 -0.000000 -0.000000 0.953717 0.300706
30.492000000 4.492529 3.495051 3.000294 -0.000000 -0.000000 0.953717 0.300706
30.497000000 4.492529 3.495051 3.000294 -0.000000 -0.000000 0.953717 0.300706
30.502000000 4.492529 3.495051 3.000294 -0.000000 -0.000000 0.953717 0.300706
30.507000000 4.492529 3.495051 3.000294 -0.000000 -0.000000 0.953717 0.300706
30.512000000 4.492529 3.495051 3.000294 -0.000000 -0.000000 0.953717 0.300706
30.517000000 4.492529 3.495051 3.000294 -0.000000 -0.000000 0.953717 0.300706
30.522000000 4.492529 3.495051 3.000294 -0.000000 -0.000000 0.953717 0.300706
30.527000000 4.492529 3.495051 3.000294 -0.000000 -0.000000 0.953717 0.300706
30.531000000 4.492529 3.495051 3.000294 -0.000000 -0.000000 0.953717 0.300706
30.537000000 4.492529 3.495051 3.000294 -0.000000 -0.000000 0.953717 0.300706
30.542000000 4.492529 3.495051 3.000294 -0.000000 -0.000000 0.953717 0.300706
30.547000000 4.492529 3.495051 3.000294 -0.000000 -0.000000 0.953717 0.300706
30.551000000 4.492529 3.495051 3.000294 -0.000000 -0.000000 0.953717 0.300706
30.557000000 4.492529 3.495051 3.000294 -0.000000 -0.000000 0.953717 0.300706
30.562000000 4.492529 3.495051 3.000294 -0.000000 -0.000000 0.953717 0.300706
30.567000000 4.492529 3.495051 3.000294 -0.000000 -0.000000 0.953717 0.300706
30.572000000 4.492529 3.495051 3.000294 -0.000000 -0.000000 0.953717 0.300706
30.577000000 4.492529 3.495051 3.000294 -0.000000 -0.000000 0.953717 0.300706
30.582000000 4.492529 3.495051 3.000294 -0.000000 -0.000000 0.953717 0.300706
30.587000000 4.492529 3.495051 3.000294 -0.000000 -0.000000 0.953717 0.300706
30.592000000 4.492529 3.495051 3.000294 -0.000000 -0.000000 0.953717 0.300706
30.597000000 4.492529 3.495051 3.000294 -0.000000 -0.000000 0.953717 0.300706
30.602000000 4.492529 3.495051 3.000294 -0.000000 -0.000000 0.953717 0.300706
30.607000000 4.492529 3.495051 3.000294 -0.000000 -0.000000 0.953717 0.300706
30.611000000 4.492529 3.495051 3.000294 -0.000000 -0.000000 0.953717 0.300706
30.617000000 4.492529 3.495051 3.000294 -0.000000 -0.000000 0.953717 0.300706
30.622000000 4.492529 3.495051 3.000294 -0.000000 -0.000000 0.953717 0.300706
30.627000000 4.492529 3.495051 3.000294 -0.000000 -0.000000 0.953717 0.300706
30.631000000 4.492529 3.495051 3.000294 -0.000000 -0.000000 0.953717 0.300706
30.637000000 4.492529 3.495051 3.000294 -0.000000 -0.000000 0.953717 0.300706
30.642000000 4.492529 3.495051 3.000294 -0.000000 -0.000000 0.953717 0.300706
30.647000000 4.492529 3.495051 3.000294 -0.000000 -0.000000 0.953717 0.300706
30.652000000 4.492529 3.495051 3.000294 -0.000000 -0.000000 0.953717 0.300706
30.657000000 4.492529 3.495051 3.000294 -0.000000 -0.000000 0.953717 0.300706
30.662000000 4.492529 3.495051 3.000294 -0.000000 -0.000000 0.953717 0.300706
30.667000000 4.492529 3.495051 3.000294 -0.000000 -0.000000 0.953717 0.300706
30.672000000 4.492529 3.495051 3.000294 -0.000000 -0.000000 0.953717 0.300706
30.677000000 4.492529 3.495051 3.000294 -0.000000 -0.000000 0.953717 0.300706
30.682000000 4.492529 3.495051 3.000294 -0.000000 -0.000000 0.953717 0.300706
30.687000000 4.492529 3.495051 3.000294 -0.000000 -0.000000 0.953717 0.300706
30.692000000 4.492529 3.495051 3.000294 -0.000000 -0.000000 0.953717 0.300706
30.697000000 4.492529 3.495051 3.000294 -0.000000 -0.000000 0.953717 0.300706
30.702000000 4.492529 3.495051 3.000294 -0.000000 -0.000000 0.953717 0.300706
30.707000000 4.492529 3.495051 3.000294 -0.000000 -0.000000 0.953717 0.300706
30.712000000 4.492529 3.495051 3.000294 -0.000000 -0.000000 0.953717 0.300706
30.717000000 4.492529 3.495051 3.000294 -0.000000 -0.000000 0.953717 0.300706
30.722000000 4.492529 3.495051 3.000294 -0.000000 -0.000000 0.953717 0.300706
30.727000000 4.492529 3.495051 3.000294 -0.000000 -0.000000 0.953717 0.300706
30.732000000 4.492529 3.495051 3.000294 -0.000000 -0.000000 0.953717 0.300706
30.737000000 4.492529 3.495051 3.000294 -0.000000 -0.000000 0.953717 0.300706
30.742000000 4.492529 3.495051 3.000294 -0.000000 -0.000000 0.953717 0.300706
30.747000000 4.492529 3.495051 3.000294 -0.000000 -0.000000 0.953717 0.300706
30.752000000 4.492529 3.495051 3.000294 -0.000000 -0.000000 0.953717 0.300706
30.757000000 4.492529 3.495051 3.000294 0.000000 -0.000000 0.953717 0.300706
30.762000000 4.492529 3.495051 3.000294 0.000000 -0.000000 0.953717 0.300706
30.767000000 4.492529 3.495051 3.000294 0.000000 -0.000000 0.953717 0.300706
30.772000000 4.492529 3.495051 3.000294 0.000000 -0.000000 0.953717 0.300706
30.777000000 4.492529 3.495051 3.000294 0.000000 -0.000000 0.953717 0.300706
30.781000000 4.492529 3.495051 3.000294 0.000000 -0.000000 0.953717 0.300706
30.787000000 4.492529 3.495051 3.000294 0.000000 -0.000000 0.953717 0.300706
30.792000000 4.492529 3.495051 3.000294 0.000000 -0.000000 0.953717 0.300706
30.797000000 4.492529 3.495051 3.000294 0.000000 -0.000000 0.953717 0.300706
30.802000000 4.492529 3.495051 3.000294 0.000000 -0.000000 0.953717 0.300706
30.807000000 4.492529 3.495051 3.000294 0.000000 -0.000000 0.953717 0.300706
30.812000000 4.492529 3.495051 3.000294 0.000000 -0.000000 0.953717 0.300706
30.817000000 4.492529 3.495051 3.000294 0.000000 -0.000000 0.953717 0.300706
30.822000000 4.492529 3.495051 3.000294 0.000000 -0.000000 0.953717 0.300706
30.827000000 4.492529 3.495051 3.000294 0.000000 -0.000000 0.953717 0.300706
30.832000000 4.492529 3.495051 3.000294 0.000000 -0.000000 0.953717 0.300706
30.837000000 4.492529 3.495051 3.000294 0.000000 -0.000000 0.953717 0.300706
30.842000000 4.492529 3.495051 3.000294 0.000000 -0.000000 0.953717 0.300706
30.847000000 4.492529 3.495051 3.000294 0.000000 -0.000000 0.953717 0.300706
30.852000000 4.492529 3.495051 3.000294 0.000000 -0.000000 0.953717 0.300706
30.857000000 4.492529 3.495051 3.000294 0.000000 -0.000000 0.953717 0.300706
30.862000000 4.492529 3.495051 3.000294 0.000000 -0.000000 0.953717 0.300706
30.867000000 4.492529 3.495051 3.000294 0.000000 -0.000000 0.953717 0.300706
30.872000000 4.492529 3.495051 3.000294 0.000000 -0.000000 0.953717 0.300706
30.877000000 4.492529 3.495051 3.000294 0.000000 -0.000000 0.953717 0.300706
30.882000000 4.492529 3.495051 3.000294 0.000000 -0.000000 0.953717 0.300706
30.887000000 4.492529 3.495051 3.000294 0.000000 -0.000000 0.953717 0.300706
30.892000000 4.492529 3.495051 3.000294 0.000000 -0.000000 0.953717 0.300706
30.897000000 4.492529 3.495051 3.000294 0.000000 -0.000000 0.953717 0.300706
30.902000000 4.492529 3.495051 3.000294 0.000000 -0.000000 0.953717 0.300706
30.907000000 4.492529 3.495051 3.000294 0.000000 -0.000000 0.953717 0.300706
30.911000000 4.492529 3.495051 3.000294 0.000000 -0.000000 0.953717 0.300706
30.917000000 4.492529 3.495051 3.000294 0.000000 -0.000000 0.953717 0.300706
30.922000000 4.492529 3.495051 3.000294 0.000000 -0.000000 0.953717 0.300706
30.927000000 4.492529 3.495051 3.000294 0.000000 -0.000000 0.953717 0.300706
30.932000000 4.492529 3.495051 3.000294 0.000000 -0.000000 0.953717 0.300706
30.937000000 4.492529 3.495051 3.000294 0.000000 -0.000000 0.953717 0.300706
30.942000000 4.492529 3.495051 3.000294 0.000000 -0.000000 0.953717 0.300706
30.947000000 4.492529 3.495051 3.000294 0.000000 -0.000000 0.953717 0.300706
30.951000000 4.492529 3.495051 3.000294 0.000000 -0.000000 0.953717 0.300706
30.956000000 4.492529 3.495051 3.000294 0.000000 -0.000000 0.953717 0.300706
30.962000000 4.492529 3.495051 3.000294 0.000000 -0.000000 0.953717 0.300706
30.967000000 4.492529 3.495051 3.000294 0.000000 -0.000000 0.953717 0.300706
30.972000000 4.492529 3.495051 3.000294 0.000000 -0.000000 0.953717 0.300706
