# timestamp(s) tx ty tz qx qy qz qw
3.445000000 -13.000000 13.000000 1.426705 0.000000 0.000000 0.000000 1.000000
3.450000000 -13.000000 13.000000 1.423016 0.000000 0.000000 0.000000 1.000000
3.455000000 -13.000000 13.000000 1.419331 0.000000 0.000000 0.000000 1.000000
3.460000000 -13.000000 13.000000 1.415650 0.000000 0.000000 0.000000 1.000000
3.465000000 -13.000000 13.000000 1.411974 0.000000 0.000000 0.000000 1.000000
3.470000000 -13.000000 13.000000 1.408305 0.000000 0.000000 0.000000 1.000000
3.475000000 -13.000000 13.000000 1.404641 0.000000 0.000000 0.000000 1.000000
3.480000000 -13.000000 13.000000 1.400984 0.000000 0.000000 0.000000 1.000000
3.485000000 -13.000000 13.000000 1.397335 0.000000 0.000000 0.000000 1.000000
3.490000000 -13.000000 13.000000 1.393693 0.000000 0.000000 0.000000 1.000000
3.495000000 -13.000000 13.000000 1.390060 0.000000 0.000000 0.000000 1.000000
3.500000000 -13.000000 13.000000 1.386436 0.000000 0.000000 0.000000 1.000000
3.505000000 -13.000000 13.000000 1.382821 0.000000 0.000000 0.000000 1.000000
3.510000000 -13.000000 13.000000 1.379215 0.000000 0.000000 0.000000 1.000000
3.515000000 -13.000000 13.000000 1.375620 0.000000 0.000000 0.000000 1.000000
3.520000000 -13.000000 13.000000 1.372036 0.000000 0.000000 0.000000 1.000000
3.525000000 -13.000000 13.000000 1.368463 0.000000 0.000000 0.000000 1.000000
3.530000000 -13.000000 13.000000 1.364902 0.000000 0.000000 0.000000 1.000000
3.535000000 -13.000000 13.000000 1.361352 0.000000 0.000000 0.000000 1.000000
3.540000000 -13.000000 13.000000 1.357815 0.000000 0.000000 0.000000 1.000000
3.545000000 -13.000000 13.000000 1.354291 0.000000 0.000000 0.000000 1.000000
3.550000000 -13.000000 13.000000 1.350780 0.000000 0.000000 0.000000 1.000000
3.555000000 -13.000000 13.000000 1.347282 0.000000 0.000000 0.000000 1.000000
3.560000000 -13.000000 13.000000 1.343798 0.000000 0.000000 0.000000 1.000000
3.565000000 -13.000000 13.000000 1.340329 0.000000 0.000000 0.000000 1.000000
3.570000000 -13.000000 13.000000 1.336874 0.000000 0.000000 0.000000 1.000000
3.575000000 -13.000000 13.000000 1.333434 0.000000 0.000000 0.000000 1.000000
3.580000000 -13.000000 13.000000 1.330009 0.000000 0.000000 0.000000 1.000000
3.585000000 -13.000000 13.000000 1.326599 0.000000 0.000000 0.000000 1.000000
3.590000000 -13.000000 13.000000 1.323206 0.000000 0.000000 0.000000 1.000000
3.595000000 -13.000000 13.000000 1.319829 0.000000 0.000000 0.000000 1.000000
3.600000000 -13.000000 13.000000 1.316468 0.000000 0.000000 0.000000 1.000000
3.605000000 -13.000000 13.000000 1.313123 0.000000 0.000000 0.000000 1.000000
3.610000000 -13.000000 13.000000 1.309796 0.000000 0.000000 0.000000 1.000000
3.615000000 -13.000000 13.000000 1.306486 0.000000 0.000000 0.000000 1.000000
3.620000000 -13.000000 13.000000 1.303193 0.000000 0.000000 0.000000 1.000000
3.625000000 -13.000000 13.000000 1.299918 0.000000 0.000000 0.000000 1.000000
3.630000000 -13.000000 13.000000 1.296660 0.000000 0.000000 0.000000 1.000000
3.635000000 -13.000000 13.000000 1.293421 0.000000 0.000000 0.000000 1.000000
3.640000000 -13.000000 13.000000 1.290200 0.000000 0.000000 0.000000 1.000000
3.645000000 -13.000000 13.000000 1.286997 0.000000 0.000000 0.000000 1.000000
3.650000000 -13.000000 13.000000 1.283813 0.000000 0.000000 0.000000 1.000000
3.655000000 -13.000000 13.000000 1.280648 0.000000 0.000000 0.000000 1.000000
3.660000000 -13.000000 13.000000 1.277501 0.000000 0.000000 0.000000 1.000000
3.665000000 -13.000000 13.000000 1.274374 0.000000 0.000000 0.000000 1.000000
3.670000000 -13.000000 13.000000 1.271266 0.000000 0.000000 0.000000 1.000000
3.675000000 -13.000000 13.000000 1.268178 0.000000 0.000000 0.000000 1.000000
3.680000000 -13.000000 13.000000 1.265109 0.000000 0.000000 0.000000 1.000000
3.685000000 -13.000000 13.000000 1.262060 0.000000 0.000000 0.000000 1.000000
3.690000000 -13.000000 13.000000 1.259030 0.000000 0.000000 0.000000 1.000000
3.695000000 -13.000000 13.000000 1.256021 0.000000 0.000000 0.000000 1.000000
3.700000000 -13.000000 13.000000 1.253032 0.000000 0.000000 0.000000 1.000000
3.705000000 -13.000000 13.000000 1.250063 0.000000 0.000000 0.000000 1.000000
3.710000000 -13.000000 13.000000 1.247114 0.000000 0.000000 0.000000 1.000000
3.715000000 -13.000000 13.000000 1.244186 0.000000 0.000000 0.000000 1.000000
3.720000000 -13.000000 13.000000 1.241278 0.000000 0.000000 0.000000 1.000000
3.725000000 -13.000000 13.000000 1.238390 0.000000 0.000000 0.000000 1.000000
3.730000000 -13.000000 13.000000 1.235523 0.000000 0.000000 0.000000 1.000000
3.735000000 -13.000000 13.000000 1.232677 0.000000 0.000000 0.000000 1.000000
3.740000000 -13.000000 13.000000 1.229852 0.000000 0.000000 0.000000 1.000000
3.745000000 -13.000000 13.000000 1.227048 0.000000 0.000000 0.000000 1.000000
3.750000000 -13.000000 13.000000 1.224264 0.000000 0.000000 0.000000 1.000000
3.755000000 -13.000000 13.000000 1.221501 0.000000 0.000000 0.000000 1.000000
3.760000000 -13.000000 13.000000 1.218760 0.000000 0.000000 0.000000 1.000000
3.765000000 -13.000000 13.000000 1.216039 0.000000 0.000000 0.000000 1.000000
3.770000000 -13.000000 13.000000 1.213340 0.000000 0.000000 0.000000 1.000000
3.775000000 -13.000000 13.000000 1.210661 0.000000 0.000000 0.000000 1.000000
3.780000000 -13.000000 13.000000 1.208004 0.000000 0.000000 0.000000 1.000000
3.785000000 -13.000000 13.000000 1.205368 0.000000 0.000000 0.000000 1.000000
3.790000000 -13.000000 13.000000 1.202753 0.000000 0.000000 0.000000 1.000000
3.795000000 -13.000000 13.000000 1.200159 0.000000 0.000000 0.000000 1.000000
3.800000000 -13.000000 13.000000 1.197586 0.000000 0.000000 0.000000 1.000000
3.805000000 -13.000000 13.000000 1.195035 0.000000 0.000000 0.000000 1.000000
3.810000000 -13.000000 13.000000 1.192504 0.000000 0.000000 0.000000 1.000000
3.815000000 -13.000000 13.000000 1.189995 0.000000 0.000000 0.000000 1.000000
3.820000000 -13.000000 13.000000 1.187507 0.000000 0.000000 0.000000 1.000000
3.825000000 -13.000000 13.000000 1.185040 0.000000 0.000000 0.000000 1.000000
3.830000000 -13.000000 13.000000 1.182594 0.000000 0.000000 0.000000 1.000000
3.835000000 -13.000000 13.000000 1.180170 0.000000 0.000000 0.000000 1.000000
3.840000000 -13.000000 13.000000 1.177766 0.000000 0.000000 0.000000 1.000000
3.845000000 -13.000000 13.000000 1.175384 0.000000 0.000000 0.000000 1.000000
3.850000000 -13.000000 13.000000 1.173022 0.000000 0.000000 0.000000 1.000000
3.855000000 -13.000000 13.000000 1.170682 0.000000 0.000000 0.000000 1.000000
3.860000000 -13.000000 13.000000 1.168363 0.000000 0.000000 0.000000 1.000000
3.865000000 -13.000000 13.000000 1.166064 0.000000 0.000000 0.000000 1.000000
3.870000000 -13.000000 13.000000 1.163786 0.000000 0.000000 0.000000 1.000000
3.875000000 -13.000000 13.000000 1.161530 0.000000 0.000000 0.000000 1.000000
3.880000000 -13.000000 13.000000 1.159294 0.000000 0.000000 0.000000 1.000000
3.885000000 -13.000000 13.000000 1.157079 0.000000 0.000000 0.000000 1.000000
3.890000000 -13.000000 13.000000 1.154884 0.000000 0.000000 0.000000 1.000000
3.895000000 -13.000000 13.000000 1.152710 0.000000 0.000000 0.000000 1.000000
3.900000000 -13.000000 13.000000 1.150557 0.000000 0.000000 0.000000 1.000000
3.905000000 -13.000000 13.000000 1.148424 0.000000 0.000000 0.000000 1.000000
3.910000000 -13.000000 13.000000 1.146312 0.000000 0.000000 0.000000 1.000000
3.915000000 -13.000000 13.000000 1.144220 0.000000 0.000000 0.000000 1.000000
3.920000000 -13.000000 13.000000 1.142148 0.000000 0.000000 0.000000 1.000000
3.925000000 -13.000000 13.000000 1.140097 0.000000 0.000000 0.000000 1.000000
3.930000000 -13.000000 13.000000 1.138066 0.000000 0.000000 0.000000 1.000000
3.935000000 -13.000000 13.000000 1.136055 0.000000 0.000000 0.000000 1.000000
3.940000000 -13.000000 13.000000 1.134064 0.000000 0.000000 0.000000 1.000000
3.945000000 -13.000000 13.000000 1.132092 0.000000 0.000000 0.000000 1.000000
3.950000000 -13.000000 13.000000 1.130141 0.000000 0.000000 0.000000 1.000000
3.955000000 -13.000000 13.000000 1.128210 0.000000 0.000000 0.000000 1.000000
3.960000000 -13.000000 13.000000 1.126298 0.000000 0.000000 0.000000 1.000000
3.965000000 -13.000000 13.000000 1.124406 0.000000 0.000000 0.000000 1.000000
3.970000000 -13.000000 13.000000 1.122533 0.000000 0.000000 0.000000 1.000000
3.975000000 -13.000000 13.000000 1.120680 0.000000 0.000000 0.000000 1.000000
3.980000000 -13.000000 13.000000 1.118846 0.000000 0.000000 0.000000 1.000000
3.985000000 -13.000000 13.000000 1.117031 0.000000 0.000000 0.000000 1.000000
3.990000000 -13.000000 13.000000 1.115235 0.000000 0.000000 0.000000 1.000000
3.995000000 -13.000000 13.000000 1.113459 0.000000 0.000000 0.000000 1.000000
4.000000000 -13.000000 13.000000 1.111701 0.000000 0.000000 0.000000 1.000000
4.005000000 -13.000000 13.000000 1.109963 0.000000 0.000000 0.000000 1.000000
4.010000000 -13.000000 13.000000 1.108243 0.000000 0.000000 0.000000 1.000000
4.015000000 -13.000000 13.000000 1.106541 0.000000 0.000000 0.000000 1.000000
4.020000000 -13.000000 13.000000 1.104859 0.000000 0.000000 0.000000 1.000000
4.025000000 -13.000000 13.000000 1.103194 0.000000 0.000000 0.000000 1.000000
4.030000000 -13.000000 13.000000 1.101548 0.000000 0.000000 0.000000 1.000000
4.035000000 -13.000000 13.000000 1.099920 0.000000 0.000000 0.000000 1.000000
4.040000000 -13.000000 13.000000 1.098311 0.000000 0.000000 0.000000 1.000000
4.045000000 -13.000000 13.000000 1.096719 0.000000 0.000000 0.000000 1.000000
4.050000000 -13.000000 13.000000 1.095145 0.000000 0.000000 0.000000 1.000000
4.055000000 -13.000000 13.000000 1.093589 0.000000 0.000000 0.000000 1.000000
4.060000000 -13.000000 13.000000 1.092051 0.000000 0.000000 0.000000 1.000000
4.065000000 -13.000000 13.000000 1.090530 0.000000 0.000000 0.000000 1.000000
4.070000000 -13.000000 13.000000 1.089027 0.000000 0.000000 0.000000 1.000000
4.075000000 -13.000000 13.000000 1.087541 0.000000 0.000000 0.000000 1.000000
4.080000000 -13.000000 13.000000 1.086073 0.000000 0.000000 0.000000 1.000000
4.085000000 -13.000000 13.000000 1.084621 0.000000 0.000000 0.000000 1.000000
4.090000000 -13.000000 13.000000 1.083186 0.000000 0.000000 0.000000 1.000000
4.095000000 -13.000000 13.000000 1.081769 0.000000 0.000000 0.000000 1.000000
4.100000000 -13.000000 13.000000 1.080368 0.000000 0.000000 0.000000 1.000000
4.105000000 -13.000000 13.000000 1.078984 0.000000 0.000000 0.000000 1.000000
4.110000000 -13.000000 13.000000 1.077616 0.000000 0.000000 0.000000 1.000000
4.115000000 -13.000000 13.000000 1.076265 0.000000 0.000000 0.000000 1.000000
4.120000000 -13.000000 13.000000 1.074930 0.000000 0.000000 0.000000 1.000000
4.125000000 -13.000000 13.000000 1.073611 0.000000 0.000000 0.000000 1.000000
4.130000000 -13.000000 13.000000 1.072308 0.000000 0.000000 0.000000 1.000000
4.135000000 -13.000000 13.000000 1.071021 0.000000 0.000000 0.000000 1.000000
4.140000000 -13.000000 13.000000 1.069750 0.000000 0.000000 0.000000 1.000000
4.145000000 -13.000000 13.000000 1.068495 0.000000 0.000000 0.000000 1.000000
4.150000000 -13.000000 13.000000 1.067256 0.000000 0.000000 0.000000 1.000000
4.155000000 -13.000000 13.000000 1.066031 0.000000 0.000000 0.000000 1.000000
4.160000000 -13.000000 13.000000 1.064822 0.000000 0.000000 0.000000 1.000000
4.165000000 -13.000000 13.000000 1.063629 0.000000 0.000000 0.000000 1.000000
4.170000000 -13.000000 13.000000 1.062450 0.000000 0.000000 0.000000 1.000000
4.175000000 -13.000000 13.000000 1.061287 0.000000 0.000000 0.000000 1.000000
4.180000000 -13.000000 13.000000 1.060138 0.000000 0.000000 0.000000 1.000000
4.185000000 -13.000000 13.000000 1.059004 0.000000 0.000000 0.000000 1.000000
4.190000000 -13.000000 13.000000 1.057885 0.000000 0.000000 0.000000 1.000000
4.195000000 -13.000000 13.000000 1.056780 0.000000 0.000000 0.000000 1.000000
4.200000000 -13.000000 13.000000 1.055690 0.000000 0.000000 0.000000 1.000000
4.205000000 -13.000000 13.000000 1.054614 0.000000 0.000000 0.000000 1.000000
4.210000000 -13.000000 13.000000 1.053552 0.000000 0.000000 0.000000 1.000000
4.215000000 -13.000000 13.000000 1.052504 0.000000 0.000000 0.000000 1.000000
4.220000000 -13.000000 13.000000 1.051470 0.000000 0.000000 0.000000 1.000000
4.225000000 -13.000000 13.000000 1.050449 0.000000 0.000000 0.000000 1.000000
4.230000000 -13.000000 13.000000 1.049443 0.000000 0.000000 0.000000 1.000000
4.235000000 -13.000000 13.000000 1.048449 0.000000 0.000000 0.000000 1.000000
4.240000000 -13.000000 13.000000 1.047470 0.000000 0.000000 0.000000 1.000000
4.245000000 -13.000000 13.000000 1.046503 0.000000 0.000000 0.000000 1.000000
4.250000000 -13.000000 13.000000 1.045550 0.000000 0.000000 0.000000 1.000000
4.255000000 -13.000000 13.000000 1.044610 0.000000 0.000000 0.000000 1.000000
4.260000000 -13.000000 13.000000 1.043683 0.000000 0.000000 0.000000 1.000000
4.265000000 -13.000000 13.000000 1.042768 0.000000 0.000000 0.000000 1.000000
4.270000000 -13.000000 13.000000 1.041866 0.000000 0.000000 0.000000 1.000000
4.275000000 -13.000000 13.000000 1.040977 0.000000 0.000000 0.000000 1.000000
4.280000000 -13.000000 13.000000 1.040100 0.000000 0.000000 0.000000 1.000000
4.285000000 -13.000000 13.000000 1.039236 0.000000 0.000000 0.000000 1.000000
4.290000000 -13.000000 13.000000 1.038384 0.000000 0.000000 0.000000 1.000000
4.295000000 -13.000000 13.000000 1.037544 0.000000 0.000000 0.000000 1.000000
4.300000000 -13.000000 13.000000 1.036716 0.000000 0.000000 0.000000 1.000000
4.305000000 -13.000000 13.000000 1.035899 0.000000 0.000000 0.000000 1.000000
4.310000000 -13.000000 13.000000 1.035095 0.000000 0.000000 0.000000 1.000000
4.315000000 -13.000000 13.000000 1.034302 0.000000 0.000000 0.000000 1.000000
4.320000000 -13.000000 13.000000 1.033521 0.000000 0.000000 0.000000 1.000000
4.325000000 -13.000000 13.000000 1.032751 0.000000 0.000000 0.000000 1.000000
4.330000000 -13.000000 13.000000 1.031992 0.000000 0.000000 0.000000 1.000000
4.335000000 -13.000000 13.000000 1.031245 0.000000 0.000000 0.000000 1.000000
4.340000000 -13.000000 13.000000 1.030509 0.000000 0.000000 0.000000 1.000000
4.345000000 -13.000000 13.000000 1.029783 0.000000 0.000000 0.000000 1.000000
4.350000000 -13.000000 13.000000 1.029069 0.000000 0.000000 0.000000 1.000000
4.355000000 -13.000000 13.000000 1.028365 0.000000 0.000000 0.000000 1.000000
4.360000000 -13.000000 13.000000 1.027672 0.000000 0.000000 0.000000 1.000000
4.365000000 -13.000000 13.000000 1.026990 0.000000 0.000000 0.000000 1.000000
4.370000000 -13.000000 13.000000 1.026317 0.000000 0.000000 0.000000 1.000000
4.375000000 -13.000000 13.000000 1.025656 0.000000 0.000000 0.000000 1.000000
4.380000000 -13.000000 13.000000 1.025004 0.000000 0.000000 0.000000 1.000000
4.385000000 -13.000000 13.000000 1.024362 0.000000 0.000000 0.000000 1.000000
4.390000000 -13.000000 13.000000 1.023731 0.000000 0.000000 0.000000 1.000000
4.395000000 -13.000000 13.000000 1.023109 0.000000 0.000000 0.000000 1.000000
4.400000000 -13.000000 13.000000 1.022497 0.000000 0.000000 0.000000 1.000000
4.405000000 -13.000000 13.000000 1.021895 0.000000 0.000000 0.000000 1.000000
4.410000000 -13.000000 13.000000 1.021302 0.000000 0.000000 0.000000 1.000000
4.415000000 -13.000000 13.000000 1.020719 0.000000 0.000000 0.000000 1.000000
4.420000000 -13.000000 13.000000 1.020145 0.000000 0.000000 0.000000 1.000000
4.425000000 -13.000000 13.000000 1.019580 0.000000 0.000000 0.000000 1.000000
4.430000000 -13.000000 13.000000 1.019024 0.000000 0.000000 0.000000 1.000000
4.435000000 -13.000000 13.000000 1.018478 0.000000 0.000000 0.000000 1.000000
4.440000000 -13.000000 13.000000 1.017940 0.000000 0.000000 0.000000 1.000000
4.445000000 -13.000000 13.000000 1.017411 0.000000 0.000000 0.000000 1.000000
4.450000000 -13.000000 13.000000 1.016891 0.000000 0.000000 0.000000 1.000000
4.455000000 -13.000000 13.000000 1.016380 0.000000 0.000000 0.000000 1.000000
4.460000000 -13.000000 13.000000 1.015877 0.000000 0.000000 0.000000 1.000000
4.465000000 -13.000000 13.000000 1.015383 0.000000 0.000000 0.000000 1.000000
4.470000000 -13.000000 13.000000 1.014896 0.000000 0.000000 0.000000 1.000000
4.475000000 -13.000000 13.000000 1.014419 0.000000 0.000000 0.000000 1.000000
4.480000000 -13.000000 13.000000 1.013949 0.000000 0.000000 0.000000 1.000000
4.485000000 -13.000000 13.000000 1.013487 0.000000 0.000000 0.000000 1.000000
4.490000000 -13.000000 13.000000 1.013033 0.000000 0.000000 0.000000 1.000000
4.495000000 -13.000000 13.000000 1.012587 0.000000 0.000000 0.000000 1.000000
4.500000000 -13.000000 13.000000 1.012149 0.000000 0.000000 0.000000 1.000000
4.505000000 -13.000000 13.000000 1.011719 0.000000 0.000000 0.000000 1.000000
4.510000000 -13.000000 13.000000 1.011296 0.000000 0.000000 0.000000 1.000000
4.515000000 -13.000000 13.000000 1.010881 0.000000 0.000000 0.000000 1.000000
4.520000000 -13.000000 13.000000 1.010473 0.000000 0.000000 0.000000 1.000000
4.525000000 -13.000000 13.000000 1.010072 0.000000 0.000000 0.000000 1.000000
4.530000000 -13.000000 13.000000 1.009678 0.000000 0.000000 0.000000 1.000000
4.535000000 -13.000000 13.000000 1.009292 0.000000 0.000000 0.000000 1.000000
4.540000000 -13.000000 13.000000 1.008912 0.000000 0.000000 0.000000 1.000000
4.545000000 -13.000000 13.000000 1.008540 0.000000 0.000000 0.000000 1.000000
4.550000000 -13.000000 13.000000 1.008174 0.000000 0.000000 0.000000 1.000000
4.555000000 -13.000000 13.000000 1.007816 0.000000 0.000000 0.000000 1.000000
4.560000000 -13.000000 13.000000 1.007463 0.000000 0.000000 0.000000 1.000000
4.565000000 -13.000000 13.000000 1.007118 0.000000 0.000000 0.000000 1.000000
4.570000000 -13.000000 13.000000 1.006779 0.000000 0.000000 0.000000 1.000000
4.575000000 -13.000000 13.000000 1.006446 0.000000 0.000000 0.000000 1.000000
4.580000000 -13.000000 13.000000 1.006120 0.000000 0.000000 0.000000 1.000000
4.585000000 -13.000000 13.000000 1.005800 0.000000 0.000000 0.000000 1.000000
4.590000000 -13.000000 13.000000 1.005486 0.000000 0.000000 0.000000 1.000000
4.595000000 -13.000000 13.000000 1.005178 0.000000 0.000000 0.000000 1.000000
4.600000000 -13.000000 13.000000 1.004876 0.000000 0.000000 0.000000 1.000000
4.605000000 -13.000000 13.000000 1.004581 0.000000 0.000000 0.000000 1.000000
4.610000000 -13.000000 13.000000 1.004291 0.000000 0.000000 0.000000 1.000000
4.615000000 -13.000000 13.000000 1.004006 0.000000 0.000000 0.000000 1.000000
4.620000000 -13.000000 13.000000 1.003728 0.000000 0.000000 0.000000 1.000000
4.625000000 -13.000000 13.000000 1.003455 0.000000 0.000000 0.000000 1.000000
4.630000000 -13.000000 13.000000 1.003188 0.000000 0.000000 0.000000 1.000000
4.635000000 -13.000000 13.000000 1.002926 0.000000 0.000000 0.000000 1.000000
4.640000000 -13.000000 13.000000 1.002670 0.000000 0.000000 0.000000 1.000000
4.645000000 -13.000000 13.000000 1.002419 0.000000 0.000000 0.000000 1.000000
4.650000000 -13.000000 13.000000 1.002173 0.000000 0.000000 0.000000 1.000000
4.655000000 -13.000000 13.000000 1.001932 0.000000 0.000000 0.000000 1.000000
4.660000000 -13.000000 13.000000 1.001697 0.000000 0.000000 0.000000 1.000000
4.665000000 -13.000000 13.000000 1.001466 0.000000 0.000000 0.000000 1.000000
4.670000000 -13.000000 13.000000 1.001241 0.000000 0.000000 0.000000 1.000000
4.675000000 -13.000000 13.000000 1.001020 0.000000 0.000000 0.000000 1.000000
4.680000000 -13.000000 13.000000 1.000804 0.000000 0.000000 0.000000 1.000000
4.685000000 -13.000000 13.000000 1.000593 0.000000 0.000000 0.000000 1.000000
4.690000000 -13.000000 13.000000 1.000387 0.000000 0.000000 0.000000 1.000000
4.695000000 -13.000000 13.000000 1.000185 0.000000 0.000000 0.000000 1.000000
4.700000000 -13.000000 13.000000 0.999988 0.000000 0.000000 0.000000 1.000000
4.705000000 -13.000000 13.000000 0.999795 0.000000 0.000000 0.000000 1.000000
4.710000000 -13.000000 13.000000 0.999607 0.000000 0.000000 0.000000 1.000000
4.715000000 -13.000000 13.000000 0.999423 0.000000 0.000000 0.000000 1.000000
4.720000000 -13.000000 13.000000 0.999243 0.000000 0.000000 0.000000 1.000000
4.725000000 -13.000000 13.000000 0.999068 0.000000 0.000000 0.000000 1.000000
4.730000000 -13.000000 13.000000 0.998897 0.000000 0.000000 0.000000 1.000000
4.735000000 -13.000000 13.000000 0.998730 0.000000 0.000000 0.000000 1.000000
4.740000000 -13.000000 13.000000 0.998567 0.000000 0.000000 0.000000 1.000000
4.745000000 -13.000000 13.000000 0.998408 0.000000 0.000000 0.000000 1.000000
4.750000000 -13.000000 13.000000 0.998253 0.000000 0.000000 0.000000 1.000000
4.755000000 -13.000000 13.000000 0.998101 0.000000 0.000000 0.000000 1.000000
4.760000000 -13.000000 13.000000 0.997954 0.000000 0.000000 0.000000 1.000000
4.765000000 -13.000000 13.000000 0.997810 0.000000 0.000000 0.000000 1.000000
4.770000000 -13.000000 13.000000 0.997670 0.000000 0.000000 0.000000 1.000000
4.775000000 -13.000000 13.000000 0.997534 0.000000 0.000000 0.000000 1.000000
4.780000000 -13.000000 13.000000 0.997401 0.000000 0.000000 0.000000 1.000000
4.785000000 -13.000000 13.000000 0.997272 0.000000 0.000000 0.000000 1.000000
4.790000000 -13.000000 13.000000 0.997146 0.000000 0.000000 0.000000 1.000000
4.795000000 -13.000000 13.000000 0.997023 0.000000 0.000000 0.000000 1.000000
4.800000000 -13.000000 13.000000 0.996904 0.000000 0.000000 0.000000 1.000000
4.805000000 -13.000000 13.000000 0.996788 0.000000 0.000000 0.000000 1.000000
4.810000000 -13.000000 13.000000 0.996676 0.000000 0.000000 0.000000 1.000000
4.815000000 -13.000000 13.000000 0.996567 0.000000 0.000000 0.000000 1.000000
4.820000000 -13.000000 13.000000 0.996460 0.000000 0.000000 0.000000 1.000000
4.825000000 -13.000000 13.000000 0.996357 0.000000 0.000000 0.000000 1.000000
4.830000000 -13.000000 13.000000 0.996257 0.000000 0.000000 0.000000 1.000000
4.835000000 -13.000000 13.000000 0.996160 0.000000 0.000000 0.000000 1.000000
4.840000000 -13.000000 13.000000 0.996066 0.000000 0.000000 0.000000 1.000000
4.845000000 -13.000000 13.000000 0.995974 0.000000 0.000000 0.000000 1.000000
4.850000000 -13.000000 13.000000 0.995886 0.000000 0.000000 0.000000 1.000000
4.855000000 -13.000000 13.000000 0.995800 0.000000 0.000000 0.000000 1.000000
4.860000000 -13.000000 13.000000 0.995717 0.000000 0.000000 0.000000 1.000000
4.865000000 -13.000000 13.000000 0.995637 0.000000 0.000000 0.000000 1.000000
4.870000000 -13.000000 13.000000 0.995560 0.000000 0.000000 0.000000 1.000000
4.875000000 -13.000000 13.000000 0.995485 0.000000 0.000000 0.000000 1.000000
4.880000000 -13.000000 13.000000 0.995412 0.000000 0.000000 0.000000 1.000000
4.885000000 -13.000000 13.000000 0.995342 0.000000 0.000000 0.000000 1.000000
4.890000000 -13.000000 13.000000 0.995275 0.000000 0.000000 0.000000 1.000000
4.895000000 -13.000000 13.000000 0.995210 0.000000 0.000000 0.000000 1.000000
4.900000000 -13.000000 13.000000 0.995148 0.000000 0.000000 0.000000 1.000000
4.905000000 -13.000000 13.000000 0.995088 0.000000 0.000000 0.000000 1.000000
4.910000000 -13.000000 13.000000 0.995030 0.000000 0.000000 0.000000 1.000000
4.915000000 -13.000000 13.000000 0.994974 0.000000 0.000000 0.000000 1.000000
4.920000000 -13.000000 13.000000 0.994921 0.000000 0.000000 0.000000 1.000000
4.925000000 -13.000000 13.000000 0.994870 0.000000 0.000000 0.000000 1.000000
4.930000000 -13.000000 13.000000 0.994821 0.000000 0.000000 0.000000 1.000000
4.935000000 -13.000000 13.000000 0.994774 0.000000 0.000000 0.000000 1.000000
4.940000000 -13.000000 13.000000 0.994729 0.000000 0.000000 0.000000 1.000000
4.945000000 -13.000000 13.000000 0.994687 0.000000 0.000000 0.000000 1.000000
4.950000000 -13.000000 13.000000 0.994646 0.000000 0.000000 0.000000 1.000000
4.955000000 -13.000000 13.000000 0.994607 0.000000 0.000000 0.000000 1.000000
4.960000000 -13.000000 13.000000 0.994570 0.000000 0.000000 0.000000 1.000000
4.965000000 -13.000000 13.000000 0.994535 0.000000 0.000000 0.000000 1.000000
4.970000000 -13.000000 13.000000 0.994502 0.000000 0.000000 0.000000 1.000000
4.975000000 -13.000000 13.000000 0.994471 0.000000 0.000000 0.000000 1.000000
4.980000000 -13.000000 13.000000 0.994441 0.000000 0.000000 0.000000 1.000000
4.985000000 -13.000000 13.000000 0.994413 0.000000 0.000000 0.000000 1.000000
4.990000000 -13.000000 13.000000 0.994387 0.000000 0.000000 0.000000 1.000000
4.995000000 -13.000000 13.000000 0.994363 0.000000 0.000000 0.000000 1.000000
5.000000000 -13.000000 13.000000 0.994340 0.000000 0.000000 0.000000 1.000000
5.005000000 -13.000000 13.000000 0.994318 0.000000 0.000000 0.000000 1.000000
5.010000000 -13.000000 13.000000 0.994299 0.000000 0.000000 0.000000 1.000000
5.015000000 -13.000000 13.000000 0.994280 0.000000 0.000000 0.000000 1.000000
5.020000000 -13.000000 13.000000 0.994264 0.000000 0.000000 0.000000 1.000000
5.025000000 -13.000000 13.000000 0.994249 0.000000 0.000000 0.000000 1.000000
5.030000000 -13.000000 13.000000 0.994235 0.000000 0.000000 0.000000 1.000000
5.035000000 -13.000000 13.000000 0.994222 0.000000 0.000000 0.000000 1.000000
5.040000000 -13.000000 13.000000 0.994211 0.000000 0.000000 0.000000 1.000000
5.045000000 -13.000000 13.000000 0.994202 0.000000 0.000000 0.000000 1.000000
5.050000000 -13.000000 13.000000 0.994193 0.000000 0.000000 0.000000 1.000000
5.055000000 -13.000000 13.000000 0.994186 0.000000 0.000000 0.000000 1.000000
5.060000000 -13.000000 13.000000 0.994181 0.000000 0.000000 0.000000 1.000000
5.065000000 -13.000000 13.000000 0.994176 0.000000 0.000000 0.000000 1.000000
5.070000000 -13.000000 13.000000 0.994173 0.000000 0.000000 0.000000 1.000000
5.075000000 -13.000000 13.000000 0.994170 0.000000 0.000000 0.000000 1.000000
5.080000000 -13.000000 13.000000 0.994169 0.000000 0.000000 0.000000 1.000000
5.085000000 -13.000000 13.000000 0.994170 0.000000 0.000000 0.000000 1.000000
5.090000000 -13.000000 13.000000 0.994171 0.000000 0.000000 0.000000 1.000000
5.095000000 -13.000000 13.000000 0.994173 0.000000 0.000000 0.000000 1.000000
5.100000000 -13.000000 13.000000 0.994177 0.000000 0.000000 0.000000 1.000000
5.105000000 -13.000000 13.000000 0.994181 0.000000 0.000000 0.000000 1.000000
5.110000000 -13.000000 13.000000 0.994186 0.000000 0.000000 0.000000 1.000000
5.115000000 -13.000000 13.000000 0.994193 0.000000 0.000000 0.000000 1.000000
5.120000000 -13.000000 13.000000 0.994200 0.000000 0.000000 0.000000 1.000000
5.125000000 -13.000000 13.000000 0.994208 0.000000 0.000000 0.000000 1.000000
5.130000000 -13.000000 13.000000 0.994217 0.000000 0.000000 0.000000 1.000000
5.135000000 -13.000000 13.000000 0.994228 0.000000 0.000000 0.000000 1.000000
5.140000000 -13.000000 13.000000 0.994238 0.000000 0.000000 0.000000 1.000000
5.145000000 -13.000000 13.000000 0.994250 0.000000 0.000000 0.000000 1.000000
5.150000000 -13.000000 13.000000 0.994263 0.000000 0.000000 0.000000 1.000000
5.155000000 -13.000000 13.000000 0.994276 0.000000 0.000000 0.000000 1.000000
5.160000000 -13.000000 13.000000 0.994290 0.000000 0.000000 0.000000 1.000000
5.165000000 -13.000000 13.000000 0.994305 0.000000 0.000000 0.000000 1.000000
5.170000000 -13.000000 13.000000 0.994321 0.000000 0.000000 0.000000 1.000000
5.175000000 -13.000000 13.000000 0.994337 0.000000 0.000000 0.000000 1.000000
5.180000000 -13.000000 13.000000 0.994355 0.000000 0.000000 0.000000 1.000000
5.185000000 -13.000000 13.000000 0.994372 0.000000 0.000000 0.000000 1.000000
5.190000000 -13.000000 13.000000 0.994391 0.000000 0.000000 0.000000 1.000000
5.195000000 -13.000000 13.000000 0.994410 0.000000 0.000000 0.000000 1.000000
5.200000000 -13.000000 13.000000 0.994430 0.000000 0.000000 0.000000 1.000000
5.205000000 -13.000000 13.000000 0.994450 0.000000 0.000000 0.000000 1.000000
5.210000000 -13.000000 13.000000 0.994471 0.000000 0.000000 0.000000 1.000000
5.215000000 -13.000000 13.000000 0.994492 0.000000 0.000000 0.000000 1.000000
5.220000000 -13.000000 13.000000 0.994514 0.000000 0.000000 0.000000 1.000000
5.225000000 -13.000000 13.000000 0.994537 0.000000 0.000000 0.000000 1.000000
5.230000000 -13.000000 13.000000 0.994560 0.000000 0.000000 0.000000 1.000000
5.235000000 -13.000000 13.000000 0.994584 0.000000 0.000000 0.000000 1.000000
5.240000000 -13.000000 13.000000 0.994608 0.000000 0.000000 0.000000 1.000000
5.245000000 -13.000000 13.000000 0.994632 0.000000 0.000000 0.000000 1.000000
5.250000000 -13.000000 13.000000 0.994657 0.000000 0.000000 0.000000 1.000000
5.255000000 -13.000000 13.000000 0.994683 0.000000 0.000000 0.000000 1.000000
5.260000000 -13.000000 13.000000 0.994709 0.000000 0.000000 0.000000 1.000000
5.265000000 -13.000000 13.000000 0.994735 0.000000 0.000000 0.000000 1.000000
5.270000000 -13.000000 13.000000 0.994762 0.000000 0.000000 0.000000 1.000000
5.275000000 -13.000000 13.000000 0.994789 0.000000 0.000000 0.000000 1.000000
5.280000000 -13.000000 13.000000 0.994816 0.000000 0.000000 0.000000 1.000000
5.285000000 -13.000000 13.000000 0.994844 0.000000 0.000000 0.000000 1.000000
5.290000000 -13.000000 13.000000 0.994872 0.000000 0.000000 0.000000 1.000000
5.295000000 -13.000000 13.000000 0.994901 0.000000 0.000000 0.000000 1.000000
5.300000000 -13.000000 13.000000 0.994930 0.000000 0.000000 0.000000 1.000000
5.305000000 -13.000000 13.000000 0.994959 0.000000 0.000000 0.000000 1.000000
5.310000000 -13.000000 13.000000 0.994988 0.000000 0.000000 0.000000 1.000000
5.315000000 -13.000000 13.000000 0.995018 0.000000 0.000000 0.000000 1.000000
5.320000000 -13.000000 13.000000 0.995048 0.000000 0.000000 0.000000 1.000000
5.325000000 -13.000000 13.000000 0.995078 0.000000 0.000000 0.000000 1.000000
5.330000000 -13.000000 13.000000 0.995109 0.000000 0.000000 0.000000 1.000000
5.335000000 -13.000000 13.000000 0.995139 0.000000 0.000000 0.000000 1.000000
5.340000000 -13.000000 13.000000 0.995170 0.000000 0.000000 0.000000 1.000000
5.345000000 -13.000000 13.000000 0.995201 0.000000 0.000000 0.000000 1.000000
5.350000000 -13.000000 13.000000 0.995233 0.000000 0.000000 0.000000 1.000000
5.355000000 -13.000000 13.000000 0.995264 0.000000 0.000000 0.000000 1.000000
5.360000000 -13.000000 13.000000 0.995296 0.000000 0.000000 0.000000 1.000000
5.365000000 -13.000000 13.000000 0.995328 0.000000 0.000000 0.000000 1.000000
5.370000000 -13.000000 13.000000 0.995360 0.000000 0.000000 0.000000 1.000000
5.375000000 -13.000000 13.000000 0.995392 0.000000 0.000000 0.000000 1.000000
5.380000000 -13.000000 13.000000 0.995425 0.000000 0.000000 0.000000 1.000000
5.385000000 -13.000000 13.000000 0.995457 0.000000 0.000000 0.000000 1.000000
5.390000000 -13.000000 13.000000 0.995490 0.000000 0.000000 0.000000 1.000000
5.395000000 -13.000000 13.000000 0.995523 0.000000 0.000000 0.000000 1.000000
5.400000000 -13.000000 13.000000 0.995555 0.000000 0.000000 0.000000 1.000000
5.405000000 -13.000000 13.000000 0.995588 0.000000 0.000000 0.000000 1.000000
5.410000000 -13.000000 13.000000 0.995621 0.000000 0.000000 0.000000 1.000000
5.415000000 -13.000000 13.000000 0.995654 0.000000 0.000000 0.000000 1.000000
5.420000000 -13.000000 13.000000 0.995688 0.000000 0.000000 0.000000 1.000000
5.425000000 -13.000000 13.000000 0.995721 0.000000 0.000000 0.000000 1.000000
5.430000000 -13.000000 13.000000 0.995754 0.000000 0.000000 0.000000 1.000000
5.435000000 -13.000000 13.000000 0.995787 0.000000 0.000000 0.000000 1.000000
5.440000000 -13.000000 13.000000 0.995821 0.000000 0.000000 0.000000 1.000000
5.445000000 -13.000000 13.000000 0.995854 0.000000 0.000000 0.000000 1.000000
5.450000000 -13.000000 13.000000 0.995888 0.000000 0.000000 0.000000 1.000000
5.455000000 -13.000000 13.000000 0.995921 0.000000 0.000000 0.000000 1.000000
5.460000000 -13.000000 13.000000 0.995955 0.000000 0.000000 0.000000 1.000000
5.465000000 -13.000000 13.000000 0.995988 0.000000 0.000000 0.000000 1.000000
5.470000000 -13.000000 13.000000 0.996022 0.000000 0.000000 0.000000 1.000000
5.475000000 -13.000000 13.000000 0.996055 0.000000 0.000000 0.000000 1.000000
5.480000000 -13.000000 13.000000 0.996088 0.000000 0.000000 0.000000 1.000000
5.485000000 -13.000000 13.000000 0.996122 0.000000 0.000000 0.000000 1.000000
5.490000000 -13.000000 13.000000 0.996155 0.000000 0.000000 0.000000 1.000000
5.495000000 -13.000000 13.000000 0.996189 0.000000 0.000000 0.000000 1.000000
5.500000000 -13.000000 13.000000 0.996222 0.000000 0.000000 0.000000 1.000000
5.505000000 -13.000000 13.000000 0.996255 0.000000 0.000000 0.000000 1.000000
5.510000000 -13.000000 13.000000 0.996289 0.000000 0.000000 0.000000 1.000000
5.515000000 -13.000000 13.000000 0.996322 0.000000 0.000000 0.000000 1.000000
5.520000000 -13.000000 13.000000 0.996355 0.000000 0.000000 0.000000 1.000000
5.525000000 -13.000000 13.000000 0.996388 0.000000 0.000000 0.000000 1.000000
5.530000000 -13.000000 13.000000 0.996421 0.000000 0.000000 0.000000 1.000000
5.535000000 -13.000000 13.000000 0.996454 0.000000 0.000000 0.000000 1.000000
5.540000000 -13.000000 13.000000 0.996487 0.000000 0.000000 0.000000 1.000000
5.545000000 -13.000000 13.000000 0.996520 0.000000 0.000000 0.000000 1.000000
5.550000000 -13.000000 13.000000 0.996553 0.000000 0.000000 0.000000 1.000000
5.555000000 -13.000000 13.000000 0.996585 0.000000 0.000000 0.000000 1.000000
5.560000000 -13.000000 13.000000 0.996618 0.000000 0.000000 0.000000 1.000000
5.565000000 -13.000000 13.000000 0.996650 0.000000 0.000000 0.000000 1.000000
5.570000000 -13.000000 13.000000 0.996682 0.000000 0.000000 0.000000 1.000000
5.575000000 -13.000000 13.000000 0.996715 0.000000 0.000000 0.000000 1.000000
5.580000000 -13.000000 13.000000 0.996747 0.000000 0.000000 0.000000 1.000000
5.585000000 -13.000000 13.000000 0.996779 0.000000 0.000000 0.000000 1.000000
5.590000000 -13.000000 13.000000 0.996811 0.000000 0.000000 0.000000 1.000000
5.595000000 -13.000000 13.000000 0.996842 0.000000 0.000000 0.000000 1.000000
5.600000000 -13.000000 13.000000 0.996874 0.000000 0.000000 0.000000 1.000000
5.605000000 -13.000000 13.000000 0.996906 0.000000 0.000000 0.000000 1.000000
5.610000000 -13.000000 13.000000 0.996937 0.000000 0.000000 0.000000 1.000000
5.615000000 -13.000000 13.000000 0.996968 0.000000 0.000000 0.000000 1.000000
5.620000000 -13.000000 13.000000 0.996999 0.000000 0.000000 0.000000 1.000000
5.625000000 -13.000000 13.000000 0.997030 0.000000 0.000000 0.000000 1.000000
5.630000000 -13.000000 13.000000 0.997061 0.000000 0.000000 0.000000 1.000000
5.635000000 -13.000000 13.000000 0.997092 0.000000 0.000000 0.000000 1.000000
5.640000000 -13.000000 13.000000 0.997122 0.000000 0.000000 0.000000 1.000000
5.645000000 -13.000000 13.000000 0.997153 0.000000 0.000000 0.000000 1.000000
5.650000000 -13.000000 13.000000 0.997183 0.000000 0.000000 0.000000 1.000000
5.655000000 -13.000000 13.000000 0.997213 0.000000 0.000000 0.000000 1.000000
5.660000000 -13.000000 13.000000 0.997243 0.000000 0.000000 0.000000 1.000000
5.665000000 -13.000000 13.000000 0.997273 0.000000 0.000000 0.000000 1.000000
5.670000000 -13.000000 13.000000 0.997302 0.000000 0.000000 0.000000 1.000000
5.675000000 -13.000000 13.000000 0.997332 0.000000 0.000000 0.000000 1.000000
5.680000000 -13.000000 13.000000 0.997361 0.000000 0.000000 0.000000 1.000000
5.685000000 -13.000000 13.000000 0.997390 0.000000 0.000000 0.000000 1.000000
5.690000000 -13.000000 13.000000 0.997419 0.000000 0.000000 0.000000 1.000000
5.695000000 -13.000000 13.000000 0.997448 0.000000 0.000000 0.000000 1.000000
5.700000000 -13.000000 13.000000 0.997477 0.000000 0.000000 0.000000 1.000000
5.705000000 -13.000000 13.000000 0.997505 0.000000 0.000000 0.000000 1.000000
5.710000000 -13.000000 13.000000 0.997533 0.000000 0.000000 0.000000 1.000000
5.715000000 -13.000000 13.000000 0.997562 0.000000 0.000000 0.000000 1.000000
5.720000000 -13.000000 13.000000 0.997590 0.000000 0.000000 0.000000 1.000000
5.725000000 -13.000000 13.000000 0.997617 0.000000 0.000000 0.000000 1.000000
5.730000000 -13.000000 13.000000 0.997645 0.000000 0.000000 0.000000 1.000000
5.735000000 -13.000000 13.000000 0.997672 0.000000 0.000000 0.000000 1.000000
5.740000000 -13.000000 13.000000 0.997699 0.000000 0.000000 0.000000 1.000000
5.745000000 -13.000000 13.000000 0.997726 0.000000 0.000000 0.000000 1.000000
5.750000000 -13.000000 13.000000 0.997753 0.000000 0.000000 0.000000 1.000000
5.755000000 -13.000000 13.000000 0.997780 0.000000 0.000000 0.000000 1.000000
5.760000000 -13.000000 13.000000 0.997806 0.000000 0.000000 0.000000 1.000000
5.765000000 -13.000000 13.000000 0.997833 0.000000 0.000000 0.000000 1.000000
5.770000000 -13.000000 13.000000 0.997859 0.000000 0.000000 0.000000 1.000000
5.775000000 -13.000000 13.000000 0.997885 0.000000 0.000000 0.000000 1.000000
5.780000000 -13.000000 13.000000 0.997910 0.000000 0.000000 0.000000 1.000000
5.785000000 -13.000000 13.000000 0.997936 0.000000 0.000000 0.000000 1.000000
5.790000000 -13.000000 13.000000 0.997961 0.000000 0.000000 0.000000 1.000000
5.795000000 -13.000000 13.000000 0.997987 0.000000 0.000000 0.000000 1.000000
5.800000000 -13.000000 13.000000 0.998012 0.000000 0.000000 0.000000 1.000000
5.805000000 -13.000000 13.000000 0.998036 0.000000 0.000000 0.000000 1.000000
5.810000000 -13.000000 13.000000 0.998061 0.000000 0.000000 0.000000 1.000000
5.815000000 -13.000000 13.000000 0.998085 0.000000 0.000000 0.000000 1.000000
5.820000000 -13.000000 13.000000 0.998109 0.000000 0.000000 0.000000 1.000000
5.825000000 -13.000000 13.000000 0.998133 0.000000 0.000000 0.000000 1.000000
5.830000000 -13.000000 13.000000 0.998157 0.000000 0.000000 0.000000 1.000000
5.835000000 -13.000000 13.000000 0.998181 0.000000 0.000000 0.000000 1.000000
5.840000000 -13.000000 13.000000 0.998204 0.000000 0.000000 0.000000 1.000000
5.845000000 -13.000000 13.000000 0.998228 0.000000 0.000000 0.000000 1.000000
5.850000000 -13.000000 13.000000 0.998251 0.000000 0.000000 0.000000 1.000000
5.855000000 -13.000000 13.000000 0.998274 0.000000 0.000000 0.000000 1.000000
5.860000000 -13.000000 13.000000 0.998296 0.000000 0.000000 0.000000 1.000000
5.865000000 -13.000000 13.000000 0.998319 0.000000 0.000000 0.000000 1.000000
5.870000000 -13.000000 13.000000 0.998341 0.000000 0.000000 0.000000 1.000000
5.875000000 -13.000000 13.000000 0.998363 0.000000 0.000000 0.000000 1.000000
5.880000000 -13.000000 13.000000 0.998385 0.000000 0.000000 0.000000 1.000000
5.885000000 -13.000000 13.000000 0.998407 0.000000 0.000000 0.000000 1.000000
5.890000000 -13.000000 13.000000 0.998428 0.000000 0.000000 0.000000 1.000000
5.895000000 -13.000000 13.000000 0.998450 0.000000 0.000000 0.000000 1.000000
5.900000000 -13.000000 13.000000 0.998471 0.000000 0.000000 0.000000 1.000000
5.905000000 -13.000000 13.000000 0.998492 0.000000 0.000000 0.000000 1.000000
5.910000000 -13.000000 13.000000 0.998512 0.000000 0.000000 0.000000 1.000000
5.915000000 -13.000000 13.000000 0.998533 0.000000 0.000000 0.000000 1.000000
5.920000000 -13.000000 13.000000 0.998553 0.000000 0.000000 0.000000 1.000000
5.925000000 -13.000000 13.000000 0.998574 0.000000 0.000000 0.000000 1.000000
5.930000000 -13.000000 13.000000 0.998594 0.000000 0.000000 0.000000 1.000000
5.935000000 -13.000000 13.000000 0.998613 0.000000 0.000000 0.000000 1.000000
5.940000000 -13.000000 13.000000 0.998633 0.000000 0.000000 0.000000 1.000000
5.945000000 -13.000000 13.000000 0.998652 0.000000 0.000000 0.000000 1.000000
5.950000000 -13.000000 13.000000 0.998672 0.000000 0.000000 0.000000 1.000000
5.955000000 -13.000000 13.000000 0.998691 0.000000 0.000000 0.000000 1.000000
5.960000000 -13.000000 13.000000 0.998710 0.000000 0.000000 0.000000 1.000000
5.965000000 -13.000000 13.000000 0.998728 0.000000 0.000000 0.000000 1.000000
5.970000000 -13.000000 13.000000 0.998747 0.000000 0.000000 0.000000 1.000000
5.975000000 -13.000000 13.000000 0.998765 0.000000 0.000000 0.000000 1.000000
5.980000000 -13.000000 13.000000 0.998783 0.000000 0.000000 0.000000 1.000000
5.985000000 -13.000000 13.000000 0.998801 0.000000 0.000000 0.000000 1.000000
5.990000000 -13.000000 13.000000 0.998819 0.000000 0.000000 0.000000 1.000000
5.995000000 -13.000000 13.000000 0.998837 0.000000 0.000000 0.000000 1.000000
6.000000000 -13.000000 13.000000 0.998854 0.000000 0.000000 0.000000 1.000000
6.005000000 -13.000000 13.000000 0.998871 0.000000 0.000000 0.000000 1.000000
6.010000000 -13.000000 13.000000 0.998888 0.000000 0.000000 0.000000 1.000000
6.015000000 -13.000000 13.000000 0.998905 0.000000 0.000000 0.000000 1.000000
6.020000000 -13.000000 13.000000 0.998922 0.000000 0.000000 0.000000 1.000000
6.025000000 -13.000000 13.000000 0.998939 0.000000 0.000000 0.000000 1.000000
6.030000000 -13.000000 13.000000 0.998955 0.000000 0.000000 0.000000 1.000000
6.035000000 -13.000000 13.000000 0.998971 0.000000 0.000000 0.000000 1.000000
6.040000000 -13.000000 13.000000 0.998987 0.000000 0.000000 0.000000 1.000000
6.045000000 -13.000000 13.000000 0.999003 0.000000 0.000000 0.000000 1.000000
6.050000000 -13.000000 13.000000 0.999019 0.000000 0.000000 0.000000 1.000000
6.055000000 -13.000000 13.000000 0.999034 0.000000 0.000000 0.000000 1.000000
6.060000000 -13.000000 13.000000 0.999049 0.000000 0.000000 0.000000 1.000000
6.065000000 -13.000000 13.000000 0.999065 0.000000 0.000000 0.000000 1.000000
6.070000000 -13.000000 13.000000 0.999080 0.000000 0.000000 0.000000 1.000000
6.075000000 -13.000000 13.000000 0.999094 0.000000 0.000000 0.000000 1.000000
6.080000000 -13.000000 13.000000 0.999109 0.000000 0.000000 0.000000 1.000000
6.085000000 -13.000000 13.000000 0.999124 0.000000 0.000000 0.000000 1.000000
6.090000000 -13.000000 13.000000 0.999138 0.000000 0.000000 0.000000 1.000000
6.095000000 -13.000000 13.000000 0.999152 0.000000 0.000000 0.000000 1.000000
6.100000000 -13.000000 13.000000 0.999166 0.000000 0.000000 0.000000 1.000000
6.105000000 -13.000000 13.000000 0.999180 0.000000 0.000000 0.000000 1.000000
6.110000000 -13.000000 13.000000 0.999194 0.000000 0.000000 0.000000 1.000000
6.115000000 -13.000000 13.000000 0.999207 0.000000 0.000000 0.000000 1.000000
6.120000000 -13.000000 13.000000 0.999221 0.000000 0.000000 0.000000 1.000000
6.125000000 -13.000000 13.000000 0.999234 0.000000 0.000000 0.000000 1.000000
6.130000000 -13.000000 13.000000 0.999247 0.000000 0.000000 0.000000 1.000000
6.135000000 -13.000000 13.000000 0.999260 0.000000 0.000000 0.000000 1.000000
6.140000000 -13.000000 13.000000 0.999273 0.000000 0.000000 0.000000 1.000000
6.145000000 -13.000000 13.000000 0.999285 0.000000 0.000000 0.000000 1.000000
6.150000000 -13.000000 13.000000 0.999298 0.000000 0.000000 0.000000 1.000000
6.155000000 -13.000000 13.000000 0.999310 0.000000 0.000000 0.000000 1.000000
6.160000000 -13.000000 13.000000 0.999322 0.000000 0.000000 0.000000 1.000000
6.165000000 -13.000000 13.000000 0.999334 0.000000 0.000000 0.000000 1.000000
6.170000000 -13.000000 13.000000 0.999346 0.000000 0.000000 0.000000 1.000000
6.175000000 -13.000000 13.000000 0.999358 0.000000 0.000000 0.000000 1.000000
6.180000000 -13.000000 13.000000 0.999369 0.000000 0.000000 0.000000 1.000000
6.185000000 -13.000000 13.000000 0.999381 0.000000 0.000000 0.000000 1.000000
6.190000000 -13.000000 13.000000 0.999392 0.000000 0.000000 0.000000 1.000000
6.195000000 -13.000000 13.000000 0.999403 0.000000 0.000000 0.000000 1.000000
6.200000000 -13.000000 13.000000 0.999414 0.000000 0.000000 0.000000 1.000000
6.205000000 -13.000000 13.000000 0.999425 0.000000 0.000000 0.000000 1.000000
6.210000000 -13.000000 13.000000 0.999436 0.000000 0.000000 0.000000 1.000000
6.215000000 -13.000000 13.000000 0.999446 0.000000 0.000000 0.000000 1.000000
6.220000000 -13.000000 13.000000 0.999457 0.000000 0.000000 0.000000 1.000000
6.225000000 -13.000000 13.000000 0.999467 0.000000 0.000000 0.000000 1.000000
6.230000000 -13.000000 13.000000 0.999477 0.000000 0.000000 0.000000 1.000000
6.235000000 -13.000000 13.000000 0.999487 0.000000 0.000000 0.000000 1.000000
6.240000000 -13.000000 13.000000 0.999497 0.000000 0.000000 0.000000 1.000000
6.245000000 -13.000000 13.000000 0.999507 0.000000 0.000000 0.000000 1.000000
6.250000000 -13.000000 13.000000 0.999517 0.000000 0.000000 0.000000 1.000000
6.255000000 -13.000000 13.000000 0.999526 0.000000 0.000000 0.000000 1.000000
6.260000000 -13.000000 13.000000 0.999536 0.000000 0.000000 0.000000 1.000000
6.265000000 -13.000000 13.000000 0.999545 0.000000 0.000000 0.000000 1.000000
6.270000000 -13.000000 13.000000 0.999554 0.000000 0.000000 0.000000 1.000000
6.275000000 -13.000000 13.000000 0.999563 0.000000 0.000000 0.000000 1.000000
6.280000000 -13.000000 13.000000 0.999572 0.000000 0.000000 0.000000 1.000000
6.285000000 -13.000000 13.000000 0.999581 0.000000 0.000000 0.000000 1.000000
6.290000000 -13.000000 13.000000 0.999590 0.000000 0.000000 0.000000 1.000000
6.295000000 -13.000000 13.000000 0.999598 0.000000 0.000000 0.000000 1.000000
6.300000000 -13.000000 13.000000 0.999607 0.000000 0.000000 0.000000 1.000000
6.305000000 -13.000000 13.000000 0.999615 0.000000 0.000000 0.000000 1.000000
6.310000000 -13.000000 13.000000 0.999623 0.000000 0.000000 0.000000 1.000000
6.315000000 -13.000000 13.000000 0.999631 0.000000 0.000000 0.000000 1.000000
6.320000000 -13.000000 13.000000 0.999639 0.000000 0.000000 0.000000 1.000000
6.325000000 -13.000000 13.000000 0.999647 0.000000 0.000000 0.000000 1.000000
6.330000000 -13.000000 13.000000 0.999655 0.000000 0.000000 0.000000 1.000000
6.335000000 -13.000000 13.000000 0.999662 0.000000 0.000000 0.000000 1.000000
6.340000000 -13.000000 13.000000 0.999670 0.000000 0.000000 0.000000 1.000000
6.345000000 -13.000000 13.000000 0.999677 0.000000 0.000000 0.000000 1.000000
6.350000000 -13.000000 13.000000 0.999685 0.000000 0.000000 0.000000 1.000000
6.355000000 -13.000000 13.000000 0.999692 0.000000 0.000000 0.000000 1.000000
6.360000000 -13.000000 13.000000 0.999699 0.000000 0.000000 0.000000 1.000000
6.365000000 -13.000000 13.000000 0.999706 0.000000 0.000000 0.000000 1.000000
6.370000000 -13.000000 13.000000 0.999713 0.000000 0.000000 0.000000 1.000000
6.375000000 -13.000000 13.000000 0.999720 0.000000 0.000000 0.000000 1.000000
6.380000000 -13.000000 13.000000 0.999726 0.000000 0.000000 0.000000 1.000000
6.385000000 -13.000000 13.000000 0.999733 0.000000 0.000000 0.000000 1.000000
6.390000000 -13.000000 13.000000 0.999739 0.000000 0.000000 0.000000 1.000000
6.395000000 -13.000000 13.000000 0.999746 0.000000 0.000000 0.000000 1.000000
6.400000000 -13.000000 13.000000 0.999752 0.000000 0.000000 0.000000 1.000000
6.405000000 -13.000000 13.000000 0.999758 0.000000 0.000000 0.000000 1.000000
6.410000000 -13.000000 13.000000 0.999764 0.000000 0.000000 0.000000 1.000000
6.415000000 -13.000000 13.000000 0.999770 0.000000 0.000000 0.000000 1.000000
6.420000000 -13.000000 13.000000 0.999776 0.000000 0.000000 0.000000 1.000000
6.425000000 -13.000000 13.000000 0.999782 0.000000 0.000000 0.000000 1.000000
6.430000000 -13.000000 13.000000 0.999788 0.000000 0.000000 0.000000 1.000000
6.435000000 -13.000000 13.000000 0.999793 0.000000 0.000000 0.000000 1.000000
6.440000000 -13.000000 13.000000 0.999799 0.000000 0.000000 0.000000 1.000000
6.445000000 -13.000000 13.000000 0.999804 0.000000 0.000000 0.000000 1.000000
6.450000000 -13.000000 13.000000 0.999810 0.000000 0.000000 0.000000 1.000000
6.455000000 -13.000000 13.000000 0.999815 0.000000 0.000000 0.000000 1.000000
6.460000000 -13.000000 13.000000 0.999820 0.000000 0.000000 0.000000 1.000000
6.465000000 -13.000000 13.000000 0.999825 0.000000 0.000000 0.000000 1.000000
6.470000000 -13.000000 13.000000 0.999831 0.000000 0.000000 0.000000 1.000000
6.475000000 -13.000000 13.000000 0.999835 0.000000 0.000000 0.000000 1.000000
6.480000000 -13.000000 13.000000 0.999840 0.000000 0.000000 0.000000 1.000000
6.485000000 -13.000000 13.000000 0.999845 0.000000 0.000000 0.000000 1.000000
6.490000000 -13.000000 13.000000 0.999850 0.000000 0.000000 0.000000 1.000000
6.495000000 -13.000000 13.000000 0.999855 0.000000 0.000000 0.000000 1.000000
6.500000000 -13.000000 13.000000 0.999859 0.000000 0.000000 0.000000 1.000000
6.505000000 -13.000000 13.000000 0.999864 0.000000 0.000000 0.000000 1.000000
6.510000000 -13.000000 13.000000 0.999868 0.000000 0.000000 0.000000 1.000000
6.515000000 -13.000000 13.000000 0.999872 0.000000 0.000000 0.000000 1.000000
6.520000000 -13.000000 13.000000 0.999877 0.000000 0.000000 0.000000 1.000000
6.525000000 -13.000000 13.000000 0.999881 0.000000 0.000000 0.000000 1.000000
6.530000000 -13.000000 13.000000 0.999885 0.000000 0.000000 0.000000 1.000000
6.535000000 -13.000000 13.000000 0.999889 0.000000 0.000000 0.000000 1.000000
6.540000000 -13.000000 13.000000 0.999893 0.000000 0.000000 0.000000 1.000000
6.545000000 -13.000000 13.000000 0.999897 0.000000 0.000000 0.000000 1.000000
6.550000000 -13.000000 13.000000 0.999901 0.000000 0.000000 0.000000 1.000000
6.555000000 -13.000000 13.000000 0.999904 0.000000 0.000000 0.000000 1.000000
6.560000000 -13.000000 13.000000 0.999908 0.000000 0.000000 0.000000 1.000000
6.565000000 -13.000000 13.000000 0.999912 0.000000 0.000000 0.000000 1.000000
6.570000000 -13.000000 13.000000 0.999915 0.000000 0.000000 0.000000 1.000000
6.575000000 -13.000000 13.000000 0.999919 0.000000 0.000000 0.000000 1.000000
6.580000000 -13.000000 13.000000 0.999922 0.000000 0.000000 0.000000 1.000000
6.585000000 -13.000000 13.000000 0.999926 0.000000 0.000000 0.000000 1.000000
6.590000000 -13.000000 13.000000 0.999929 0.000000 0.000000 0.000000 1.000000
6.595000000 -13.000000 13.000000 0.999932 0.000000 0.000000 0.000000 1.000000
6.600000000 -13.000000 13.000000 0.999935 0.000000 0.000000 0.000000 1.000000
6.605000000 -13.000000 13.000000 0.999938 0.000000 0.000000 0.000000 1.000000
6.610000000 -13.000000 13.000000 0.999941 0.000000 0.000000 0.000000 1.000000
6.615000000 -13.000000 13.000000 0.999944 0.000000 0.000000 0.000000 1.000000
6.620000000 -13.000000 13.000000 0.999947 0.000000 0.000000 0.000000 1.000000
6.625000000 -13.000000 13.000000 0.999950 0.000000 0.000000 0.000000 1.000000
6.630000000 -13.000000 13.000000 0.999953 0.000000 0.000000 0.000000 1.000000
6.635000000 -13.000000 13.000000 0.999956 0.000000 0.000000 0.000000 1.000000
6.640000000 -13.000000 13.000000 0.999959 0.000000 0.000000 0.000000 1.000000
6.645000000 -13.000000 13.000000 0.999961 0.000000 0.000000 0.000000 1.000000
6.650000000 -13.000000 13.000000 0.999964 0.000000 0.000000 0.000000 1.000000
6.655000000 -13.000000 13.000000 0.999966 0.000000 0.000000 0.000000 1.000000
6.660000000 -13.000000 13.000000 0.999969 0.000000 0.000000 0.000000 1.000000
6.665000000 -13.000000 13.000000 0.999971 0.000000 0.000000 0.000000 1.000000
6.670000000 -13.000000 13.000000 0.999974 0.000000 0.000000 0.000000 1.000000
6.675000000 -13.000000 13.000000 0.999976 0.000000 0.000000 0.000000 1.000000
6.680000000 -13.000000 13.000000 0.999979 0.000000 0.000000 0.000000 1.000000
6.685000000 -13.000000 13.000000 0.999981 0.000000 0.000000 0.000000 1.000000
6.690000000 -13.000000 13.000000 0.999983 0.000000 0.000000 0.000000 1.000000
6.695000000 -13.000000 13.000000 0.999985 0.000000 0.000000 0.000000 1.000000
6.700000000 -13.000000 13.000000 0.999987 0.000000 0.000000 0.000000 1.000000
6.705000000 -13.000000 13.000000 0.999989 0.000000 0.000000 0.000000 1.000000
6.710000000 -13.000000 13.000000 0.999991 0.000000 0.000000 0.000000 1.000000
6.715000000 -13.000000 13.000000 0.999993 0.000000 0.000000 0.000000 1.000000
6.720000000 -13.000000 13.000000 0.999995 0.000000 0.000000 0.000000 1.000000
6.725000000 -13.000000 13.000000 0.999997 0.000000 0.000000 0.000000 1.000000
6.730000000 -13.000000 13.000000 0.999999 0.000000 0.000000 0.000000 1.000000
6.735000000 -13.000000 13.000000 1.000001 0.000000 0.000000 0.000000 1.000000
6.740000000 -13.000000 13.000000 1.000003 0.000000 0.000000 0.000000 1.000000
6.745000000 -13.000000 13.000000 1.000004 0.000000 0.000000 0.000000 1.000000
6.750000000 -13.000000 13.000000 1.000006 0.000000 0.000000 0.000000 1.000000
6.755000000 -13.000000 13.000000 1.000008 0.000000 0.000000 0.000000 1.000000
6.760000000 -13.000000 13.000000 1.000009 0.000000 0.000000 0.000000 1.000000
6.765000000 -13.000000 13.000000 1.000011 0.000000 0.000000 0.000000 1.000000
6.770000000 -13.000000 13.000000 1.000013 0.000000 0.000000 0.000000 1.000000
6.775000000 -13.000000 13.000000 1.000014 0.000000 0.000000 0.000000 1.000000
6.780000000 -13.000000 13.000000 1.000015 0.000000 0.000000 0.000000 1.000000
6.785000000 -13.000000 13.000000 1.000017 0.000000 0.000000 0.000000 1.000000
6.790000000 -13.000000 13.000000 1.000018 0.000000 0.000000 0.000000 1.000000
6.795000000 -13.000000 13.000000 1.000020 0.000000 0.000000 0.000000 1.000000
6.800000000 -13.000000 13.000000 1.000021 0.000000 0.000000 0.000000 1.000000
6.805000000 -13.000000 13.000000 1.000022 0.000000 0.000000 0.000000 1.000000
6.810000000 -13.000000 13.000000 1.000024 0.000000 0.000000 0.000000 1.000000
6.815000000 -13.000000 13.000000 1.000025 0.000000 0.000000 0.000000 1.000000
6.820000000 -13.000000 13.000000 1.000026 0.000000 0.000000 0.000000 1.000000
6.825000000 -13.000000 13.000000 1.000027 0.000000 0.000000 0.000000 1.000000
6.830000000 -13.000000 13.000000 1.000028 0.000000 0.000000 0.000000 1.000000
6.835000000 -13.000000 13.000000 1.000029 0.000000 0.000000 0.000000 1.000000
6.840000000 -13.000000 13.000000 1.000030 0.000000 0.000000 0.000000 1.000000
6.845000000 -13.000000 13.000000 1.000031 0.000000 0.000000 0.000000 1.000000
6.850000000 -13.000000 13.000000 1.000032 0.000000 0.000000 0.000000 1.000000
6.855000000 -13.000000 13.000000 1.000033 0.000000 0.000000 0.000000 1.000000
6.860000000 -13.000000 13.000000 1.000034 0.000000 0.000000 0.000000 1.000000
6.865000000 -13.000000 13.000000 1.000035 0.000000 0.000000 0.000000 1.000000
6.870000000 -13.000000 13.000000 1.000036 0.000000 0.000000 0.000000 1.000000
6.875000000 -13.000000 13.000000 1.000037 0.000000 0.000000 0.000000 1.000000
6.880000000 -13.000000 13.000000 1.000038 0.000000 0.000000 0.000000 1.000000
6.885000000 -13.000000 13.000000 1.000039 0.000000 0.000000 0.000000 1.000000
6.890000000 -13.000000 13.000000 1.000039 0.000000 0.000000 0.000000 1.000000
6.895000000 -13.000000 13.000000 1.000040 0.000000 0.000000 0.000000 1.000000
6.900000000 -13.000000 13.000000 1.000041 0.000000 0.000000 0.000000 1.000000
6.905000000 -13.000000 13.000000 1.000042 0.000000 0.000000 0.000000 1.000000
6.910000000 -13.000000 13.000000 1.000042 0.000000 0.000000 0.000000 1.000000
6.915000000 -13.000000 13.000000 1.000043 0.000000 0.000000 0.000000 1.000000
6.920000000 -13.000000 13.000000 1.000044 0.000000 0.000000 0.000000 1.000000
6.925000000 -13.000000 13.000000 1.000044 0.000000 0.000000 0.000000 1.000000
6.930000000 -13.000000 13.000000 1.000045 0.000000 0.000000 0.000000 1.000000
6.935000000 -13.000000 13.000000 1.000045 0.000000 0.000000 0.000000 1.000000
6.940000000 -13.000000 13.000000 1.000046 0.000000 0.000000 0.000000 1.000000
6.945000000 -13.000000 13.000000 1.000046 0.000000 0.000000 0.000000 1.000000
6.950000000 -13.000000 13.000000 1.000047 0.000000 0.000000 0.000000 1.000000
6.955000000 -13.000000 13.000000 1.000047 0.000000 0.000000 0.000000 1.000000
6.960000000 -13.000000 13.000000 1.000048 0.000000 0.000000 0.000000 1.000000
6.965000000 -13.000000 13.000000 1.000048 0.000000 0.000000 0.000000 1.000000
6.970000000 -13.000000 13.000000 1.000049 0.000000 0.000000 0.000000 1.000000
6.975000000 -13.000000 13.000000 1.000049 0.000000 0.000000 0.000000 1.000000
6.980000000 -13.000000 13.000000 1.000050 0.000000 0.000000 0.000000 1.000000
6.985000000 -13.000000 13.000000 1.000050 0.000000 0.000000 0.000000 1.000000
6.990000000 -13.000000 13.000000 1.000050 0.000000 0.000000 0.000000 1.000000
6.995000000 -13.000000 13.000000 1.000051 0.000000 0.000000 0.000000 1.000000
7.000000000 -13.000000 13.000000 1.000051 0.000000 0.000000 0.000000 1.000000
7.005000000 -13.000000 13.000000 1.000051 0.000000 0.000000 0.000000 1.000000
7.010000000 -13.000000 13.000000 1.000052 0.000000 0.000000 0.000000 1.000000
7.015000000 -13.000000 13.000000 1.000052 0.000000 0.000000 0.000000 1.000000
7.020000000 -13.000000 13.000000 1.000052 0.000000 0.000000 0.000000 1.000000
7.025000000 -13.000000 13.000000 1.000052 0.000000 0.000000 0.000000 1.000000
7.030000000 -13.000000 13.000000 1.000053 0.000000 0.000000 0.000000 1.000000
7.035000000 -13.000000 13.000000 1.000053 0.000000 0.000000 0.000000 1.000000
7.040000000 -13.000000 13.000000 1.000053 0.000000 0.000000 0.000000 1.000000
7.045000000 -13.000000 13.000000 1.000053 0.000000 0.000000 0.000000 1.000000
7.050000000 -13.000000 13.000000 1.000053 0.000000 0.000000 0.000000 1.000000
7.055000000 -13.000000 13.000000 1.000053 0.000000 0.000000 0.000000 1.000000
7.060000000 -13.000000 13.000000 1.000054 0.000000 0.000000 0.000000 1.000000
7.065000000 -13.000000 13.000000 1.000054 0.000000 0.000000 0.000000 1.000000
7.070000000 -13.000000 13.000000 1.000054 0.000000 0.000000 0.000000 1.000000
7.075000000 -13.000000 13.000000 1.000054 0.000000 0.000000 0.000000 1.000000
7.080000000 -13.000000 13.000000 1.000054 0.000000 0.000000 0.000000 1.000000
7.085000000 -13.000000 13.000000 1.000054 0.000000 0.000000 0.000000 1.000000
7.090000000 -13.000000 13.000000 1.000054 0.000000 0.000000 0.000000 1.000000
7.095000000 -13.000000 13.000000 1.000054 0.000000 0.000000 0.000000 1.000000
7.100000000 -13.000000 13.000000 1.000054 0.000000 0.000000 0.000000 1.000000
7.105000000 -13.000000 13.000000 1.000054 0.000000 0.000000 0.000000 1.000000
7.110000000 -13.000000 13.000000 1.000054 0.000000 0.000000 0.000000 1.000000
7.115000000 -13.000000 13.000000 1.000054 0.000000 0.000000 0.000000 1.000000
7.120000000 -13.000000 13.000000 1.000054 0.000000 0.000000 0.000000 1.000000
7.125000000 -13.000000 13.000000 1.000054 0.000000 0.000000 0.000000 1.000000
7.130000000 -13.000000 13.000000 1.000054 0.000000 0.000000 0.000000 1.000000
7.135000000 -13.000000 13.000000 1.000054 0.000000 0.000000 0.000000 1.000000
7.140000000 -13.000000 13.000000 1.000054 0.000000 0.000000 0.000000 1.000000
7.145000000 -13.000000 13.000000 1.000054 0.000000 0.000000 0.000000 1.000000
7.150000000 -13.000000 13.000000 1.000054 0.000000 0.000000 0.000000 1.000000
7.155000000 -13.000000 13.000000 1.000054 0.000000 0.000000 0.000000 1.000000
7.160000000 -13.000000 13.000000 1.000054 0.000000 0.000000 0.000000 1.000000
7.165000000 -13.000000 13.000000 1.000054 0.000000 0.000000 0.000000 1.000000
7.170000000 -13.000000 13.000000 1.000054 0.000000 0.000000 0.000000 1.000000
7.175000000 -13.000000 13.000000 1.000054 0.000000 0.000000 0.000000 1.000000
7.180000000 -13.000000 13.000000 1.000054 0.000000 0.000000 0.000000 1.000000
7.185000000 -13.000000 13.000000 1.000053 0.000000 0.000000 0.000000 1.000000
7.190000000 -13.000000 13.000000 1.000053 0.000000 0.000000 0.000000 1.000000
7.195000000 -13.000000 13.000000 1.000053 0.000000 0.000000 0.000000 1.000000
7.200000000 -13.000000 13.000000 1.000053 0.000000 0.000000 0.000000 1.000000
7.205000000 -13.000000 13.000000 1.000053 0.000000 0.000000 0.000000 1.000000
7.210000000 -13.000000 13.000000 1.000053 0.000000 0.000000 0.000000 1.000000
7.215000000 -13.000000 13.000000 1.000053 0.000000 0.000000 0.000000 1.000000
7.220000000 -13.000000 13.000000 1.000052 0.000000 0.000000 0.000000 1.000000
7.225000000 -13.000000 13.000000 1.000052 0.000000 0.000000 0.000000 1.000000
7.230000000 -13.000000 13.000000 1.000052 0.000000 0.000000 0.000000 1.000000
7.235000000 -13.000000 13.000000 1.000052 0.000000 0.000000 0.000000 1.000000
7.240000000 -13.000000 13.000000 1.000052 0.000000 0.000000 0.000000 1.000000
7.245000000 -13.000000 13.000000 1.000051 0.000000 0.000000 0.000000 1.000000
7.250000000 -13.000000 13.000000 1.000051 0.000000 0.000000 0.000000 1.000000
7.255000000 -13.000000 13.000000 1.000051 0.000000 0.000000 0.000000 1.000000
7.260000000 -13.000000 13.000000 1.000051 0.000000 0.000000 0.000000 1.000000
7.265000000 -13.000000 13.000000 1.000051 0.000000 0.000000 0.000000 1.000000
7.270000000 -13.000000 13.000000 1.000050 0.000000 0.000000 0.000000 1.000000
7.275000000 -13.000000 13.000000 1.000050 0.000000 0.000000 0.000000 1.000000
7.280000000 -13.000000 13.000000 1.000050 0.000000 0.000000 0.000000 1.000000
7.285000000 -13.000000 13.000000 1.000050 0.000000 0.000000 0.000000 1.000000
7.290000000 -13.000000 13.000000 1.000049 0.000000 0.000000 0.000000 1.000000
7.295000000 -13.000000 13.000000 1.000049 0.000000 0.000000 0.000000 1.000000
7.300000000 -13.000000 13.000000 1.000049 0.000000 0.000000 0.000000 1.000000
7.305000000 -13.000000 13.000000 1.000049 0.000000 0.000000 0.000000 1.000000
7.310000000 -13.000000 13.000000 1.000048 0.000000 0.000000 0.000000 1.000000
7.315000000 -13.000000 13.000000 1.000048 0.000000 0.000000 0.000000 1.000000
7.320000000 -13.000000 13.000000 1.000048 0.000000 0.000000 0.000000 1.000000
7.325000000 -13.000000 13.000000 1.000048 0.000000 0.000000 0.000000 1.000000
7.330000000 -13.000000 13.000000 1.000047 0.000000 0.000000 0.000000 1.000000
7.335000000 -13.000000 13.000000 1.000047 0.000000 0.000000 0.000000 1.000000
7.340000000 -13.000000 13.000000 1.000047 0.000000 0.000000 0.000000 1.000000
7.345000000 -13.000000 13.000000 1.000047 0.000000 0.000000 0.000000 1.000000
7.350000000 -13.000000 13.000000 1.000046 0.000000 0.000000 0.000000 1.000000
7.355000000 -13.000000 13.000000 1.000046 0.000000 0.000000 0.000000 1.000000
7.360000000 -13.000000 13.000000 1.000046 0.000000 0.000000 0.000000 1.000000
7.365000000 -13.000000 13.000000 1.000045 0.000000 0.000000 0.000000 1.000000
7.370000000 -13.000000 13.000000 1.000045 0.000000 0.000000 0.000000 1.000000
7.375000000 -13.000000 13.000000 1.000045 0.000000 0.000000 0.000000 1.000000
7.380000000 -13.000000 13.000000 1.000045 0.000000 0.000000 0.000000 1.000000
7.385000000 -13.000000 13.000000 1.000044 0.000000 0.000000 0.000000 1.000000
7.390000000 -13.000000 13.000000 1.000044 0.000000 0.000000 0.000000 1.000000
7.395000000 -13.000000 13.000000 1.000044 0.000000 0.000000 0.000000 1.000000
7.400000000 -13.000000 13.000000 1.000043 0.000000 0.000000 0.000000 1.000000
7.405000000 -13.000000 13.000000 1.000043 0.000000 0.000000 0.000000 1.000000
7.410000000 -13.000000 13.000000 1.000043 0.000000 0.000000 0.000000 1.000000
7.415000000 -13.000000 13.000000 1.000043 0.000000 0.000000 0.000000 1.000000
7.420000000 -13.000000 13.000000 1.000042 0.000000 0.000000 0.000000 1.000000
7.425000000 -13.000000 13.000000 1.000042 0.000000 0.000000 0.000000 1.000000
7.430000000 -13.000000 13.000000 1.000042 0.000000 0.000000 0.000000 1.000000
7.435000000 -13.000000 13.000000 1.000041 0.000000 0.000000 0.000000 1.000000
7.440000000 -13.000000 13.000000 1.000041 0.000000 0.000000 0.000000 1.000000
7.445000000 -13.000000 13.000000 1.000041 0.000000 0.000000 0.000000 1.000000
7.450000000 -13.000000 13.000000 1.000040 0.000000 0.000000 0.000000 1.000000
7.455000000 -13.000000 13.000000 1.000040 0.000000 0.000000 0.000000 1.000000
7.460000000 -13.000000 13.000000 1.000040 0.000000 0.000000 0.000000 1.000000
7.465000000 -13.000000 13.000000 1.000039 0.000000 0.000000 0.000000 1.000000
7.470000000 -13.000000 13.000000 1.000039 0.000000 0.000000 0.000000 1.000000
7.475000000 -13.000000 13.000000 1.000039 0.000000 0.000000 0.000000 1.000000
7.480000000 -13.000000 13.000000 1.000039 0.000000 0.000000 0.000000 1.000000
7.485000000 -13.000000 13.000000 1.000038 0.000000 0.000000 0.000000 1.000000
7.490000000 -13.000000 13.000000 1.000038 0.000000 0.000000 0.000000 1.000000
7.495000000 -13.000000 13.000000 1.000038 0.000000 0.000000 0.000000 1.000000
7.500000000 -13.000000 13.000000 1.000037 0.000000 0.000000 0.000000 1.000000
7.505000000 -13.000000 13.000000 1.000037 0.000000 0.000000 0.000000 1.000000
7.510000000 -13.000000 13.000000 1.000037 0.000000 0.000000 0.000000 1.000000
7.515000000 -13.000000 13.000000 1.000036 0.000000 0.000000 0.000000 1.000000
7.520000000 -13.000000 13.000000 1.000036 0.000000 0.000000 0.000000 1.000000
7.525000000 -13.000000 13.000000 1.000036 0.000000 0.000000 0.000000 1.000000
7.530000000 -13.000000 13.000000 1.000035 0.000000 0.000000 0.000000 1.000000
7.535000000 -13.000000 13.000000 1.000035 0.000000 0.000000 0.000000 1.000000
7.540000000 -13.000000 13.000000 1.000035 0.000000 0.000000 0.000000 1.000000
7.545000000 -13.000000 13.000000 1.000034 0.000000 0.000000 0.000000 1.000000
7.550000000 -13.000000 13.000000 1.000034 0.000000 0.000000 0.000000 1.000000
7.555000000 -13.000000 13.000000 1.000034 0.000000 0.000000 0.000000 1.000000
7.560000000 -13.000000 13.000000 1.000034 0.000000 0.000000 0.000000 1.000000
7.565000000 -13.000000 13.000000 1.000033 0.000000 0.000000 0.000000 1.000000
7.570000000 -13.000000 13.000000 1.000033 0.000000 0.000000 0.000000 1.000000
7.575000000 -13.000000 13.000000 1.000033 0.000000 0.000000 0.000000 1.000000
7.580000000 -13.000000 13.000000 1.000032 0.000000 0.000000 0.000000 1.000000
7.585000000 -13.000000 13.000000 1.000032 0.000000 0.000000 0.000000 1.000000
7.590000000 -13.000000 13.000000 1.000032 0.000000 0.000000 0.000000 1.000000
7.595000000 -13.000000 13.000000 1.000031 0.000000 0.000000 0.000000 1.000000
7.600000000 -13.000000 13.000000 1.000031 0.000000 0.000000 0.000000 1.000000
7.605000000 -13.000000 13.000000 1.000031 0.000000 0.000000 0.000000 1.000000
7.610000000 -13.000000 13.000000 1.000031 0.000000 0.000000 0.000000 1.000000
7.615000000 -13.000000 13.000000 1.000030 0.000000 0.000000 0.000000 1.000000
7.620000000 -13.000000 13.000000 1.000030 0.000000 0.000000 0.000000 1.000000
7.625000000 -13.000000 13.000000 1.000030 0.000000 0.000000 0.000000 1.000000
7.630000000 -13.000000 13.000000 1.000029 0.000000 0.000000 0.000000 1.000000
7.635000000 -13.000000 13.000000 1.000029 0.000000 0.000000 0.000000 1.000000
7.640000000 -13.000000 13.000000 1.000029 0.000000 0.000000 0.000000 1.000000
7.645000000 -13.000000 13.000000 1.000028 0.000000 0.000000 0.000000 1.000000
7.650000000 -13.000000 13.000000 1.000028 0.000000 0.000000 0.000000 1.000000
7.655000000 -13.000000 13.000000 1.000028 0.000000 0.000000 0.000000 1.000000
7.660000000 -13.000000 13.000000 1.000028 0.000000 0.000000 0.000000 1.000000
7.665000000 -13.000000 13.000000 1.000027 0.000000 0.000000 0.000000 1.000000
7.670000000 -13.000000 13.000000 1.000027 0.000000 0.000000 0.000000 1.000000
7.675000000 -13.000000 13.000000 1.000027 0.000000 0.000000 0.000000 1.000000
7.680000000 -13.000000 13.000000 1.000026 0.000000 0.000000 0.000000 1.000000
7.685000000 -13.000000 13.000000 1.000026 0.000000 0.000000 0.000000 1.000000
7.690000000 -13.000000 13.000000 1.000026 0.000000 0.000000 0.000000 1.000000
7.695000000 -13.000000 13.000000 1.000026 0.000000 0.000000 0.000000 1.000000
7.700000000 -13.000000 13.000000 1.000025 0.000000 0.000000 0.000000 1.000000
7.705000000 -13.000000 13.000000 1.000025 0.000000 0.000000 0.000000 1.000000
7.710000000 -13.000000 13.000000 1.000025 0.000000 0.000000 0.000000 1.000000
7.715000000 -13.000000 13.000000 1.000024 0.000000 0.000000 0.000000 1.000000
7.720000000 -13.000000 13.000000 1.000024 0.000000 0.000000 0.000000 1.000000
7.725000000 -13.000000 13.000000 1.000024 0.000000 0.000000 0.000000 1.000000
7.730000000 -13.000000 13.000000 1.000024 0.000000 0.000000 0.000000 1.000000
7.735000000 -13.000000 13.000000 1.000023 0.000000 0.000000 0.000000 1.000000
7.740000000 -13.000000 13.000000 1.000023 0.000000 0.000000 0.000000 1.000000
7.745000000 -13.000000 13.000000 1.000023 0.000000 0.000000 0.000000 1.000000
7.750000000 -13.000000 13.000000 1.000023 0.000000 0.000000 0.000000 1.000000
7.755000000 -13.000000 13.000000 1.000022 0.000000 0.000000 0.000000 1.000000
7.760000000 -13.000000 13.000000 1.000022 0.000000 0.000000 0.000000 1.000000
7.765000000 -13.000000 13.000000 1.000022 0.000000 0.000000 0.000000 1.000000
7.770000000 -13.000000 13.000000 1.000022 0.000000 0.000000 0.000000 1.000000
7.775000000 -13.000000 13.000000 1.000021 0.000000 0.000000 0.000000 1.000000
7.780000000 -13.000000 13.000000 1.000021 0.000000 0.000000 0.000000 1.000000
7.785000000 -13.000000 13.000000 1.000021 0.000000 0.000000 0.000000 1.000000
7.790000000 -13.000000 13.000000 1.000021 0.000000 0.000000 0.000000 1.000000
7.795000000 -13.000000 13.000000 1.000020 0.000000 0.000000 0.000000 1.000000
7.800000000 -13.000000 13.000000 1.000020 0.000000 0.000000 0.000000 1.000000
7.805000000 -13.000000 13.000000 1.000020 0.000000 0.000000 0.000000 1.000000
7.810000000 -13.000000 13.000000 1.000020 0.000000 0.000000 0.000000 1.000000
7.815000000 -13.000000 13.000000 1.000019 0.000000 0.000000 0.000000 1.000000
7.820000000 -13.000000 13.000000 1.000019 0.000000 0.000000 0.000000 1.000000
7.825000000 -13.000000 13.000000 1.000019 0.000000 0.000000 0.000000 1.000000
7.830000000 -13.000000 13.000000 1.000019 0.000000 0.000000 0.000000 1.000000
7.835000000 -13.000000 13.000000 1.000018 0.000000 0.000000 0.000000 1.000000
7.840000000 -13.000000 13.000000 1.000018 0.000000 0.000000 0.000000 1.000000
7.845000000 -13.000000 13.000000 1.000018 0.000000 0.000000 0.000000 1.000000
7.850000000 -13.000000 13.000000 1.000018 0.000000 0.000000 0.000000 1.000000
7.855000000 -13.000000 13.000000 1.000018 0.000000 0.000000 0.000000 1.000000
7.860000000 -13.000000 13.000000 1.000017 0.000000 0.000000 0.000000 1.000000
7.865000000 -13.000000 13.000000 1.000017 0.000000 0.000000 0.000000 1.000000
7.870000000 -13.000000 13.000000 1.000017 0.000000 0.000000 0.000000 1.000000
7.875000000 -13.000000 13.000000 1.000017 0.000000 0.000000 0.000000 1.000000
7.880000000 -13.000000 13.000000 1.000016 0.000000 0.000000 0.000000 1.000000
7.885000000 -13.000000 13.000000 1.000016 0.000000 0.000000 0.000000 1.000000
7.890000000 -13.000000 13.000000 1.000016 0.000000 0.000000 0.000000 1.000000
7.895000000 -13.000000 13.000000 1.000016 0.000000 0.000000 0.000000 1.000000
7.900000000 -13.000000 13.000000 1.000016 0.000000 0.000000 0.000000 1.000000
7.905000000 -13.000000 13.000000 1.000015 0.000000 0.000000 0.000000 1.000000
7.910000000 -13.000000 13.000000 1.000015 0.000000 0.000000 0.000000 1.000000
7.915000000 -13.000000 13.000000 1.000015 0.000000 0.000000 0.000000 1.000000
7.920000000 -13.000000 13.000000 1.000015 0.000000 0.000000 0.000000 1.000000
7.925000000 -13.000000 13.000000 1.000015 0.000000 0.000000 0.000000 1.000000
7.930000000 -13.000000 13.000000 1.000014 0.000000 0.000000 0.000000 1.000000
7.935000000 -13.000000 13.000000 1.000014 0.000000 0.000000 0.000000 1.000000
7.940000000 -13.000000 13.000000 1.000014 0.000000 0.000000 0.000000 1.000000
7.945000000 -13.000000 13.000000 1.000014 0.000000 0.000000 0.000000 1.000000
7.950000000 -13.000000 13.000000 1.000014 0.000000 0.000000 0.000000 1.000000
7.955000000 -13.000000 13.000000 1.000013 0.000000 0.000000 0.000000 1.000000
7.960000000 -13.000000 13.000000 1.000013 0.000000 0.000000 0.000000 1.000000
7.965000000 -13.000000 13.000000 1.000013 0.000000 0.000000 0.000000 1.000000
7.970000000 -13.000000 13.000000 1.000013 0.000000 0.000000 0.000000 1.000000
7.975000000 -13.000000 13.000000 1.000013 0.000000 0.000000 0.000000 1.000000
7.980000000 -13.000000 13.000000 1.000012 0.000000 0.000000 0.000000 1.000000
7.985000000 -13.000000 13.000000 1.000012 0.000000 0.000000 0.000000 1.000000
7.990000000 -13.000000 13.000000 1.000012 0.000000 0.000000 0.000000 1.000000
7.995000000 -13.000000 13.000000 1.000012 0.000000 0.000000 0.000000 1.000000
8.000000000 -13.000000 13.000000 1.000012 0.000000 0.000000 0.000000 1.000000
8.005000000 -13.000000 13.000000 1.000012 0.000000 0.000000 0.000000 1.000000
8.010000000 -13.000000 13.000000 1.000011 0.000000 0.000000 0.000000 1.000000
8.015000000 -13.000000 13.000000 1.000011 0.000000 0.000000 0.000000 1.000000
8.020000000 -13.000000 13.000000 1.000011 0.000000 0.000000 0.000000 1.000000
8.025000000 -13.000000 13.000000 1.000011 0.000000 0.000000 0.000000 1.000000
8.030000000 -13.000000 13.000000 1.000011 0.000000 0.000000 0.000000 1.000000
8.035000000 -13.000000 13.000000 1.000011 0.000000 0.000000 0.000000 1.000000
8.040000000 -13.000000 13.000000 1.000010 0.000000 0.000000 0.000000 1.000000
8.045000000 -13.000000 13.000000 1.000010 0.000000 0.000000 0.000000 1.000000
8.050000000 -13.000000 13.000000 1.000010 0.000000 0.000000 0.000000 1.000000
8.055000000 -13.000000 13.000000 1.000010 0.000000 0.000000 0.000000 1.000000
8.060000000 -13.000000 13.000000 1.000010 0.000000 0.000000 0.000000 1.000000
8.065000000 -13.000000 13.000000 1.000010 0.000000 0.000000 0.000000 1.000000
8.070000000 -13.000000 13.000000 1.000010 0.000000 0.000000 0.000000 1.000000
8.075000000 -13.000000 13.000000 1.000009 0.000000 0.000000 0.000000 1.000000
8.080000000 -13.000000 13.000000 1.000009 0.000000 0.000000 0.000000 1.000000
8.085000000 -13.000000 13.000000 1.000009 0.000000 0.000000 0.000000 1.000000
8.090000000 -13.000000 13.000000 1.000009 0.000000 0.000000 0.000000 1.000000
8.095000000 -13.000000 13.000000 1.000009 0.000000 0.000000 0.000000 1.000000
8.100000000 -13.000000 13.000000 1.000009 0.000000 0.000000 0.000000 1.000000
8.105000000 -13.000000 13.000000 1.000009 0.000000 0.000000 0.000000 1.000000
8.110000000 -13.000000 13.000000 1.000008 0.000000 0.000000 0.000000 1.000000
8.115000000 -13.000000 13.000000 1.000008 0.000000 0.000000 0.000000 1.000000
8.120000000 -13.000000 13.000000 1.000008 0.000000 0.000000 0.000000 1.000000
8.125000000 -13.000000 13.000000 1.000008 0.000000 0.000000 0.000000 1.000000
8.130000000 -13.000000 13.000000 1.000008 0.000000 0.000000 0.000000 1.000000
8.135000000 -13.000000 13.000000 1.000008 0.000000 0.000000 0.000000 1.000000
8.140000000 -13.000000 13.000000 1.000008 0.000000 0.000000 0.000000 1.000000
8.145000000 -13.000000 13.000000 1.000007 0.000000 0.000000 0.000000 1.000000
8.150000000 -13.000000 13.000000 1.000007 0.000000 0.000000 0.000000 1.000000
8.155000000 -13.000000 13.000000 1.000007 0.000000 0.000000 0.000000 1.000000
8.160000000 -13.000000 13.000000 1.000007 0.000000 0.000000 0.000000 1.000000
8.165000000 -13.000000 13.000000 1.000007 0.000000 0.000000 0.000000 1.000000
8.170000000 -13.000000 13.000000 1.000007 0.000000 0.000000 0.000000 1.000000
8.175000000 -13.000000 13.000000 1.000007 0.000000 0.000000 0.000000 1.000000
8.180000000 -13.000000 13.000000 1.000007 0.000000 0.000000 0.000000 1.000000
8.185000000 -13.000000 13.000000 1.000007 0.000000 0.000000 0.000000 1.000000
8.190000000 -13.000000 13.000000 1.000006 0.000000 0.000000 0.000000 1.000000
8.195000000 -13.000000 13.000000 1.000006 0.000000 0.000000 0.000000 1.000000
8.200000000 -13.000000 13.000000 1.000006 0.000000 0.000000 0.000000 1.000000
8.205000000 -13.000000 13.000000 1.000006 0.000000 0.000000 0.000000 1.000000
8.210000000 -13.000000 13.000000 1.000006 0.000000 0.000000 0.000000 1.000000
8.215000000 -13.000000 13.000000 1.000006 0.000000 0.000000 0.000000 1.000000
8.220000000 -13.000000 13.000000 1.000006 0.000000 0.000000 0.000000 1.000000
8.225000000 -13.000000 13.000000 1.000006 0.000000 0.000000 0.000000 1.000000
8.230000000 -13.000000 13.000000 1.000006 0.000000 0.000000 0.000000 1.000000
8.235000000 -13.000000 13.000000 1.000005 0.000000 0.000000 0.000000 1.000000
8.240000000 -13.000000 13.000000 1.000005 0.000000 0.000000 0.000000 1.000000
8.245000000 -13.000000 13.000000 1.000005 0.000000 0.000000 0.000000 1.000000
8.250000000 -13.000000 13.000000 1.000005 0.000000 0.000000 0.000000 1.000000
8.255000000 -13.000000 13.000000 1.000005 0.000000 0.000000 0.000000 1.000000
8.260000000 -13.000000 13.000000 1.000005 0.000000 0.000000 0.000000 1.000000
8.265000000 -13.000000 13.000000 1.000005 0.000000 0.000000 0.000000 1.000000
8.270000000 -13.000000 13.000000 1.000005 0.000000 0.000000 0.000000 1.000000
8.275000000 -13.000000 13.000000 1.000005 0.000000 0.000000 0.000000 1.000000
8.280000000 -13.000000 13.000000 1.000005 0.000000 0.000000 0.000000 1.000000
8.285000000 -13.000000 13.000000 1.000004 0.000000 0.000000 0.000000 1.000000
8.290000000 -13.000000 13.000000 1.000004 0.000000 0.000000 0.000000 1.000000
8.295000000 -13.000000 13.000000 1.000004 0.000000 0.000000 0.000000 1.000000
8.300000000 -13.000000 13.000000 1.000004 0.000000 0.000000 0.000000 1.000000
8.305000000 -13.000000 13.000000 1.000004 0.000000 0.000000 0.000000 1.000000
8.310000000 -13.000000 13.000000 1.000004 0.000000 0.000000 0.000000 1.000000
8.315000000 -13.000000 13.000000 1.000004 0.000000 0.000000 0.000000 1.000000
8.320000000 -13.000000 13.000000 1.000004 0.000000 0.000000 0.000000 1.000000
8.325000000 -13.000000 13.000000 1.000004 0.000000 0.000000 0.000000 1.000000
8.330000000 -13.000000 13.000000 1.000004 0.000000 0.000000 0.000000 1.000000
8.335000000 -13.000000 13.000000 1.000004 0.000000 0.000000 0.000000 1.000000
8.340000000 -13.000000 13.000000 1.000004 0.000000 0.000000 0.000000 1.000000
8.345000000 -13.000000 13.000000 1.000003 0.000000 0.000000 0.000000 1.000000
8.350000000 -13.000000 13.000000 1.000003 0.000000 0.000000 0.000000 1.000000
8.355000000 -13.000000 13.000000 1.000003 0.000000 0.000000 0.000000 1.000000
8.360000000 -13.000000 13.000000 1.000003 0.000000 0.000000 0.000000 1.000000
8.365000000 -13.000000 13.000000 1.000003 0.000000 0.000000 0.000000 1.000000
8.370000000 -13.000000 13.000000 1.000003 0.000000 0.000000 0.000000 1.000000
8.375000000 -13.000000 13.000000 1.000003 0.000000 0.000000 0.000000 1.000000
8.380000000 -13.000000 13.000000 1.000003 0.000000 0.000000 0.000000 1.000000
8.385000000 -13.000000 13.000000 1.000003 0.000000 0.000000 0.000000 1.000000
8.390000000 -13.000000 13.000000 1.000003 0.000000 0.000000 0.000000 1.000000
8.395000000 -13.000000 13.000000 1.000003 0.000000 0.000000 0.000000 1.000000
8.400000000 -13.000000 13.000000 1.000003 0.000000 0.000000 0.000000 1.000000
8.405000000 -13.000000 13.000000 1.000003 0.000000 0.000000 0.000000 1.000000
8.410000000 -13.000000 13.000000 1.000003 0.000000 0.000000 0.000000 1.000000
8.415000000 -13.000000 13.000000 1.000003 0.000000 0.000000 0.000000 1.000000
8.420000000 -13.000000 13.000000 1.000002 0.000000 0.000000 0.000000 1.000000
8.425000000 -13.000000 13.000000 1.000002 0.000000 0.000000 0.000000 1.000000
8.430000000 -13.000000 13.000000 1.000002 0.000000 0.000000 0.000000 1.000000
8.435000000 -13.000000 13.000000 1.000002 0.000000 0.000000 0.000000 1.000000
8.440000000 -13.000000 13.000000 1.000002 0.000000 0.000000 0.000000 1.000000
8.445000000 -13.000000 13.000000 1.000002 0.000000 0.000000 0.000000 1.000000
8.450000000 -13.000000 13.000000 1.000002 0.000000 0.000000 0.000000 1.000000
8.455000000 -13.000000 13.000000 1.000002 0.000000 0.000000 0.000000 1.000000
8.460000000 -13.000000 13.000000 1.000002 0.000000 0.000000 0.000000 1.000000
8.465000000 -13.000000 13.000000 1.000002 0.000000 0.000000 0.000000 1.000000
8.470000000 -13.000000 13.000000 1.000002 0.000000 0.000000 0.000000 1.000000
8.475000000 -13.000000 13.000000 1.000002 0.000000 0.000000 0.000000 1.000000
8.480000000 -13.000000 13.000000 1.000002 0.000000 0.000000 0.000000 1.000000
8.485000000 -13.000000 13.000000 1.000002 0.000000 0.000000 0.000000 1.000000
8.490000000 -13.000000 13.000000 1.000002 0.000000 0.000000 0.000000 1.000000
8.495000000 -13.000000 13.000000 1.000002 0.000000 0.000000 0.000000 1.000000
8.500000000 -13.000000 13.000000 1.000002 0.000000 0.000000 0.000000 1.000000
8.505000000 -13.000000 13.000000 1.000002 0.000000 0.000000 0.000000 1.000000
8.510000000 -13.000000 13.000000 1.000002 0.000000 0.000000 0.000000 1.000000
8.515000000 -13.000000 13.000000 1.000001 0.000000 0.000000 0.000000 1.000000
8.520000000 -13.000000 13.000000 1.000001 0.000000 0.000000 0.000000 1.000000
8.525000000 -13.000000 13.000000 1.000001 0.000000 0.000000 0.000000 1.000000
8.530000000 -13.000000 13.000000 1.000001 0.000000 0.000000 0.000000 1.000000
8.535000000 -13.000000 13.000000 1.000001 0.000000 0.000000 0.000000 1.000000
8.540000000 -13.000000 13.000000 1.000001 0.000000 0.000000 0.000000 1.000000
8.545000000 -13.000000 13.000000 1.000001 0.000000 0.000000 0.000000 1.000000
8.550000000 -13.000000 13.000000 1.000001 0.000000 0.000000 0.000000 1.000000
8.555000000 -13.000000 13.000000 1.000001 0.000000 0.000000 0.000000 1.000000
8.560000000 -13.000000 13.000000 1.000001 0.000000 0.000000 0.000000 1.000000
8.565000000 -13.000000 13.000000 1.000001 0.000000 0.000000 0.000000 1.000000
8.570000000 -13.000000 13.000000 1.000001 0.000000 0.000000 0.000000 1.000000
8.575000000 -13.000000 13.000000 1.000001 0.000000 0.000000 0.000000 1.000000
8.580000000 -13.000000 13.000000 1.000001 0.000000 0.000000 0.000000 1.000000
8.585000000 -13.000000 13.000000 1.000001 0.000000 0.000000 0.000000 1.000000
8.590000000 -13.000000 13.000000 1.000001 0.000000 0.000000 0.000000 1.000000
8.595000000 -13.000000 13.000000 1.000001 0.000000 0.000000 0.000000 1.000000
8.600000000 -13.000000 13.000000 1.000001 0.000000 0.000000 0.000000 1.000000
8.605000000 -13.000000 13.000000 1.000001 0.000000 0.000000 0.000000 1.000000
8.610000000 -13.000000 13.000000 1.000001 0.000000 0.000000 0.000000 1.000000
8.615000000 -13.000000 13.000000 1.000001 0.000000 0.000000 0.000000 1.000000
8.620000000 -13.000000 13.000000 1.000001 0.000000 0.000000 0.000000 1.000000
8.625000000 -13.000000 13.000000 1.000001 0.000000 0.000000 0.000000 1.000000
8.630000000 -13.000000 13.000000 1.000001 0.000000 0.000000 0.000000 1.000000
8.635000000 -13.000000 13.000000 1.000001 0.000000 0.000000 0.000000 1.000000
8.640000000 -13.000000 13.000000 1.000001 0.000000 0.000000 0.000000 1.000000
8.645000000 -13.000000 13.000000 1.000001 0.000000 0.000000 0.000000 1.000000
8.650000000 -13.000000 13.000000 1.000001 0.000000 0.000000 0.000000 1.000000
8.655000000 -13.000000 13.000000 1.000000 0.000000 0.000000 0.000000 1.000000
8.660000000 -13.000000 13.000000 1.000000 0.000000 0.000000 0.000000 1.000000
8.665000000 -13.000000 13.000000 1.000000 0.000000 0.000000 0.000000 1.000000
8.670000000 -13.000000 13.000000 1.000000 0.000000 0.000000 0.000000 1.000000
8.675000000 -13.000000 13.000000 1.000000 0.000000 0.000000 0.000000 1.000000
8.680000000 -13.000000 13.000000 1.000000 0.000000 0.000000 0.000000 1.000000
8.685000000 -13.000000 13.000000 1.000000 0.000000 0.000000 0.000000 1.000000
8.690000000 -13.000000 13.000000 1.000000 0.000000 0.000000 0.000000 1.000000
8.695000000 -13.000000 13.000000 1.000000 0.000000 0.000000 0.000000 1.000000
8.700000000 -13.000000 13.000000 1.000000 0.000000 0.000000 0.000000 1.000000
8.705000000 -13.000000 13.000000 1.000000 0.000000 0.000000 0.000000 1.000000
8.710000000 -13.000000 13.000000 1.000000 0.000000 0.000000 0.000000 1.000000
8.715000000 -13.000000 13.000000 1.000000 0.000000 0.000000 0.000000 1.000000
8.720000000 -13.000000 13.000000 1.000000 0.000000 0.000000 0.000000 1.000000
8.725000000 -13.000000 13.000000 1.000000 0.000000 0.000000 0.000000 1.000000
8.730000000 -13.000000 13.000000 1.000000 0.000000 0.000000 0.000000 1.000000
8.735000000 -13.000000 13.000000 1.000000 0.000000 0.000000 0.000000 1.000000
8.740000000 -13.000000 13.000000 1.000000 0.000000 0.000000 0.000000 1.000000
8.745000000 -13.000000 13.000000 1.000000 0.000000 0.000000 0.000000 1.000000
8.750000000 -13.000000 13.000000 1.000000 0.000000 0.000000 0.000000 1.000000
8.755000000 -13.000000 13.000000 1.000000 0.000000 0.000000 0.000000 1.000000
8.760000000 -13.000000 13.000000 1.000000 0.000000 0.000000 0.000000 1.000000
8.765000000 -13.000000 13.000000 1.000000 0.000000 0.000000 0.000000 1.000000
8.770000000 -13.000000 13.000000 1.000000 0.000000 0.000000 0.000000 1.000000
8.775000000 -13.000000 13.000000 1.000000 0.000000 0.000000 0.000000 1.000000
8.780000000 -13.000000 13.000000 1.000000 0.000000 0.000000 0.000000 1.000000
8.785000000 -13.000000 13.000000 1.000000 0.000000 0.000000 0.000000 1.000000
8.790000000 -13.000000 13.000000 1.000000 0.000000 0.000000 0.000000 1.000000
8.795000000 -13.000000 13.000000 1.000000 0.000000 0.000000 0.000000 1.000000
8.800000000 -13.000000 13.000000 1.000000 0.000000 0.000000 0.000000 1.000000
8.805000000 -13.000000 13.000000 1.000000 0.000000 0.000000 0.000000 1.000000
8.810000000 -13.000000 13.000000 1.000000 0.000000 0.000000 0.000000 1.000000
8.815000000 -13.000000 13.000000 1.000000 0.000000 0.000000 0.000000 1.000000
8.820000000 -13.000000 13.000000 1.000000 0.000000 0.000000 0.000000 1.000000
8.825000000 -13.000000 13.000000 1.000000 0.000000 0.000000 0.000000 1.000000
8.830000000 -13.000000 13.000000 1.000000 0.000000 0.000000 0.000000 1.000000
8.835000000 -13.000000 13.000000 1.000000 0.000000 0.000000 0.000000 1.000000
8.840000000 -13.000000 13.000000 1.000000 0.000000 0.000000 0.000000 1.000000
8.845000000 -13.000000 13.000000 1.000000 0.000000 0.000000 0.000000 1.000000
8.850000000 -13.000000 13.000000 1.000000 0.000000 0.000000 0.000000 1.000000
8.855000000 -13.000000 13.000000 1.000000 0.000000 0.000000 0.000000 1.000000
8.860000000 -13.000000 13.000000 1.000000 0.000000 0.000000 0.000000 1.000000
8.865000000 -13.000000 13.000000 1.000000 0.000000 0.000000 0.000000 1.000000
8.870000000 -13.000000 13.000000 1.000000 0.000000 0.000000 0.000000 1.000000
8.875000000 -13.000000 13.000000 1.000000 0.000000 0.000000 0.000000 1.000000
8.880000000 -13.000000 13.000000 1.000000 0.000000 0.000000 0.000000 1.000000
8.885000000 -13.000000 13.000000 1.000000 0.000000 0.000000 0.000000 1.000000
8.890000000 -13.000000 13.000000 1.000000 0.000000 0.000000 0.000000 1.000000
8.895000000 -13.000000 13.000000 1.000000 0.000000 0.000000 0.000000 1.000000
8.900000000 -13.000000 13.000000 1.000000 0.000000 0.000000 0.000000 1.000000
8.905000000 -13.000000 13.000000 1.000000 0.000000 0.000000 0.000000 1.000000
8.910000000 -13.000000 13.000000 1.000000 0.000000 0.000000 0.000000 1.000000
8.915000000 -13.000000 13.000000 1.000000 0.000000 0.000000 0.000000 1.000000
8.920000000 -13.000000 13.000000 1.000000 0.000000 0.000000 0.000000 1.000000
8.925000000 -13.000000 13.000000 1.000000 0.000000 0.000000 0.000000 1.000000
8.930000000 -13.000000 13.000000 1.000000 0.000000 0.000000 0.000000 1.000000
8.935000000 -13.000000 13.000000 1.000000 0.000000 0.000000 0.000000 1.000000
8.940000000 -13.000000 13.000000 1.000000 0.000000 0.000000 0.000000 1.000000
8.945000000 -13.000000 13.000000 1.000000 0.000000 0.000000 0.000000 1.000000
8.950000000 -13.000000 13.000000 1.000000 0.000000 0.000000 0.000000 1.000000
8.955000000 -13.000000 13.000000 1.000000 0.000000 0.000000 0.000000 1.000000
8.960000000 -13.000000 13.000000 1.000000 0.000000 0.000000 0.000000 1.000000
8.965000000 -13.000000 13.000000 1.000000 0.000000 0.000000 0.000000 1.000000
8.970000000 -13.000000 13.000000 1.000000 0.000000 0.000000 0.000000 1.000000
8.975000000 -13.000000 13.000000 1.000000 0.000000 0.000000 0.000000 1.000000
8.980000000 -13.000000 13.000000 1.000000 0.000000 0.000000 0.000000 1.000000
8.985000000 -13.000000 13.000000 1.000000 0.000000 0.000000 0.000000 1.000000
8.990000000 -13.000000 13.000000 1.000000 0.000000 0.000000 0.000000 1.000000
8.995000000 -13.000000 13.000000 1.000000 0.000000 0.000000 0.000000 1.000000
9.000000000 -13.000000 13.000000 1.000000 0.000000 0.000000 0.000000 1.000000
9.005000000 -13.000000 13.000000 1.000000 0.000000 0.000000 0.000000 1.000000
9.010000000 -13.000000 13.000000 1.000000 0.000000 0.000000 0.000000 1.000000
9.015000000 -13.000000 13.000000 1.000000 0.000000 0.000000 0.000000 1.000000
9.020000000 -13.000000 13.000000 1.000000 0.000000 0.000000 0.000000 1.000000
9.025000000 -13.000000 13.000000 1.000000 0.000000 0.000000 0.000000 1.000000
9.030000000 -13.000000 13.000000 1.000000 0.000000 0.000000 0.000000 1.000000
9.035000000 -13.000000 13.000000 1.000000 0.000000 0.000000 0.000000 1.000000
9.040000000 -13.000000 13.000000 0.999999 0.000000 0.000000 0.000000 1.000000
9.045000000 -13.000000 13.000000 0.999999 0.000000 0.000000 0.000000 1.000000
9.050000000 -13.000000 13.000000 0.999999 0.000000 0.000000 0.000000 1.000000
9.055000000 -13.000000 13.000000 0.999999 0.000000 0.000000 0.000000 1.000000
9.060000000 -13.000000 13.000000 0.999999 0.000000 0.000000 0.000000 1.000000
9.065000000 -13.000000 13.000000 0.999999 0.000000 0.000000 0.000000 1.000000
9.070000000 -13.000000 13.000000 0.999999 0.000000 0.000000 0.000000 1.000000
9.075000000 -13.000000 13.000000 0.999999 0.000000 0.000000 0.000000 1.000000
9.080000000 -13.000000 13.000000 0.999999 0.000000 0.000000 0.000000 1.000000
9.085000000 -13.000000 13.000000 0.999999 0.000000 0.000000 0.000000 1.000000
9.090000000 -13.000000 13.000000 0.999999 0.000000 0.000000 0.000000 1.000000
9.095000000 -13.000000 13.000000 0.999999 0.000000 0.000000 0.000000 1.000000
9.100000000 -13.000000 13.000000 0.999999 0.000000 0.000000 0.000000 1.000000
9.105000000 -13.000000 13.000000 0.999999 0.000000 0.000000 0.000000 1.000000
9.110000000 -13.000000 13.000000 0.999999 0.000000 0.000000 0.000000 1.000000
9.115000000 -13.000000 13.000000 0.999999 0.000000 0.000000 0.000000 1.000000
9.120000000 -13.000000 13.000000 0.999999 0.000000 0.000000 0.000000 1.000000
9.125000000 -13.000000 13.000000 0.999999 0.000000 0.000000 0.000000 1.000000
9.130000000 -13.000000 13.000000 0.999999 0.000000 0.000000 0.000000 1.000000
9.135000000 -13.000000 13.000000 0.999999 0.000000 0.000000 0.000000 1.000000
9.140000000 -13.000000 13.000000 0.999999 0.000000 0.000000 0.000000 1.000000
9.145000000 -13.000000 13.000000 0.999999 0.000000 0.000000 0.000000 1.000000
9.150000000 -13.000000 13.000000 0.999999 0.000000 0.000000 0.000000 1.000000
9.155000000 -13.000000 13.000000 0.999999 0.000000 0.000000 0.000000 1.000000
9.160000000 -13.000000 13.000000 0.999999 0.000000 0.000000 0.000000 1.000000
9.165000000 -13.000000 13.000000 0.999999 0.000000 0.000000 0.000000 1.000000
9.170000000 -13.000000 13.000000 0.999999 0.000000 0.000000 0.000000 1.000000
9.175000000 -13.000000 13.000000 0.999999 0.000000 0.000000 0.000000 1.000000
9.180000000 -13.000000 13.000000 0.999999 0.000000 0.000000 0.000000 1.000000
9.185000000 -13.000000 13.000000 0.999999 0.000000 0.000000 0.000000 1.000000
9.190000000 -13.000000 13.000000 0.999999 0.000000 0.000000 0.000000 1.000000
9.195000000 -13.000000 13.000000 0.999999 0.000000 0.000000 0.000000 1.000000
9.200000000 -13.000000 13.000000 0.999999 0.000000 0.000000 0.000000 1.000000
9.205000000 -13.000000 13.000000 0.999999 0.000000 0.000000 0.000000 1.000000
9.210000000 -13.000000 13.000000 0.999999 0.000000 0.000000 0.000000 1.000000
9.215000000 -13.000000 13.000000 0.999999 0.000000 0.000000 0.000000 1.000000
9.220000000 -13.000000 13.000000 0.999999 0.000000 0.000000 0.000000 1.000000
9.225000000 -13.000000 13.000000 0.999999 0.000000 0.000000 0.000000 1.000000
9.230000000 -13.000000 13.000000 0.999999 0.000000 0.000000 0.000000 1.000000
9.235000000 -13.000000 13.000000 0.999999 0.000000 0.000000 0.000000 1.000000
9.240000000 -13.000000 13.000000 0.999999 0.000000 0.000000 0.000000 1.000000
9.245000000 -13.000000 13.000000 0.999999 0.000000 0.000000 0.000000 1.000000
9.250000000 -13.000000 13.000000 0.999999 0.000000 0.000000 0.000000 1.000000
9.255000000 -13.000000 13.000000 0.999999 0.000000 0.000000 0.000000 1.000000
9.260000000 -13.000000 13.000000 0.999999 0.000000 0.000000 0.000000 1.000000
9.265000000 -13.000000 13.000000 0.999999 0.000000 0.000000 0.000000 1.000000
9.270000000 -13.000000 13.000000 0.999999 0.000000 0.000000 0.000000 1.000000
9.275000000 -13.000000 13.000000 0.999999 0.000000 0.000000 0.000000 1.000000
9.280000000 -13.000000 13.000000 0.999999 0.000000 0.000000 0.000000 1.000000
9.285000000 -13.000000 13.000000 0.999999 0.000000 0.000000 0.000000 1.000000
9.290000000 -13.000000 13.000000 0.999999 0.000000 0.000000 0.000000 1.000000
9.295000000 -13.000000 13.000000 0.999999 0.000000 0.000000 0.000000 1.000000
9.300000000 -13.000000 13.000000 1.000000 0.000000 0.000000 0.000000 1.000000
9.305000000 -13.000000 13.000000 1.000000 0.000000 0.000000 0.000000 1.000000
9.310000000 -13.000000 13.000000 1.000000 0.000000 0.000000 0.000000 1.000000
9.315000000 -13.000000 13.000000 1.000000 0.000000 0.000000 0.000000 1.000000
9.320000000 -13.000000 13.000000 1.000000 0.000000 0.000000 0.000000 1.000000
9.325000000 -13.000000 13.000000 1.000000 0.000000 0.000000 0.000000 1.000000
9.330000000 -13.000000 13.000000 1.000000 0.000000 0.000000 0.000000 1.000000
9.335000000 -13.000000 13.000000 1.000000 0.000000 0.000000 0.000000 1.000000
9.340000000 -13.000000 13.000000 1.000000 0.000000 0.000000 0.000000 1.000000
9.345000000 -13.000000 13.000000 1.000000 0.000000 0.000000 0.000000 1.000000
9.350000000 -13.000000 13.000000 1.000000 0.000000 0.000000 0.000000 1.000000
9.355000000 -13.000000 13.000000 1.000000 0.000000 0.000000 0.000000 1.000000
9.360000000 -13.000000 13.000000 1.000000 0.000000 0.000000 0.000000 1.000000
9.365000000 -13.000000 13.000000 1.000000 0.000000 0.000000 0.000000 1.000000
9.370000000 -13.000000 13.000000 1.000000 0.000000 0.000000 0.000000 1.000000
9.375000000 -13.000000 13.000000 1.000000 0.000000 0.000000 0.000000 1.000000
9.380000000 -13.000000 13.000000 1.000000 0.000000 0.000000 0.000000 1.000000
9.385000000 -13.000000 13.000000 1.000000 0.000000 0.000000 0.000000 1.000000
9.390000000 -13.000000 13.000000 1.000000 0.000000 0.000000 0.000000 1.000000
9.395000000 -13.000000 13.000000 1.000000 0.000000 0.000000 0.000000 1.000000
9.400000000 -13.000000 13.000000 1.000000 0.000000 0.000000 0.000000 1.000000
9.405000000 -13.000000 13.000000 1.000000 0.000000 0.000000 0.000000 1.000000
9.410000000 -13.000000 13.000000 1.000000 0.000000 0.000000 0.000000 1.000000
9.415000000 -13.000000 13.000000 1.000000 0.000000 0.000000 0.000000 1.000000
9.420000000 -13.000000 13.000000 1.000000 0.000000 0.000000 0.000000 1.000000
9.425000000 -13.000000 13.000000 1.000000 0.000000 0.000000 0.000000 1.000000
9.430000000 -13.000000 13.000000 1.000000 0.000000 0.000000 0.000000 1.000000
9.435000000 -13.000000 13.000000 1.000000 0.000000 0.000000 0.000000 1.000000
9.440000000 -13.000000 13.000000 1.000000 0.000000 0.000000 0.000000 1.000000
9.445000000 -13.000000 13.000000 1.000000 0.000000 0.000000 0.000000 1.000000
9.450000000 -13.000000 13.000000 1.000000 0.000000 0.000000 0.000000 1.000000
9.455000000 -13.000000 13.000000 1.000000 0.000000 0.000000 0.000000 1.000000
9.460000000 -13.000000 13.000000 1.000000 0.000000 0.000000 0.000000 1.000000
9.465000000 -13.000000 13.000000 1.000000 0.000000 0.000000 0.000000 1.000000
9.470000000 -13.000000 13.000000 1.000000 0.000000 0.000000 0.000000 1.000000
9.475000000 -13.000000 13.000000 1.000000 0.000000 0.000000 0.000000 1.000000
9.480000000 -13.000000 13.000000 1.000000 0.000000 0.000000 0.000000 1.000000
9.485000000 -13.000000 13.000000 1.000000 0.000000 0.000000 0.000000 1.000000
9.490000000 -13.000000 13.000000 1.000000 0.000000 0.000000 0.000000 1.000000
9.495000000 -13.000000 13.000000 1.000000 0.000000 0.000000 0.000000 1.000000
9.500000000 -13.000000 13.000000 1.000000 0.000000 0.000000 0.000000 1.000000
9.505000000 -13.000000 13.000000 1.000000 0.000000 0.000000 0.000000 1.000000
9.510000000 -13.000000 13.000000 1.000000 0.000000 0.000000 0.000000 1.000000
9.515000000 -13.000000 13.000000 1.000000 0.000000 0.000000 0.000000 1.000000
9.520000000 -13.000000 13.000000 1.000000 0.000000 0.000000 0.000000 1.000000
9.525000000 -13.000000 13.000000 1.000000 0.000000 0.000000 0.000000 1.000000
9.530000000 -13.000000 13.000000 1.000000 0.000000 0.000000 0.000000 1.000000
9.535000000 -13.000000 13.000000 1.000000 0.000000 0.000000 0.000000 1.000000
9.540000000 -13.000000 13.000000 1.000000 0.000000 0.000000 0.000000 1.000000
9.545000000 -13.000000 13.000000 1.000000 0.000000 0.000000 0.000000 1.000000
9.550000000 -13.000000 13.000000 1.000000 0.000000 0.000000 0.000000 1.000000
9.555000000 -13.000000 13.000000 1.000000 0.000000 0.000000 0.000000 1.000000
9.560000000 -13.000000 13.000000 1.000000 0.000000 0.000000 0.000000 1.000000
9.565000000 -13.000000 13.000000 1.000000 0.000000 0.000000 0.000000 1.000000
9.570000000 -13.000000 13.000000 1.000000 0.000000 0.000000 0.000000 1.000000
9.575000000 -13.000000 13.000000 1.000000 0.000000 0.000000 0.000000 1.000000
9.580000000 -13.000000 13.000000 1.000000 0.000000 0.000000 0.000000 1.000000
9.585000000 -13.000000 13.000000 1.000000 0.000000 0.000000 0.000000 1.000000
9.590000000 -13.000000 13.000000 1.000000 0.000000 0.000000 0.000000 1.000000
9.595000000 -13.000000 13.000000 1.000000 0.000000 0.000000 0.000000 1.000000
9.600000000 -13.000000 13.000000 1.000000 0.000000 0.000000 0.000000 1.000000
9.605000000 -13.000000 13.000000 1.000000 0.000000 0.000000 0.000000 1.000000
9.610000000 -13.000000 13.000000 1.000000 0.000000 0.000000 0.000000 1.000000
9.615000000 -13.000000 13.000000 1.000000 0.000000 0.000000 0.000000 1.000000
9.620000000 -13.000000 13.000000 1.000000 0.000000 0.000000 0.000000 1.000000
9.625000000 -13.000000 13.000000 1.000000 0.000000 0.000000 0.000000 1.000000
9.630000000 -13.000000 13.000000 1.000000 0.000000 0.000000 0.000000 1.000000
9.635000000 -13.000000 13.000000 1.000000 0.000000 0.000000 0.000000 1.000000
9.640000000 -13.000000 13.000000 1.000000 0.000000 0.000000 0.000000 1.000000
9.645000000 -13.000000 13.000000 1.000000 0.000000 0.000000 0.000000 1.000000
9.650000000 -13.000000 13.000000 1.000000 0.000000 0.000000 0.000000 1.000000
9.655000000 -13.000000 13.000000 1.000000 0.000000 0.000000 0.000000 1.000000
9.660000000 -13.000000 13.000000 1.000000 0.000000 0.000000 0.000000 1.000000
9.665000000 -13.000000 13.000000 1.000000 0.000000 0.000000 0.000000 1.000000
9.670000000 -13.000000 13.000000 1.000000 0.000000 0.000000 0.000000 1.000000
9.675000000 -13.000000 13.000000 1.000000 0.000000 0.000000 0.000000 1.000000
9.680000000 -13.000000 13.000000 1.000000 0.000000 0.000000 0.000000 1.000000
9.685000000 -13.000000 13.000000 1.000000 0.000000 0.000000 0.000000 1.000000
9.690000000 -13.000000 13.000000 1.000000 0.000000 0.000000 0.000000 1.000000
9.695000000 -13.000000 13.000000 1.000000 0.000000 0.000000 0.000000 1.000000
9.700000000 -13.000000 13.000000 1.000000 0.000000 0.000000 0.000000 1.000000
9.705000000 -13.000000 13.000000 1.000000 0.000000 0.000000 0.000000 1.000000
9.710000000 -13.000000 13.000000 1.000000 0.000000 0.000000 0.000000 1.000000
9.715000000 -13.000000 13.000000 1.000000 0.000000 0.000000 0.000000 1.000000
9.720000000 -13.000000 13.000000 1.000000 0.000000 0.000000 0.000000 1.000000
9.725000000 -13.000000 13.000000 1.000000 0.000000 0.000000 0.000000 1.000000
9.730000000 -13.000000 13.000000 1.000000 0.000000 0.000000 0.000000 1.000000
9.735000000 -13.000000 13.000000 1.000000 0.000000 0.000000 0.000000 1.000000
9.740000000 -13.000000 13.000000 1.000000 0.000000 0.000000 0.000000 1.000000
9.745000000 -13.000000 13.000000 1.000000 0.000000 0.000000 0.000000 1.000000
9.750000000 -13.000000 13.000000 1.000000 0.000000 0.000000 0.000000 1.000000
9.755000000 -13.000000 13.000000 1.000000 0.000000 0.000000 0.000000 1.000000
9.760000000 -13.000000 13.000000 1.000000 0.000000 0.000000 0.000000 1.000000
9.765000000 -13.000000 13.000000 1.000000 0.000000 0.000000 0.000000 1.000000
9.770000000 -13.000000 13.000000 1.000000 0.000000 0.000000 0.000000 1.000000
9.775000000 -13.000000 13.000000 1.000000 0.000000 0.000000 0.000000 1.000000
9.780000000 -13.000000 13.000000 1.000000 0.000000 0.000000 0.000000 1.000000
9.785000000 -13.000000 13.000000 1.000000 0.000000 0.000000 0.000000 1.000000
9.790000000 -13.000000 13.000000 1.000000 0.000000 0.000000 0.000000 1.000000
9.795000000 -13.000000 13.000000 1.000000 0.000000 0.000000 0.000000 1.000000
9.800000000 -13.000000 13.000000 1.000000 0.000000 0.000000 0.000000 1.000000
9.805000000 -13.000000 13.000000 1.000000 0.000000 0.000000 0.000000 1.000000
9.810000000 -13.000000 13.000000 1.000000 0.000000 0.000000 0.000000 1.000000
9.815000000 -13.000000 13.000000 1.000000 0.000000 0.000000 0.000000 1.000000
9.820000000 -13.000000 13.000000 1.000000 0.000000 0.000000 0.000000 1.000000
9.825000000 -13.000000 13.000000 1.000000 0.000000 0.000000 0.000000 1.000000
9.830000000 -13.000000 13.000000 1.000000 0.000000 0.000000 0.000000 1.000000
9.835000000 -13.000000 13.000000 1.000000 0.000000 0.000000 0.000000 1.000000
9.840000000 -13.000000 13.000000 1.000000 0.000000 0.000000 0.000000 1.000000
9.845000000 -13.000000 13.000000 1.000000 0.000000 0.000000 0.000000 1.000000
9.850000000 -13.000000 13.000000 1.000000 0.000000 0.000000 0.000000 1.000000
9.855000000 -13.000000 13.000000 1.000000 0.000000 0.000000 0.000000 1.000000
9.860000000 -13.000000 13.000000 1.000000 0.000000 0.000000 0.000000 1.000000
9.865000000 -13.000000 13.000000 1.000000 0.000000 0.000000 0.000000 1.000000
9.870000000 -13.000000 13.000000 1.000000 0.000000 0.000000 0.000000 1.000000
9.875000000 -13.000000 13.000000 1.000000 0.000000 0.000000 0.000000 1.000000
9.880000000 -13.000000 13.000000 1.000000 0.000000 0.000000 0.000000 1.000000
9.885000000 -13.000000 13.000000 1.000000 0.000000 0.000000 0.000000 1.000000
9.890000000 -13.000000 13.000000 1.000000 0.000000 0.000000 0.000000 1.000000
9.895000000 -13.000000 13.000000 1.000000 0.000000 0.000000 0.000000 1.000000
9.900000000 -13.000000 13.000000 1.000000 0.000000 0.000000 0.000000 1.000000
9.905000000 -13.000000 13.000000 1.000000 0.000000 0.000000 0.000000 1.000000
9.910000000 -13.000000 13.000000 1.000000 0.000000 0.000000 0.000000 1.000000
9.915000000 -13.000000 13.000000 1.000000 0.000000 0.000000 0.000000 1.000000
9.920000000 -13.000000 13.000000 1.000000 0.000000 0.000000 0.000000 1.000000
9.925000000 -13.000000 13.000000 1.000000 0.000000 0.000000 0.000000 1.000000
9.930000000 -13.000000 13.000000 1.000000 0.000000 0.000000 0.000000 1.000000
9.935000000 -13.000000 13.000000 1.000000 0.000000 0.000000 0.000000 1.000000
9.940000000 -13.000000 13.000000 1.000000 0.000000 0.000000 0.000000 1.000000
9.945000000 -13.000000 13.000000 1.000000 0.000000 0.000000 0.000000 1.000000
9.950000000 -13.000000 13.000000 1.000000 0.000000 0.000000 0.000000 1.000000
9.955000000 -13.000000 13.000000 1.000000 0.000000 0.000000 0.000000 1.000000
9.960000000 -13.000000 13.000000 1.000000 0.000000 0.000000 0.000000 1.000000
9.965000000 -13.000000 13.000000 1.000000 0.000000 0.000000 0.000000 1.000000
9.970000000 -13.000000 13.000000 1.000000 0.000000 0.000000 0.000000 1.000000
9.975000000 -13.000000 13.000000 1.000000 0.000000 0.000000 0.000000 1.000000
9.980000000 -13.000000 13.000000 1.000000 0.000000 0.000000 0.000000 1.000000
9.985000000 -13.000000 13.000000 1.000000 0.000000 0.000000 0.000000 1.000000
9.990000000 -13.000000 13.000000 1.000000 0.000000 0.000000 0.000000 1.000000
9.995000000 -13.000000 13.000000 1.000000 0.000000 0.000000 0.000000 1.000000
10.000000000 -13.000000 13.000000 1.000000 0.000000 0.000000 0.000000 1.000000
10.005000000 -13.000000 13.000000 1.000000 0.000000 0.000000 0.000000 1.000000
10.010000000 -13.000000 13.000000 1.000000 0.000000 0.000000 0.000000 1.000000
10.015000000 -13.000000 13.000000 1.000000 0.000000 0.000000 0.000000 1.000000
10.020000000 -13.000000 13.000000 1.000000 0.000000 0.000000 0.000000 1.000000
10.025000000 -13.000000 13.000000 1.000000 0.000000 0.000000 0.000000 1.000000
10.030000000 -13.000000 13.000000 1.000000 0.000000 0.000000 0.000000 1.000000
10.035000000 -13.000000 13.000000 1.000000 0.000000 0.000000 0.000000 1.000000
10.040000000 -13.000000 13.000000 1.000000 0.000000 0.000000 0.000000 1.000000
10.045000000 -13.000000 13.000000 1.000000 0.000000 0.000000 0.000000 1.000000
10.050000000 -13.000000 13.000000 1.000000 0.000000 0.000000 0.000000 1.000000
10.055000000 -13.000000 13.000000 1.000000 0.000000 0.000000 0.000000 1.000000
10.060000000 -13.000000 13.000000 1.000000 0.000000 0.000000 0.000000 1.000000
10.065000000 -13.000000 13.000000 1.000000 0.000000 0.000000 0.000000 1.000000
10.070000000 -13.000000 13.000000 1.000000 0.000000 0.000000 0.000000 1.000000
10.075000000 -13.000000 13.000000 1.000000 0.000000 0.000000 0.000000 1.000000
10.080000000 -13.000000 13.000000 1.000000 0.000000 0.000000 0.000000 1.000000
10.085000000 -13.000000 13.000000 1.000000 0.000000 0.000000 0.000000 1.000000
10.090000000 -13.000000 13.000000 1.000000 0.000000 0.000000 0.000000 1.000000
10.095000000 -13.000000 13.000000 1.000000 0.000000 0.000000 0.000000 1.000000
10.100000000 -13.000000 13.000000 1.000000 0.000000 0.000000 0.000000 1.000000
10.105000000 -13.000000 13.000000 1.000000 0.000000 0.000000 0.000000 1.000000
10.110000000 -13.000000 13.000000 1.000000 0.000000 0.000000 0.000000 1.000000
10.115000000 -13.000000 13.000000 1.000000 0.000000 0.000000 0.000000 1.000000
10.120000000 -13.000000 13.000000 1.000000 0.000000 0.000000 0.000000 1.000000
10.125000000 -13.000000 13.000000 1.000000 0.000000 0.000000 0.000000 1.000000
10.130000000 -13.000000 13.000000 1.000000 0.000000 0.000000 0.000000 1.000000
10.135000000 -13.000000 13.000000 1.000000 0.000000 0.000000 0.000000 1.000000
10.140000000 -13.000000 13.000000 1.000000 0.000000 0.000000 0.000000 1.000000
10.145000000 -13.000000 13.000000 1.000000 0.000000 0.000000 0.000000 1.000000
10.150000000 -13.000000 13.000000 1.000000 0.000000 0.000000 0.000000 1.000000
10.155000000 -13.000000 13.000000 1.000000 0.000000 0.000000 0.000000 1.000000
10.160000000 -13.000000 13.000000 1.000000 0.000000 0.000000 0.000000 1.000000
10.165000000 -13.000000 13.000000 1.000000 0.000000 0.000000 0.000000 1.000000
10.170000000 -13.000000 13.000000 1.000000 0.000000 0.000000 0.000000 1.000000
10.175000000 -13.000000 13.000000 1.000000 0.000000 0.000000 0.000000 1.000000
10.180000000 -13.000000 13.000000 1.000000 0.000000 0.000000 0.000000 1.000000
10.185000000 -13.000000 13.000000 1.000000 0.000000 0.000000 0.000000 1.000000
10.190000000 -13.000000 13.000000 1.000000 0.000000 0.000000 0.000000 1.000000
10.195000000 -13.000000 13.000000 1.000000 0.000000 0.000000 0.000000 1.000000
10.200000000 -13.000000 13.000000 1.000000 0.000000 0.000000 0.000000 1.000000
10.205000000 -13.000000 13.000000 1.000000 0.000000 0.000000 0.000000 1.000000
10.210000000 -13.000000 13.000000 1.000000 0.000000 0.000000 0.000000 1.000000
10.215000000 -13.000000 13.000000 1.000000 0.000000 0.000000 0.000000 1.000000
10.220000000 -13.000000 13.000000 1.000000 0.000000 0.000000 0.000000 1.000000
10.225000000 -13.000000 13.000000 1.000000 0.000000 0.000000 0.000000 1.000000
10.230000000 -13.000000 13.000000 1.000000 0.000000 0.000000 0.000000 1.000000
10.235000000 -13.000000 13.000000 1.000000 0.000000 0.000000 0.000000 1.000000
10.240000000 -13.000000 13.000000 1.000000 0.000000 0.000000 0.000000 1.000000
10.245000000 -13.000000 13.000000 1.000000 0.000000 0.000000 0.000000 1.000000
10.250000000 -13.000000 13.000000 1.000000 0.000000 0.000000 0.000000 1.000000
10.255000000 -13.000000 13.000000 1.000000 0.000000 0.000000 0.000000 1.000000
10.260000000 -13.000000 13.000000 1.000000 0.000000 0.000000 0.000000 1.000000
10.265000000 -13.000000 13.000000 1.000000 0.000000 0.000000 0.000000 1.000000
10.270000000 -13.000000 13.000000 1.000000 0.000000 0.000000 0.000000 1.000000
10.275000000 -13.000000 13.000000 1.000000 0.000000 0.000000 0.000000 1.000000
10.280000000 -13.000000 13.000000 1.000000 0.000000 0.000000 0.000000 1.000000
10.285000000 -13.000000 13.000000 1.000000 0.000000 0.000000 0.000000 1.000000
10.290000000 -13.000000 13.000000 1.000000 0.000000 0.000000 0.000000 1.000000
10.295000000 -13.000000 13.000000 1.000000 0.000000 0.000000 0.000000 1.000000
10.300000000 -13.000000 13.000000 1.000000 0.000000 0.000000 0.000000 1.000000
10.305000000 -13.000000 13.000000 1.000000 0.000000 0.000000 0.000000 1.000000
10.310000000 -13.000000 13.000000 1.000000 0.000000 0.000000 0.000000 1.000000
10.315000000 -13.000000 13.000000 1.000000 0.000000 0.000000 0.000000 1.000000
10.320000000 -13.000000 13.000000 1.000000 0.000000 0.000000 0.000000 1.000000
10.325000000 -13.000000 13.000000 1.000000 0.000000 0.000000 0.000000 1.000000
10.330000000 -13.000000 13.000000 1.000000 0.000000 0.000000 0.000000 1.000000
10.335000000 -13.000000 13.000000 1.000000 0.000000 0.000000 0.000000 1.000000
10.340000000 -13.000000 13.000000 1.000000 0.000000 0.000000 0.000000 1.000000
10.345000000 -13.000000 13.000000 1.000000 0.000000 0.000000 0.000000 1.000000
10.350000000 -13.000000 13.000000 1.000000 0.000000 0.000000 0.000000 1.000000
10.355000000 -13.000000 13.000000 1.000000 0.000000 0.000000 0.000000 1.000000
10.360000000 -13.000000 13.000000 1.000000 0.000000 0.000000 0.000000 1.000000
10.365000000 -13.000000 13.000000 1.000000 0.000000 0.000000 0.000000 1.000000
10.370000000 -13.000000 13.000000 1.000000 0.000000 0.000000 0.000000 1.000000
10.375000000 -13.000000 13.000000 1.000000 0.000000 0.000000 0.000000 1.000000
10.380000000 -13.000000 13.000000 1.000000 0.000000 0.000000 0.000000 1.000000
10.385000000 -13.000000 13.000000 1.000000 0.000000 0.000000 0.000000 1.000000
10.390000000 -13.000000 13.000000 1.000000 0.000000 0.000000 0.000000 1.000000
10.395000000 -13.000000 13.000000 1.000000 0.000000 0.000000 0.000000 1.000000
10.400000000 -13.000000 13.000000 1.000000 0.000000 0.000000 0.000000 1.000000
10.405000000 -13.000000 13.000000 1.000000 0.000000 0.000000 0.000000 1.000000
10.410000000 -13.000000 13.000000 1.000000 0.000000 0.000000 0.000000 1.000000
10.415000000 -13.000000 13.000000 1.000000 0.000000 0.000000 0.000000 1.000000
10.420000000 -13.000000 13.000000 1.000000 0.000000 0.000000 0.000000 1.000000
10.425000000 -13.000000 13.000000 1.000000 0.000000 0.000000 0.000000 1.000000
10.430000000 -13.000000 13.000000 1.000000 0.000000 0.000000 0.000000 1.000000
10.435000000 -13.000000 13.000000 1.000000 0.000000 0.000000 0.000000 1.000000
10.440000000 -13.000000 13.000000 1.000000 0.000000 0.000000 0.000000 1.000000
10.445000000 -13.000000 13.000000 1.000000 0.000000 0.000000 0.000000 1.000000
10.450000000 -13.000000 13.000000 1.000000 0.000000 0.000000 0.000000 1.000000
10.455000000 -13.000000 13.000000 1.000000 0.000000 0.000000 0.000000 1.000000
10.460000000 -13.000000 13.000000 1.000000 0.000000 0.000000 0.000000 1.000000
10.465000000 -13.000000 13.000000 1.000000 0.000000 0.000000 0.000000 1.000000
10.470000000 -13.000000 13.000000 1.000000 0.000000 0.000000 0.000000 1.000000
10.475000000 -13.000000 13.000000 1.000000 0.000000 0.000000 0.000000 1.000000
10.480000000 -13.000000 13.000000 1.000000 0.000000 0.000000 0.000000 1.000000
10.485000000 -13.000000 13.000000 1.000000 0.000000 0.000000 0.000000 1.000000
10.490000000 -13.000000 13.000000 1.000000 0.000000 0.000000 0.000000 1.000000
10.495000000 -13.000000 13.000000 1.000000 0.000000 0.000000 0.000000 1.000000
10.500000000 -13.000000 13.000000 1.000000 0.000000 0.000000 0.000000 1.000000
10.505000000 -13.000000 13.000000 1.000000 0.000000 0.000000 0.000000 1.000000
10.510000000 -13.000000 13.000000 1.000000 0.000000 0.000000 0.000000 1.000000
10.515000000 -13.000000 13.000000 1.000000 0.000000 0.000000 0.000000 1.000000
10.520000000 -13.000000 13.000000 1.000000 0.000000 0.000000 0.000000 1.000000
10.525000000 -13.000000 13.000000 1.000000 0.000000 0.000000 0.000000 1.000000
10.530000000 -13.000000 13.000000 1.000000 0.000000 0.000000 0.000000 1.000000
10.535000000 -13.000000 13.000000 1.000000 0.000000 0.000000 0.000000 1.000000
10.540000000 -13.000000 13.000000 1.000000 0.000000 0.000000 0.000000 1.000000
10.545000000 -13.000000 13.000000 1.000000 0.000000 0.000000 0.000000 1.000000
10.550000000 -13.000000 13.000000 1.000000 0.000000 0.000000 0.000000 1.000000
10.555000000 -13.000000 13.000000 1.000000 0.000000 0.000000 0.000000 1.000000
10.560000000 -13.000000 13.000000 1.000000 0.000000 0.000000 0.000000 1.000000
10.565000000 -13.000000 13.000000 1.000000 0.000000 0.000000 0.000000 1.000000
10.570000000 -13.000000 13.000000 1.000000 0.000000 0.000000 0.000000 1.000000
10.575000000 -13.000000 13.000000 1.000000 0.000000 0.000000 0.000000 1.000000
10.580000000 -13.000000 13.000000 1.000000 0.000000 0.000000 0.000000 1.000000
10.585000000 -13.000000 13.000000 1.000000 0.000000 0.000000 0.000000 1.000000
10.590000000 -13.000000 13.000000 1.000000 0.000000 0.000000 0.000000 1.000000
10.595000000 -13.000000 13.000000 1.000000 0.000000 0.000000 0.000000 1.000000
10.600000000 -13.000000 13.000000 1.000000 0.000000 0.000000 0.000000 1.000000
10.605000000 -13.000000 13.000000 1.000000 0.000000 0.000000 0.000000 1.000000
10.610000000 -13.000000 13.000000 1.000000 0.000000 0.000000 0.000000 1.000000
10.615000000 -13.000000 13.000000 1.000000 0.000000 0.000000 0.000000 1.000000
10.620000000 -13.000000 13.000000 1.000000 0.000000 0.000000 0.000000 1.000000
10.625000000 -13.000000 13.000000 1.000000 0.000000 0.000000 0.000000 1.000000
10.630000000 -13.000000 13.000000 1.000000 0.000000 0.000000 0.000000 1.000000
10.635000000 -13.000000 13.000000 1.000000 0.000000 0.000000 0.000000 1.000000
10.640000000 -13.000000 13.000000 1.000000 0.000000 0.000000 0.000000 1.000000
10.645000000 -13.000000 13.000000 1.000000 0.000000 0.000000 0.000000 1.000000
10.650000000 -13.000000 13.000000 1.000000 0.000000 0.000000 0.000000 1.000000
10.655000000 -13.000000 13.000000 1.000000 0.000000 0.000000 0.000000 1.000000
10.660000000 -13.000000 13.000000 1.000000 0.000000 0.000000 0.000000 1.000000
10.665000000 -13.000000 13.000000 1.000000 0.000000 0.000000 0.000000 1.000000
10.670000000 -13.000000 13.000000 1.000000 0.000000 0.000000 0.000000 1.000000
10.675000000 -13.000000 13.000000 1.000000 0.000000 0.000000 0.000000 1.000000
10.680000000 -13.000000 13.000000 1.000000 0.000000 0.000000 0.000000 1.000000
10.685000000 -13.000000 13.000000 1.000000 0.000000 0.000000 0.000000 1.000000
10.690000000 -13.000000 13.000000 1.000000 0.000000 0.000000 0.000000 1.000000
10.695000000 -13.000000 13.000000 1.000000 0.000000 0.000000 0.000000 1.000000
10.700000000 -13.000000 13.000000 1.000000 0.000000 0.000000 0.000000 1.000000
10.705000000 -13.000000 13.000000 1.000000 0.000000 0.000000 0.000000 1.000000
10.710000000 -13.000000 13.000000 1.000000 0.000000 0.000000 0.000000 1.000000
10.715000000 -13.000000 13.000000 1.000000 0.000000 0.000000 0.000000 1.000000
10.720000000 -13.000000 13.000000 1.000000 0.000000 0.000000 0.000000 1.000000
10.725000000 -13.000000 13.000000 1.000000 0.000000 0.000000 0.000000 1.000000
10.730000000 -13.000000 13.000000 1.000000 0.000000 0.000000 0.000000 1.000000
10.735000000 -13.000000 13.000000 1.000000 0.000000 0.000000 0.000000 1.000000
10.740000000 -13.000000 13.000000 1.000000 0.000000 0.000000 0.000000 1.000000
10.745000000 -13.000000 13.000000 1.000000 0.000000 0.000000 0.000000 1.000000
10.750000000 -13.000000 13.000000 1.000000 0.000000 0.000000 0.000000 1.000000
10.755000000 -13.000000 13.000000 1.000000 0.000000 0.000000 0.000000 1.000000
10.760000000 -13.000000 13.000000 1.000000 0.000000 0.000000 0.000000 1.000000
10.765000000 -13.000000 13.000000 1.000000 0.000000 0.000000 0.000000 1.000000
10.770000000 -13.000000 13.000000 1.000000 0.000000 0.000000 0.000000 1.000000
10.775000000 -13.000000 13.000000 1.000000 0.000000 0.000000 0.000000 1.000000
10.780000000 -13.000000 13.000000 1.000000 0.000000 0.000000 0.000000 1.000000
10.785000000 -13.000000 13.000000 1.000000 0.000000 0.000000 0.000000 1.000000
10.790000000 -13.000000 13.000000 1.000000 0.000000 0.000000 0.000000 1.000000
10.795000000 -13.000000 13.000000 1.000000 0.000000 0.000000 0.000000 1.000000
10.800000000 -13.000000 13.000000 1.000000 0.000000 0.000000 0.000000 1.000000
10.805000000 -13.000000 13.000000 1.000000 0.000000 0.000000 0.000000 1.000000
10.810000000 -13.000000 13.000000 1.000000 0.000000 0.000000 0.000000 1.000000
10.815000000 -13.000000 13.000000 1.000000 0.000000 0.000000 0.000000 1.000000
10.820000000 -13.000000 13.000000 1.000000 0.000000 0.000000 0.000000 1.000000
10.825000000 -13.000000 13.000000 1.000000 0.000000 0.000000 0.000000 1.000000
10.830000000 -13.000000 13.000000 1.000000 0.000000 0.000000 0.000000 1.000000
10.835000000 -13.000000 13.000000 1.000000 0.000000 0.000000 0.000000 1.000000
10.840000000 -13.000000 13.000000 1.000000 0.000000 0.000000 0.000000 1.000000
10.845000000 -13.000000 13.000000 1.000000 0.000000 0.000000 0.000000 1.000000
10.850000000 -13.000000 13.000000 1.000000 0.000000 0.000000 0.000000 1.000000
10.855000000 -13.000000 13.000000 1.000000 0.000000 0.000000 0.000000 1.000000
10.860000000 -13.000000 13.000000 1.000000 0.000000 0.000000 0.000000 1.000000
10.865000000 -13.000000 13.000000 1.000000 0.000000 0.000000 0.000000 1.000000
10.870000000 -13.000000 13.000000 1.000000 0.000000 0.000000 0.000000 1.000000
10.875000000 -13.000000 13.000000 1.000000 0.000000 0.000000 0.000000 1.000000
10.880000000 -13.000000 13.000000 1.000000 0.000000 0.000000 0.000000 1.000000
10.885000000 -13.000000 13.000000 1.000000 0.000000 0.000000 0.000000 1.000000
10.890000000 -13.000000 13.000000 1.000000 0.000000 0.000000 0.000000 1.000000
10.895000000 -13.000000 13.000000 1.000000 0.000000 0.000000 0.000000 1.000000
10.900000000 -13.000000 13.000000 1.000000 0.000000 0.000000 0.000000 1.000000
10.905000000 -13.000000 13.000000 1.000000 0.000000 0.000000 0.000000 1.000000
10.910000000 -13.000000 13.000000 1.000000 0.000000 0.000000 0.000000 1.000000
10.915000000 -13.000000 13.000000 1.000000 0.000000 0.000000 0.000000 1.000000
10.920000000 -13.000000 13.000000 1.000000 0.000000 0.000000 0.000000 1.000000
10.925000000 -13.000000 13.000000 1.000000 0.000000 0.000000 0.000000 1.000000
10.930000000 -13.000000 13.000000 1.000000 0.000000 0.000000 0.000000 1.000000
10.935000000 -13.000000 13.000000 1.000000 0.000000 0.000000 0.000000 1.000000
10.940000000 -13.000000 13.000000 1.000000 0.000000 0.000000 0.000000 1.000000
10.945000000 -13.000000 13.000000 1.000000 0.000000 0.000000 0.000000 1.000000
10.950000000 -13.000000 13.000000 1.000000 0.000000 0.000000 0.000000 1.000000
10.955000000 -13.000000 13.000000 1.000000 0.000000 0.000000 0.000000 1.000000
10.960000000 -13.000000 13.000000 1.000000 0.000000 0.000000 0.000000 1.000000
10.965000000 -13.000000 13.000000 1.000000 0.000000 0.000000 0.000000 1.000000
10.970000000 -13.000000 13.000000 1.000000 0.000000 0.000000 0.000000 1.000000
10.975000000 -13.000000 13.000000 1.000000 0.000000 0.000000 0.000000 1.000000
10.980000000 -13.000000 13.000000 1.000000 0.000000 0.000000 0.000000 1.000000
10.985000000 -13.000000 13.000000 1.000000 0.000000 0.000000 0.000000 1.000000
10.990000000 -13.000000 13.000000 1.000000 0.000000 0.000000 0.000000 1.000000
10.995000000 -13.000000 13.000000 1.000000 0.000000 0.000000 0.000000 1.000000
11.000000000 -13.000000 13.000000 1.000000 0.000000 0.000000 0.000000 1.000000
11.005000000 -13.000000 13.000000 1.000000 0.000000 0.000000 0.000000 1.000000
11.010000000 -13.000000 13.000000 1.000000 0.000000 0.000000 0.000000 1.000000
11.015000000 -13.000000 13.000000 1.000000 0.000000 0.000000 0.000000 1.000000
11.020000000 -13.000000 13.000000 1.000000 0.000000 0.000000 0.000000 1.000000
11.025000000 -13.000000 13.000000 1.000000 0.000000 0.000000 0.000000 1.000000
11.030000000 -13.000000 13.000000 1.000000 0.000000 0.000000 0.000000 1.000000
11.035000000 -13.000000 13.000000 1.000000 0.000000 0.000000 0.000000 1.000000
11.040000000 -13.000000 13.000000 1.000000 0.000000 0.000000 0.000000 1.000000
11.045000000 -13.000000 13.000000 1.000000 0.000000 0.000000 0.000000 1.000000
11.050000000 -13.000000 13.000000 1.000000 0.000000 0.000000 0.000000 1.000000
11.055000000 -13.000000 13.000000 1.000000 0.000000 0.000000 0.000000 1.000000
11.060000000 -13.000000 13.000000 1.000000 0.000000 0.000000 0.000000 1.000000
11.065000000 -13.000000 13.000000 1.000000 0.000000 0.000000 0.000000 1.000000
11.070000000 -13.000000 13.000000 1.000000 0.000000 0.000000 0.000000 1.000000
11.075000000 -13.000000 13.000000 1.000000 0.000000 0.000000 0.000000 1.000000
11.080000000 -13.000000 13.000000 1.000000 0.000000 0.000000 0.000000 1.000000
11.085000000 -13.000000 13.000000 1.000000 0.000000 0.000000 0.000000 1.000000
11.090000000 -13.000000 13.000000 1.000000 0.000000 0.000000 0.000000 1.000000
11.095000000 -13.000000 13.000000 1.000000 0.000000 0.000000 0.000000 1.000000
11.100000000 -13.000000 13.000000 1.000000 0.000000 0.000000 0.000000 1.000000
11.105000000 -13.000000 13.000000 1.000000 0.000000 0.000000 0.000000 1.000000
11.110000000 -13.000000 13.000000 1.000000 0.000000 0.000000 0.000000 1.000000
11.115000000 -13.000000 13.000000 1.000000 0.000000 0.000000 0.000000 1.000000
11.120000000 -13.000000 13.000000 1.000000 0.000000 0.000000 0.000000 1.000000
11.125000000 -13.000000 13.000000 1.000000 0.000000 0.000000 0.000000 1.000000
11.130000000 -13.000000 13.000000 1.000000 0.000000 0.000000 0.000000 1.000000
11.135000000 -13.000000 13.000000 1.000000 0.000000 0.000000 0.000000 1.000000
11.140000000 -13.000000 13.000000 1.000000 0.000000 0.000000 0.000000 1.000000
11.145000000 -13.000000 13.000000 1.000000 0.000000 0.000000 0.000000 1.000000
11.150000000 -13.000000 13.000000 1.000000 0.000000 0.000000 0.000000 1.000000
11.155000000 -13.000000 13.000000 1.000000 0.000000 0.000000 0.000000 1.000000
11.160000000 -13.000000 13.000000 1.000000 0.000000 0.000000 0.000000 1.000000
11.165000000 -13.000000 13.000000 1.000000 0.000000 0.000000 0.000000 1.000000
11.170000000 -13.000000 13.000000 1.000000 0.000000 0.000000 0.000000 1.000000
11.175000000 -13.000000 13.000000 1.000000 0.000000 0.000000 0.000000 1.000000
11.180000000 -13.000000 13.000000 1.000000 0.000000 0.000000 0.000000 1.000000
11.185000000 -13.000000 13.000000 1.000000 0.000000 0.000000 0.000000 1.000000
11.190000000 -13.000000 13.000000 1.000000 0.000000 0.000000 0.000000 1.000000
11.195000000 -13.000000 13.000000 1.000000 -0.000000 0.000004 -0.000000 1.000000
11.200000000 -13.000000 13.000000 1.000003 -0.000007 0.000070 -0.000000 1.000000
11.205000000 -13.000000 13.000000 1.000012 -0.000030 0.000289 -0.000001 1.000000
11.210000000 -13.000000 13.000000 1.000031 -0.000077 0.000739 -0.000004 1.000000
11.215000000 -12.999999 13.000000 1.000064 -0.000155 0.001483 -0.000007 0.999999
11.220000000 -12.999998 13.000000 1.000112 -0.000268 0.002574 -0.000013 0.999997
11.225000000 -12.999995 13.000001 1.000178 -0.000420 0.004046 -0.000019 0.999992
11.230000000 -12.999990 13.000001 1.000265 -0.000614 0.005924 -0.000028 0.999982
11.235000000 -12.999982 13.000002 1.000374 -0.000849 0.008220 -0.000038 0.999966
11.240000000 -12.999969 13.000003 1.000507 -0.001126 0.010935 -0.000050 0.999940
11.245000000 -12.999951 13.000005 1.000665 -0.001443 0.014059 -0.000063 0.999900
11.250000000 -12.999925 13.000008 1.000850 -0.001798 0.017574 -0.000076 0.999844
11.255000000 -12.999889 13.000011 1.001063 -0.002187 0.021453 -0.000091 0.999767
11.260000000 -12.999841 13.000016 1.001305 -0.002605 0.025661 -0.000105 0.999667
11.265000000 -12.999780 13.000023 1.001576 -0.003048 0.030157 -0.000119 0.999541
11.270000000 -12.999701 13.000031 1.001878 -0.003511 0.034897 -0.000131 0.999385
11.275000000 -12.999604 13.000041 1.002210 -0.003988 0.039829 -0.000142 0.999199
11.280000000 -12.999484 13.000053 1.002574 -0.004474 0.044901 -0.000150 0.998981
11.285000000 -12.999339 13.000067 1.002970 -0.004961 0.050059 -0.000155 0.998734
11.290000000 -12.999166 13.000085 1.003397 -0.005443 0.055247 -0.000155 0.998458
11.295000000 -12.998963 13.000105 1.003857 -0.005916 0.060409 -0.000150 0.998156
11.300000000 -12.998726 13.000129 1.004349 -0.006373 0.065490 -0.000138 0.997833
11.305000000 -12.998452 13.000156 1.004872 -0.006808 0.070437 -0.000120 0.997493
11.310000000 -12.998139 13.000187 1.005428 -0.007216 0.075200 -0.000092 0.997142
11.315000000 -12.997784 13.000222 1.006016 -0.007592 0.079731 -0.000055 0.996788
11.320000000 -12.997385 13.000262 1.006635 -0.007933 0.083987 -0.000006 0.996435
11.325000000 -12.996938 13.000305 1.007286 -0.008233 0.087927 0.000054 0.996093
11.330000000 -12.996443 13.000354 1.007967 -0.008490 0.091518 0.000129 0.995767
11.335000000 -12.995896 13.000407 1.008680 -0.008701 0.094729 0.000218 0.995465
11.340000000 -12.995296 13.000465 1.009422 -0.008865 0.097539 0.000323 0.995192
11.345000000 -12.994642 13.000528 1.010195 -0.008979 0.099927 0.000445 0.994954
11.350000000 -12.993932 13.000596 1.010997 -0.009043 0.101879 0.000585 0.994756
11.355000000 -12.993166 13.000669 1.011828 -0.009056 0.103386 0.000745 0.994600
11.360000000 -12.992342 13.000747 1.012689 -0.009019 0.104446 0.000927 0.994489
11.365000000 -12.991459 13.000830 1.013578 -0.008932 0.105061 0.001132 0.994425
11.370000000 -12.990518 13.000918 1.014495 -0.008796 0.105236 0.001362 0.994407
11.375000000 -12.989519 13.001012 1.015441 -0.008613 0.104984 0.001618 0.994435
11.380000000 -12.988461 13.001110 1.016415 -0.008385 0.104320 0.001902 0.994507
11.385000000 -12.987346 13.001213 1.017417 -0.008116 0.103264 0.002214 0.994618
11.390000000 -12.986173 13.001320 1.018447 -0.007806 0.101838 0.002556 0.994767
11.395000000 -12.984944 13.001432 1.019505 -0.007461 0.100070 0.002929 0.994948
11.400000000 -12.983659 13.001548 1.020590 -0.007084 0.097988 0.003334 0.995157
11.405000000 -12.982320 13.001669 1.021703 -0.006677 0.095624 0.003773 0.995388
11.410000000 -12.980928 13.001793 1.022844 -0.006246 0.093009 0.004245 0.995637
11.415000000 -12.979485 13.001921 1.024013 -0.005793 0.090180 0.004753 0.995897
11.420000000 -12.977992 13.002052 1.025211 -0.005323 0.087170 0.005296 0.996165
11.425000000 -12.976451 13.002187 1.026436 -0.004841 0.084018 0.005877 0.996435
11.430000000 -12.974863 13.002324 1.027689 -0.004350 0.080756 0.006495 0.996703
11.435000000 -12.973231 13.002465 1.028971 -0.003853 0.077423 0.007151 0.996965
11.440000000 -12.971556 13.002607 1.030282 -0.003356 0.074052 0.007847 0.997218
11.445000000 -12.969840 13.002752 1.031621 -0.002862 0.070677 0.008581 0.997458
11.450000000 -12.968086 13.002899 1.032990 -0.002374 0.067330 0.009355 0.997684
11.455000000 -12.966294 13.003047 1.034387 -0.001895 0.064041 0.010169 0.997894
11.460000000 -12.964467 13.003197 1.035813 -0.001429 0.060838 0.011023 0.998086
11.465000000 -12.962606 13.003348 1.037269 -0.000979 0.057745 0.011918 0.998260
11.470000000 -12.960714 13.003500 1.038754 -0.000546 0.054784 0.012853 0.998415
11.475000000 -12.958792 13.003652 1.040268 -0.000133 0.051977 0.013828 0.998553
11.480000000 -12.956841 13.003805 1.041811 0.000258 0.049339 0.014844 0.998672
11.485000000 -12.954862 13.003958 1.043383 0.000626 0.046886 0.015900 0.998773
11.490000000 -12.952859 13.004112 1.044985 0.000970 0.044628 0.016997 0.998859
11.495000000 -12.950830 13.004265 1.046616 0.001288 0.042574 0.018133 0.998928
11.500000000 -12.948779 13.004418 1.048277 0.001581 0.040728 0.019308 0.998982
11.505000000 -12.946705 13.004570 1.049966 0.001849 0.039095 0.020523 0.999023
11.510000000 -12.944609 13.004722 1.051685 0.002092 0.037672 0.021777 0.999051
11.515000000 -12.942493 13.004873 1.053432 0.002310 0.036457 0.023070 0.999066
11.520000000 -12.940357 13.005023 1.055208 0.002504 0.035445 0.024401 0.999071
11.525000000 -12.938202 13.005173 1.057014 0.002676 0.034628 0.025770 0.999064
11.530000000 -12.936028 13.005321 1.058847 0.002827 0.033995 0.027175 0.999048
11.535000000 -12.933835 13.005469 1.060709 0.002958 0.033536 0.028617 0.999023
11.540000000 -12.931624 13.005615 1.062600 0.003072 0.033237 0.030094 0.998990
11.545000000 -12.929395 13.005760 1.064518 0.003171 0.033084 0.031607 0.998948
11.550000000 -12.927148 13.005904 1.066465 0.003256 0.033061 0.033155 0.998898
11.555000000 -12.924883 13.006047 1.068439 0.003330 0.033152 0.034736 0.998841
11.560000000 -12.922599 13.006188 1.070441 0.003395 0.033340 0.036350 0.998777
11.565000000 -12.920298 13.006329 1.072470 0.003454 0.033607 0.037995 0.998707
11.570000000 -12.917978 13.006468 1.074527 0.003508 0.033937 0.039672 0.998630
11.575000000 -12.915640 13.006606 1.076610 0.003560 0.034313 0.041379 0.998548
11.580000000 -12.913284 13.006743 1.078721 0.003613 0.034718 0.043117 0.998460
11.585000000 -12.910908 13.006878 1.080858 0.003667 0.035136 0.044883 0.998367
11.590000000 -12.908513 13.007013 1.083022 0.003726 0.035551 0.046678 0.998270
11.595000000 -12.906100 13.007146 1.085213 0.003792 0.035950 0.048500 0.998169
11.600000000 -12.903666 13.007279 1.087430 0.003865 0.036319 0.050349 0.998064
11.605000000 -12.901213 13.007410 1.089673 0.003947 0.036646 0.052225 0.997955
11.610000000 -12.898740 13.007540 1.091942 0.004039 0.036919 0.054127 0.997843
11.615000000 -12.896247 13.007669 1.094237 0.004143 0.037130 0.056053 0.997729
11.620000000 -12.893735 13.007796 1.096558 0.004259 0.037269 0.058003 0.997611
11.625000000 -12.891201 13.007923 1.098904 0.004388 0.037331 0.059977 0.997492
11.630000000 -12.888648 13.008049 1.101276 0.004528 0.037309 0.061974 0.997370
11.635000000 -12.886075 13.008173 1.103672 0.004681 0.037199 0.063993 0.997246
11.640000000 -12.883481 13.008296 1.106094 0.004845 0.037000 0.066034 0.997119
11.645000000 -12.880868 13.008418 1.108540 0.005019 0.036711 0.068095 0.996991
11.650000000 -12.878235 13.008538 1.111010 0.005201 0.036331 0.070177 0.996859
11.655000000 -12.875582 13.008657 1.113504 0.005390 0.035863 0.072277 0.996725
11.660000000 -12.872910 13.008774 1.116022 0.005583 0.035310 0.074395 0.996588
11.665000000 -12.870219 13.008890 1.118563 0.005779 0.034676 0.076531 0.996447
11.670000000 -12.867510 13.009004 1.121127 0.005976 0.033966 0.078684 0.996303
11.675000000 -12.864782 13.009117 1.123713 0.006171 0.033187 0.080852 0.996154
11.680000000 -12.862036 13.009227 1.126321 0.006361 0.032346 0.083036 0.996001
11.685000000 -12.859273 13.009336 1.128952 0.006545 0.031450 0.085235 0.995843
11.690000000 -12.856494 13.009442 1.131603 0.006721 0.030507 0.087447 0.995679
11.695000000 -12.853698 13.009546 1.134276 0.006885 0.029527 0.089672 0.995510
11.700000000 -12.850886 13.009648 1.136970 0.007036 0.028516 0.091909 0.995334
11.705000000 -12.848059 13.009748 1.139684 0.007172 0.027484 0.094158 0.995152
11.710000000 -12.845217 13.009845 1.142418 0.007291 0.026438 0.096417 0.994963
11.715000000 -12.842362 13.009940 1.145172 0.007392 0.025387 0.098686 0.994767
11.720000000 -12.839492 13.010032 1.147944 0.007472 0.024340 0.100964 0.994564
11.725000000 -12.836610 13.010122 1.150736 0.007532 0.023305 0.103250 0.994354
11.730000000 -12.833715 13.010209 1.153546 0.007569 0.022288 0.105543 0.994136
11.735000000 -12.830809 13.010293 1.156375 0.007583 0.021297 0.107845 0.993911
11.740000000 -12.827891 13.010374 1.159221 0.007574 0.020338 0.110153 0.993678
11.745000000 -12.824962 13.010453 1.162085 0.007542 0.019417 0.112468 0.993437
11.750000000 -12.822023 13.010529 1.164966 0.007486 0.018539 0.114788 0.993189
11.755000000 -12.819074 13.010602 1.167863 0.007407 0.017709 0.117114 0.992933
11.760000000 -12.816116 13.010672 1.170777 0.007306 0.016931 0.119445 0.992670
11.765000000 -12.813149 13.010739 1.173707 0.007183 0.016207 0.121779 0.992399
11.770000000 -12.810173 13.010804 1.176652 0.007040 0.015539 0.124117 0.992121
11.775000000 -12.807189 13.010866 1.179613 0.006877 0.014930 0.126457 0.991836
11.780000000 -12.804197 13.010926 1.182589 0.006696 0.014379 0.128799 0.991544
11.785000000 -12.801197 13.010983 1.185579 0.006498 0.013887 0.131141 0.991245
11.790000000 -12.798191 13.011038 1.188584 0.006286 0.013454 0.133482 0.990940
11.795000000 -12.795177 13.011090 1.191602 0.006060 0.013077 0.135822 0.990628
11.800000000 -12.792156 13.011140 1.194634 0.005823 0.012756 0.138160 0.990311
11.805000000 -12.789128 13.011188 1.197679 0.005576 0.012487 0.140495 0.989987
11.810000000 -12.786094 13.011234 1.200737 0.005322 0.012269 0.142827 0.989657
11.815000000 -12.783054 13.011279 1.203808 0.005063 0.012097 0.145154 0.989322
11.820000000 -12.780007 13.011321 1.206890 0.004799 0.011969 0.147475 0.988982
11.825000000 -12.776954 13.011362 1.209985 0.004534 0.011880 0.149791 0.988636
11.830000000 -12.773895 13.011402 1.213090 0.004268 0.011827 0.152099 0.988285
11.835000000 -12.770830 13.011440 1.216207 0.004004 0.011805 0.154399 0.987930
11.840000000 -12.767759 13.011478 1.219335 0.003743 0.011809 0.156691 0.987570
11.845000000 -12.764682 13.011514 1.222474 0.003487 0.011835 0.158972 0.987206
11.850000000 -12.761599 13.011550 1.225622 0.003237 0.011879 0.161242 0.986838
11.855000000 -12.758510 13.011585 1.228780 0.002994 0.011935 0.163501 0.986466
11.860000000 -12.755416 13.011619 1.231948 0.002759 0.012001 0.165746 0.986092
11.865000000 -12.752315 13.011653 1.235125 0.002533 0.012071 0.167979 0.985713
11.870000000 -12.749208 13.011687 1.238311 0.002317 0.012142 0.170196 0.985333
11.875000000 -12.746095 13.011721 1.241505 0.002111 0.012209 0.172398 0.984949
11.880000000 -12.742976 13.011754 1.244707 0.001916 0.012270 0.174584 0.984564
11.885000000 -12.739851 13.011788 1.247918 0.001731 0.012321 0.176753 0.984177
11.890000000 -12.736721 13.011822 1.251136 0.001557 0.012359 0.178904 0.983788
11.895000000 -12.733584 13.011857 1.254361 0.001393 0.012382 0.181036 0.983397
11.900000000 -12.730441 13.011892 1.257594 0.001240 0.012387 0.183149 0.983006
11.905000000 -12.727292 13.011927 1.260833 0.001096 0.012373 0.185242 0.982614
11.910000000 -12.724138 13.011963 1.264078 0.000961 0.012338 0.187314 0.982222
11.915000000 -12.720977 13.012000 1.267330 0.000834 0.012280 0.189364 0.981830
11.920000000 -12.717811 13.012037 1.270587 0.000715 0.012201 0.191392 0.981438
11.925000000 -12.714639 13.012075 1.273850 0.000602 0.012098 0.193397 0.981046
11.930000000 -12.711461 13.012114 1.277118 0.000495 0.011973 0.195379 0.980655
11.935000000 -12.708278 13.012154 1.280390 0.000393 0.011826 0.197337 0.980264
11.940000000 -12.705089 13.012195 1.283668 0.000293 0.011657 0.199271 0.979875
11.945000000 -12.701894 13.012237 1.286950 0.000197 0.011468 0.201179 0.979487
11.950000000 -12.698695 13.012280 1.290236 0.000101 0.011261 0.203063 0.979101
11.955000000 -12.695490 13.012325 1.293526 0.000006 0.011037 0.204919 0.978717
11.960000000 -12.692280 13.012370 1.296819 -0.000090 0.010797 0.206750 0.978334
11.965000000 -12.689065 13.012416 1.300116 -0.000188 0.010545 0.208552 0.977954
11.970000000 -12.685846 13.012464 1.303416 -0.000289 0.010280 0.210328 0.977577
11.975000000 -12.682621 13.012513 1.306718 -0.000394 0.010007 0.212075 0.977202
11.980000000 -12.679392 13.012563 1.310024 -0.000503 0.009725 0.213793 0.976831
11.985000000 -12.676159 13.012614 1.313331 -0.000618 0.009437 0.215481 0.976462
11.990000000 -12.672922 13.012667 1.316640 -0.000738 0.009146 0.217140 0.976097
11.995000000 -12.669681 13.012721 1.319951 -0.000866 0.008854 0.218768 0.975736
12.000000000 -12.666436 13.012776 1.323264 -0.001001 0.008564 0.220365 0.975379
12.005000000 -12.663187 13.012833 1.326578 -0.001143 0.008277 0.221932 0.975026
12.010000000 -12.659934 13.012891 1.329892 -0.001293 0.007995 0.223467 0.974678
12.015000000 -12.656679 13.012951 1.333208 -0.001451 0.007721 0.224971 0.974334
12.020000000 -12.653420 13.013012 1.336524 -0.001617 0.007456 0.226442 0.973995
12.025000000 -12.650158 13.013075 1.339841 -0.001791 0.007202 0.227881 0.973661
12.030000000 -12.646893 13.013139 1.343157 -0.001973 0.006960 0.229288 0.973332
12.035000000 -12.643625 13.013205 1.346473 -0.002163 0.006731 0.230661 0.973009
12.040000000 -12.640355 13.013273 1.349789 -0.002360 0.006515 0.232001 0.972691
12.045000000 -12.637082 13.013343 1.353104 -0.002565 0.006313 0.233307 0.972379
12.050000000 -12.633807 13.013415 1.356418 -0.002776 0.006126 0.234579 0.972074
12.055000000 -12.630529 13.013489 1.359731 -0.002993 0.005954 0.235816 0.971775
12.060000000 -12.627250 13.013565 1.363042 -0.003216 0.005798 0.237020 0.971482
12.065000000 -12.623968 13.013643 1.366352 -0.003443 0.005658 0.238188 0.971196
12.070000000 -12.620684 13.013723 1.369660 -0.003673 0.005532 0.239321 0.970918
12.075000000 -12.617399 13.013806 1.372966 -0.003905 0.005421 0.240420 0.970646
12.080000000 -12.614112 13.013891 1.376270 -0.004136 0.005325 0.241482 0.970382
12.085000000 -12.610823 13.013979 1.379572 -0.004364 0.005242 0.242509 0.970125
12.090000000 -12.607532 13.014069 1.382871 -0.004588 0.005174 0.243501 0.969876
12.095000000 -12.604240 13.014162 1.386168 -0.004805 0.005118 0.244456 0.969635
12.100000000 -12.600946 13.014259 1.389463 -0.005014 0.005074 0.245376 0.969402
12.105000000 -12.597651 13.014358 1.392756 -0.005212 0.005042 0.246260 0.969177
12.110000000 -12.594355 13.014460 1.396046 -0.005398 0.005020 0.247107 0.968960
12.115000000 -12.591057 13.014565 1.399334 -0.005569 0.005008 0.247919 0.968752
12.120000000 -12.587757 13.014673 1.402619 -0.005725 0.005003 0.248695 0.968552
12.125000000 -12.584457 13.014785 1.405901 -0.005863 0.005006 0.249435 0.968361
12.130000000 -12.581155 13.014900 1.409181 -0.005982 0.005014 0.250139 0.968179
12.135000000 -12.577852 13.015019 1.412458 -0.006081 0.005026 0.250806 0.968005
12.140000000 -12.574547 13.015141 1.415733 -0.006160 0.005043 0.251438 0.967841
12.145000000 -12.571241 13.015266 1.419005 -0.006218 0.005063 0.252034 0.967685
12.150000000 -12.567934 13.015395 1.422275 -0.006253 0.005086 0.252594 0.967539
12.155000000 -12.564626 13.015528 1.425542 -0.006267 0.005110 0.253119 0.967401
12.160000000 -12.561316 13.015664 1.428806 -0.006259 0.005134 0.253607 0.967273
12.165000000 -12.558005 13.015803 1.432068 -0.006229 0.005159 0.254061 0.967154
12.170000000 -12.554693 13.015947 1.435327 -0.006178 0.005181 0.254479 0.967045
12.175000000 -12.551379 13.016093 1.438584 -0.006106 0.005202 0.254862 0.966944
12.180000000 -12.548064 13.016244 1.441838 -0.006015 0.005220 0.255209 0.966853
12.185000000 -12.544748 13.016397 1.445090 -0.005906 0.005233 0.255523 0.966771
12.190000000 -12.541430 13.016554 1.448339 -0.005780 0.005243 0.255801 0.966698
12.195000000 -12.538111 13.016715 1.451585 -0.005638 0.005248 0.256046 0.966634
12.200000000 -12.534790 13.016879 1.454829 -0.005481 0.005248 0.256256 0.966579
12.205000000 -12.531468 13.017046 1.458071 -0.005312 0.005243 0.256433 0.966533
12.210000000 -12.528145 13.017216 1.461310 -0.005131 0.005234 0.256576 0.966496
12.215000000 -12.524820 13.017389 1.464546 -0.004941 0.005220 0.256686 0.966468
12.220000000 -12.521493 13.017565 1.467780 -0.004744 0.005200 0.256763 0.966449
12.225000000 -12.518165 13.017744 1.471012 -0.004539 0.005176 0.256807 0.966438
12.230000000 -12.514836 13.017926 1.474241 -0.004331 0.005147 0.256818 0.966436
12.235000000 -12.511505 13.018110 1.477467 -0.004120 0.005114 0.256798 0.966443
12.240000000 -12.508172 13.018297 1.480692 -0.003907 0.005076 0.256746 0.966458
12.245000000 -12.504838 13.018486 1.483913 -0.003695 0.005034 0.256662 0.966481
12.250000000 -12.501502 13.018678 1.487132 -0.003485 0.004988 0.256548 0.966512
12.255000000 -12.498164 13.018872 1.490349 -0.003278 0.004939 0.256404 0.966552
12.260000000 -12.494826 13.019068 1.493564 -0.003075 0.004886 0.256229 0.966599
12.265000000 -12.491485 13.019266 1.496776 -0.002879 0.004831 0.256026 0.966654
12.270000000 -12.488143 13.019466 1.499985 -0.002689 0.004774 0.255793 0.966716
12.275000000 -12.484799 13.019668 1.503192 -0.002507 0.004716 0.255532 0.966786
12.280000000 -12.481454 13.019872 1.506397 -0.002333 0.004656 0.255242 0.966863
12.285000000 -12.478107 13.020077 1.509599 -0.002167 0.004597 0.254925 0.966947
12.290000000 -12.474759 13.020284 1.512799 -0.002011 0.004538 0.254581 0.967039
12.295000000 -12.471409 13.020492 1.515996 -0.001865 0.004480 0.254210 0.967137
12.300000000 -12.468058 13.020702 1.519191 -0.001729 0.004423 0.253812 0.967242
12.305000000 -12.464705 13.020913 1.522384 -0.001602 0.004367 0.253389 0.967353
12.310000000 -12.461350 13.021126 1.525574 -0.001485 0.004313 0.252941 0.967471
12.315000000 -12.457994 13.021339 1.528761 -0.001378 0.004261 0.252468 0.967595
12.320000000 -12.454637 13.021554 1.531947 -0.001280 0.004211 0.251970 0.967725
12.325000000 -12.451278 13.021770 1.535130 -0.001192 0.004164 0.251449 0.967861
12.330000000 -12.447917 13.021987 1.538310 -0.001111 0.004119 0.250905 0.968002
12.335000000 -12.444555 13.022205 1.541488 -0.001039 0.004077 0.250339 0.968149
12.340000000 -12.441192 13.022424 1.544663 -0.000974 0.004039 0.249750 0.968301
12.345000000 -12.437827 13.022643 1.547836 -0.000916 0.004003 0.249140 0.968459
12.350000000 -12.434461 13.022864 1.551007 -0.000864 0.003970 0.248509 0.968621
12.355000000 -12.431093 13.023086 1.554174 -0.000816 0.003940 0.247859 0.968788
12.360000000 -12.427724 13.023308 1.557340 -0.000774 0.003912 0.247188 0.968959
12.365000000 -12.424353 13.023531 1.560503 -0.000735 0.003887 0.246499 0.969135
12.370000000 -12.420981 13.023755 1.563663 -0.000699 0.003865 0.245791 0.969315
12.375000000 -12.417608 13.023980 1.566821 -0.000665 0.003846 0.245065 0.969499
12.380000000 -12.414233 13.024205 1.569976 -0.000632 0.003829 0.244322 0.969686
12.385000000 -12.410857 13.024432 1.573129 -0.000600 0.003815 0.243562 0.969878
12.390000000 -12.407480 13.024659 1.576279 -0.000567 0.003803 0.242786 0.970072
12.395000000 -12.404101 13.024886 1.579426 -0.000534 0.003793 0.241994 0.970270
12.400000000 -12.400721 13.025115 1.582571 -0.000499 0.003786 0.241187 0.970471
12.405000000 -12.397339 13.025344 1.585713 -0.000462 0.003779 0.240366 0.970675
12.410000000 -12.393956 13.025573 1.588853 -0.000423 0.003774 0.239531 0.970881
12.415000000 -12.390571 13.025803 1.591990 -0.000381 0.003769 0.238682 0.971090
12.420000000 -12.387186 13.026034 1.595124 -0.000336 0.003766 0.237820 0.971302
12.425000000 -12.383798 13.026266 1.598256 -0.000287 0.003763 0.236946 0.971515
12.430000000 -12.380410 13.026498 1.601384 -0.000234 0.003760 0.236061 0.971731
12.435000000 -12.377020 13.026730 1.604510 -0.000178 0.003758 0.235164 0.971948
12.440000000 -12.373628 13.026963 1.607634 -0.000117 0.003755 0.234256 0.972168
12.445000000 -12.370235 13.027196 1.610754 -0.000052 0.003753 0.233339 0.972388
12.450000000 -12.366841 13.027430 1.613872 0.000016 0.003749 0.232412 0.972610
12.455000000 -12.363445 13.027664 1.616987 0.000089 0.003745 0.231476 0.972833
12.460000000 -12.360048 13.027899 1.620099 0.000165 0.003739 0.230531 0.973058
12.465000000 -12.356649 13.028134 1.623208 0.000245 0.003733 0.229579 0.973283
12.470000000 -12.353249 13.028369 1.626314 0.000328 0.003726 0.228619 0.973509
12.475000000 -12.349848 13.028604 1.629418 0.000415 0.003717 0.227653 0.973735
12.480000000 -12.346445 13.028840 1.632518 0.000504 0.003707 0.226681 0.973962
12.485000000 -12.343040 13.029076 1.635615 0.000595 0.003694 0.225703 0.974189
12.490000000 -12.339634 13.029312 1.638710 0.000689 0.003680 0.224720 0.974416
12.495000000 -12.336227 13.029547 1.641801 0.000784 0.003664 0.223733 0.974643
12.500000000 -12.332818 13.029783 1.644890 0.000880 0.003646 0.222742 0.974870
12.505000000 -12.329408 13.030019 1.647975 0.000978 0.003627 0.221748 0.975097
12.510000000 -12.325996 13.030255 1.651057 0.001077 0.003607 0.220750 0.975323
12.515000000 -12.322582 13.030491 1.654136 0.001177 0.003587 0.219751 0.975549
12.520000000 -12.319168 13.030726 1.657212 0.001278 0.003568 0.218748 0.975774
12.525000000 -12.315751 13.030961 1.660286 0.001380 0.003552 0.217744 0.975998
12.530000000 -12.312334 13.031196 1.663356 0.001483 0.003538 0.216739 0.976222
12.535000000 -12.308914 13.031430 1.666423 0.001588 0.003528 0.215732 0.976445
12.540000000 -12.305494 13.031665 1.669487 0.001693 0.003524 0.214725 0.976667
12.545000000 -12.302071 13.031898 1.672549 0.001801 0.003527 0.213718 0.976887
12.550000000 -12.298647 13.032131 1.675608 0.001910 0.003539 0.212710 0.977107
12.555000000 -12.295222 13.032364 1.678664 0.002021 0.003559 0.211702 0.977326
12.560000000 -12.291795 13.032596 1.681717 0.002134 0.003591 0.210694 0.977543
12.565000000 -12.288367 13.032827 1.684768 0.002249 0.003633 0.209687 0.977759
12.570000000 -12.284937 13.033058 1.687816 0.002367 0.003686 0.208681 0.977974
12.575000000 -12.281505 13.033287 1.690861 0.002486 0.003751 0.207676 0.978187
12.580000000 -12.278071 13.033516 1.693904 0.002607 0.003828 0.206673 0.978399
12.585000000 -12.274636 13.033744 1.696945 0.002731 0.003918 0.205671 0.978610
12.590000000 -12.271199 13.033972 1.699983 0.002857 0.004022 0.204671 0.978818
12.595000000 -12.267760 13.034198 1.703019 0.002986 0.004139 0.203672 0.979026
12.600000000 -12.264320 13.034423 1.706053 0.003117 0.004270 0.202676 0.979232
12.605000000 -12.260877 13.034647 1.709084 0.003250 0.004414 0.201682 0.979436
12.610000000 -12.257432 13.034870 1.712113 0.003386 0.004572 0.200690 0.979638
12.615000000 -12.253985 13.035091 1.715140 0.003523 0.004741 0.199700 0.979839
12.620000000 -12.250536 13.035312 1.718165 0.003663 0.004922 0.198713 0.980039
12.625000000 -12.247084 13.035531 1.721188 0.003804 0.005114 0.197729 0.980236
12.630000000 -12.243630 13.035749 1.724209 0.003947 0.005314 0.196748 0.980432
12.635000000 -12.240173 13.035965 1.727229 0.004090 0.005524 0.195769 0.980626
12.640000000 -12.236714 13.036180 1.730246 0.004236 0.005743 0.194794 0.980818
12.645000000 -12.233252 13.036394 1.733261 0.004382 0.005969 0.193822 0.981009
12.650000000 -12.229787 13.036606 1.736275 0.004528 0.006201 0.192852 0.981198
12.655000000 -12.226319 13.036816 1.739287 0.004676 0.006438 0.191886 0.981385
12.660000000 -12.222847 13.037025 1.742298 0.004824 0.006681 0.190922 0.981571
12.665000000 -12.219373 13.037232 1.745307 0.004972 0.006927 0.189961 0.981755
12.670000000 -12.215895 13.037437 1.748314 0.005120 0.007175 0.189002 0.981937
12.675000000 -12.212413 13.037640 1.751320 0.005267 0.007425 0.188047 0.982118
12.680000000 -12.208928 13.037842 1.754325 0.005415 0.007676 0.187093 0.982297
12.685000000 -12.205439 13.038041 1.757328 0.005562 0.007926 0.186142 0.982475
12.690000000 -12.201946 13.038239 1.760330 0.005708 0.008175 0.185193 0.982652
12.695000000 -12.198448 13.038435 1.763330 0.005853 0.008422 0.184247 0.982827
12.700000000 -12.194947 13.038628 1.766330 0.005996 0.008665 0.183302 0.983000
12.705000000 -12.191441 13.038820 1.769328 0.006139 0.008905 0.182360 0.983172
12.710000000 -12.187931 13.039009 1.772325 0.006280 0.009140 0.181419 0.983343
12.715000000 -12.184416 13.039196 1.775321 0.006419 0.009370 0.180480 0.983513
12.720000000 -12.180897 13.039381 1.778316 0.006557 0.009595 0.179543 0.983682
12.725000000 -12.177372 13.039563 1.781310 0.006693 0.009814 0.178606 0.983849
12.730000000 -12.173843 13.039743 1.784303 0.006827 0.010026 0.177671 0.984015
12.735000000 -12.170308 13.039921 1.787295 0.006959 0.010231 0.176737 0.984180
12.740000000 -12.166769 13.040096 1.790287 0.007089 0.010429 0.175804 0.984344
12.745000000 -12.163224 13.040268 1.793277 0.007218 0.010620 0.174871 0.984508
12.750000000 -12.159674 13.040438 1.796267 0.007344 0.010804 0.173939 0.984670
12.755000000 -12.156118 13.040605 1.799256 0.007468 0.010981 0.173007 0.984831
12.760000000 -12.152556 13.040770 1.802244 0.007591 0.011151 0.172075 0.984991
12.765000000 -12.148989 13.040932 1.805232 0.007712 0.011314 0.171142 0.985151
12.770000000 -12.145417 13.041091 1.808219 0.007830 0.011470 0.170209 0.985310
12.775000000 -12.141838 13.041247 1.811206 0.007948 0.011620 0.169275 0.985468
12.780000000 -12.138254 13.041401 1.814192 0.008063 0.011764 0.168339 0.985626
12.785000000 -12.134663 13.041551 1.817177 0.008177 0.011902 0.167402 0.985783
12.790000000 -12.131067 13.041699 1.820162 0.008290 0.012035 0.166464 0.985939
12.795000000 -12.127464 13.041843 1.823147 0.008401 0.012164 0.165523 0.986095
12.800000000 -12.123855 13.041984 1.826131 0.008511 0.012289 0.164580 0.986250
12.805000000 -12.120240 13.042123 1.829115 0.008620 0.012412 0.163634 0.986405
12.810000000 -12.116619 13.042258 1.832099 0.008729 0.012532 0.162686 0.986560
12.815000000 -12.112991 13.042389 1.835082 0.008837 0.012652 0.161734 0.986714
12.820000000 -12.109356 13.042518 1.838066 0.008944 0.012770 0.160778 0.986867
12.825000000 -12.105716 13.042643 1.841049 0.009051 0.012888 0.159818 0.987021
12.830000000 -12.102068 13.042765 1.844032 0.009158 0.013005 0.158854 0.987174
12.835000000 -12.098414 13.042883 1.847015 0.009264 0.013122 0.157886 0.987327
12.840000000 -12.094753 13.042998 1.849998 0.009370 0.013239 0.156913 0.987479
12.845000000 -12.091086 13.043109 1.852981 0.009475 0.013357 0.155935 0.987632
12.850000000 -12.087411 13.043217 1.855964 0.009581 0.013475 0.154952 0.987784
12.855000000 -12.083730 13.043321 1.858947 0.009686 0.013594 0.153964 0.987935
12.860000000 -12.080042 13.043421 1.861930 0.009791 0.013713 0.152970 0.988087
12.865000000 -12.076347 13.043518 1.864913 0.009895 0.013834 0.151970 0.988239
12.870000000 -12.072644 13.043611 1.867896 0.010000 0.013957 0.150964 0.988390
12.875000000 -12.068935 13.043700 1.870880 0.010104 0.014081 0.149951 0.988542
12.880000000 -12.065218 13.043785 1.873864 0.010209 0.014207 0.148930 0.988693
12.885000000 -12.061494 13.043866 1.876848 0.010313 0.014336 0.147903 0.988844
12.890000000 -12.057763 13.043943 1.879832 0.010418 0.014468 0.146867 0.988996
12.895000000 -12.054024 13.044016 1.882817 0.010523 0.014603 0.145824 0.989147
12.900000000 -12.050278 13.044085 1.885802 0.010627 0.014741 0.144773 0.989298
12.905000000 -12.046524 13.044150 1.888788 0.010732 0.014881 0.143713 0.989449
12.910000000 -12.042763 13.044211 1.891774 0.010837 0.015024 0.142645 0.989601
12.915000000 -12.038994 13.044268 1.894761 0.010942 0.015170 0.141568 0.989752
12.920000000 -12.035217 13.044320 1.897748 0.011046 0.015317 0.140482 0.989903
12.925000000 -12.031432 13.044368 1.900736 0.011151 0.015467 0.139388 0.990054
12.930000000 -12.027640 13.044411 1.903724 0.011255 0.015618 0.138284 0.990206
12.935000000 -12.023839 13.044450 1.906713 0.011358 0.015769 0.137171 0.990357
12.940000000 -12.020031 13.044485 1.909703 0.011461 0.015921 0.136049 0.990508
12.945000000 -12.016214 13.044515 1.912693 0.011563 0.016072 0.134916 0.990659
12.950000000 -12.012389 13.044541 1.915684 0.011664 0.016220 0.133774 0.990810
12.955000000 -12.008556 13.044562 1.918676 0.011765 0.016363 0.132622 0.990962
12.960000000 -12.004714 13.044578 1.921668 0.011863 0.016501 0.131461 0.991113
12.965000000 -12.000864 13.044589 1.924661 0.011960 0.016630 0.130289 0.991264
12.970000000 -11.997005 13.044596 1.927655 0.012056 0.016752 0.129106 0.991416
12.975000000 -11.993138 13.044598 1.930649 0.012150 0.016863 0.127914 0.991568
12.980000000 -11.989263 13.044595 1.933644 0.012241 0.016962 0.126710 0.991719
12.985000000 -11.985378 13.044587 1.936640 0.012331 0.017049 0.125496 0.991871
12.990000000 -11.981485 13.044574 1.939636 0.012418 0.017121 0.124271 0.992023
12.995000000 -11.977584 13.044556 1.942633 0.012503 0.017179 0.123035 0.992175
13.000000000 -11.973673 13.044533 1.945630 0.012586 0.017221 0.121788 0.992327
13.005000000 -11.969754 13.044505 1.948628 0.012666 0.017248 0.120530 0.992479
13.010000000 -11.965826 13.044472 1.951627 0.012745 0.017259 0.119261 0.992631
13.015000000 -11.961889 13.044433 1.954626 0.012821 0.017253 0.117981 0.992783
13.020000000 -11.957944 13.044390 1.957626 0.012895 0.017231 0.116688 0.992935
13.025000000 -11.953990 13.044341 1.960626 0.012967 0.017194 0.115385 0.993087
13.030000000 -11.950027 13.044286 1.963627 0.013038 0.017140 0.114070 0.993239
13.035000000 -11.946055 13.044226 1.966628 0.013107 0.017072 0.112743 0.993391
13.040000000 -11.942075 13.044161 1.969630 0.013174 0.016989 0.111404 0.993543
13.045000000 -11.938086 13.044090 1.972632 0.013241 0.016892 0.110053 0.993694
13.050000000 -11.934088 13.044014 1.975635 0.013306 0.016782 0.108691 0.993845
13.055000000 -11.930082 13.043932 1.978638 0.013370 0.016659 0.107316 0.993995
13.060000000 -11.926068 13.043844 1.981642 0.013433 0.016524 0.105931 0.994145
13.065000000 -11.922045 13.043751 1.984647 0.013495 0.016378 0.104533 0.994295
13.070000000 -11.918014 13.043652 1.987651 0.013557 0.016222 0.103125 0.994444
13.075000000 -11.913975 13.043547 1.990656 0.013619 0.016057 0.101706 0.994592
13.080000000 -11.909928 13.043436 1.993662 0.013680 0.015884 0.100276 0.994739
13.085000000 -11.905872 13.043320 1.996668 0.013740 0.015704 0.098836 0.994885
13.090000000 -11.901809 13.043197 1.999674 0.013801 0.015517 0.097386 0.995030
13.095000000 -11.897738 13.043069 2.002680 0.013861 0.015324 0.095925 0.995174
13.100000000 -11.893659 13.042934 2.005687 0.013921 0.015127 0.094455 0.995317
13.105000000 -11.889573 13.042793 2.008694 0.013982 0.014927 0.092976 0.995458
13.110000000 -11.885479 13.042646 2.011701 0.014042 0.014724 0.091488 0.995598
13.115000000 -11.881378 13.042493 2.014708 0.014103 0.014520 0.089991 0.995737
13.120000000 -11.877269 13.042334 2.017716 0.014165 0.014316 0.088485 0.995874
13.125000000 -11.873154 13.042168 2.020724 0.014227 0.014113 0.086971 0.996009
13.130000000 -11.869031 13.041996 2.023732 0.014290 0.013912 0.085449 0.996143
13.135000000 -11.864901 13.041818 2.026740 0.014354 0.013716 0.083920 0.996275
13.140000000 -11.860764 13.041633 2.029748 0.014419 0.013524 0.082383 0.996405
13.145000000 -11.856621 13.041442 2.032757 0.014486 0.013339 0.080839 0.996533
13.150000000 -11.852471 13.041244 2.035765 0.014554 0.013159 0.079288 0.996659
13.155000000 -11.848314 13.041039 2.038774 0.014623 0.012987 0.077730 0.996783
13.160000000 -11.844151 13.040828 2.041783 0.014695 0.012823 0.076166 0.996904
13.165000000 -11.839982 13.040611 2.044792 0.014767 0.012668 0.074596 0.997024
13.170000000 -11.835806 13.040386 2.047801 0.014842 0.012521 0.073021 0.997141
13.175000000 -11.831624 13.040155 2.050811 0.014918 0.012382 0.071440 0.997256
13.180000000 -11.827436 13.039916 2.053820 0.014995 0.012251 0.069855 0.997369
13.185000000 -11.823242 13.039671 2.056829 0.015073 0.012128 0.068266 0.997480
13.190000000 -11.819042 13.039419 2.059839 0.015153 0.012012 0.066673 0.997587
13.195000000 -11.814836 13.039160 2.062848 0.015234 0.011904 0.065077 0.997693
13.200000000 -11.810624 13.038894 2.065858 0.015315 0.011802 0.063478 0.997796
13.205000000 -11.806407 13.038621 2.068867 0.015397 0.011707 0.061877 0.997896
13.210000000 -11.802183 13.038340 2.071876 0.015481 0.011617 0.060273 0.997994
13.215000000 -11.797954 13.038053 2.074886 0.015564 0.011533 0.058668 0.998090
13.220000000 -11.793720 13.037758 2.077895 0.015648 0.011454 0.057062 0.998182
13.225000000 -11.789479 13.037455 2.080904 0.015733 0.011378 0.055454 0.998272
13.230000000 -11.785234 13.037146 2.083913 0.015817 0.011306 0.053846 0.998360
13.235000000 -11.780982 13.036829 2.086922 0.015902 0.011236 0.052238 0.998445
13.240000000 -11.776726 13.036504 2.089930 0.015987 0.011168 0.050631 0.998527
13.245000000 -11.772464 13.036172 2.092939 0.016071 0.011102 0.049024 0.998607
13.250000000 -11.768196 13.035833 2.095947 0.016156 0.011037 0.047419 0.998683
13.255000000 -11.763923 13.035485 2.098955 0.016240 0.010974 0.045816 0.998758
13.260000000 -11.759645 13.035130 2.101963 0.016324 0.010911 0.044214 0.998829
13.265000000 -11.755362 13.034768 2.104971 0.016409 0.010848 0.042614 0.998898
13.270000000 -11.751074 13.034397 2.107979 0.016492 0.010784 0.041017 0.998964
13.275000000 -11.746780 13.034019 2.110986 0.016576 0.010719 0.039424 0.999028
13.280000000 -11.742482 13.033633 2.113993 0.016659 0.010653 0.037834 0.999088
13.285000000 -11.738178 13.033239 2.117000 0.016742 0.010584 0.036248 0.999147
13.290000000 -11.733869 13.032837 2.120006 0.016825 0.010513 0.034667 0.999202
13.295000000 -11.729556 13.032427 2.123012 0.016907 0.010440 0.033090 0.999255
13.300000000 -11.725237 13.032009 2.126018 0.016989 0.010365 0.031518 0.999305
13.305000000 -11.720914 13.031582 2.129024 0.017071 0.010288 0.029951 0.999353
13.310000000 -11.716586 13.031148 2.132029 0.017154 0.010209 0.028390 0.999398
13.315000000 -11.712253 13.030705 2.135034 0.017236 0.010128 0.026835 0.999440
13.320000000 -11.707915 13.030254 2.138037 0.017311 0.010032 0.025286 0.999480
13.325000000 -11.703573 13.029795 2.141037 0.017371 0.009906 0.023744 0.999518
13.330000000 -11.699226 13.029328 2.144033 0.017408 0.009737 0.022210 0.999554
13.335000000 -11.694875 13.028852 2.147023 0.017415 0.009513 0.020682 0.999589
13.340000000 -11.690520 13.028369 2.150006 0.017388 0.009226 0.019162 0.999623
13.345000000 -11.686161 13.027877 2.152982 0.017325 0.008868 0.017649 0.999655
13.350000000 -11.681797 13.027377 2.155949 0.017224 0.008437 0.016145 0.999686
13.355000000 -11.677431 13.026869 2.158908 0.017084 0.007927 0.014649 0.999715
13.360000000 -11.673061 13.026353 2.161857 0.016908 0.007340 0.013162 0.999743
13.365000000 -11.668687 13.025829 2.164797 0.016697 0.006675 0.011683 0.999770
13.370000000 -11.664311 13.025297 2.167727 0.016453 0.005935 0.010214 0.999795
13.375000000 -11.659933 13.024758 2.170646 0.016181 0.005122 0.008756 0.999818
13.380000000 -11.655553 13.024211 2.173556 0.015885 0.004243 0.007307 0.999838
13.385000000 -11.651171 13.023657 2.176454 0.015569 0.003301 0.005870 0.999856
13.390000000 -11.646788 13.023096 2.179343 0.015238 0.002305 0.004444 0.999871
13.395000000 -11.642405 13.022527 2.182221 0.014899 0.001262 0.003030 0.999884
13.400000000 -11.638021 13.021952 2.185088 0.014558 0.000180 0.001628 0.999893
13.405000000 -11.633638 13.021370 2.187945 0.014220 -0.000931 0.000240 0.999898
13.410000000 -11.629255 13.020781 2.190792 0.013891 -0.002065 -0.001135 0.999901
13.415000000 -11.624875 13.020185 2.193629 0.013576 -0.003211 -0.002495 0.999900
13.420000000 -11.620496 13.019584 2.196456 0.013282 -0.004361 -0.003841 0.999895
13.425000000 -11.616120 13.018976 2.199273 0.013013 -0.005505 -0.005172 0.999887
13.430000000 -11.611747 13.018362 2.202080 0.012775 -0.006635 -0.006486 0.999875
13.435000000 -11.607377 13.017742 2.204878 0.012571 -0.007742 -0.007785 0.999861
13.440000000 -11.603012 13.017116 2.207666 0.012406 -0.008819 -0.009066 0.999843
13.445000000 -11.598651 13.016485 2.210446 0.012284 -0.009858 -0.010331 0.999823
13.450000000 -11.594296 13.015848 2.213217 0.012206 -0.010853 -0.011577 0.999800
13.455000000 -11.589947 13.015205 2.215979 0.012175 -0.011797 -0.012804 0.999774
13.460000000 -11.585603 13.014556 2.218733 0.012193 -0.012686 -0.014013 0.999747
13.465000000 -11.581266 13.013902 2.221478 0.012260 -0.013515 -0.015202 0.999718
13.470000000 -11.576936 13.013242 2.224216 0.012379 -0.014280 -0.016371 0.999687
13.475000000 -11.572614 13.012577 2.226946 0.012547 -0.014978 -0.017520 0.999656
13.480000000 -11.568299 13.011906 2.229668 0.012765 -0.015607 -0.018649 0.999623
13.485000000 -11.563993 13.011229 2.232384 0.013030 -0.016167 -0.019756 0.999589
13.490000000 -11.559694 13.010545 2.235092 0.013343 -0.016658 -0.020843 0.999555
13.495000000 -11.555404 13.009856 2.237794 0.013699 -0.017079 -0.021907 0.999520
13.500000000 -11.551123 13.009161 2.240489 0.014097 -0.017432 -0.022950 0.999485
13.505000000 -11.546851 13.008459 2.243178 0.014534 -0.017718 -0.023971 0.999450
13.510000000 -11.542588 13.007750 2.245861 0.015006 -0.017942 -0.024971 0.999415
13.515000000 -11.538335 13.007034 2.248538 0.015509 -0.018105 -0.025947 0.999379
13.520000000 -11.534090 13.006311 2.251210 0.016040 -0.018213 -0.026902 0.999343
13.525000000 -11.529855 13.005581 2.253876 0.016595 -0.018269 -0.027833 0.999308
13.530000000 -11.525630 13.004843 2.256538 0.017169 -0.018278 -0.028742 0.999272
13.535000000 -11.521414 13.004098 2.259195 0.017757 -0.018246 -0.029629 0.999237
13.540000000 -11.517208 13.003344 2.261847 0.018356 -0.018179 -0.030492 0.999201
13.545000000 -11.513011 13.002581 2.264495 0.018961 -0.018081 -0.031332 0.999166
13.550000000 -11.508823 13.001810 2.267138 0.019569 -0.017959 -0.032149 0.999130
13.555000000 -11.504645 13.001029 2.269778 0.020175 -0.017818 -0.032943 0.999095
13.560000000 -11.500477 13.000239 2.272414 0.020775 -0.017664 -0.033713 0.999059
13.565000000 -11.496318 12.999440 2.275047 0.021368 -0.017500 -0.034461 0.999024
13.570000000 -11.492168 12.998630 2.277677 0.021949 -0.017334 -0.035185 0.998989
13.575000000 -11.488027 12.997811 2.280304 0.022517 -0.017169 -0.035886 0.998955
13.580000000 -11.483895 12.996980 2.282928 0.023067 -0.017009 -0.036564 0.998920
13.585000000 -11.479773 12.996139 2.285550 0.023599 -0.016861 -0.037218 0.998886
13.590000000 -11.475660 12.995287 2.288169 0.024111 -0.016726 -0.037849 0.998852
13.595000000 -11.471556 12.994423 2.290787 0.024600 -0.016610 -0.038457 0.998819
13.600000000 -11.467460 12.993548 2.293403 0.025066 -0.016514 -0.039041 0.998787
13.605000000 -11.463374 12.992661 2.296017 0.025507 -0.016442 -0.039602 0.998755
13.610000000 -11.459297 12.991762 2.298630 0.025920 -0.016394 -0.040138 0.998723
13.615000000 -11.455228 12.990851 2.301241 0.026304 -0.016372 -0.040651 0.998693
13.620000000 -11.451169 12.989927 2.303852 0.026655 -0.016375 -0.041140 0.998664
13.625000000 -11.447118 12.988991 2.306461 0.026972 -0.016404 -0.041605 0.998635
13.630000000 -11.443077 12.988042 2.309069 0.027252 -0.016455 -0.042046 0.998608
13.635000000 -11.439045 12.987080 2.311677 0.027492 -0.016528 -0.042462 0.998583
13.640000000 -11.435021 12.986104 2.314283 0.027691 -0.016619 -0.042854 0.998559
13.645000000 -11.431007 12.985116 2.316889 0.027845 -0.016727 -0.043220 0.998537
13.650000000 -11.427002 12.984115 2.319494 0.027953 -0.016847 -0.043562 0.998517
13.655000000 -11.423007 12.983100 2.322098 0.028014 -0.016978 -0.043878 0.998500
13.660000000 -11.419020 12.982073 2.324701 0.028026 -0.017115 -0.044170 0.998484
13.665000000 -11.415044 12.981032 2.327304 0.027989 -0.017255 -0.044435 0.998471
13.670000000 -11.411076 12.979977 2.329905 0.027901 -0.017394 -0.044675 0.998460
13.675000000 -11.407118 12.978910 2.332506 0.027764 -0.017528 -0.044888 0.998452
13.680000000 -11.403170 12.977829 2.335106 0.027576 -0.017653 -0.045076 0.998447
13.685000000 -11.399231 12.976736 2.337706 0.027340 -0.017766 -0.045237 0.998444
13.690000000 -11.395303 12.975630 2.340304 0.027057 -0.017864 -0.045371 0.998444
13.695000000 -11.391383 12.974510 2.342902 0.026726 -0.017944 -0.045479 0.998446
13.700000000 -11.387474 12.973379 2.345498 0.026352 -0.018003 -0.045560 0.998452
13.705000000 -11.383575 12.972235 2.348094 0.025935 -0.018039 -0.045615 0.998459
13.710000000 -11.379685 12.971079 2.350688 0.025479 -0.018049 -0.045642 0.998470
13.715000000 -11.375805 12.969910 2.353282 0.024986 -0.018031 -0.045642 0.998483
13.720000000 -11.371935 12.968731 2.355875 0.024459 -0.017984 -0.045615 0.998498
13.725000000 -11.368075 12.967539 2.358467 0.023903 -0.017907 -0.045561 0.998515
13.730000000 -11.364224 12.966337 2.361058 0.023319 -0.017800 -0.045480 0.998534
13.735000000 -11.360383 12.965123 2.363647 0.022712 -0.017661 -0.045371 0.998556
13.740000000 -11.356551 12.963900 2.366236 0.022085 -0.017491 -0.045236 0.998579
13.745000000 -11.352729 12.962665 2.368823 0.021442 -0.017290 -0.045073 0.998604
13.750000000 -11.348916 12.961421 2.371409 0.020786 -0.017059 -0.044884 0.998630
13.755000000 -11.345113 12.960167 2.373994 0.020121 -0.016800 -0.044668 0.998658
13.760000000 -11.341318 12.958904 2.376578 0.019451 -0.016514 -0.044425 0.998687
13.765000000 -11.337533 12.957632 2.379161 0.018778 -0.016202 -0.044155 0.998717
13.770000000 -11.333756 12.956351 2.381742 0.018106 -0.015867 -0.043860 0.998748
13.775000000 -11.329987 12.955062 2.384322 0.017438 -0.015509 -0.043538 0.998779
13.780000000 -11.326227 12.953765 2.386901 0.016776 -0.015133 -0.043189 0.998811
13.785000000 -11.322475 12.952460 2.389478 0.016122 -0.014741 -0.042815 0.998844
13.790000000 -11.318731 12.951147 2.392053 0.015480 -0.014334 -0.042415 0.998877
13.795000000 -11.314995 12.949828 2.394627 0.014850 -0.013916 -0.041990 0.998911
13.800000000 -11.311266 12.948501 2.397200 0.014234 -0.013489 -0.041539 0.998944
13.805000000 -11.307544 12.947168 2.399771 0.013635 -0.013056 -0.041064 0.998978
13.810000000 -11.303830 12.945829 2.402340 0.013054 -0.012619 -0.040563 0.999012
13.815000000 -11.300122 12.944484 2.404908 0.012490 -0.012180 -0.040037 0.999046
13.820000000 -11.296420 12.943133 2.407474 0.011945 -0.011744 -0.039488 0.999080
13.825000000 -11.292725 12.941777 2.410037 0.011420 -0.011310 -0.038914 0.999113
13.830000000 -11.289037 12.940415 2.412600 0.010914 -0.010882 -0.038316 0.999147
13.835000000 -11.285354 12.939049 2.415160 0.010428 -0.010462 -0.037694 0.999180
13.840000000 -11.281676 12.937677 2.417718 0.009961 -0.010051 -0.037049 0.999213
13.845000000 -11.278004 12.936302 2.420274 0.009513 -0.009651 -0.036381 0.999246
13.850000000 -11.274338 12.934922 2.422828 0.009082 -0.009263 -0.035691 0.999279
13.855000000 -11.270676 12.933537 2.425380 0.008670 -0.008889 -0.034977 0.999311
13.860000000 -11.267019 12.932149 2.427929 0.008273 -0.008530 -0.034242 0.999343
13.865000000 -11.263367 12.930757 2.430476 0.007891 -0.008186 -0.033485 0.999375
13.870000000 -11.259720 12.929362 2.433021 0.007524 -0.007858 -0.032706 0.999406
13.875000000 -11.256076 12.927963 2.435563 0.007169 -0.007545 -0.031905 0.999437
13.880000000 -11.252437 12.926561 2.438103 0.006825 -0.007248 -0.031082 0.999467
13.885000000 -11.248802 12.925156 2.440640 0.006491 -0.006966 -0.030239 0.999497
13.890000000 -11.245171 12.923748 2.443175 0.006165 -0.006699 -0.029373 0.999527
13.895000000 -11.241543 12.922337 2.445707 0.005846 -0.006447 -0.028487 0.999556
13.900000000 -11.237919 12.920924 2.448236 0.005532 -0.006209 -0.027581 0.999585
13.905000000 -11.234298 12.919508 2.450762 0.005223 -0.005983 -0.026653 0.999613
13.910000000 -11.230681 12.918090 2.453286 0.004915 -0.005769 -0.025705 0.999641
13.915000000 -11.227067 12.916669 2.455806 0.004609 -0.005564 -0.024736 0.999668
13.920000000 -11.223456 12.915247 2.458323 0.004302 -0.005367 -0.023748 0.999694
13.925000000 -11.219848 12.913823 2.460837 0.003993 -0.005173 -0.022740 0.999720
13.930000000 -11.216243 12.912397 2.463347 0.003681 -0.004980 -0.021712 0.999745
13.935000000 -11.212641 12.910969 2.465855 0.003366 -0.004784 -0.020665 0.999769
13.940000000 -11.209041 12.909540 2.468358 0.003046 -0.004579 -0.019599 0.999793
13.945000000 -11.205444 12.908110 2.470859 0.002721 -0.004362 -0.018513 0.999815
13.950000000 -11.201850 12.906679 2.473355 0.002390 -0.004128 -0.017409 0.999837
13.955000000 -11.198258 12.905246 2.475848 0.002052 -0.003873 -0.016286 0.999858
13.960000000 -11.194668 12.903813 2.478337 0.001708 -0.003593 -0.015145 0.999877
13.965000000 -11.191081 12.902379 2.480823 0.001357 -0.003286 -0.013985 0.999896
13.970000000 -11.187495 12.900945 2.483304 0.000999 -0.002946 -0.012808 0.999913
13.975000000 -11.183911 12.899510 2.485781 0.000634 -0.002572 -0.011614 0.999929
13.980000000 -11.180329 12.898075 2.488254 0.000263 -0.002161 -0.010403 0.999944
13.985000000 -11.176748 12.896640 2.490723 -0.000114 -0.001710 -0.009175 0.999956
13.990000000 -11.173168 12.895206 2.493188 -0.000497 -0.001217 -0.007931 0.999968
13.995000000 -11.169589 12.893772 2.495648 -0.000886 -0.000680 -0.006671 0.999977
14.000000000 -11.166011 12.892338 2.498104 -0.001279 -0.000097 -0.005394 0.999985
14.005000000 -11.162433 12.890905 2.500555 -0.001676 0.000531 -0.004100 0.999990
14.010000000 -11.158855 12.889473 2.503001 -0.002077 0.001207 -0.002791 0.999993
14.015000000 -11.155278 12.888042 2.505443 -0.002480 0.001929 -0.001465 0.999994
14.020000000 -11.151699 12.886613 2.507880 -0.002886 0.002696 -0.000124 0.999992
14.025000000 -11.148120 12.885185 2.510312 -0.003292 0.003509 0.001233 0.999988
14.030000000 -11.144539 12.883759 2.512739 -0.003700 0.004364 0.002606 0.999980
14.035000000 -11.140956 12.882335 2.515161 -0.004106 0.005261 0.003994 0.999970
14.040000000 -11.137372 12.880912 2.517578 -0.004512 0.006196 0.005397 0.999956
14.045000000 -11.133784 12.879493 2.519989 -0.004916 0.007167 0.006813 0.999939
14.050000000 -11.130194 12.878075 2.522395 -0.005317 0.008170 0.008245 0.999919
14.055000000 -11.126600 12.876661 2.524795 -0.005714 0.009204 0.009690 0.999894
14.060000000 -11.123002 12.875249 2.527190 -0.006107 0.010265 0.011149 0.999867
14.065000000 -11.119400 12.873840 2.529580 -0.006495 0.011351 0.012621 0.999835
14.070000000 -11.115792 12.872435 2.531963 -0.006877 0.012459 0.014107 0.999799
14.075000000 -11.112179 12.871034 2.534341 -0.007254 0.013584 0.015606 0.999760
14.080000000 -11.108560 12.869636 2.536712 -0.007623 0.014724 0.017117 0.999716
14.085000000 -11.104934 12.868242 2.539078 -0.007985 0.015875 0.018641 0.999668
14.090000000 -11.101301 12.866852 2.541437 -0.008339 0.017034 0.020176 0.999617
14.095000000 -11.097661 12.865466 2.543791 -0.008685 0.018198 0.021723 0.999561
14.100000000 -11.094012 12.864085 2.546138 -0.009024 0.019366 0.023282 0.999501
14.105000000 -11.090354 12.862708 2.548478 -0.009354 0.020533 0.024852 0.999436
14.110000000 -11.086687 12.861337 2.550812 -0.009675 0.021698 0.026433 0.999368
14.115000000 -11.083010 12.859970 2.553140 -0.009988 0.022859 0.028024 0.999296
14.120000000 -11.079322 12.858608 2.555460 -0.010293 0.024015 0.029626 0.999220
14.125000000 -11.075624 12.857252 2.557774 -0.010589 0.025162 0.031238 0.999139
14.130000000 -11.071914 12.855902 2.560081 -0.010878 0.026300 0.032861 0.999055
14.135000000 -11.068192 12.854557 2.562382 -0.011159 0.027425 0.034492 0.998966
14.140000000 -11.064458 12.853218 2.564675 -0.011433 0.028538 0.036133 0.998874
14.145000000 -11.060710 12.851886 2.566960 -0.011700 0.029637 0.037783 0.998778
14.150000000 -11.056949 12.850559 2.569239 -0.011961 0.030719 0.039441 0.998678
14.155000000 -11.053174 12.849239 2.571510 -0.012216 0.031785 0.041107 0.998574
14.160000000 -11.049385 12.847926 2.573774 -0.012466 0.032835 0.042781 0.998467
14.165000000 -11.045580 12.846619 2.576030 -0.012711 0.033867 0.044461 0.998356
14.170000000 -11.041760 12.845319 2.578278 -0.012952 0.034883 0.046149 0.998241
14.175000000 -11.037924 12.844026 2.580518 -0.013188 0.035883 0.047843 0.998123
14.180000000 -11.034072 12.842741 2.582751 -0.013422 0.036866 0.049543 0.998001
14.185000000 -11.030202 12.841462 2.584975 -0.013652 0.037834 0.051248 0.997876
14.190000000 -11.026316 12.840192 2.587192 -0.013881 0.038787 0.052959 0.997747
14.195000000 -11.022412 12.838929 2.589400 -0.014107 0.039728 0.054675 0.997614
14.200000000 -11.018490 12.837674 2.591600 -0.014333 0.040656 0.056396 0.997477
14.205000000 -11.014549 12.836426 2.593791 -0.014558 0.041572 0.058122 0.997337
14.210000000 -11.010589 12.835188 2.595974 -0.014782 0.042478 0.059851 0.997194
14.215000000 -11.006610 12.833957 2.598148 -0.015006 0.043375 0.061585 0.997046
14.220000000 -11.002612 12.832735 2.600314 -0.015231 0.044261 0.063323 0.996895
14.225000000 -10.998593 12.831522 2.602470 -0.015457 0.045136 0.065064 0.996740
14.230000000 -10.994554 12.830317 2.604618 -0.015685 0.045997 0.066809 0.996582
14.235000000 -10.990494 12.829121 2.606756 -0.015915 0.046843 0.068558 0.996420
14.240000000 -10.986412 12.827935 2.608884 -0.016148 0.047670 0.070310 0.996255
14.245000000 -10.982310 12.826758 2.611003 -0.016384 0.048476 0.072066 0.996086
14.250000000 -10.978185 12.825590 2.613112 -0.016625 0.049255 0.073824 0.995915
14.255000000 -10.974038 12.824433 2.615211 -0.016870 0.050005 0.075586 0.995742
14.260000000 -10.969868 12.823285 2.617300 -0.017119 0.050722 0.077350 0.995566
14.265000000 -10.965676 12.822147 2.619378 -0.017374 0.051402 0.079117 0.995388
14.270000000 -10.961461 12.821019 2.621445 -0.017635 0.052043 0.080886 0.995208
14.275000000 -10.957222 12.819901 2.623502 -0.017902 0.052641 0.082657 0.995026
14.280000000 -10.952960 12.818795 2.625547 -0.018175 0.053192 0.084431 0.994843
14.285000000 -10.948674 12.817698 2.627580 -0.018455 0.053694 0.086206 0.994658
14.290000000 -10.944364 12.816613 2.629602 -0.018741 0.054145 0.087983 0.994473
14.295000000 -10.940030 12.815539 2.631612 -0.019034 0.054543 0.089760 0.994287
14.300000000 -10.935672 12.814476 2.633610 -0.019335 0.054886 0.091540 0.994100
14.305000000 -10.931290 12.813425 2.635595 -0.019642 0.055173 0.093320 0.993912
14.310000000 -10.926883 12.812386 2.637568 -0.019957 0.055404 0.095100 0.993724
14.315000000 -10.922452 12.811358 2.639527 -0.020278 0.055579 0.096880 0.993536
14.320000000 -10.917996 12.810342 2.641474 -0.020607 0.055699 0.098659 0.993348
14.325000000 -10.913516 12.809339 2.643407 -0.020942 0.055764 0.100438 0.993159
14.330000000 -10.909012 12.808348 2.645327 -0.021283 0.055775 0.102216 0.992969
14.335000000 -10.904483 12.807370 2.647232 -0.021631 0.055734 0.103992 0.992780
14.340000000 -10.899930 12.806404 2.649124 -0.021985 0.055643 0.105766 0.992590
14.345000000 -10.895353 12.805451 2.651001 -0.022345 0.055505 0.107537 0.992399
14.350000000 -10.890752 12.804512 2.652863 -0.022710 0.055323 0.109305 0.992208
14.355000000 -10.886127 12.803586 2.654711 -0.023081 0.055100 0.111070 0.992015
14.360000000 -10.881478 12.802674 2.656544 -0.023457 0.054839 0.112832 0.991822
14.365000000 -10.876806 12.801775 2.658361 -0.023837 0.054545 0.114589 0.991628
14.370000000 -10.872110 12.800890 2.660163 -0.024222 0.054222 0.116342 0.991432
14.375000000 -10.867392 12.800020 2.661950 -0.024612 0.053875 0.118091 0.991235
14.380000000 -10.862650 12.799164 2.663720 -0.025005 0.053508 0.119835 0.991035
14.385000000 -10.857887 12.798322 2.665474 -0.025402 0.053125 0.121574 0.990834
14.390000000 -10.853100 12.797495 2.667212 -0.025802 0.052731 0.123307 0.990631
14.395000000 -10.848292 12.796683 2.668934 -0.026205 0.052330 0.125034 0.990425
14.400000000 -10.843462 12.795886 2.670638 -0.026612 0.051926 0.126756 0.990216
14.405000000 -10.838610 12.795104 2.672326 -0.027020 0.051522 0.128471 0.990005
14.410000000 -10.833737 12.794337 2.673996 -0.027431 0.051124 0.130180 0.989791
14.415000000 -10.828843 12.793586 2.675649 -0.027844 0.050733 0.131882 0.989575
14.420000000 -10.823929 12.792851 2.677284 -0.028259 0.050354 0.133577 0.989355
14.425000000 -10.818993 12.792132 2.678901 -0.028675 0.049988 0.135264 0.989132
14.430000000 -10.814038 12.791429 2.680501 -0.029092 0.049638 0.136944 0.988906
14.435000000 -10.809062 12.790743 2.682081 -0.029511 0.049307 0.138616 0.988678
14.440000000 -10.804067 12.790073 2.683644 -0.029930 0.048997 0.140280 0.988446
14.445000000 -10.799051 12.789419 2.685187 -0.030349 0.048710 0.141936 0.988211
14.450000000 -10.794017 12.788783 2.686712 -0.030769 0.048448 0.143583 0.987973
14.455000000 -10.788963 12.788163 2.688217 -0.031190 0.048211 0.145221 0.987732
14.460000000 -10.783891 12.787561 2.689703 -0.031610 0.048001 0.146849 0.987488
14.465000000 -10.778799 12.786977 2.691169 -0.032029 0.047817 0.148468 0.987241
14.470000000 -10.773689 12.786409 2.692615 -0.032449 0.047658 0.150078 0.986992
14.475000000 -10.768560 12.785860 2.694042 -0.032867 0.047524 0.151677 0.986740
14.480000000 -10.763413 12.785329 2.695447 -0.033285 0.047411 0.153266 0.986486
14.485000000 -10.758247 12.784816 2.696833 -0.033702 0.047320 0.154845 0.986229
14.490000000 -10.753064 12.784322 2.698197 -0.034117 0.047249 0.156413 0.985971
14.495000000 -10.747862 12.783846 2.699541 -0.034531 0.047195 0.157970 0.985711
14.500000000 -10.742642 12.783389 2.700863 -0.034944 0.047158 0.159515 0.985449
14.505000000 -10.737405 12.782950 2.702163 -0.035379 0.047114 0.161053 0.985186
14.510000000 -10.732150 12.782531 2.703442 -0.036017 0.046885 0.162603 0.984919
14.515000000 -10.726877 12.782132 2.704697 -0.037068 0.046245 0.164193 0.984646
14.520000000 -10.721588 12.781752 2.705929 -0.038690 0.045005 0.165842 0.984365
14.525000000 -10.716282 12.781392 2.707138 -0.040997 0.043010 0.167567 0.984068
14.530000000 -10.710961 12.781054 2.708325 -0.044064 0.040140 0.169377 0.983747
14.535000000 -10.705626 12.780739 2.709490 -0.047929 0.036309 0.171279 0.983386
14.540000000 -10.700280 12.780448 2.710634 -0.052603 0.031461 0.173273 0.982965
14.545000000 -10.694924 12.780183 2.711758 -0.058069 0.025571 0.175358 0.982458
14.550000000 -10.689562 12.779946 2.712863 -0.064288 0.018644 0.177528 0.981837
14.555000000 -10.684198 12.779739 2.713951 -0.071204 0.010703 0.179773 0.981069
14.560000000 -10.678835 12.779566 2.715022 -0.078747 0.001755 0.182092 0.980122
14.565000000 -10.673479 12.779429 2.716077 -0.086837 -0.008184 0.184481 0.978958
14.570000000 -10.668135 12.779331 2.717118 -0.095381 -0.019066 0.186933 0.977545
14.575000000 -10.662808 12.779276 2.718145 -0.104276 -0.030817 0.189439 0.975853
14.580000000 -10.657507 12.779266 2.719161 -0.113413 -0.043334 0.191987 0.973859
14.585000000 -10.652236 12.779306 2.720165 -0.122682 -0.056494 0.194562 0.971547
14.590000000 -10.647005 12.779398 2.721157 -0.131966 -0.070154 0.197151 0.968914
14.595000000 -10.641820 12.779546 2.722139 -0.141154 -0.084160 0.199737 0.965970
14.600000000 -10.636690 12.779753 2.723108 -0.150136 -0.098358 0.202308 0.962734
14.605000000 -10.631623 12.780022 2.724066 -0.158810 -0.112594 0.204853 0.959238
14.610000000 -10.626628 12.780356 2.725011 -0.167079 -0.126724 0.207364 0.955524
14.615000000 -10.621712 12.780758 2.725942 -0.174859 -0.140608 0.209836 0.951642
14.620000000 -10.616883 12.781230 2.726858 -0.182073 -0.154120 0.212264 0.947650
14.625000000 -10.612151 12.781774 2.727757 -0.188656 -0.167143 0.214648 0.943609
14.630000000 -10.607522 12.782392 2.728638 -0.194552 -0.179574 0.216988 0.939584
14.635000000 -10.603004 12.783085 2.729499 -0.199719 -0.191320 0.219286 0.935640
14.640000000 -10.598604 12.783855 2.730338 -0.204121 -0.202305 0.221544 0.931840
14.645000000 -10.594328 12.784701 2.731153 -0.207737 -0.212464 0.223766 0.928242
14.650000000 -10.590183 12.785625 2.731943 -0.210553 -0.221751 0.225954 0.924899
14.655000000 -10.586174 12.786627 2.732706 -0.212565 -0.230130 0.228111 0.921858
14.660000000 -10.582306 12.787706 2.733440 -0.213778 -0.237581 0.230241 0.919153
14.665000000 -10.578583 12.788861 2.734144 -0.214205 -0.244086 0.232341 0.916818
14.670000000 -10.575008 12.790092 2.734816 -0.213858 -0.249579 0.234402 0.914894
14.675000000 -10.571581 12.791395 2.735451 -0.212755 -0.254004 0.236409 0.913416
14.680000000 -10.568305 12.792770 2.736049 -0.210920 -0.257333 0.238353 0.912404
14.685000000 -10.565180 12.794215 2.736608 -0.208385 -0.259549 0.240223 0.911868
14.690000000 -10.562207 12.795726 2.737126 -0.205184 -0.260657 0.242008 0.911806
14.695000000 -10.559384 12.797302 2.737604 -0.201361 -0.260681 0.243700 0.912200
14.700000000 -10.556711 12.798941 2.738041 -0.196961 -0.259657 0.245289 0.913027
14.705000000 -10.554187 12.800641 2.738438 -0.192036 -0.257638 0.246765 0.914249
14.710000000 -10.551811 12.802399 2.738798 -0.186650 -0.254718 0.248123 0.915814
14.715000000 -10.549583 12.804213 2.739123 -0.180877 -0.251023 0.249357 0.917656
14.720000000 -10.547501 12.806083 2.739418 -0.174790 -0.246674 0.250463 0.919711
14.725000000 -10.545564 12.808005 2.739686 -0.168458 -0.241792 0.251436 0.921921
14.730000000 -10.543769 12.809978 2.739929 -0.161945 -0.236489 0.252274 0.924232
14.735000000 -10.542113 12.811998 2.740151 -0.155318 -0.230876 0.252972 0.926595
14.740000000 -10.540593 12.814065 2.740355 -0.148637 -0.225056 0.253528 0.928967
14.745000000 -10.539206 12.816175 2.740544 -0.141959 -0.219124 0.253941 0.931314
14.750000000 -10.537948 12.818326 2.740720 -0.135338 -0.213169 0.254211 0.933606
14.755000000 -10.536816 12.820516 2.740885 -0.128821 -0.207270 0.254339 0.935818
14.760000000 -10.535806 12.822742 2.741043 -0.122452 -0.201498 0.254328 0.937935
14.765000000 -10.534915 12.825003 2.741194 -0.116268 -0.195915 0.254180 0.939942
14.770000000 -10.534139 12.827295 2.741341 -0.110304 -0.190575 0.253901 0.941833
14.775000000 -10.533474 12.829617 2.741485 -0.104587 -0.185521 0.253496 0.943601
14.780000000 -10.532917 12.831967 2.741627 -0.099136 -0.180788 0.252972 0.945248
14.785000000 -10.532465 12.834342 2.741769 -0.093971 -0.176403 0.252336 0.946773
14.790000000 -10.532115 12.836740 2.741911 -0.089101 -0.172383 0.251595 0.948180
14.795000000 -10.531863 12.839161 2.742054 -0.084534 -0.168738 0.250758 0.949474
14.800000000 -10.531709 12.841601 2.742198 -0.080268 -0.165468 0.249835 0.950663
14.805000000 -10.531648 12.844060 2.742343 -0.076301 -0.162567 0.248833 0.951752
14.810000000 -10.531678 12.846536 2.742491 -0.072624 -0.160016 0.247761 0.952751
14.815000000 -10.531799 12.849027 2.742640 -0.069224 -0.157793 0.246630 0.953668
14.820000000 -10.532007 12.851532 2.742790 -0.066084 -0.155862 0.245448 0.954513
14.825000000 -10.532302 12.854050 2.742942 -0.063183 -0.154188 0.244223 0.955295
14.830000000 -10.532682 12.856580 2.743095 -0.060501 -0.152727 0.242966 0.956024
14.835000000 -10.533145 12.859121 2.743247 -0.058012 -0.151433 0.241684 0.956709
14.840000000 -10.533690 12.861671 2.743399 -0.055692 -0.150258 0.240388 0.957358
14.845000000 -10.534316 12.864229 2.743551 -0.053514 -0.149152 0.239084 0.957982
14.850000000 -10.535021 12.866796 2.743701 -0.051453 -0.148067 0.237782 0.958587
14.855000000 -10.535806 12.869370 2.743849 -0.049484 -0.146954 0.236489 0.959181
14.860000000 -10.536668 12.871950 2.743994 -0.047579 -0.145761 0.235214 0.959773
14.865000000 -10.537607 12.874536 2.744135 -0.045714 -0.144444 0.233963 0.960368
14.870000000 -10.538622 12.877126 2.744273 -0.043865 -0.142957 0.232743 0.960973
14.875000000 -10.539711 12.879721 2.744406 -0.042010 -0.141262 0.231561 0.961592
14.880000000 -10.540873 12.882320 2.744534 -0.040128 -0.139319 0.230423 0.962229
14.885000000 -10.542106 12.884922 2.744657 -0.038203 -0.137100 0.229333 0.962887
14.890000000 -10.543410 12.887526 2.744774 -0.036217 -0.134574 0.228295 0.963566
14.895000000 -10.544782 12.890132 2.744885 -0.034157 -0.131723 0.227315 0.964267
14.900000000 -10.546221 12.892739 2.744990 -0.032012 -0.128528 0.226394 0.964988
14.905000000 -10.547725 12.895348 2.745088 -0.029774 -0.124982 0.225536 0.965726
14.910000000 -10.549292 12.897956 2.745180 -0.027441 -0.121081 0.224741 0.966477
14.915000000 -10.550920 12.900564 2.745265 -0.025012 -0.116833 0.224011 0.967235
14.920000000 -10.552605 12.903170 2.745344 -0.022492 -0.112250 0.223346 0.967993
14.925000000 -10.554347 12.905775 2.745418 -0.019886 -0.107353 0.222746 0.968744
14.930000000 -10.556141 12.908378 2.745486 -0.017207 -0.102167 0.222210 0.969478
14.935000000 -10.557986 12.910977 2.745550 -0.014465 -0.096724 0.221737 0.970190
14.940000000 -10.559879 12.913572 2.745609 -0.011676 -0.091059 0.221324 0.970870
14.945000000 -10.561816 12.916163 2.745664 -0.008854 -0.085210 0.220971 0.971511
14.950000000 -10.563795 12.918749 2.745716 -0.006017 -0.079218 0.220675 0.972106
14.955000000 -10.565812 12.921329 2.745765 -0.003181 -0.073123 0.220436 0.972652
14.960000000 -10.567864 12.923902 2.745812 -0.000363 -0.066969 0.220250 0.973142
14.965000000 -10.569948 12.926468 2.745858 0.002419 -0.060800 0.220117 0.973574
14.970000000 -10.572061 12.929026 2.745903 0.005149 -0.054660 0.220034 0.973946
14.975000000 -10.574199 12.931575 2.745947 0.007810 -0.048592 0.220000 0.974258
14.980000000 -10.576359 12.934116 2.745991 0.010387 -0.042637 0.220013 0.974509
14.985000000 -10.578539 12.936646 2.746035 0.012864 -0.036835 0.220071 0.974703
14.990000000 -10.580735 12.939166 2.746081 0.015230 -0.031222 0.220174 0.974842
14.995000000 -10.582944 12.941675 2.746127 0.017472 -0.025831 0.220319 0.974929
15.000000000 -10.585164 12.944173 2.746175 0.019580 -0.020694 0.220507 0.974969
15.005000000 -10.587391 12.946659 2.746224 0.021545 -0.015837 0.220735 0.974967
15.010000000 -10.589624 12.949133 2.746276 0.023366 -0.011283 0.221003 0.974928
15.015000000 -10.591859 12.951594 2.746329 0.025048 -0.007053 0.221308 0.974857
15.020000000 -10.594095 12.954041 2.746385 0.026601 -0.003162 0.221651 0.974758
15.025000000 -10.596329 12.956476 2.746442 0.028041 0.000377 0.222028 0.974637
15.030000000 -10.598560 12.958897 2.746503 0.029388 0.003556 0.222439 0.974497
15.035000000 -10.600785 12.961304 2.746565 0.030668 0.006371 0.222882 0.974342
15.040000000 -10.603004 12.963696 2.746630 0.031908 0.008821 0.223353 0.974175
15.045000000 -10.605216 12.966074 2.746698 0.033140 0.010908 0.223851 0.973999
15.050000000 -10.607417 12.968437 2.746768 0.034400 0.012639 0.224372 0.973814
15.055000000 -10.609609 12.970784 2.746841 0.035722 0.014021 0.224915 0.973622
15.060000000 -10.611790 12.973116 2.746917 0.037146 0.015067 0.225474 0.973424
15.065000000 -10.613960 12.975431 2.746996 0.038706 0.015792 0.226049 0.973219
15.070000000 -10.616117 12.977729 2.747078 0.040437 0.016212 0.226634 0.973005
15.075000000 -10.618261 12.980009 2.747162 0.042374 0.016346 0.227226 0.972782
15.080000000 -10.620393 12.982270 2.747250 0.044551 0.016213 0.227823 0.972548
15.085000000 -10.622512 12.984511 2.747341 0.046998 0.015837 0.228419 0.972299
15.090000000 -10.624617 12.986731 2.747436 0.049743 0.015240 0.229012 0.972032
15.095000000 -10.626710 12.988928 2.747534 0.052811 0.014446 0.229598 0.971744
15.100000000 -10.628789 12.991101 2.747636 0.056228 0.013480 0.230173 0.971431
15.105000000 -10.630854 12.993248 2.747742 0.060010 0.012366 0.230733 0.971086
15.110000000 -10.632907 12.995367 2.747852 0.064167 0.011134 0.231277 0.970706
15.115000000 -10.634947 12.997456 2.747966 0.068699 0.009815 0.231802 0.970285
15.120000000 -10.636973 12.999513 2.748084 0.073597 0.008444 0.232306 0.969817
15.125000000 -10.638987 13.001534 2.748206 0.078840 0.007060 0.232791 0.969300
15.130000000 -10.640988 13.003517 2.748333 0.084400 0.005704 0.233257 0.968729
15.135000000 -10.642976 13.005459 2.748464 0.090238 0.004417 0.233708 0.968100
15.140000000 -10.644951 13.007358 2.748598 0.096313 0.003244 0.234145 0.967414
15.145000000 -10.646913 13.009210 2.748737 0.102575 0.002229 0.234575 0.966668
15.150000000 -10.648862 13.011011 2.748878 0.108973 0.001414 0.235003 0.965866
15.155000000 -10.650796 13.012759 2.749022 0.115452 0.000839 0.235434 0.965008
15.160000000 -10.652717 13.014450 2.749168 0.121955 0.000543 0.235875 0.964101
15.165000000 -10.654622 13.016082 2.749317 0.128424 0.000560 0.236333 0.963148
15.170000000 -10.656511 13.017650 2.749466 0.134802 0.000924 0.236817 0.962157
15.175000000 -10.658384 13.019153 2.749615 0.141036 0.001663 0.237333 0.961134
15.180000000 -10.660239 13.020586 2.749764 0.147072 0.002807 0.237891 0.960088
15.185000000 -10.662074 13.021948 2.749912 0.152861 0.004375 0.238498 0.959027
15.190000000 -10.663888 13.023235 2.750058 0.158356 0.006388 0.239161 0.957958
15.195000000 -10.665680 13.024446 2.750201 0.163517 0.008859 0.239888 0.956889
15.200000000 -10.667447 13.025577 2.750341 0.168306 0.011799 0.240686 0.955826
15.205000000 -10.669188 13.026628 2.750477 0.172693 0.015212 0.241560 0.954775
15.210000000 -10.670900 13.027596 2.750607 0.176648 0.019095 0.242513 0.953739
15.215000000 -10.672581 13.028481 2.750732 0.180143 0.023433 0.243547 0.952725
15.220000000 -10.674228 13.029281 2.750851 0.183146 0.028195 0.244662 0.951737
15.225000000 -10.675838 13.029995 2.750962 0.185625 0.033339 0.245854 0.950783
15.230000000 -10.677408 13.030623 2.751064 0.187546 0.038807 0.247117 0.949870
15.235000000 -10.678936 13.031166 2.751157 0.188877 0.044535 0.248444 0.949009
15.240000000 -10.680419 13.031623 2.751239 0.189587 0.050447 0.249826 0.948208
15.245000000 -10.681854 13.031996 2.751310 0.189649 0.056463 0.251252 0.947480
15.250000000 -10.683237 13.032285 2.751369 0.189037 0.062498 0.252711 0.946835
15.255000000 -10.684567 13.032492 2.751414 0.187734 0.068466 0.254192 0.946285
15.260000000 -10.685840 13.032619 2.751444 0.185726 0.074280 0.255683 0.945841
15.265000000 -10.687054 13.032667 2.751459 0.183007 0.079856 0.257173 0.945512
15.270000000 -10.688208 13.032640 2.751458 0.179572 0.085111 0.258651 0.945309
15.275000000 -10.689298 13.032539 2.751440 0.175428 0.089968 0.260105 0.945239
15.280000000 -10.690323 13.032367 2.751405 0.170585 0.094354 0.261525 0.945306
15.285000000 -10.691283 13.032129 2.751353 0.165061 0.098205 0.262901 0.945512
15.290000000 -10.692176 13.031826 2.751282 0.158880 0.101464 0.264224 0.945858
15.295000000 -10.693001 13.031464 2.751194 0.152072 0.104085 0.265486 0.946339
15.300000000 -10.693759 13.031044 2.751088 0.144674 0.106027 0.266679 0.946948
15.305000000 -10.694449 13.030571 2.750965 0.136727 0.107263 0.267796 0.947674
15.310000000 -10.695071 13.030050 2.750825 0.128282 0.107772 0.268830 0.948504
15.315000000 -10.695628 13.029483 2.750669 0.119396 0.107543 0.269775 0.949421
15.320000000 -10.696119 13.028875 2.750498 0.110134 0.106578 0.270625 0.950407
15.325000000 -10.696546 13.028231 2.750313 0.100569 0.104891 0.271376 0.951440
15.330000000 -10.696911 13.027554 2.750116 0.090777 0.102506 0.272023 0.952500
15.335000000 -10.697217 13.026848 2.749909 0.080842 0.099459 0.272563 0.953563
15.340000000 -10.697466 13.026118 2.749691 0.070845 0.095793 0.272994 0.954609
15.345000000 -10.697661 13.025368 2.749466 0.060872 0.091558 0.273314 0.955621
15.350000000 -10.697805 13.024602 2.749235 0.051007 0.086811 0.273524 0.956581
15.355000000 -10.697901 13.023823 2.748999 0.041333 0.081616 0.273626 0.957475
15.360000000 -10.697954 13.023035 2.748760 0.031927 0.076037 0.273622 0.958295
15.365000000 -10.697966 13.022243 2.748519 0.022866 0.070146 0.273516 0.959034
15.370000000 -10.697941 13.021450 2.748277 0.014217 0.064012 0.273313 0.959688
15.375000000 -10.697884 13.020658 2.748037 0.006044 0.057707 0.273020 0.960257
15.380000000 -10.697799 13.019872 2.747798 -0.001596 0.051305 0.272645 0.960745
15.385000000 -10.697690 13.019093 2.747562 -0.008657 0.044875 0.272195 0.961156
15.390000000 -10.697560 13.018324 2.747330 -0.015098 0.038485 0.271680 0.961499
15.395000000 -10.697413 13.017568 2.747103 -0.020888 0.032202 0.271110 0.961783
15.400000000 -10.697254 13.016826 2.746880 -0.026004 0.026087 0.270493 0.962017
15.405000000 -10.697086 13.016101 2.746663 -0.030433 0.020198 0.269839 0.962213
15.410000000 -10.696912 13.015393 2.746453 -0.034169 0.014588 0.269157 0.962379
15.415000000 -10.696735 13.014703 2.746248 -0.037215 0.009304 0.268458 0.962527
15.420000000 -10.696559 13.014033 2.746050 -0.039582 0.004388 0.267748 0.962666
15.425000000 -10.696386 13.013383 2.745859 -0.041287 -0.000123 0.267035 0.962802
15.430000000 -10.696219 13.012753 2.745674 -0.042356 -0.004202 0.266327 0.962942
15.435000000 -10.696060 13.012143 2.745497 -0.042819 -0.007823 0.265630 0.963092
15.440000000 -10.695910 13.011552 2.745326 -0.042714 -0.010969 0.264950 0.963253
15.445000000 -10.695771 13.010981 2.745161 -0.042067 -0.013613 0.264292 0.963429
15.450000000 -10.695644 13.010428 2.744993 -0.040830 -0.015610 0.263684 0.963618
15.455000000 -10.695529 13.009891 2.744811 -0.038955 -0.016789 0.263153 0.963821
15.460000000 -10.695425 13.009369 2.744607 -0.036419 -0.017012 0.262721 0.964034
15.465000000 -10.695333 13.008861 2.744377 -0.033211 -0.016167 0.262405 0.964251
15.470000000 -10.695252 13.008364 2.744116 -0.029321 -0.014173 0.262217 0.964459
15.475000000 -10.695179 13.007878 2.743821 -0.024734 -0.010971 0.262164 0.964644
15.480000000 -10.695114 13.007401 2.743489 -0.019459 -0.006537 0.262248 0.964782
15.485000000 -10.695053 13.006931 2.743120 -0.013534 -0.000881 0.262468 0.964845
15.490000000 -10.694994 13.006466 2.742713 -0.007009 0.005959 0.262816 0.964802
15.495000000 -10.694933 13.006004 2.742266 0.000064 0.013922 0.263284 0.964618
15.500000000 -10.694867 13.005544 2.741780 0.007627 0.022925 0.263860 0.964258
15.505000000 -10.694791 13.005084 2.741255 0.015620 0.032862 0.264529 0.963691
15.510000000 -10.694700 13.004620 2.740689 0.023977 0.043614 0.265277 0.962887
15.515000000 -10.694589 13.004152 2.740083 0.032625 0.055042 0.266089 0.961823
15.520000000 -10.694453 13.003678 2.739436 0.041486 0.066996 0.266947 0.960484
15.525000000 -10.694285 13.003194 2.738748 0.050478 0.079316 0.267836 0.958866
15.530000000 -10.694080 13.002699 2.738018 0.059511 0.091836 0.268743 0.956975
15.535000000 -10.693832 13.002190 2.737247 0.068497 0.104388 0.269655 0.954829
15.540000000 -10.693535 13.001666 2.736434 0.077341 0.116802 0.270561 0.952456
15.545000000 -10.693182 13.001124 2.735579 0.085952 0.128915 0.271454 0.949898
15.550000000 -10.692766 13.000562 2.734679 0.094240 0.140568 0.272329 0.947205
15.555000000 -10.692284 12.999979 2.733736 0.102115 0.151613 0.273182 0.944435
15.560000000 -10.691728 12.999372 2.732747 0.109497 0.161912 0.274012 0.941654
15.565000000 -10.691093 12.998740 2.731711 0.116307 0.171344 0.274822 0.938929
15.570000000 -10.690375 12.998080 2.730629 0.122475 0.179804 0.275613 0.936327
15.575000000 -10.689569 12.997393 2.729498 0.127941 0.187202 0.276389 0.933914
15.580000000 -10.688672 12.996676 2.728319 0.132647 0.193469 0.277154 0.931751
15.585000000 -10.687679 12.995928 2.727089 0.136551 0.198553 0.277913 0.929890
15.590000000 -10.686588 12.995149 2.725809 0.139614 0.202421 0.278668 0.928374
15.595000000 -10.685397 12.994338 2.724478 0.141811 0.205059 0.279422 0.927234
15.600000000 -10.684104 12.993493 2.723096 0.143124 0.206469 0.280177 0.926492
15.605000000 -10.682708 12.992616 2.721664 0.143548 0.206669 0.280931 0.926153
15.610000000 -10.681208 12.991704 2.720182 0.143084 0.205684 0.281681 0.926216
15.615000000 -10.679606 12.990760 2.718651 0.141748 0.203557 0.282421 0.926666
15.620000000 -10.677900 12.989782 2.717071 0.139561 0.200336 0.283143 0.927479
15.625000000 -10.676094 12.988772 2.715445 0.136558 0.196082 0.283839 0.928622
15.630000000 -10.674187 12.987730 2.713773 0.132782 0.190861 0.284495 0.930056
15.635000000 -10.672184 12.986656 2.712059 0.128286 0.184747 0.285100 0.931734
15.640000000 -10.670086 12.985552 2.710303 0.123128 0.177820 0.285640 0.933611
15.645000000 -10.667896 12.984419 2.708508 0.117376 0.170163 0.286102 0.935635
15.650000000 -10.665619 12.983259 2.706678 0.111101 0.161866 0.286472 0.937758
15.655000000 -10.663257 12.982071 2.704813 0.104380 0.153021 0.286740 0.939931
15.660000000 -10.660816 12.980859 2.702918 0.097294 0.143724 0.286894 0.942109
15.665000000 -10.658300 12.979624 2.700995 0.089927 0.134074 0.286928 0.944251
15.670000000 -10.655713 12.978367 2.699046 0.082364 0.124172 0.286834 0.946321
15.675000000 -10.653060 12.977091 2.697075 0.074692 0.114123 0.286611 0.948289
15.680000000 -10.650348 12.975797 2.695083 0.066996 0.104030 0.286257 0.950130
15.685000000 -10.647580 12.974487 2.693074 0.059361 0.093995 0.285774 0.951827
15.690000000 -10.644762 12.973163 2.691050 0.051866 0.084117 0.285167 0.953370
15.695000000 -10.641899 12.971828 2.689013 0.044587 0.074492 0.284442 0.954754
15.700000000 -10.638997 12.970482 2.686966 0.037594 0.065209 0.283608 0.955982
15.705000000 -10.636060 12.969128 2.684909 0.030948 0.056349 0.282676 0.957059
15.710000000 -10.633093 12.967768 2.682845 0.024706 0.047989 0.281658 0.957996
15.715000000 -10.630101 12.966403 2.680775 0.018915 0.040193 0.280565 0.958807
15.720000000 -10.627088 12.965034 2.678700 0.013615 0.033020 0.279410 0.959507
15.725000000 -10.624058 12.963664 2.676622 0.008837 0.026518 0.278206 0.960115
15.730000000 -10.621015 12.962293 2.674541 0.004603 0.020722 0.276966 0.960645
15.735000000 -10.617961 12.960924 2.672458 0.000929 0.015662 0.275701 0.961115
15.740000000 -10.614901 12.959556 2.670373 -0.002180 0.011354 0.274423 0.961540
15.745000000 -10.611835 12.958190 2.668288 -0.004725 0.007807 0.273140 0.961931
15.750000000 -10.608767 12.956828 2.666202 -0.006712 0.005019 0.271862 0.962300
15.755000000 -10.605698 12.955470 2.664115 -0.008155 0.002980 0.270595 0.962654
15.760000000 -10.602628 12.954116 2.662029 -0.009076 0.001671 0.269346 0.962999
15.765000000 -10.599559 12.952767 2.659942 -0.009499 0.001066 0.268118 0.963339
15.770000000 -10.596491 12.951423 2.657855 -0.009455 0.001131 0.266916 0.963673
15.775000000 -10.593424 12.950083 2.655769 -0.008976 0.001825 0.265742 0.964001
15.780000000 -10.590358 12.948748 2.653683 -0.008099 0.003101 0.264596 0.964320
15.785000000 -10.587291 12.947417 2.651598 -0.006865 0.004910 0.263481 0.964628
15.790000000 -10.584223 12.946090 2.649513 -0.005315 0.007196 0.262395 0.964919
15.795000000 -10.581153 12.944767 2.647428 -0.003490 0.009902 0.261338 0.965190
15.800000000 -10.578079 12.943447 2.645344 -0.001435 0.012967 0.260309 0.965437
15.805000000 -10.574999 12.942129 2.643260 0.000807 0.016330 0.259306 0.965657
15.810000000 -10.571911 12.940813 2.641177 0.003191 0.019927 0.258329 0.965846
15.815000000 -10.568814 12.939498 2.639093 0.005675 0.023697 0.257375 0.966004
15.820000000 -10.565705 12.938184 2.637010 0.008218 0.027577 0.256444 0.966131
15.825000000 -10.562582 12.936869 2.634927 0.010777 0.031508 0.255533 0.966227
15.830000000 -10.559443 12.935554 2.632844 0.013316 0.035432 0.254641 0.966295
15.835000000 -10.556286 12.934236 2.630760 0.015798 0.039294 0.253767 0.966338
15.840000000 -10.553109 12.932916 2.628676 0.018190 0.043045 0.252909 0.966361
15.845000000 -10.549909 12.931593 2.626590 0.020461 0.046637 0.252065 0.966369
15.850000000 -10.546685 12.930266 2.624504 0.022584 0.050028 0.251233 0.966369
15.855000000 -10.543435 12.928934 2.622416 0.024535 0.053178 0.250414 0.966366
15.860000000 -10.540157 12.927598 2.620327 0.026291 0.056056 0.249604 0.966367
15.865000000 -10.536849 12.926256 2.618235 0.027836 0.058635 0.248802 0.966377
15.870000000 -10.533511 12.924909 2.616141 0.029157 0.060891 0.248006 0.966403
15.875000000 -10.530141 12.923555 2.614044 0.030243 0.062809 0.247214 0.966450
15.880000000 -10.526737 12.922194 2.611945 0.031088 0.064377 0.246424 0.966522
15.885000000 -10.523300 12.920827 2.609842 0.031687 0.065586 0.245633 0.966622
15.890000000 -10.519829 12.919452 2.607736 0.032041 0.066433 0.244840 0.966754
15.895000000 -10.516322 12.918071 2.605627 0.032152 0.066921 0.244041 0.966919
15.900000000 -10.512781 12.916682 2.603513 0.032026 0.067055 0.243233 0.967117
15.905000000 -10.509204 12.915287 2.601396 0.031671 0.066844 0.242413 0.967349
15.910000000 -10.505592 12.913885 2.599275 0.031097 0.066301 0.241577 0.967614
15.915000000 -10.501946 12.912476 2.597150 0.030319 0.065442 0.240723 0.967910
15.920000000 -10.498266 12.911060 2.595021 0.029350 0.064285 0.239848 0.968235
15.925000000 -10.494553 12.909638 2.592888 0.028207 0.062852 0.238949 0.968585
15.930000000 -10.490806 12.908211 2.590752 0.026909 0.061167 0.238022 0.968958
15.935000000 -10.487029 12.906777 2.588612 0.025476 0.059254 0.237067 0.969350
15.940000000 -10.483221 12.905339 2.586468 0.023928 0.057142 0.236079 0.969757
15.945000000 -10.479383 12.903897 2.584320 0.022285 0.054856 0.235057 0.970177
15.950000000 -10.475517 12.902450 2.582170 0.020570 0.052428 0.233998 0.970604
15.955000000 -10.471625 12.900999 2.580016 0.018803 0.049885 0.232902 0.971038
15.960000000 -10.467707 12.899546 2.577859 0.017007 0.047256 0.231767 0.971474
15.965000000 -10.463766 12.898090 2.575700 0.015202 0.044569 0.230592 0.971910
15.970000000 -10.459802 12.896632 2.573538 0.013406 0.041852 0.229376 0.972345
15.975000000 -10.455817 12.895172 2.571373 0.011641 0.039130 0.228120 0.972777
15.980000000 -10.451813 12.893712 2.569206 0.009921 0.036429 0.226822 0.973204
15.985000000 -10.447790 12.892250 2.567037 0.008266 0.033774 0.225482 0.973627
15.990000000 -10.443752 12.890789 2.564866 0.006687 0.031184 0.224103 0.974044
15.995000000 -10.439698 12.889328 2.562693 0.005200 0.028681 0.222683 0.974455
16.000000000 -10.435630 12.887868 2.560519 0.003816 0.026284 0.221225 0.974861
16.005000000 -10.431550 12.886410 2.558343 0.002544 0.024008 0.219729 0.975262
16.010000000 -10.427459 12.884952 2.556165 0.001392 0.021867 0.218197 0.975659
16.015000000 -10.423357 12.883497 2.553985 0.000365 0.019872 0.216630 0.976051
16.020000000 -10.419247 12.882043 2.551805 -0.000531 0.018033 0.215029 0.976441
16.025000000 -10.415128 12.880592 2.549622 -0.001297 0.016356 0.213398 0.976828
16.030000000 -10.411002 12.879143 2.547439 -0.001930 0.014845 0.211736 0.977212
16.035000000 -10.406870 12.877697 2.545254 -0.002433 0.013503 0.210048 0.977595
16.040000000 -10.402732 12.876254 2.543068 -0.002810 0.012330 0.208332 0.977976
16.045000000 -10.398588 12.874813 2.540881 -0.003064 0.011322 0.206593 0.978357
16.050000000 -10.394440 12.873375 2.538693 -0.003202 0.010476 0.204831 0.978736
16.055000000 -10.390288 12.871940 2.536503 -0.003232 0.009787 0.203048 0.979114
16.060000000 -10.386132 12.870507 2.534312 -0.003161 0.009246 0.201246 0.979492
16.065000000 -10.381972 12.869077 2.532121 -0.002999 0.008845 0.199426 0.979868
16.070000000 -10.377809 12.867650 2.529928 -0.002756 0.008575 0.197589 0.980244
16.075000000 -10.373642 12.866225 2.527734 -0.002441 0.008424 0.195737 0.980617
16.080000000 -10.369472 12.864802 2.525539 -0.002067 0.008380 0.193871 0.980989
16.085000000 -10.365299 12.863380 2.523343 -0.001645 0.008430 0.191992 0.981359
16.090000000 -10.361122 12.861961 2.521146 -0.001185 0.008560 0.190102 0.981726
16.095000000 -10.356942 12.860543 2.518948 -0.000700 0.008758 0.188202 0.982091
16.100000000 -10.352758 12.859127 2.516749 -0.000200 0.009010 0.186293 0.982453
16.105000000 -10.348570 12.857711 2.514549 0.000306 0.009303 0.184375 0.982812
16.110000000 -10.344378 12.856296 2.512348 0.000806 0.009624 0.182449 0.983168
16.115000000 -10.340182 12.854882 2.510146 0.001291 0.009962 0.180515 0.983521
16.120000000 -10.335981 12.853468 2.507944 0.001753 0.010305 0.178574 0.983871
16.125000000 -10.331776 12.852055 2.505741 0.002185 0.010642 0.176626 0.984218
16.130000000 -10.327565 12.850642 2.503537 0.002577 0.010964 0.174672 0.984562
16.135000000 -10.323350 12.849228 2.501332 0.002925 0.011260 0.172712 0.984904
16.140000000 -10.319130 12.847814 2.499127 0.003223 0.011524 0.170747 0.985242
16.145000000 -10.314904 12.846400 2.496921 0.003466 0.011747 0.168777 0.985578
16.150000000 -10.310673 12.844985 2.494714 0.003652 0.011924 0.166802 0.985912
16.155000000 -10.306436 12.843569 2.492507 0.003777 0.012048 0.164822 0.986243
16.160000000 -10.302193 12.842153 2.490300 0.003840 0.012118 0.162837 0.986571
16.165000000 -10.297945 12.840736 2.488092 0.003840 0.012129 0.160848 0.986897
16.170000000 -10.293691 12.839318 2.485885 0.003779 0.012079 0.158854 0.987221
16.175000000 -10.289431 12.837900 2.483676 0.003656 0.011968 0.156856 0.987542
16.180000000 -10.285166 12.836481 2.481468 0.003474 0.011796 0.154852 0.987861
16.185000000 -10.280895 12.835061 2.479260 0.003236 0.011562 0.152844 0.988177
16.190000000 -10.276619 12.833641 2.477052 0.002945 0.011269 0.150831 0.988491
16.195000000 -10.272338 12.832220 2.474843 0.002605 0.010918 0.148812 0.988802
16.200000000 -10.268052 12.830799 2.472635 0.002219 0.010514 0.146788 0.989110
16.205000000 -10.263761 12.829378 2.470428 0.001793 0.010058 0.144758 0.989414
16.210000000 -10.259465 12.827957 2.468220 0.001332 0.009556 0.142723 0.989716
16.215000000 -10.255165 12.826536 2.466014 0.000841 0.009010 0.140681 0.990014
16.220000000 -10.250861 12.825115 2.463807 0.000326 0.008427 0.138635 0.990308
16.225000000 -10.246554 12.823695 2.461602 -0.000208 0.007810 0.136583 0.990598
16.230000000 -10.242243 12.822275 2.459397 -0.000755 0.007166 0.134524 0.990884
16.235000000 -10.237929 12.820857 2.457193 -0.001310 0.006500 0.132460 0.991166
16.240000000 -10.233612 12.819440 2.454989 -0.001866 0.005818 0.130390 0.991444
16.245000000 -10.229294 12.818024 2.452787 -0.002420 0.005125 0.128314 0.991717
16.250000000 -10.224973 12.816610 2.450586 -0.002965 0.004427 0.126231 0.991987
16.255000000 -10.220651 12.815198 2.448387 -0.003496 0.003730 0.124142 0.992251
16.260000000 -10.216328 12.813788 2.446188 -0.004010 0.003039 0.122046 0.992512
16.265000000 -10.212004 12.812380 2.443991 -0.004503 0.002358 0.119944 0.992768
16.270000000 -10.207680 12.810975 2.441795 -0.004970 0.001693 0.117836 0.993019
16.275000000 -10.203355 12.809573 2.439601 -0.005409 0.001047 0.115721 0.993266
16.280000000 -10.199031 12.808173 2.437409 -0.005818 0.000424 0.113600 0.993509
16.285000000 -10.194707 12.806776 2.435218 -0.006195 -0.000174 0.111473 0.993748
16.290000000 -10.190385 12.805383 2.433029 -0.006537 -0.000744 0.109340 0.993983
16.295000000 -10.186063 12.803993 2.430843 -0.006845 -0.001283 0.107201 0.994213
16.300000000 -10.181743 12.802606 2.428658 -0.007117 -0.001790 0.105057 0.994439
16.305000000 -10.177425 12.801223 2.426476 -0.007354 -0.002262 0.102907 0.994661
16.310000000 -10.173108 12.799843 2.424296 -0.007556 -0.002700 0.100753 0.994879
16.315000000 -10.168794 12.798468 2.422118 -0.007723 -0.003102 0.098594 0.995093
16.320000000 -10.164482 12.797096 2.419942 -0.007857 -0.003468 0.096431 0.995303
16.325000000 -10.160173 12.795728 2.417770 -0.007959 -0.003799 0.094264 0.995508
16.330000000 -10.155866 12.794363 2.415599 -0.008030 -0.004095 0.092094 0.995710
16.335000000 -10.151563 12.793003 2.413432 -0.008073 -0.004357 0.089921 0.995907
16.340000000 -10.147262 12.791647 2.411267 -0.008089 -0.004587 0.087745 0.996100
16.345000000 -10.142964 12.790294 2.409105 -0.008080 -0.004786 0.085568 0.996288
16.350000000 -10.138670 12.788946 2.406946 -0.008049 -0.004957 0.083388 0.996472
16.355000000 -10.134378 12.787601 2.404789 -0.007996 -0.005101 0.081208 0.996652
16.360000000 -10.130091 12.786260 2.402635 -0.007926 -0.005221 0.079027 0.996827
16.365000000 -10.125806 12.784924 2.400484 -0.007839 -0.005320 0.076846 0.996998
16.370000000 -10.121525 12.783591 2.398335 -0.007738 -0.005399 0.074665 0.997164
16.375000000 -10.117247 12.782261 2.396190 -0.007625 -0.005461 0.072485 0.997325
16.380000000 -10.112973 12.780936 2.394047 -0.007503 -0.005510 0.070306 0.997482
16.385000000 -10.108702 12.779614 2.391906 -0.007373 -0.005547 0.068129 0.997634
16.390000000 -10.104434 12.778296 2.389768 -0.007238 -0.005577 0.065954 0.997781
16.395000000 -10.100170 12.776981 2.387633 -0.007100 -0.005600 0.063782 0.997923
16.400000000 -10.095910 12.775670 2.385501 -0.006960 -0.005622 0.061613 0.998060
16.405000000 -10.091652 12.774362 2.383371 -0.006821 -0.005643 0.059447 0.998192
16.410000000 -10.087399 12.773057 2.381243 -0.006683 -0.005666 0.057286 0.998319
16.415000000 -10.083149 12.771756 2.379118 -0.006549 -0.005695 0.055129 0.998442
16.420000000 -10.078902 12.770458 2.376996 -0.006420 -0.005730 0.052977 0.998559
16.425000000 -10.074658 12.769163 2.374876 -0.006297 -0.005774 0.050831 0.998671
16.430000000 -10.070419 12.767871 2.372758 -0.006181 -0.005829 0.048691 0.998778
16.435000000 -10.066182 12.766583 2.370643 -0.006072 -0.005895 0.046558 0.998880
16.440000000 -10.061949 12.765297 2.368530 -0.005972 -0.005976 0.044431 0.998977
16.445000000 -10.057720 12.764014 2.366419 -0.005881 -0.006071 0.042312 0.999069
16.450000000 -10.053494 12.762735 2.364311 -0.005799 -0.006183 0.040199 0.999156
16.455000000 -10.049272 12.761458 2.362205 -0.005726 -0.006310 0.038094 0.999238
16.460000000 -10.045054 12.760184 2.360101 -0.005663 -0.006454 0.035998 0.999315
16.465000000 -10.040839 12.758912 2.357999 -0.005608 -0.006616 0.033910 0.999387
16.470000000 -10.036628 12.757644 2.355900 -0.005563 -0.006795 0.031830 0.999455
16.475000000 -10.032421 12.756378 2.353803 -0.005526 -0.006990 0.029760 0.999517
16.480000000 -10.028218 12.755115 2.351708 -0.005497 -0.007201 0.027699 0.999575
16.485000000 -10.024019 12.753855 2.349615 -0.005474 -0.007428 0.025646 0.999628
16.490000000 -10.019824 12.752598 2.347524 -0.005458 -0.007669 0.023603 0.999677
16.495000000 -10.015633 12.751343 2.345435 -0.005447 -0.007923 0.021569 0.999721
16.500000000 -10.011447 12.750091 2.343348 -0.005441 -0.008190 0.019545 0.999761
16.505000000 -10.007266 12.748842 2.341263 -0.005438 -0.008469 0.017530 0.999796
16.510000000 -10.003089 12.747595 2.339180 -0.005438 -0.008758 0.015526 0.999826
16.515000000 -9.998917 12.746351 2.337098 -0.005440 -0.009056 0.013531 0.999853
16.520000000 -9.994750 12.745110 2.335019 -0.005442 -0.009362 0.011547 0.999875
16.525000000 -9.990588 12.743872 2.332942 -0.005445 -0.009674 0.009574 0.999893
16.530000000 -9.986431 12.742637 2.330866 -0.005447 -0.009992 0.007611 0.999906
16.535000000 -9.982279 12.741404 2.328792 -0.005446 -0.010314 0.005659 0.999916
16.540000000 -9.978133 12.740174 2.326720 -0.005444 -0.010640 0.003718 0.999922
16.545000000 -9.973993 12.738947 2.324650 -0.005440 -0.010972 0.001789 0.999923
16.550000000 -9.969859 12.737723 2.322582 -0.005433 -0.011312 -0.000128 0.999921
16.555000000 -9.965731 12.736501 2.320517 -0.005426 -0.011665 -0.002033 0.999915
16.560000000 -9.961608 12.735283 2.318453 -0.005418 -0.012038 -0.003926 0.999905
16.565000000 -9.957493 12.734067 2.316392 -0.005412 -0.012436 -0.005805 0.999891
16.570000000 -9.953384 12.732854 2.314334 -0.005409 -0.012869 -0.007671 0.999873
16.575000000 -9.949281 12.731644 2.312279 -0.005410 -0.013343 -0.009524 0.999851
16.580000000 -9.945186 12.730437 2.310227 -0.005419 -0.013870 -0.011364 0.999825
16.585000000 -9.941098 12.729232 2.308179 -0.005437 -0.014458 -0.013190 0.999794
16.590000000 -9.937017 12.728031 2.306135 -0.005465 -0.015116 -0.015002 0.999758
16.595000000 -9.932945 12.726833 2.304096 -0.005507 -0.015854 -0.016801 0.999718
16.600000000 -9.928881 12.725637 2.302062 -0.005563 -0.016681 -0.018587 0.999673
16.605000000 -9.924825 12.724445 2.300033 -0.005635 -0.017603 -0.020359 0.999622
16.610000000 -9.920779 12.723256 2.298010 -0.005726 -0.018628 -0.022116 0.999565
16.615000000 -9.916742 12.722070 2.295993 -0.005835 -0.019763 -0.023860 0.999503
16.620000000 -9.912716 12.720887 2.293983 -0.005964 -0.021012 -0.025589 0.999434
16.625000000 -9.908700 12.719708 2.291980 -0.006115 -0.022380 -0.027303 0.999358
16.630000000 -9.904697 12.718532 2.289984 -0.006286 -0.023871 -0.029002 0.999275
16.635000000 -9.900705 12.717360 2.287997 -0.006479 -0.025487 -0.030687 0.999183
16.640000000 -9.896727 12.716191 2.286018 -0.006693 -0.027230 -0.032357 0.999083
16.645000000 -9.892763 12.715027 2.284049 -0.006929 -0.029098 -0.034011 0.998974
16.650000000 -9.888814 12.713867 2.282089 -0.007184 -0.031092 -0.035650 0.998855
16.655000000 -9.884882 12.712711 2.280140 -0.007459 -0.033209 -0.037273 0.998725
16.660000000 -9.880966 12.711560 2.278201 -0.007752 -0.035448 -0.038880 0.998585
16.665000000 -9.877069 12.710413 2.276273 -0.008062 -0.037802 -0.040472 0.998433
16.670000000 -9.873192 12.709272 2.274357 -0.008387 -0.040268 -0.042047 0.998269
16.675000000 -9.869336 12.708135 2.272454 -0.008725 -0.042839 -0.043606 0.998092
16.680000000 -9.865502 12.707005 2.270563 -0.009075 -0.045510 -0.045148 0.997902
16.685000000 -9.861691 12.705880 2.268686 -0.009434 -0.048272 -0.046673 0.997699
16.690000000 -9.857906 12.704762 2.266823 -0.009799 -0.051119 -0.048181 0.997482
16.695000000 -9.854148 12.703650 2.264975 -0.010170 -0.054041 -0.049673 0.997251
16.700000000 -9.850418 12.702545 2.263141 -0.010543 -0.057030 -0.051147 0.997006
16.705000000 -9.846718 12.701447 2.261324 -0.010916 -0.060077 -0.052603 0.996747
16.710000000 -9.843049 12.700356 2.259522 -0.011286 -0.063173 -0.054043 0.996474
16.715000000 -9.839414 12.699273 2.257737 -0.011653 -0.066308 -0.055464 0.996188
16.720000000 -9.835813 12.698199 2.255970 -0.012012 -0.069473 -0.056867 0.995889
16.725000000 -9.832250 12.697133 2.254220 -0.012363 -0.072657 -0.058252 0.995578
16.730000000 -9.828724 12.696076 2.252489 -0.012703 -0.075854 -0.059619 0.995254
16.735000000 -9.825240 12.695028 2.250776 -0.013031 -0.079053 -0.060967 0.994919
16.740000000 -9.821797 12.693990 2.249083 -0.013345 -0.082248 -0.062297 0.994573
16.745000000 -9.818398 12.692962 2.247410 -0.013643 -0.085431 -0.063609 0.994218
16.750000000 -9.815044 12.691944 2.245758 -0.013925 -0.088594 -0.064903 0.993853
16.755000000 -9.811738 12.690937 2.244126 -0.014189 -0.091731 -0.066179 0.993481
16.760000000 -9.808481 12.689941 2.242517 -0.014434 -0.094835 -0.067437 0.993101
16.765000000 -9.805275 12.688956 2.240929 -0.014660 -0.097897 -0.068677 0.992716
16.770000000 -9.802122 12.687983 2.239364 -0.014867 -0.100906 -0.069899 0.992326
16.775000000 -9.799024 12.687022 2.237821 -0.015054 -0.103852 -0.071103 0.991934
16.780000000 -9.795981 12.686073 2.236302 -0.015222 -0.106720 -0.072290 0.991541
16.785000000 -9.792997 12.685137 2.234806 -0.015370 -0.109498 -0.073461 0.991150
16.790000000 -9.790071 12.684214 2.233333 -0.015499 -0.112171 -0.074614 0.990762
16.795000000 -9.787207 12.683304 2.231884 -0.015610 -0.114726 -0.075750 0.990382
16.800000000 -9.784405 12.682407 2.230459 -0.015703 -0.117148 -0.076871 0.990010
16.805000000 -9.781667 12.681524 2.229057 -0.015780 -0.119427 -0.077975 0.989650
16.810000000 -9.778993 12.680655 2.227680 -0.015842 -0.121550 -0.079063 0.989305
16.815000000 -9.776386 12.679800 2.226327 -0.015890 -0.123506 -0.080136 0.988975
16.820000000 -9.773846 12.678959 2.224998 -0.015925 -0.125287 -0.081195 0.988664
16.825000000 -9.771375 12.678133 2.223693 -0.015950 -0.126885 -0.082238 0.988374
16.830000000 -9.768973 12.677321 2.222412 -0.015966 -0.128294 -0.083268 0.988105
16.835000000 -9.766641 12.676524 2.221156 -0.015974 -0.129510 -0.084283 0.987861
16.840000000 -9.764380 12.675742 2.219924 -0.015976 -0.130530 -0.085284 0.987640
16.845000000 -9.762190 12.674975 2.218717 -0.015974 -0.131353 -0.086272 0.987445
16.850000000 -9.760072 12.674224 2.217535 -0.015970 -0.131979 -0.087246 0.987276
16.855000000 -9.758026 12.673488 2.216377 -0.015966 -0.132412 -0.088206 0.987133
16.860000000 -9.756053 12.672767 2.215245 -0.015962 -0.132656 -0.089152 0.987015
16.865000000 -9.754153 12.672061 2.214137 -0.015962 -0.132716 -0.090085 0.986923
16.870000000 -9.752325 12.671371 2.213055 -0.015966 -0.132600 -0.091004 0.986854
16.875000000 -9.750570 12.670697 2.211999 -0.015976 -0.132316 -0.091909 0.986808
16.880000000 -9.748888 12.670039 2.210968 -0.015993 -0.131875 -0.092799 0.986783
16.885000000 -9.747278 12.669396 2.209963 -0.016019 -0.131287 -0.093675 0.986779
16.890000000 -9.745741 12.668769 2.208984 -0.016054 -0.130564 -0.094536 0.986792
16.895000000 -9.744275 12.668159 2.208032 -0.016099 -0.129719 -0.095382 0.986821
16.900000000 -9.742880 12.667564 2.207107 -0.016156 -0.128768 -0.096213 0.986864
16.905000000 -9.741556 12.666985 2.206209 -0.016226 -0.127723 -0.097028 0.986919
16.910000000 -9.740302 12.666422 2.205339 -0.016307 -0.126600 -0.097827 0.986983
16.915000000 -9.739118 12.665875 2.204496 -0.016402 -0.125412 -0.098610 0.987056
16.920000000 -9.738004 12.665344 2.203682 -0.016510 -0.124174 -0.099376 0.987134
16.925000000 -9.736957 12.664830 2.202897 -0.016632 -0.122902 -0.100125 0.987215
16.930000000 -9.735979 12.664332 2.202140 -0.016767 -0.121609 -0.100856 0.987298
16.935000000 -9.735067 12.663850 2.201413 -0.016914 -0.120308 -0.101571 0.987382
16.940000000 -9.734222 12.663384 2.200716 -0.017075 -0.119012 -0.102267 0.987464
16.945000000 -9.733442 12.662935 2.200048 -0.017247 -0.117733 -0.102945 0.987544
16.950000000 -9.732728 12.662503 2.199412 -0.017431 -0.116482 -0.103605 0.987620
16.955000000 -9.732077 12.662087 2.198806 -0.017625 -0.115269 -0.104247 0.987692
16.960000000 -9.731491 12.661688 2.198231 -0.017829 -0.114102 -0.104870 0.987758
16.965000000 -9.730967 12.661306 2.197687 -0.018042 -0.112992 -0.105475 0.987817
16.970000000 -9.730506 12.660941 2.197176 -0.018263 -0.111944 -0.106061 0.987869
16.975000000 -9.730107 12.660592 2.196697 -0.018490 -0.110964 -0.106629 0.987915
16.980000000 -9.729769 12.660261 2.196249 -0.018722 -0.110054 -0.107177 0.987953
16.985000000 -9.729492 12.659947 2.195835 -0.018958 -0.109216 -0.107708 0.987984
16.990000000 -9.729275 12.659651 2.195453 -0.019194 -0.108443 -0.108220 0.988008
16.995000000 -9.729118 12.659372 2.195102 -0.019429 -0.107727 -0.108714 0.988028
17.000000000 -9.729020 12.659110 2.194783 -0.019660 -0.107056 -0.109190 0.988044
17.005000000 -9.728980 12.658866 2.194495 -0.019882 -0.106411 -0.109650 0.988058
17.010000000 -9.728999 12.658640 2.194237 -0.020092 -0.105774 -0.110094 0.988073
17.015000000 -9.729075 12.658432 2.194009 -0.020286 -0.105123 -0.110522 0.988090
17.020000000 -9.729208 12.658241 2.193808 -0.020461 -0.104438 -0.110936 0.988113
17.025000000 -9.729397 12.658068 2.193635 -0.020613 -0.103696 -0.111336 0.988143
17.030000000 -9.729642 12.657912 2.193488 -0.020738 -0.102875 -0.111722 0.988183
17.035000000 -9.729942 12.657775 2.193366 -0.020833 -0.101953 -0.112097 0.988234
17.040000000 -9.730296 12.657655 2.193269 -0.020894 -0.100909 -0.112459 0.988298
17.045000000 -9.730704 12.657552 2.193194 -0.020920 -0.099725 -0.112811 0.988378
17.050000000 -9.731163 12.657467 2.193141 -0.020908 -0.098380 -0.113153 0.988474
17.055000000 -9.731675 12.657399 2.193108 -0.020855 -0.096860 -0.113485 0.988587
17.060000000 -9.732237 12.657348 2.193095 -0.020759 -0.095151 -0.113808 0.988718
17.065000000 -9.732848 12.657314 2.193101 -0.020621 -0.093242 -0.114123 0.988866
17.070000000 -9.733507 12.657297 2.193124 -0.020438 -0.091122 -0.114429 0.989032
17.075000000 -9.734213 12.657296 2.193164 -0.020210 -0.088786 -0.114728 0.989215
17.080000000 -9.734964 12.657311 2.193219 -0.019938 -0.086229 -0.115020 0.989413
17.085000000 -9.735759 12.657342 2.193288 -0.019621 -0.083450 -0.115304 0.989624
17.090000000 -9.736596 12.657388 2.193371 -0.019261 -0.080450 -0.115582 0.989847
17.095000000 -9.737474 12.657448 2.193467 -0.018858 -0.077231 -0.115852 0.990080
17.100000000 -9.738390 12.657523 2.193574 -0.018414 -0.073799 -0.116116 0.990319
17.105000000 -9.739343 12.657612 2.193692 -0.017930 -0.070163 -0.116372 0.990562
17.110000000 -9.740331 12.657715 2.193820 -0.017410 -0.066334 -0.116621 0.990806
17.115000000 -9.741351 12.657830 2.193958 -0.016855 -0.062326 -0.116863 0.991047
17.120000000 -9.742402 12.657957 2.194104 -0.016268 -0.058150 -0.117097 0.991283
17.125000000 -9.743482 12.658096 2.194258 -0.015652 -0.053825 -0.117323 0.991511
17.130000000 -9.744587 12.658247 2.194419 -0.015008 -0.049365 -0.117540 0.991727
17.135000000 -9.745717 12.658407 2.194587 -0.014342 -0.044790 -0.117750 0.991929
17.140000000 -9.746868 12.658578 2.194761 -0.013655 -0.040119 -0.117950 0.992115
17.145000000 -9.748038 12.658758 2.194940 -0.012950 -0.035373 -0.118142 0.992282
17.150000000 -9.749225 12.658946 2.195123 -0.012231 -0.030569 -0.118325 0.992429
17.155000000 -9.750426 12.659142 2.195311 -0.011501 -0.025730 -0.118498 0.992554
17.160000000 -9.751640 12.659345 2.195502 -0.010762 -0.020875 -0.118662 0.992657
17.165000000 -9.752863 12.659555 2.195696 -0.010018 -0.016025 -0.118817 0.992736
17.170000000 -9.754093 12.659771 2.195892 -0.009270 -0.011199 -0.118961 0.992792
17.175000000 -9.755328 12.659992 2.196090 -0.008523 -0.006414 -0.119097 0.992825
17.180000000 -9.756566 12.660217 2.196288 -0.007777 -0.001689 -0.119223 0.992836
17.185000000 -9.757804 12.660447 2.196487 -0.007035 0.002960 -0.119339 0.992824
17.190000000 -9.759040 12.660679 2.196686 -0.006299 0.007517 -0.119446 0.992792
17.195000000 -9.760272 12.660914 2.196885 -0.005571 0.011969 -0.119544 0.992741
17.200000000 -9.761498 12.661152 2.197082 -0.004853 0.016301 -0.119633 0.992672
17.205000000 -9.762716 12.661390 2.197277 -0.004148 0.020498 -0.119714 0.992588
17.210000000 -9.763924 12.661630 2.197470 -0.003458 0.024545 -0.119786 0.992490
17.215000000 -9.765119 12.661869 2.197661 -0.002788 0.028427 -0.119851 0.992381
17.220000000 -9.766301 12.662109 2.197850 -0.002140 0.032127 -0.119908 0.992263
17.225000000 -9.767467 12.662347 2.198036 -0.001517 0.035630 -0.119958 0.992138
17.230000000 -9.768616 12.662584 2.198218 -0.000921 0.038921 -0.120001 0.992010
17.235000000 -9.769746 12.662820 2.198397 -0.000356 0.041987 -0.120037 0.991881
17.240000000 -9.770856 12.663053 2.198573 0.000176 0.044816 -0.120068 0.991754
17.245000000 -9.771944 12.663283 2.198746 0.000673 0.047399 -0.120094 0.991630
17.250000000 -9.773009 12.663510 2.198914 0.001133 0.049725 -0.120115 0.991513
17.255000000 -9.774050 12.663734 2.199079 0.001555 0.051790 -0.120131 0.991405
17.260000000 -9.775067 12.663954 2.199240 0.001938 0.053589 -0.120143 0.991307
17.265000000 -9.776058 12.664170 2.199397 0.002280 0.055120 -0.120152 0.991222
17.270000000 -9.777023 12.664381 2.199549 0.002582 0.056384 -0.120157 0.991149
17.275000000 -9.777960 12.664589 2.199698 0.002844 0.057381 -0.120160 0.991091
17.280000000 -9.778870 12.664791 2.199842 0.003065 0.058118 -0.120160 0.991047
17.285000000 -9.779753 12.664989 2.199981 0.003246 0.058601 -0.120158 0.991018
17.290000000 -9.780607 12.665181 2.200117 0.003389 0.058838 -0.120154 0.991004
17.295000000 -9.781434 12.665369 2.200248 0.003494 0.058840 -0.120149 0.991004
17.300000000 -9.782232 12.665551 2.200374 0.003565 0.058619 -0.120142 0.991018
17.305000000 -9.783002 12.665728 2.200497 0.003602 0.058188 -0.120135 0.991044
17.310000000 -9.783744 12.665900 2.200615 0.003617 0.057552 -0.120126 0.991082
17.315000000 -9.784459 12.666067 2.200730 0.003626 0.056711 -0.120117 0.991132
17.320000000 -9.785147 12.666229 2.200841 0.003645 0.055670 -0.120109 0.991192
17.325000000 -9.785808 12.666386 2.200950 0.003685 0.054442 -0.120101 0.991261
17.330000000 -9.786443 12.666538 2.201056 0.003759 0.053040 -0.120094 0.991338
17.335000000 -9.787052 12.666685 2.201160 0.003875 0.051485 -0.120087 0.991420
17.340000000 -9.787637 12.666827 2.201262 0.004041 0.049798 -0.120081 0.991506
17.345000000 -9.788197 12.666965 2.201363 0.004263 0.048005 -0.120076 0.991594
17.350000000 -9.788735 12.667097 2.201463 0.004547 0.046135 -0.120072 0.991682
17.355000000 -9.789250 12.667224 2.201562 0.004894 0.044215 -0.120068 0.991769
17.360000000 -9.789744 12.667347 2.201660 0.005307 0.042277 -0.120064 0.991851
17.365000000 -9.790218 12.667464 2.201758 0.005784 0.040351 -0.120060 0.991929
17.370000000 -9.790673 12.667576 2.201856 0.006326 0.038467 -0.120056 0.992001
17.375000000 -9.791109 12.667683 2.201954 0.006930 0.036655 -0.120052 0.992066
17.380000000 -9.791527 12.667784 2.202052 0.007591 0.034943 -0.120047 0.992124
17.385000000 -9.791929 12.667879 2.202150 0.008307 0.033359 -0.120041 0.992174
17.390000000 -9.792315 12.667968 2.202249 0.009071 0.031926 -0.120034 0.992215
17.395000000 -9.792686 12.668051 2.202349 0.009877 0.030669 -0.120026 0.992248
17.400000000 -9.793042 12.668128 2.202450 0.010720 0.029608 -0.120017 0.992272
17.405000000 -9.793385 12.668197 2.202551 0.011591 0.028762 -0.120005 0.992289
17.410000000 -9.793714 12.668259 2.202653 0.012485 0.028146 -0.119992 0.992297
17.415000000 -9.794030 12.668313 2.202757 0.013394 0.027772 -0.119978 0.992298
17.420000000 -9.794334 12.668359 2.202861 0.014310 0.027650 -0.119961 0.992290
17.425000000 -9.794625 12.668396 2.202967 0.015226 0.027787 -0.119942 0.992275
17.430000000 -9.794902 12.668425 2.203073 0.016136 0.028187 -0.119922 0.992252
17.435000000 -9.795168 12.668443 2.203181 0.017032 0.028849 -0.119899 0.992221
17.440000000 -9.795419 12.668452 2.203290 0.017907 0.029772 -0.119874 0.992181
17.445000000 -9.795658 12.668450 2.203399 0.018756 0.030950 -0.119848 0.992132
17.450000000 -9.795882 12.668437 2.203510 0.019573 0.032377 -0.119819 0.992075
17.455000000 -9.796092 12.668412 2.203622 0.020353 0.034042 -0.119788 0.992007
17.460000000 -9.796286 12.668376 2.203735 0.021090 0.035932 -0.119756 0.991929
17.465000000 -9.796464 12.668327 2.203849 0.021782 0.038034 -0.119723 0.991839
17.470000000 -9.796624 12.668265 2.203964 0.022425 0.040331 -0.119688 0.991738
17.475000000 -9.796766 12.668190 2.204080 0.023017 0.042806 -0.119653 0.991625
17.480000000 -9.796888 12.668101 2.204196 0.023554 0.045441 -0.119617 0.991500
17.485000000 -9.796990 12.667998 2.204314 0.024038 0.048217 -0.119582 0.991361
17.490000000 -9.797069 12.667880 2.204432 0.024466 0.051114 -0.119547 0.991210
17.495000000 -9.797124 12.667747 2.204551 0.024839 0.054113 -0.119513 0.991046
17.500000000 -9.797155 12.667598 2.204670 0.025158 0.057192 -0.119480 0.990869
17.505000000 -9.797158 12.667434 2.204790 0.025423 0.060331 -0.119450 0.990679
17.510000000 -9.797134 12.667254 2.204911 0.025638 0.063511 -0.119423 0.990478
17.515000000 -9.797080 12.667058 2.205032 0.025804 0.066713 -0.119400 0.990266
17.520000000 -9.796995 12.666844 2.205153 0.025924 0.069918 -0.119381 0.990044
17.525000000 -9.796877 12.666614 2.205275 0.026001 0.073112 -0.119367 0.989813
17.530000000 -9.796724 12.666367 2.205397 0.026040 0.076278 -0.119359 0.989574
17.535000000 -9.796536 12.666103 2.205519 0.026045 0.079402 -0.119358 0.989328
17.540000000 -9.796310 12.665821 2.205641 0.026019 0.082470 -0.119364 0.989077
17.545000000 -9.796044 12.665521 2.205764 0.025967 0.085471 -0.119378 0.988822
17.550000000 -9.795739 12.665203 2.205886 0.025894 0.088394 -0.119401 0.988564
17.555000000 -9.795391 12.664868 2.206008 0.025803 0.091231 -0.119433 0.988305
17.560000000 -9.795000 12.664514 2.206130 0.025700 0.093976 -0.119475 0.988045
17.565000000 -9.794564 12.664142 2.206252 0.025588 0.096622 -0.119527 0.987787
17.570000000 -9.794082 12.663751 2.206373 0.025471 0.099163 -0.119590 0.987530
17.575000000 -9.793552 12.663342 2.206494 0.025353 0.101597 -0.119664 0.987277
17.580000000 -9.792974 12.662915 2.206614 0.025237 0.103923 -0.119750 0.987027
17.585000000 -9.792346 12.662468 2.206734 0.025128 0.106141 -0.119847 0.986782
17.590000000 -9.791666 12.662003 2.206853 0.025029 0.108251 -0.119956 0.986542
17.595000000 -9.790935 12.661519 2.206972 0.024941 0.110256 -0.120077 0.986308
17.600000000 -9.790151 12.661016 2.207090 0.024868 0.112157 -0.120210 0.986079
17.605000000 -9.789313 12.660494 2.207207 0.024812 0.113952 -0.120354 0.985857
17.610000000 -9.788420 12.659953 2.207323 0.024774 0.115640 -0.120510 0.985642
17.615000000 -9.787471 12.659392 2.207439 0.024757 0.117218 -0.120679 0.985436
17.620000000 -9.786465 12.658812 2.207553 0.024761 0.118681 -0.120858 0.985239
17.625000000 -9.785402 12.658213 2.207666 0.024787 0.120026 -0.121050 0.985051
17.630000000 -9.784282 12.657594 2.207778 0.024836 0.121249 -0.121253 0.984875
17.635000000 -9.783103 12.656956 2.207888 0.024908 0.122348 -0.121467 0.984711
17.640000000 -9.781864 12.656297 2.207997 0.025004 0.123320 -0.121693 0.984560
17.645000000 -9.780566 12.655619 2.208104 0.025122 0.124160 -0.121929 0.984422
17.650000000 -9.779209 12.654921 2.208210 0.025263 0.124867 -0.122176 0.984298
17.655000000 -9.777791 12.654202 2.208313 0.025425 0.125438 -0.122433 0.984190
17.660000000 -9.776312 12.653463 2.208415 0.025608 0.125874 -0.122700 0.984096
17.665000000 -9.774773 12.652704 2.208515 0.025809 0.126173 -0.122976 0.984018
17.670000000 -9.773174 12.651924 2.208612 0.026029 0.126337 -0.123261 0.983955
17.675000000 -9.771513 12.651124 2.208708 0.026264 0.126368 -0.123554 0.983908
17.680000000 -9.769791 12.650303 2.208801 0.026514 0.126268 -0.123855 0.983877
17.685000000 -9.768009 12.649460 2.208892 0.026776 0.126040 -0.124163 0.983860
17.690000000 -9.766166 12.648597 2.208981 0.027048 0.125689 -0.124478 0.983858
17.695000000 -9.764263 12.647713 2.209068 0.027329 0.125218 -0.124799 0.983869
17.700000000 -9.762300 12.646807 2.209152 0.027617 0.124634 -0.125125 0.983894
17.705000000 -9.760276 12.645879 2.209234 0.027908 0.123942 -0.125456 0.983931
17.710000000 -9.758194 12.644931 2.209314 0.028202 0.123149 -0.125791 0.983979
17.715000000 -9.756052 12.643960 2.209392 0.028497 0.122264 -0.126131 0.984038
17.720000000 -9.753852 12.642968 2.209468 0.028790 0.121295 -0.126473 0.984105
17.725000000 -9.751594 12.641954 2.209542 0.029081 0.120251 -0.126818 0.984180
17.730000000 -9.749279 12.640918 2.209614 0.029366 0.119139 -0.127165 0.984262
17.735000000 -9.746907 12.639859 2.209684 0.029646 0.117968 -0.127514 0.984350
17.740000000 -9.744478 12.638779 2.209752 0.029918 0.116747 -0.127864 0.984442
17.745000000 -9.741994 12.637677 2.209819 0.030181 0.115487 -0.128215 0.984537
17.750000000 -9.739455 12.636552 2.209884 0.030434 0.114193 -0.128567 0.984634
17.755000000 -9.736862 12.635405 2.209948 0.030676 0.112877 -0.128919 0.984732
17.760000000 -9.734215 12.634235 2.210010 0.030907 0.111545 -0.129271 0.984831
17.765000000 -9.731515 12.633043 2.210071 0.031127 0.110207 -0.129623 0.984928
17.770000000 -9.728762 12.631829 2.210131 0.031333 0.108869 -0.129975 0.985024
17.775000000 -9.725959 12.630592 2.210191 0.031528 0.107541 -0.130327 0.985117
17.780000000 -9.723104 12.629333 2.210249 0.031710 0.106228 -0.130678 0.985207
17.785000000 -9.720199 12.628051 2.210306 0.031879 0.104938 -0.131029 0.985293
17.790000000 -9.717245 12.626746 2.210363 0.032038 0.103677 -0.131380 0.985375
17.795000000 -9.714242 12.625419 2.210420 0.032184 0.102450 -0.131731 0.985452
17.800000000 -9.711191 12.624070 2.210476 0.032321 0.101262 -0.132082 0.985523
17.805000000 -9.708091 12.622698 2.210532 0.032447 0.100117 -0.132433 0.985589
17.810000000 -9.704945 12.621303 2.210587 0.032563 0.099017 -0.132785 0.985649
17.815000000 -9.701752 12.619886 2.210643 0.032671 0.097966 -0.133137 0.985703
17.820000000 -9.698514 12.618446 2.210698 0.032772 0.096966 -0.133489 0.985751
17.825000000 -9.695230 12.616983 2.210754 0.032866 0.096019 -0.133843 0.985792
17.830000000 -9.691901 12.615498 2.210810 0.032955 0.095126 -0.134198 0.985828
17.835000000 -9.688527 12.613991 2.210866 0.033039 0.094287 -0.134554 0.985857
17.840000000 -9.685109 12.612461 2.210922 0.033121 0.093503 -0.134912 0.985880
17.845000000 -9.681648 12.610908 2.210979 0.033200 0.092772 -0.135272 0.985897
17.850000000 -9.678143 12.609333 2.211036 0.033278 0.092091 -0.135633 0.985908
17.855000000 -9.674595 12.607735 2.211093 0.033356 0.091461 -0.135997 0.985914
17.860000000 -9.671005 12.606114 2.211151 0.033435 0.090879 -0.136364 0.985915
17.865000000 -9.667373 12.604472 2.211210 0.033515 0.090341 -0.136733 0.985910
17.870000000 -9.663698 12.602806 2.211270 0.033597 0.089844 -0.137106 0.985901
17.875000000 -9.659982 12.601118 2.211330 0.033683 0.089384 -0.137481 0.985888
17.880000000 -9.656224 12.599407 2.211390 0.033771 0.088958 -0.137860 0.985870
17.885000000 -9.652425 12.597673 2.211452 0.033864 0.088562 -0.138243 0.985849
17.890000000 -9.648585 12.595917 2.211514 0.033962 0.088193 -0.138629 0.985825
17.895000000 -9.644704 12.594138 2.211577 0.034064 0.087848 -0.139018 0.985797
17.900000000 -9.640782 12.592336 2.211641 0.034173 0.087522 -0.139412 0.985767
17.905000000 -9.636820 12.590512 2.211706 0.034287 0.087211 -0.139809 0.985734
17.910000000 -9.632817 12.588664 2.211771 0.034407 0.086909 -0.140210 0.985700
17.915000000 -9.628775 12.586794 2.211838 0.034534 0.086610 -0.140615 0.985664
17.920000000 -9.624692 12.584901 2.211905 0.034667 0.086307 -0.141024 0.985628
17.925000000 -9.620570 12.582984 2.211973 0.034806 0.085994 -0.141436 0.985591
17.930000000 -9.616408 12.581045 2.212043 0.034950 0.085663 -0.141853 0.985555
17.935000000 -9.612207 12.579082 2.212113 0.035102 0.085307 -0.142274 0.985519
17.940000000 -9.607967 12.577097 2.212183 0.035260 0.084922 -0.142699 0.985486
17.945000000 -9.603687 12.575088 2.212255 0.035425 0.084502 -0.143128 0.985454
17.950000000 -9.599369 12.573055 2.212328 0.035597 0.084040 -0.143562 0.985424
17.955000000 -9.595013 12.570999 2.212402 0.035777 0.083535 -0.143999 0.985397
17.960000000 -9.590618 12.568920 2.212476 0.035964 0.082983 -0.144439 0.985372
17.965000000 -9.586185 12.566817 2.212552 0.036158 0.082378 -0.144884 0.985350
17.970000000 -9.581715 12.564691 2.212629 0.036359 0.081718 -0.145332 0.985332
17.975000000 -9.577208 12.562541 2.212707 0.036566 0.081000 -0.145783 0.985317
17.980000000 -9.572664 12.560367 2.212785 0.036779 0.080222 -0.146237 0.985305
17.985000000 -9.568083 12.558170 2.212865 0.036997 0.079384 -0.146695 0.985297
17.990000000 -9.563467 12.555949 2.212947 0.037220 0.078486 -0.147154 0.985292
17.995000000 -9.558815 12.553703 2.213029 0.037449 0.077532 -0.147616 0.985290
18.000000000 -9.554128 12.551434 2.213113 0.037683 0.076522 -0.148080 0.985290
18.005000000 -9.549407 12.549141 2.213198 0.037923 0.075461 -0.148545 0.985293
18.010000000 -9.544652 12.546824 2.213285 0.038167 0.074350 -0.149011 0.985297
18.015000000 -9.539864 12.544482 2.213374 0.038416 0.073192 -0.149479 0.985304
18.020000000 -9.535043 12.542117 2.213464 0.038669 0.071993 -0.149947 0.985311
18.025000000 -9.530190 12.539727 2.213556 0.038926 0.070757 -0.150416 0.985319
18.030000000 -9.525305 12.537313 2.213650 0.039186 0.069488 -0.150884 0.985327
18.035000000 -9.520390 12.534875 2.213745 0.039449 0.068191 -0.151352 0.985336
18.040000000 -9.515445 12.532412 2.213843 0.039714 0.066870 -0.151819 0.985344
18.045000000 -9.510470 12.529925 2.213944 0.039981 0.065531 -0.152285 0.985351
18.050000000 -9.505466 12.527414 2.214046 0.040248 0.064180 -0.152750 0.985357
18.055000000 -9.500435 12.524878 2.214151 0.040517 0.062822 -0.153213 0.985362
18.060000000 -9.495376 12.522318 2.214258 0.040787 0.061463 -0.153674 0.985364
18.065000000 -9.490291 12.519733 2.214368 0.041056 0.060108 -0.154133 0.985365
18.070000000 -9.485180 12.517123 2.214481 0.041326 0.058763 -0.154589 0.985364
18.075000000 -9.480043 12.514489 2.214596 0.041594 0.057431 -0.155043 0.985359
18.080000000 -9.474882 12.511830 2.214715 0.041861 0.056118 -0.155494 0.985353
18.085000000 -9.469698 12.509146 2.214837 0.042126 0.054826 -0.155941 0.985344
18.090000000 -9.464490 12.506438 2.214961 0.042387 0.053558 -0.156386 0.985332
18.095000000 -9.459260 12.503704 2.215089 0.042645 0.052318 -0.156826 0.985317
18.100000000 -9.454007 12.500946 2.215220 0.042899 0.051110 -0.157264 0.985300
18.105000000 -9.448734 12.498163 2.215355 0.043150 0.049936 -0.157698 0.985280
18.110000000 -9.443440 12.495355 2.215493 0.043397 0.048797 -0.158128 0.985257
18.115000000 -9.438126 12.492523 2.215635 0.043639 0.047696 -0.158554 0.985232
18.120000000 -9.432793 12.489665 2.215781 0.043878 0.046635 -0.158977 0.985204
18.125000000 -9.427440 12.486782 2.215930 0.044113 0.045615 -0.159396 0.985173
18.130000000 -9.422070 12.483874 2.216083 0.044344 0.044636 -0.159812 0.985140
18.135000000 -9.416681 12.480940 2.216240 0.044571 0.043698 -0.160224 0.985105
18.140000000 -9.411276 12.477982 2.216401 0.044794 0.042800 -0.160633 0.985068
18.145000000 -9.405853 12.474998 2.216567 0.045013 0.041942 -0.161038 0.985029
18.150000000 -9.400414 12.471990 2.216736 0.045229 0.041123 -0.161440 0.984988
18.155000000 -9.394959 12.468955 2.216910 0.045441 0.040342 -0.161838 0.984945
18.160000000 -9.389488 12.465896 2.217088 0.045650 0.039598 -0.162234 0.984900
18.165000000 -9.384003 12.462811 2.217270 0.045856 0.038889 -0.162626 0.984854
18.170000000 -9.378502 12.459700 2.217457 0.046062 0.038215 -0.163016 0.984807
18.175000000 -9.372987 12.456564 2.217649 0.046266 0.037573 -0.163402 0.984758
18.180000000 -9.367459 12.453402 2.217845 0.046470 0.036963 -0.163786 0.984707
18.185000000 -9.361916 12.450215 2.218046 0.046673 0.036381 -0.164166 0.984656
18.190000000 -9.356360 12.447002 2.218251 0.046876 0.035823 -0.164544 0.984604
18.195000000 -9.350791 12.443763 2.218461 0.047079 0.035288 -0.164920 0.984551
18.200000000 -9.345209 12.440499 2.218677 0.047281 0.034772 -0.165293 0.984497
18.205000000 -9.339614 12.437208 2.218897 0.047483 0.034273 -0.165663 0.984442
18.210000000 -9.334008 12.433892 2.219122 0.047684 0.033788 -0.166032 0.984387
18.215000000 -9.328389 12.430549 2.219352 0.047884 0.033313 -0.166397 0.984332
18.220000000 -9.322758 12.427181 2.219587 0.048081 0.032848 -0.166761 0.984276
18.225000000 -9.317117 12.423786 2.219827 0.048275 0.032390 -0.167123 0.984221
18.230000000 -9.311463 12.420365 2.220073 0.048463 0.031935 -0.167483 0.984165
18.235000000 -9.305799 12.416918 2.220324 0.048643 0.031482 -0.167840 0.984110
18.240000000 -9.300125 12.413445 2.220580 0.048812 0.031026 -0.168196 0.984055
18.245000000 -9.294440 12.409945 2.220841 0.048967 0.030566 -0.168551 0.984001
18.250000000 -9.288744 12.406418 2.221108 0.049106 0.030098 -0.168903 0.983948
18.255000000 -9.283039 12.402866 2.221380 0.049224 0.029621 -0.169254 0.983897
18.260000000 -9.277324 12.399287 2.221657 0.049319 0.029131 -0.169604 0.983846
18.265000000 -9.271600 12.395681 2.221940 0.049389 0.028627 -0.169952 0.983798
18.270000000 -9.265866 12.392049 2.222228 0.049430 0.028106 -0.170299 0.983751
18.275000000 -9.260124 12.388391 2.222522 0.049441 0.027568 -0.170644 0.983705
18.280000000 -9.254373 12.384706 2.222821 0.049420 0.027011 -0.170988 0.983662
18.285000000 -9.248614 12.380995 2.223126 0.049365 0.026436 -0.171331 0.983621
18.290000000 -9.242846 12.377257 2.223436 0.049274 0.025840 -0.171672 0.983582
18.295000000 -9.237071 12.373494 2.223752 0.049146 0.025223 -0.172011 0.983545
18.300000000 -9.231289 12.369704 2.224074 0.048981 0.024585 -0.172349 0.983510
18.305000000 -9.225500 12.365889 2.224402 0.048778 0.023927 -0.172685 0.983477
18.310000000 -9.219703 12.362047 2.224735 0.048538 0.023250 -0.173020 0.983447
18.315000000 -9.213901 12.358180 2.225074 0.048261 0.022555 -0.173352 0.983418
18.320000000 -9.208092 12.354288 2.225419 0.047950 0.021844 -0.173683 0.983391
18.325000000 -9.202278 12.350371 2.225770 0.047605 0.021118 -0.174011 0.983366
18.330000000 -9.196458 12.346429 2.226127 0.047226 0.020377 -0.174336 0.983342
18.335000000 -9.190633 12.342462 2.226490 0.046818 0.019625 -0.174659 0.983319
18.340000000 -9.184803 12.338471 2.226859 0.046381 0.018863 -0.174979 0.983298
18.345000000 -9.178969 12.334455 2.227234 0.045919 0.018094 -0.175296 0.983278
18.350000000 -9.173131 12.330416 2.227615 0.045434 0.017319 -0.175610 0.983258
18.355000000 -9.167289 12.326353 2.228003 0.044929 0.016542 -0.175920 0.983239
18.360000000 -9.161444 12.322267 2.228398 0.044407 0.015764 -0.176227 0.983221
18.365000000 -9.155596 12.318159 2.228798 0.043871 0.014987 -0.176530 0.983203
18.370000000 -9.149745 12.314027 2.229206 0.043324 0.014213 -0.176829 0.983185
18.375000000 -9.143892 12.309874 2.229620 0.042769 0.013444 -0.177124 0.983167
18.380000000 -9.138037 12.305699 2.230040 0.042209 0.012682 -0.177415 0.983149
18.385000000 -9.132181 12.301502 2.230468 0.041647 0.011930 -0.177701 0.983131
18.390000000 -9.126323 12.297284 2.230902 0.041086 0.011189 -0.177982 0.983112
18.395000000 -9.120464 12.293045 2.231343 0.040527 0.010458 -0.178258 0.983093
18.400000000 -9.114605 12.288786 2.231791 0.039961 0.009727 -0.178530 0.983075
18.405000000 -9.108745 12.284507 2.232246 0.039376 0.008983 -0.178798 0.983057
18.410000000 -9.102886 12.280208 2.232708 0.038762 0.008214 -0.179062 0.983040
18.415000000 -9.097026 12.275889 2.233177 0.038111 0.007410 -0.179324 0.983024
18.420000000 -9.091168 12.271552 2.233653 0.037417 0.006564 -0.179581 0.983009
18.425000000 -9.085310 12.267196 2.234136 0.036677 0.005668 -0.179836 0.982996
18.430000000 -9.079454 12.262823 2.234625 0.035890 0.004718 -0.180088 0.982984
18.435000000 -9.073600 12.258431 2.235121 0.035055 0.003712 -0.180337 0.982973
18.440000000 -9.067748 12.254023 2.235624 0.034174 0.002649 -0.180583 0.982962
18.445000000 -9.061898 12.249598 2.236133 0.033251 0.001531 -0.180825 0.982952
18.450000000 -9.056052 12.245157 2.236648 0.032291 0.000358 -0.181064 0.982941
18.455000000 -9.050210 12.240701 2.237170 0.031300 -0.000865 -0.181299 0.982929
18.460000000 -9.044372 12.236230 2.237697 0.030282 -0.002135 -0.181530 0.982917
18.465000000 -9.038539 12.231745 2.238230 0.029247 -0.003447 -0.181757 0.982902
18.470000000 -9.032711 12.227247 2.238769 0.028200 -0.004797 -0.181979 0.982886
18.475000000 -9.026888 12.222736 2.239313 0.027150 -0.006175 -0.182196 0.982868
18.480000000 -9.021073 12.218212 2.239863 0.026105 -0.007577 -0.182408 0.982847
18.485000000 -9.015264 12.213678 2.240418 0.025074 -0.008993 -0.182614 0.982824
18.490000000 -9.009463 12.209132 2.240978 0.024064 -0.010417 -0.182815 0.982798
18.495000000 -9.003670 12.204577 2.241542 0.023084 -0.011841 -0.183009 0.982769
18.500000000 -8.997887 12.200012 2.242112 0.022140 -0.013258 -0.183198 0.982737
18.505000000 -8.992112 12.195437 2.242685 0.021240 -0.014660 -0.183380 0.982703
18.510000000 -8.986348 12.190855 2.243263 0.020391 -0.016041 -0.183555 0.982667
18.515000000 -8.980594 12.186265 2.243844 0.019598 -0.017392 -0.183723 0.982629
18.520000000 -8.974852 12.181667 2.244430 0.018866 -0.018709 -0.183885 0.982589
18.525000000 -8.969121 12.177063 2.245018 0.018202 -0.019986 -0.184040 0.982547
18.530000000 -8.963403 12.172452 2.245610 0.017607 -0.021217 -0.184188 0.982504
18.535000000 -8.957698 12.167835 2.246206 0.017085 -0.022399 -0.184329 0.982461
18.540000000 -8.952006 12.163213 2.246803 0.016638 -0.023527 -0.184464 0.982417
18.545000000 -8.946328 12.158586 2.247404 0.016267 -0.024600 -0.184591 0.982373
18.550000000 -8.940664 12.153954 2.248007 0.015973 -0.025615 -0.184713 0.982329
18.555000000 -8.935015 12.149317 2.248611 0.015755 -0.026571 -0.184828 0.982285
18.560000000 -8.929381 12.144675 2.249218 0.015611 -0.027468 -0.184936 0.982243
18.565000000 -8.923764 12.140029 2.249827 0.015539 -0.028307 -0.185039 0.982201
18.570000000 -8.918162 12.135379 2.250436 0.015537 -0.029088 -0.185136 0.982159
18.575000000 -8.912576 12.130725 2.251047 0.015601 -0.029813 -0.185228 0.982119
18.580000000 -8.907008 12.126066 2.251659 0.015727 -0.030484 -0.185314 0.982081
18.585000000 -8.901456 12.121404 2.252271 0.015910 -0.031104 -0.185395 0.982043
18.590000000 -8.895922 12.116737 2.252884 0.016144 -0.031675 -0.185472 0.982006
18.595000000 -8.890405 12.112067 2.253497 0.016421 -0.032198 -0.185544 0.981971
18.600000000 -8.884907 12.107392 2.254110 0.016735 -0.032677 -0.185613 0.981937
18.605000000 -8.879426 12.102712 2.254723 0.017075 -0.033115 -0.185677 0.981904
18.610000000 -8.873964 12.098028 2.255335 0.017434 -0.033514 -0.185739 0.981873
18.615000000 -8.868521 12.093340 2.255947 0.017803 -0.033878 -0.185797 0.981843
18.620000000 -8.863096 12.088647 2.256557 0.018172 -0.034209 -0.185852 0.981814
18.625000000 -8.857690 12.083949 2.257167 0.018534 -0.034510 -0.185905 0.981787
18.630000000 -8.852304 12.079245 2.257775 0.018880 -0.034785 -0.185956 0.981761
18.635000000 -8.846936 12.074537 2.258381 0.019201 -0.035036 -0.186004 0.981736
18.640000000 -8.841588 12.069823 2.258986 0.019490 -0.035267 -0.186051 0.981713
18.645000000 -8.836259 12.065104 2.259588 0.019739 -0.035482 -0.186096 0.981692
18.650000000 -8.830951 12.060380 2.260188 0.019942 -0.035682 -0.186140 0.981672
18.655000000 -8.825661 12.055650 2.260786 0.020093 -0.035873 -0.186183 0.981654
18.660000000 -8.820392 12.050914 2.261381 0.020187 -0.036055 -0.186225 0.981638
18.665000000 -8.815142 12.046173 2.261972 0.020220 -0.036233 -0.186266 0.981623
18.670000000 -8.809912 12.041426 2.262561 0.020188 -0.036408 -0.186306 0.981609
18.675000000 -8.804703 12.036673 2.263147 0.020091 -0.036583 -0.186345 0.981597
18.680000000 -8.799513 12.031915 2.263728 0.019924 -0.036760 -0.186383 0.981587
18.685000000 -8.794343 12.027152 2.264306 0.019689 -0.036942 -0.186420 0.981578
18.690000000 -8.789194 12.022383 2.264880 0.019386 -0.037129 -0.186457 0.981570
18.695000000 -8.784065 12.017609 2.265450 0.019016 -0.037325 -0.186492 0.981563
18.700000000 -8.778956 12.012830 2.266016 0.018579 -0.037530 -0.186526 0.981557
18.705000000 -8.773867 12.008046 2.266576 0.018080 -0.037745 -0.186558 0.981552
18.710000000 -8.768798 12.003258 2.267132 0.017520 -0.037972 -0.186589 0.981548
18.715000000 -8.763750 11.998466 2.267683 0.016904 -0.038212 -0.186618 0.981544
18.720000000 -8.758722 11.993670 2.268229 0.016236 -0.038464 -0.186645 0.981540
18.725000000 -8.753715 11.988871 2.268770 0.015522 -0.038729 -0.186669 0.981536
18.730000000 -8.748728 11.984068 2.269305 0.014766 -0.039007 -0.186692 0.981533
18.735000000 -8.743761 11.979263 2.269834 0.013974 -0.039298 -0.186711 0.981529
18.740000000 -8.738815 11.974455 2.270357 0.013152 -0.039601 -0.186728 0.981525
18.745000000 -8.733890 11.969645 2.270874 0.012305 -0.039917 -0.186741 0.981521
18.750000000 -8.728985 11.964834 2.271385 0.011438 -0.040246 -0.186751 0.981516
18.755000000 -8.724101 11.960022 2.271890 0.010558 -0.040586 -0.186758 0.981510
18.760000000 -8.719237 11.955209 2.272387 0.009670 -0.040937 -0.186761 0.981504
18.765000000 -8.714395 11.950396 2.272878 0.008779 -0.041299 -0.186759 0.981498
18.770000000 -8.709573 11.945583 2.273361 0.007893 -0.041670 -0.186754 0.981491
18.775000000 -8.704772 11.940771 2.273838 0.007017 -0.042050 -0.186745 0.981483
18.780000000 -8.699993 11.935960 2.274307 0.006161 -0.042438 -0.186731 0.981475
18.785000000 -8.695234 11.931151 2.274768 0.005333 -0.042833 -0.186713 0.981466
18.790000000 -8.690497 11.926344 2.275221 0.004543 -0.043235 -0.186690 0.981456
18.795000000 -8.685781 11.921539 2.275666 0.003799 -0.043642 -0.186664 0.981447
18.800000000 -8.681086 11.916737 2.276102 0.003111 -0.044054 -0.186632 0.981437
18.805000000 -8.676413 11.911939 2.276530 0.002488 -0.044472 -0.186597 0.981426
18.810000000 -8.671761 11.907143 2.276950 0.001939 -0.044894 -0.186557 0.981416
18.815000000 -8.667132 11.902352 2.277359 0.001472 -0.045321 -0.186513 0.981405
18.820000000 -8.662524 11.897564 2.277760 0.001094 -0.045753 -0.186465 0.981395
18.825000000 -8.657938 11.892781 2.278151 0.000814 -0.046189 -0.186413 0.981385
18.830000000 -8.653374 11.888002 2.278532 0.000635 -0.046630 -0.186358 0.981374
18.835000000 -8.648832 11.883227 2.278903 0.000563 -0.047075 -0.186300 0.981364
18.840000000 -8.644314 11.878457 2.279263 0.000602 -0.047524 -0.186238 0.981354
18.845000000 -8.639817 11.873692 2.279613 0.000756 -0.047977 -0.186173 0.981345
18.850000000 -8.635344 11.868931 2.279952 0.001028 -0.048434 -0.186106 0.981335
18.855000000 -8.630894 11.864175 2.280279 0.001416 -0.048895 -0.186037 0.981324
18.860000000 -8.626467 11.859423 2.280595 0.001923 -0.049360 -0.185965 0.981314
18.865000000 -8.622063 11.854675 2.280899 0.002545 -0.049829 -0.185892 0.981303
18.870000000 -8.617683 11.849930 2.281191 0.003283 -0.050302 -0.185817 0.981290
18.875000000 -8.613328 11.845190 2.281471 0.004132 -0.050780 -0.185742 0.981277
18.880000000 -8.608996 11.840452 2.281738 0.005088 -0.051263 -0.185665 0.981262
18.885000000 -8.604689 11.835717 2.281993 0.006146 -0.051750 -0.185589 0.981245
18.890000000 -8.600407 11.830985 2.282234 0.007298 -0.052243 -0.185512 0.981225
18.895000000 -8.596150 11.826254 2.282461 0.008539 -0.052741 -0.185436 0.981203
18.900000000 -8.591919 11.821525 2.282675 0.009860 -0.053245 -0.185360 0.981178
18.905000000 -8.587713 11.816797 2.282875 0.011255 -0.053755 -0.185286 0.981149
18.910000000 -8.583533 11.812068 2.283061 0.012714 -0.054271 -0.185212 0.981116
18.915000000 -8.579380 11.807339 2.283233 0.014229 -0.054793 -0.185141 0.981080
18.920000000 -8.575253 11.802609 2.283389 0.015792 -0.055321 -0.185071 0.981040
18.925000000 -8.571154 11.797878 2.283531 0.017394 -0.055856 -0.185004 0.980995
18.930000000 -8.567082 11.793143 2.283657 0.019027 -0.056396 -0.184939 0.980946
18.935000000 -8.563037 11.788406 2.283768 0.020681 -0.056943 -0.184878 0.980892
18.940000000 -8.559021 11.783665 2.283862 0.022350 -0.057497 -0.184819 0.980835
18.945000000 -8.555034 11.778919 2.283941 0.024025 -0.058057 -0.184764 0.980772
18.950000000 -8.551075 11.774167 2.284003 0.025697 -0.058623 -0.184712 0.980706
18.955000000 -8.547145 11.769410 2.284049 0.027360 -0.059196 -0.184664 0.980636
18.960000000 -8.543245 11.764646 2.284078 0.029007 -0.059774 -0.184619 0.980562
18.965000000 -8.539375 11.759875 2.284089 0.030629 -0.060357 -0.184579 0.980484
18.970000000 -8.535535 11.755096 2.284084 0.032217 -0.060945 -0.184542 0.980404
18.975000000 -8.531726 11.750308 2.284060 0.033761 -0.061534 -0.184509 0.980321
18.980000000 -8.527948 11.745511 2.284018 0.035249 -0.062123 -0.184481 0.980237
18.985000000 -8.524202 11.740703 2.283959 0.036673 -0.062709 -0.184456 0.980152
18.990000000 -8.520487 11.735885 2.283881 0.038020 -0.063291 -0.184434 0.980068
18.995000000 -8.516804 11.731057 2.283784 0.039283 -0.063865 -0.184417 0.979984
19.000000000 -8.513154 11.726216 2.283668 0.040452 -0.064428 -0.184402 0.979902
19.005000000 -8.509536 11.721363 2.283533 0.041519 -0.064978 -0.184391 0.979823
19.010000000 -8.505952 11.716498 2.283379 0.042474 -0.065512 -0.184383 0.979749
19.015000000 -8.502401 11.711621 2.283205 0.043312 -0.066028 -0.184377 0.979678
19.020000000 -8.498883 11.706730 2.283011 0.044027 -0.066523 -0.184373 0.979614
19.025000000 -8.495400 11.701825 2.282797 0.044616 -0.066994 -0.184370 0.979555
19.030000000 -8.491950 11.696907 2.282563 0.045074 -0.067441 -0.184369 0.979504
19.035000000 -8.488535 11.691975 2.282309 0.045402 -0.067861 -0.184368 0.979460
19.040000000 -8.485155 11.687029 2.282034 0.045599 -0.068252 -0.184368 0.979424
19.045000000 -8.481809 11.682069 2.281738 0.045666 -0.068614 -0.184366 0.979396
19.050000000 -8.478498 11.677096 2.281420 0.045604 -0.068946 -0.184364 0.979376
19.055000000 -8.475221 11.672108 2.281082 0.045418 -0.069247 -0.184360 0.979364
19.060000000 -8.471980 11.667107 2.280722 0.045111 -0.069518 -0.184353 0.979360
19.065000000 -8.468774 11.662092 2.280341 0.044691 -0.069757 -0.184343 0.979364
19.070000000 -8.465603 11.657064 2.279938 0.044163 -0.069967 -0.184330 0.979376
19.075000000 -8.462467 11.652022 2.279513 0.043535 -0.070147 -0.184312 0.979394
19.080000000 -8.459366 11.646968 2.279066 0.042814 -0.070299 -0.184289 0.979420
19.085000000 -8.456300 11.641902 2.278597 0.042009 -0.070424 -0.184260 0.979451
19.090000000 -8.453270 11.636823 2.278105 0.041128 -0.070524 -0.184225 0.979488
19.095000000 -8.450274 11.631733 2.277592 0.040181 -0.070600 -0.184184 0.979529
19.100000000 -8.447313 11.626631 2.277055 0.039175 -0.070655 -0.184135 0.979575
19.105000000 -8.444387 11.621519 2.276496 0.038120 -0.070690 -0.184079 0.979625
19.110000000 -8.441496 11.616396 2.275914 0.037025 -0.070708 -0.184015 0.979677
19.115000000 -8.438640 11.611264 2.275309 0.035899 -0.070711 -0.183943 0.979733
19.120000000 -8.435818 11.606122 2.274682 0.034752 -0.070702 -0.183863 0.979790
19.125000000 -8.433030 11.600971 2.274031 0.033593 -0.070683 -0.183774 0.979848
19.130000000 -8.430277 11.595812 2.273357 0.032430 -0.070657 -0.183677 0.979908
19.135000000 -8.427557 11.590646 2.272660 0.031270 -0.070626 -0.183571 0.979967
19.140000000 -8.424872 11.585472 2.271939 0.030122 -0.070592 -0.183456 0.980027
19.145000000 -8.422221 11.580291 2.271195 0.028991 -0.070558 -0.183333 0.980087
19.150000000 -8.419603 11.575104 2.270428 0.027883 -0.070525 -0.183202 0.980146
19.155000000 -8.417019 11.569911 2.269637 0.026802 -0.070497 -0.183063 0.980204
19.160000000 -8.414468 11.564713 2.268822 0.025749 -0.070473 -0.182917 0.980261
19.165000000 -8.411951 11.559510 2.267984 0.024723 -0.070456 -0.182763 0.980318
19.170000000 -8.409467 11.554303 2.267123 0.023721 -0.070444 -0.182602 0.980373
19.175000000 -8.407017 11.549091 2.266239 0.022739 -0.070439 -0.182435 0.980428
19.180000000 -8.404600 11.543876 2.265332 0.021770 -0.070440 -0.182262 0.980482
19.185000000 -8.402216 11.538658 2.264402 0.020810 -0.070447 -0.182084 0.980535
19.190000000 -8.399865 11.533437 2.263451 0.019851 -0.070458 -0.181900 0.980588
19.195000000 -8.397547 11.528214 2.262477 0.018886 -0.070474 -0.181713 0.980641
19.200000000 -8.395262 11.522988 2.261482 0.017906 -0.070494 -0.181521 0.980694
19.205000000 -8.393010 11.517762 2.260466 0.016902 -0.070515 -0.181326 0.980746
19.210000000 -8.390792 11.512534 2.259430 0.015866 -0.070538 -0.181128 0.980798
19.215000000 -8.388606 11.507305 2.258373 0.014788 -0.070560 -0.180928 0.980851
19.220000000 -8.386454 11.502077 2.257296 0.013662 -0.070581 -0.180725 0.980903
19.225000000 -8.384334 11.496848 2.256200 0.012478 -0.070600 -0.180521 0.980955
19.230000000 -8.382247 11.491621 2.255085 0.011229 -0.070615 -0.180315 0.981006
19.235000000 -8.380193 11.486395 2.253951 0.009908 -0.070626 -0.180109 0.981058
19.240000000 -8.378173 11.481171 2.252799 0.008508 -0.070632 -0.179902 0.981109
19.245000000 -8.376184 11.475950 2.251630 0.007024 -0.070633 -0.179694 0.981158
19.250000000 -8.374229 11.470732 2.250444 0.005452 -0.070627 -0.179485 0.981207
19.255000000 -8.372306 11.465518 2.249241 0.003788 -0.070615 -0.179276 0.981254
19.260000000 -8.370416 11.460309 2.248022 0.002028 -0.070595 -0.179067 0.981299
19.265000000 -8.368559 11.455106 2.246788 0.000171 -0.070568 -0.178857 0.981341
19.270000000 -8.366734 11.449909 2.245538 -0.001784 -0.070533 -0.178646 0.981380
19.275000000 -8.364941 11.444719 2.244274 -0.003835 -0.070491 -0.178435 0.981416
19.280000000 -8.363180 11.439537 2.242995 -0.005984 -0.070442 -0.178223 0.981447
19.285000000 -8.361452 11.434365 2.241704 -0.008227 -0.070386 -0.178009 0.981474
19.290000000 -8.359755 11.429203 2.240399 -0.010563 -0.070325 -0.177794 0.981495
19.295000000 -8.358090 11.424053 2.239081 -0.012988 -0.070258 -0.177577 0.981510
19.300000000 -8.356457 11.418915 2.237752 -0.015500 -0.070187 -0.177358 0.981518
19.305000000 -8.354855 11.413790 2.236410 -0.018093 -0.070112 -0.177136 0.981519
19.310000000 -8.353284 11.408681 2.235058 -0.020762 -0.070035 -0.176911 0.981512
19.315000000 -8.351744 11.403587 2.233696 -0.023501 -0.069955 -0.176682 0.981498
19.320000000 -8.350235 11.398511 2.232323 -0.026303 -0.069875 -0.176450 0.981474
19.325000000 -8.348757 11.393454 2.230941 -0.029162 -0.069794 -0.176213 0.981442
19.330000000 -8.347309 11.388417 2.229549 -0.032070 -0.069714 -0.175971 0.981400
19.335000000 -8.345892 11.383402 2.228150 -0.035022 -0.069635 -0.175725 0.981349
19.340000000 -8.344504 11.378409 2.226742 -0.038010 -0.069559 -0.175473 0.981288
19.345000000 -8.343146 11.373441 2.225326 -0.041027 -0.069485 -0.175215 0.981218
19.350000000 -8.341818 11.368499 2.223904 -0.044066 -0.069413 -0.174952 0.981138
19.355000000 -8.340519 11.363584 2.222476 -0.047118 -0.069340 -0.174682 0.981049
19.360000000 -8.339250 11.358698 2.221041 -0.050176 -0.069265 -0.174407 0.980952
19.365000000 -8.338009 11.353843 2.219602 -0.053231 -0.069185 -0.174127 0.980846
19.370000000 -8.336797 11.349019 2.218158 -0.056277 -0.069097 -0.173841 0.980733
19.375000000 -8.335614 11.344229 2.216711 -0.059305 -0.068999 -0.173549 0.980613
19.380000000 -8.334459 11.339474 2.215260 -0.062311 -0.068886 -0.173253 0.980487
19.385000000 -8.333332 11.334755 2.213807 -0.065286 -0.068756 -0.172953 0.980356
19.390000000 -8.332233 11.330075 2.212352 -0.068225 -0.068606 -0.172649 0.980220
19.395000000 -8.331162 11.325434 2.210895 -0.071123 -0.068432 -0.172343 0.980080
19.400000000 -8.330119 11.320835 2.209439 -0.073976 -0.068231 -0.172033 0.979937
19.405000000 -8.329102 11.316278 2.207983 -0.076779 -0.068003 -0.171722 0.979792
19.410000000 -8.328113 11.311765 2.206527 -0.079527 -0.067743 -0.171409 0.979645
19.415000000 -8.327150 11.307298 2.205074 -0.082218 -0.067451 -0.171097 0.979498
19.420000000 -8.326213 11.302878 2.203622 -0.084849 -0.067124 -0.170784 0.979351
19.425000000 -8.325303 11.298506 2.202174 -0.087420 -0.066762 -0.170473 0.979204
19.430000000 -8.324419 11.294185 2.200729 -0.089928 -0.066364 -0.170163 0.979057
19.435000000 -8.323560 11.289914 2.199289 -0.092375 -0.065931 -0.169856 0.978912
19.440000000 -8.322726 11.285697 2.197854 -0.094760 -0.065462 -0.169551 0.978769
19.445000000 -8.321917 11.281533 2.196425 -0.097084 -0.064959 -0.169250 0.978626
19.450000000 -8.321133 11.277425 2.195003 -0.099349 -0.064422 -0.168952 0.978486
19.455000000 -8.320373 11.273373 2.193588 -0.101555 -0.063853 -0.168660 0.978347
19.460000000 -8.319636 11.269379 2.192182 -0.103704 -0.063255 -0.168372 0.978210
19.465000000 -8.318923 11.265444 2.190784 -0.105799 -0.062628 -0.168089 0.978075
19.470000000 -8.318233 11.261569 2.189396 -0.107841 -0.061975 -0.167812 0.977941
19.475000000 -8.317565 11.257756 2.188019 -0.109834 -0.061300 -0.167541 0.977808
19.480000000 -8.316919 11.254005 2.186653 -0.111783 -0.060604 -0.167276 0.977676
19.485000000 -8.316295 11.250318 2.185299 -0.113689 -0.059892 -0.167018 0.977544
19.490000000 -8.315692 11.246697 2.183958 -0.115557 -0.059166 -0.166765 0.977413
19.495000000 -8.315110 11.243141 2.182632 -0.117389 -0.058430 -0.166519 0.977281
19.500000000 -8.314548 11.239653 2.181319 -0.119191 -0.057687 -0.166278 0.977148
19.505000000 -8.314005 11.236233 2.180023 -0.120965 -0.056940 -0.166044 0.977013
19.510000000 -8.313483 11.232882 2.178742 -0.122714 -0.056193 -0.165816 0.976877
19.515000000 -8.312979 11.229603 2.177479 -0.124442 -0.055449 -0.165594 0.976739
19.520000000 -8.312493 11.226394 2.176234 -0.126151 -0.054711 -0.165377 0.976598
19.525000000 -8.312025 11.223259 2.175008 -0.127838 -0.053981 -0.165166 0.976455
19.530000000 -8.311575 11.220198 2.173801 -0.129464 -0.053244 -0.164965 0.976315
19.535000000 -8.311141 11.217211 2.172613 -0.130979 -0.052484 -0.164778 0.976186
19.540000000 -8.310724 11.214299 2.171445 -0.132335 -0.051688 -0.164609 0.976074
19.545000000 -8.310323 11.211464 2.170296 -0.133491 -0.050843 -0.164462 0.975985
19.550000000 -8.309937 11.208705 2.169166 -0.134414 -0.049942 -0.164339 0.975926
19.555000000 -8.309566 11.206023 2.168055 -0.135073 -0.048980 -0.164244 0.975900
19.560000000 -8.309209 11.203419 2.166964 -0.135444 -0.047953 -0.164178 0.975910
19.565000000 -8.308865 11.200892 2.165892 -0.135510 -0.046861 -0.164142 0.975960
19.570000000 -8.308535 11.198442 2.164839 -0.135258 -0.045704 -0.164137 0.976051
19.575000000 -8.308217 11.196069 2.163805 -0.134683 -0.044486 -0.164163 0.976182
19.580000000 -8.307910 11.193772 2.162789 -0.133781 -0.043212 -0.164220 0.976354
19.585000000 -8.307615 11.191552 2.161793 -0.132558 -0.041886 -0.164308 0.976564
19.590000000 -8.307330 11.189406 2.160815 -0.131020 -0.040516 -0.164425 0.976809
19.595000000 -8.307055 11.187334 2.159856 -0.129180 -0.039110 -0.164569 0.977087
19.600000000 -8.306789 11.185335 2.158915 -0.127054 -0.037676 -0.164740 0.977394
19.605000000 -8.306533 11.183408 2.157994 -0.124663 -0.036224 -0.164936 0.977724
19.610000000 -8.306284 11.181550 2.157091 -0.122027 -0.034761 -0.165153 0.978072
19.615000000 -8.306043 11.179761 2.156207 -0.119173 -0.033299 -0.165390 0.978435
19.620000000 -8.305808 11.178039 2.155343 -0.116128 -0.031846 -0.165645 0.978806
19.625000000 -8.305581 11.176381 2.154497 -0.112923 -0.030413 -0.165915 0.979181
19.630000000 -8.305359 11.174786 2.153671 -0.109587 -0.029008 -0.166197 0.979555
19.635000000 -8.305143 11.173252 2.152864 -0.106151 -0.027641 -0.166488 0.979923
19.640000000 -8.304932 11.171778 2.152077 -0.102646 -0.026318 -0.166788 0.980282
19.645000000 -8.304726 11.170360 2.151310 -0.099104 -0.025049 -0.167092 0.980628
19.650000000 -8.304524 11.168997 2.150562 -0.095554 -0.023840 -0.167400 0.980958
19.655000000 -8.304326 11.167687 2.149835 -0.092026 -0.022696 -0.167708 0.981270
19.660000000 -8.304132 11.166428 2.149127 -0.088547 -0.021623 -0.168016 0.981561
19.665000000 -8.303941 11.165218 2.148440 -0.085143 -0.020626 -0.168320 0.981832
19.670000000 -8.303754 11.164055 2.147772 -0.081838 -0.019707 -0.168620 0.982080
19.675000000 -8.303569 11.162937 2.147125 -0.078654 -0.018869 -0.168914 0.982306
19.680000000 -8.303387 11.161862 2.146498 -0.075609 -0.018114 -0.169201 0.982510
19.685000000 -8.303208 11.160828 2.145890 -0.072721 -0.017442 -0.169480 0.982692
19.690000000 -8.303032 11.159835 2.145303 -0.070002 -0.016852 -0.169749 0.982854
19.695000000 -8.302858 11.158880 2.144735 -0.067465 -0.016343 -0.170007 0.982995
19.700000000 -8.302687 11.157962 2.144188 -0.065118 -0.015914 -0.170255 0.983117
19.705000000 -8.302518 11.157080 2.143659 -0.062967 -0.015560 -0.170491 0.983222
19.710000000 -8.302351 11.156232 2.143150 -0.061015 -0.015280 -0.170716 0.983311
19.715000000 -8.302187 11.155418 2.142660 -0.059263 -0.015068 -0.170927 0.983384
19.720000000 -8.302025 11.154636 2.142189 -0.057709 -0.014920 -0.171126 0.983444
19.725000000 -8.301866 11.153886 2.141737 -0.056349 -0.014830 -0.171313 0.983492
19.730000000 -8.301710 11.153166 2.141303 -0.055178 -0.014793 -0.171486 0.983529
19.735000000 -8.301556 11.152477 2.140887 -0.054187 -0.014804 -0.171646 0.983556
19.740000000 -8.301405 11.151817 2.140489 -0.053368 -0.014855 -0.171794 0.983574
19.745000000 -8.301257 11.151186 2.140109 -0.052708 -0.014941 -0.171929 0.983585
19.750000000 -8.301112 11.150584 2.139746 -0.052195 -0.015055 -0.172052 0.983589
19.755000000 -8.300970 11.150011 2.139400 -0.051815 -0.015191 -0.172162 0.983588
19.760000000 -8.300831 11.149465 2.139070 -0.051553 -0.015342 -0.172261 0.983582
19.765000000 -8.300696 11.148948 2.138757 -0.051395 -0.015502 -0.172349 0.983572
19.770000000 -8.300563 11.148459 2.138460 -0.051324 -0.015666 -0.172426 0.983560
19.775000000 -8.300435 11.147998 2.138178 -0.051324 -0.015827 -0.172494 0.983545
19.780000000 -8.300309 11.147564 2.137912 -0.051381 -0.015981 -0.172551 0.983530
19.785000000 -8.300188 11.147159 2.137661 -0.051477 -0.016123 -0.172600 0.983514
19.790000000 -8.300070 11.146781 2.137424 -0.051599 -0.016248 -0.172640 0.983498
19.795000000 -8.299955 11.146432 2.137201 -0.051730 -0.016352 -0.172673 0.983484
19.800000000 -8.299845 11.146110 2.136993 -0.051858 -0.016432 -0.172699 0.983471
19.805000000 -8.299738 11.145817 2.136798 -0.051966 -0.016485 -0.172718 0.983461
19.810000000 -8.299635 11.145551 2.136615 -0.052017 -0.016498 -0.172732 0.983456
19.815000000 -8.299535 11.145313 2.136441 -0.051965 -0.016458 -0.172738 0.983458
19.820000000 -8.299440 11.145102 2.136274 -0.051766 -0.016352 -0.172736 0.983471
19.825000000 -8.299347 11.144919 2.136112 -0.051388 -0.016171 -0.172726 0.983496
19.830000000 -8.299259 11.144762 2.135953 -0.050804 -0.015906 -0.172707 0.983533
19.835000000 -8.299174 11.144631 2.135796 -0.049995 -0.015553 -0.172681 0.983585
19.840000000 -8.299092 11.144526 2.135640 -0.048949 -0.015110 -0.172646 0.983651
19.845000000 -8.299013 11.144446 2.135484 -0.047658 -0.014577 -0.172603 0.983730
19.850000000 -8.298937 11.144390 2.135326 -0.046122 -0.013954 -0.172552 0.983821
19.855000000 -8.298864 11.144357 2.135166 -0.044345 -0.013247 -0.172493 0.983923
19.860000000 -8.298794 11.144347 2.135004 -0.042334 -0.012459 -0.172428 0.984033
19.865000000 -8.298726 11.144358 2.134838 -0.040103 -0.011597 -0.172355 0.984150
19.870000000 -8.298660 11.144389 2.134669 -0.037669 -0.010669 -0.172276 0.984270
19.875000000 -8.298596 11.144439 2.134496 -0.035052 -0.009684 -0.172191 0.984392
19.880000000 -8.298534 11.144507 2.134318 -0.032273 -0.008652 -0.172100 0.984513
19.885000000 -8.298474 11.144591 2.134137 -0.029359 -0.007582 -0.172005 0.984629
19.890000000 -8.298414 11.144689 2.133951 -0.026335 -0.006486 -0.171906 0.984740
19.895000000 -8.298355 11.144800 2.133761 -0.023229 -0.005374 -0.171804 0.984843
19.900000000 -8.298297 11.144923 2.133566 -0.020071 -0.004257 -0.171700 0.984936
19.905000000 -8.298240 11.145055 2.133367 -0.016888 -0.003147 -0.171595 0.985018
19.910000000 -8.298182 11.145196 2.133163 -0.013709 -0.002054 -0.171489 0.985089
19.915000000 -8.298125 11.145343 2.132955 -0.010564 -0.000988 -0.171384 0.985147
19.920000000 -8.298067 11.145496 2.132743 -0.007478 0.000042 -0.171280 0.985194
19.925000000 -8.298008 11.145652 2.132526 -0.004478 0.001027 -0.171180 0.985229
19.930000000 -8.297948 11.145810 2.132305 -0.001588 0.001958 -0.171084 0.985253
19.935000000 -8.297888 11.145969 2.132080 0.001171 0.002828 -0.170993 0.985268
19.940000000 -8.297826 11.146127 2.131850 0.003777 0.003632 -0.170908 0.985273
19.945000000 -8.297762 11.146283 2.131617 0.006215 0.004364 -0.170831 0.985271
19.950000000 -8.297698 11.146436 2.131379 0.008468 0.005020 -0.170762 0.985263
19.955000000 -8.297631 11.146584 2.131138 0.010525 0.005597 -0.170703 0.985250
19.960000000 -8.297563 11.146727 2.130893 0.012376 0.006093 -0.170654 0.985235
19.965000000 -8.297493 11.146863 2.130644 0.014012 0.006506 -0.170616 0.985217
19.970000000 -8.297420 11.146992 2.130391 0.015431 0.006836 -0.170589 0.985198
19.975000000 -8.297346 11.147113 2.130135 0.016630 0.007085 -0.170575 0.985179
19.980000000 -8.297270 11.147226 2.129875 0.017610 0.007253 -0.170573 0.985161
19.985000000 -8.297192 11.147330 2.129612 0.018374 0.007345 -0.170584 0.985144
19.990000000 -8.297112 11.147424 2.129346 0.018928 0.007362 -0.170609 0.985130
19.995000000 -8.297030 11.147509 2.129076 0.019279 0.007309 -0.170647 0.985117
20.000000000 -8.296946 11.147584 2.128803 0.019437 0.007191 -0.170698 0.985105
20.005000000 -8.296860 11.147649 2.128527 0.019414 0.007014 -0.170763 0.985096
20.010000000 -8.296772 11.147704 2.128247 0.019223 0.006782 -0.170841 0.985088
20.015000000 -8.296683 11.147749 2.127965 0.018878 0.006501 -0.170933 0.985080
20.020000000 -8.296593 11.147785 2.127680 0.018394 0.006179 -0.171037 0.985074
20.025000000 -8.296500 11.147812 2.127392 0.017789 0.005821 -0.171153 0.985067
20.030000000 -8.296407 11.147830 2.127102 0.017077 0.005434 -0.171282 0.985059
20.035000000 -8.296312 11.147839 2.126809 0.016278 0.005025 -0.171423 0.985050
20.040000000 -8.296217 11.147839 2.126514 0.015407 0.004599 -0.171574 0.985040
20.045000000 -8.296120 11.147832 2.126216 0.014484 0.004164 -0.171737 0.985028
20.050000000 -8.296023 11.147818 2.125916 0.013524 0.003725 -0.171909 0.985013
20.055000000 -8.295925 11.147797 2.125614 0.012544 0.003289 -0.172092 0.984996
20.060000000 -8.295826 11.147770 2.125310 0.011560 0.002861 -0.172284 0.984975
20.065000000 -8.295727 11.147737 2.125004 0.010588 0.002445 -0.172484 0.984952
20.070000000 -8.295628 11.147698 2.124697 0.009641 0.002047 -0.172693 0.984926
20.075000000 -8.295529 11.147655 2.124387 0.008733 0.001671 -0.172910 0.984898
20.080000000 -8.295429 11.147608 2.124077 0.007875 0.001320 -0.173134 0.984866
20.085000000 -8.295330 11.147556 2.123764 0.007079 0.000998 -0.173365 0.984832
20.090000000 -8.295230 11.147501 2.123450 0.006352 0.000708 -0.173602 0.984795
20.095000000 -8.295131 11.147443 2.123135 0.005703 0.000451 -0.173845 0.984756
20.100000000 -8.295032 11.147383 2.122819 0.005138 0.000229 -0.174093 0.984716
20.105000000 -8.294934 11.147319 2.122502 0.004662 0.000043 -0.174346 0.984673
20.110000000 -8.294836 11.147254 2.122183 0.004278 -0.000106 -0.174604 0.984629
20.115000000 -8.294738 11.147186 2.121864 0.003989 -0.000218 -0.174865 0.984584
20.120000000 -8.294641 11.147117 2.121543 0.003795 -0.000294 -0.175130 0.984538
20.125000000 -8.294544 11.147045 2.121222 0.003696 -0.000334 -0.175398 0.984491
20.130000000 -8.294447 11.146972 2.120900 0.003689 -0.000339 -0.175668 0.984443
20.135000000 -8.294352 11.146897 2.120578 0.003772 -0.000312 -0.175940 0.984394
20.140000000 -8.294256 11.146821 2.120254 0.003941 -0.000254 -0.176214 0.984344
20.145000000 -8.294161 11.146742 2.119931 0.004191 -0.000168 -0.176489 0.984294
20.150000000 -8.294067 11.146662 2.119607 0.004515 -0.000056 -0.176764 0.984243
20.155000000 -8.293973 11.146579 2.119282 0.004908 0.000080 -0.177040 0.984191
20.160000000 -8.293879 11.146494 2.118958 0.005362 0.000236 -0.177316 0.984139
20.165000000 -8.293786 11.146406 2.118633 0.005870 0.000409 -0.177592 0.984087
20.170000000 -8.293693 11.146316 2.118308 0.006423 0.000597 -0.177866 0.984034
20.175000000 -8.293600 11.146222 2.117982 0.007015 0.000796 -0.178139 0.983980
20.180000000 -8.293507 11.146125 2.117657 0.007635 0.001004 -0.178411 0.983926
20.185000000 -8.293415 11.146024 2.117332 0.008276 0.001216 -0.178680 0.983872
20.190000000 -8.293323 11.145919 2.117007 0.008930 0.001431 -0.178948 0.983817
20.195000000 -8.293231 11.145810 2.116682 0.009589 0.001645 -0.179212 0.983762
20.200000000 -8.293139 11.145696 2.116358 0.010245 0.001856 -0.179473 0.983708
20.205000000 -8.293047 11.145576 2.116034 0.010890 0.002061 -0.179731 0.983653
20.210000000 -8.292955 11.145451 2.115710 0.011519 0.002258 -0.179984 0.983599
20.215000000 -8.292862 11.145321 2.115386 0.012124 0.002445 -0.180234 0.983546
20.220000000 -8.292770 11.145184 2.115063 0.012699 0.002622 -0.180479 0.983493
20.225000000 -8.292678 11.145041 2.114741 0.013240 0.002786 -0.180720 0.983442
20.230000000 -8.292585 11.144892 2.114419 0.013741 0.002937 -0.180955 0.983391
20.235000000 -8.292493 11.144735 2.114098 0.014199 0.003076 -0.181185 0.983342
20.240000000 -8.292400 11.144571 2.113777 0.014611 0.003201 -0.181409 0.983294
20.245000000 -8.292306 11.144400 2.113457 0.014972 0.003314 -0.181626 0.983248
20.250000000 -8.292213 11.144222 2.113137 0.015283 0.003415 -0.181837 0.983204
20.255000000 -8.292119 11.144036 2.112818 0.015541 0.003505 -0.182041 0.983162
20.260000000 -8.292025 11.143842 2.112500 0.015745 0.003585 -0.182237 0.983122
20.265000000 -8.291931 11.143639 2.112182 0.015896 0.003657 -0.182426 0.983084
20.270000000 -8.291836 11.143429 2.111865 0.015995 0.003720 -0.182606 0.983049
20.275000000 -8.291741 11.143211 2.111549 0.016042 0.003778 -0.182777 0.983016
20.280000000 -8.291645 11.142985 2.111233 0.016040 0.003831 -0.182939 0.982986
20.285000000 -8.291549 11.142751 2.110917 0.015990 0.003881 -0.183092 0.982958
20.290000000 -8.291453 11.142509 2.110603 0.015897 0.003930 -0.183234 0.982933
20.295000000 -8.291356 11.142258 2.110289 0.015763 0.003980 -0.183366 0.982910
20.300000000 -8.291259 11.142000 2.109976 0.015591 0.004033 -0.183486 0.982890
20.305000000 -8.291161 11.141733 2.109663 0.015386 0.004089 -0.183595 0.982873
20.310000000 -8.291063 11.141459 2.109351 0.015151 0.004150 -0.183691 0.982858
20.315000000 -8.290964 11.141178 2.109039 0.014891 0.004219 -0.183775 0.982846
20.320000000 -8.290864 11.140888 2.108728 0.014610 0.004295 -0.183846 0.982837
20.325000000 -8.290763 11.140591 2.108418 0.014311 0.004381 -0.183903 0.982831
20.330000000 -8.290662 11.140287 2.108108 0.014001 0.004477 -0.183945 0.982827
20.335000000 -8.290560 11.139976 2.107799 0.013681 0.004584 -0.183973 0.982825
20.340000000 -8.290457 11.139658 2.107490 0.013358 0.004703 -0.183986 0.982827
20.345000000 -8.290352 11.139332 2.107182 0.013034 0.004834 -0.183983 0.982831
20.350000000 -8.290247 11.139001 2.106874 0.012714 0.004978 -0.183963 0.982838
20.355000000 -8.290140 11.138662 2.106567 0.012401 0.005135 -0.183927 0.982848
20.360000000 -8.290032 11.138317 2.106261 0.012098 0.005305 -0.183873 0.982861
20.365000000 -8.289923 11.137966 2.105954 0.011809 0.005489 -0.183802 0.982877
20.370000000 -8.289812 11.137608 2.105649 0.011536 0.005686 -0.183711 0.982896
20.375000000 -8.289699 11.137245 2.105344 0.011281 0.005895 -0.183602 0.982918
20.380000000 -8.289584 11.136875 2.105039 0.011046 0.006117 -0.183473 0.982944
20.385000000 -8.289468 11.136500 2.104735 0.010833 0.006351 -0.183324 0.982972
20.390000000 -8.289349 11.136118 2.104431 0.010642 0.006595 -0.183155 0.983004
20.395000000 -8.289228 11.135731 2.104128 0.010475 0.006850 -0.182964 0.983040
20.400000000 -8.289105 11.135339 2.103825 0.010333 0.007114 -0.182752 0.983079
20.405000000 -8.288979 11.134940 2.103522 0.010214 0.007386 -0.182518 0.983122
20.410000000 -8.288850 11.134537 2.103220 0.010120 0.007666 -0.182261 0.983168
20.415000000 -8.288719 11.134127 2.102918 0.010049 0.007952 -0.181980 0.983219
20.420000000 -8.288585 11.133712 2.102616 0.010002 0.008244 -0.181676 0.983273
20.425000000 -8.288448 11.133292 2.102315 0.009976 0.008540 -0.181347 0.983331
20.430000000 -8.288307 11.132865 2.102014 0.009971 0.008839 -0.180993 0.983394
20.435000000 -8.288163 11.132434 2.101713 0.009985 0.009141 -0.180614 0.983461
20.440000000 -8.288016 11.131996 2.101412 0.010017 0.009444 -0.180210 0.983532
20.445000000 -8.287865 11.131553 2.101112 0.010065 0.009747 -0.179779 0.983607
20.450000000 -8.287710 11.131104 2.100811 0.010127 0.010050 -0.179321 0.983687
20.455000000 -8.287551 11.130650 2.100511 0.010201 0.010351 -0.178836 0.983772
20.460000000 -8.287388 11.130190 2.100211 0.010285 0.010649 -0.178323 0.983861
20.465000000 -8.287221 11.129723 2.099911 0.010377 0.010945 -0.177781 0.983954
20.470000000 -8.287050 11.129251 2.099612 0.010476 0.011238 -0.177211 0.984053
20.475000000 -8.286873 11.128773 2.099312 0.010580 0.011526 -0.176611 0.984156
20.480000000 -8.286693 11.128289 2.099012 0.010685 0.011809 -0.175983 0.984264
20.485000000 -8.286507 11.127798 2.098713 0.010791 0.012087 -0.175324 0.984377
20.490000000 -8.286317 11.127301 2.098413 0.010895 0.012359 -0.174635 0.984495
20.495000000 -8.286121 11.126798 2.098113 0.010996 0.012626 -0.173915 0.984618
20.500000000 -8.285921 11.126289 2.097813 0.011093 0.012886 -0.173165 0.984746
20.505000000 -8.285715 11.125773 2.097513 0.011184 0.013140 -0.172383 0.984879
20.510000000 -8.285504 11.125250 2.097213 0.011268 0.013387 -0.171570 0.985017
20.515000000 -8.285287 11.124721 2.096913 0.011343 0.013629 -0.170724 0.985159
20.520000000 -8.285064 11.124186 2.096613 0.011409 0.013865 -0.169847 0.985307
20.525000000 -8.284836 11.123643 2.096312 0.011466 0.014094 -0.168937 0.985459
20.530000000 -8.284602 11.123095 2.096011 0.011512 0.014319 -0.167995 0.985617
20.535000000 -8.284362 11.122539 2.095710 0.011547 0.014538 -0.167019 0.985779
20.540000000 -8.284116 11.121976 2.095409 0.011571 0.014753 -0.166010 0.985946
20.545000000 -8.283864 11.121407 2.095107 0.011585 0.014963 -0.164967 0.986117
20.550000000 -8.283605 11.120831 2.094805 0.011588 0.015170 -0.163890 0.986294
20.555000000 -8.283340 11.120248 2.094502 0.011580 0.015373 -0.162780 0.986475
20.560000000 -8.283069 11.119659 2.094199 0.011561 0.015573 -0.161634 0.986660
20.565000000 -8.282791 11.119062 2.093896 0.011533 0.015770 -0.160455 0.986850
20.570000000 -8.282506 11.118459 2.093592 0.011495 0.015965 -0.159242 0.987044
20.575000000 -8.282214 11.117849 2.093288 0.011449 0.016159 -0.157995 0.987241
20.580000000 -8.281916 11.117232 2.092984 0.011395 0.016351 -0.156713 0.987443
20.585000000 -8.281610 11.116608 2.092678 0.011334 0.016543 -0.155397 0.987649
20.590000000 -8.281298 11.115978 2.092373 0.011267 0.016734 -0.154046 0.987858
20.595000000 -8.280978 11.115341 2.092066 0.011195 0.016926 -0.152661 0.988070
20.600000000 -8.280650 11.114697 2.091759 0.011119 0.017117 -0.151241 0.988286
20.605000000 -8.280316 11.114047 2.091452 0.011040 0.017310 -0.149787 0.988505
20.610000000 -8.279973 11.113390 2.091144 0.010960 0.017505 -0.148298 0.988727
20.615000000 -8.279623 11.112726 2.090835 0.010879 0.017701 -0.146774 0.988952
20.620000000 -8.279266 11.112056 2.090525 0.010798 0.017900 -0.145215 0.989179
20.625000000 -8.278900 11.111380 2.090215 0.010718 0.018101 -0.143623 0.989409
20.630000000 -8.278526 11.110697 2.089903 0.010641 0.018304 -0.141995 0.989641
20.635000000 -8.278145 11.110007 2.089591 0.010568 0.018511 -0.140333 0.989875
20.640000000 -8.277755 11.109312 2.089279 0.010500 0.018719 -0.138636 0.990111
20.645000000 -8.277356 11.108610 2.088965 0.010438 0.018930 -0.136906 0.990348
20.650000000 -8.276949 11.107901 2.088650 0.010383 0.019143 -0.135141 0.990587
20.655000000 -8.276534 11.107186 2.088335 0.010336 0.019356 -0.133343 0.990827
20.660000000 -8.276110 11.106465 2.088019 0.010299 0.019571 -0.131512 0.991068
20.665000000 -8.275677 11.105738 2.087701 0.010272 0.019785 -0.129647 0.991310
20.670000000 -8.275235 11.105005 2.087383 0.010257 0.019999 -0.127750 0.991552
20.675000000 -8.274784 11.104265 2.087064 0.010255 0.020211 -0.125821 0.991794
20.680000000 -8.274324 11.103519 2.086744 0.010265 0.020420 -0.123860 0.992036
20.685000000 -8.273855 11.102767 2.086422 0.010289 0.020627 -0.121867 0.992279
20.690000000 -8.273376 11.102009 2.086100 0.010327 0.020830 -0.119843 0.992521
20.695000000 -8.272888 11.101245 2.085777 0.010380 0.021028 -0.117788 0.992762
20.700000000 -8.272390 11.100474 2.085452 0.010448 0.021221 -0.115702 0.993002
20.705000000 -8.271883 11.099697 2.085127 0.010530 0.021408 -0.113587 0.993242
20.710000000 -8.271366 11.098914 2.084800 0.010627 0.021589 -0.111443 0.993479
20.715000000 -8.270838 11.098124 2.084472 0.010739 0.021762 -0.109271 0.993716
20.720000000 -8.270301 11.097328 2.084143 0.010865 0.021928 -0.107069 0.993950
20.725000000 -8.269754 11.096526 2.083813 0.011006 0.022086 -0.104840 0.994183
20.730000000 -8.269197 11.095717 2.083482 0.011160 0.022236 -0.102583 0.994413
20.735000000 -8.268629 11.094902 2.083150 0.011327 0.022378 -0.100299 0.994641
20.740000000 -8.268051 11.094080 2.082816 0.011506 0.022512 -0.097989 0.994866
20.745000000 -8.267463 11.093251 2.082481 0.011697 0.022638 -0.095654 0.995088
20.750000000 -8.266864 11.092416 2.082145 0.011898 0.022755 -0.093294 0.995307
20.755000000 -8.266255 11.091574 2.081807 0.012109 0.022864 -0.090911 0.995523
20.760000000 -8.265635 11.090725 2.081468 0.012328 0.022964 -0.088505 0.995735
20.765000000 -8.265004 11.089869 2.081128 0.012555 0.023057 -0.086077 0.995942
20.770000000 -8.264363 11.089006 2.080787 0.012788 0.023142 -0.083628 0.996146
20.775000000 -8.263711 11.088136 2.080444 0.013026 0.023219 -0.081158 0.996346
20.780000000 -8.263049 11.087259 2.080100 0.013269 0.023289 -0.078669 0.996540
20.785000000 -8.262375 11.086374 2.079754 0.013515 0.023352 -0.076161 0.996730
20.790000000 -8.261691 11.085482 2.079407 0.013762 0.023409 -0.073636 0.996915
20.795000000 -8.260996 11.084582 2.079059 0.014010 0.023459 -0.071095 0.997095
20.800000000 -8.260290 11.083675 2.078709 0.014258 0.023503 -0.068538 0.997270
20.805000000 -8.259573 11.082760 2.078358 0.014504 0.023542 -0.065967 0.997439
20.810000000 -8.258845 11.081837 2.078005 0.014749 0.023577 -0.063382 0.997602
20.815000000 -8.258106 11.080907 2.077651 0.014992 0.023608 -0.060785 0.997759
20.820000000 -8.257356 11.079968 2.077295 0.015232 0.023636 -0.058176 0.997910
20.825000000 -8.256595 11.079021 2.076937 0.015467 0.023661 -0.055557 0.998055
20.830000000 -8.255823 11.078067 2.076578 0.015699 0.023683 -0.052928 0.998194
20.835000000 -8.255039 11.077104 2.076218 0.015926 0.023705 -0.050291 0.998326
20.840000000 -8.254245 11.076132 2.075856 0.016148 0.023726 -0.047647 0.998452
20.845000000 -8.253439 11.075152 2.075492 0.016366 0.023746 -0.044997 0.998571
20.850000000 -8.252622 11.074164 2.075127 0.016578 0.023766 -0.042342 0.998683
20.855000000 -8.251794 11.073167 2.074760 0.016784 0.023787 -0.039684 0.998788
20.860000000 -8.250955 11.072162 2.074391 0.016985 0.023808 -0.037024 0.998886
20.865000000 -8.250105 11.071148 2.074021 0.017180 0.023831 -0.034363 0.998978
20.870000000 -8.249243 11.070125 2.073649 0.017371 0.023856 -0.031702 0.999062
20.875000000 -8.248370 11.069093 2.073276 0.017557 0.023883 -0.029042 0.999139
20.880000000 -8.247485 11.068053 2.072900 0.017739 0.023913 -0.026385 0.999208
20.885000000 -8.246589 11.067004 2.072523 0.017917 0.023945 -0.023731 0.999271
20.890000000 -8.245682 11.065945 2.072144 0.018091 0.023980 -0.021082 0.999326
20.895000000 -8.244763 11.064878 2.071763 0.018261 0.024018 -0.018440 0.999375
20.900000000 -8.243833 11.063801 2.071381 0.018429 0.024060 -0.015804 0.999416
20.905000000 -8.242891 11.062716 2.070996 0.018594 0.024104 -0.013178 0.999450
20.910000000 -8.241937 11.061621 2.070610 0.018758 0.024151 -0.010561 0.999477
20.915000000 -8.240972 11.060517 2.070222 0.018919 0.024201 -0.007956 0.999496
20.920000000 -8.239995 11.059403 2.069832 0.019080 0.024254 -0.005362 0.999509
20.925000000 -8.239007 11.058281 2.069441 0.019240 0.024310 -0.002782 0.999515
20.930000000 -8.238006 11.057149 2.069047 0.019400 0.024368 -0.000215 0.999515
20.935000000 -8.236994 11.056007 2.068651 0.019560 0.024428 0.002336 0.999507
20.940000000 -8.235970 11.054856 2.068254 0.019721 0.024491 0.004871 0.999494
20.945000000 -8.234934 11.053696 2.067854 0.019883 0.024555 0.007390 0.999473
20.950000000 -8.233886 11.052526 2.067453 0.020047 0.024621 0.009890 0.999447
20.955000000 -8.232826 11.051346 2.067049 0.020214 0.024689 0.012371 0.999414
20.960000000 -8.231753 11.050157 2.066644 0.020382 0.024758 0.014832 0.999376
20.965000000 -8.230669 11.048958 2.066236 0.020553 0.024828 0.017272 0.999331
20.970000000 -8.229572 11.047749 2.065827 0.020727 0.024900 0.019690 0.999281
20.975000000 -8.228464 11.046531 2.065415 0.020905 0.024972 0.022086 0.999226
20.980000000 -8.227342 11.045302 2.065001 0.021086 0.025045 0.024457 0.999165
20.985000000 -8.226209 11.044064 2.064585 0.021270 0.025118 0.026804 0.999099
20.990000000 -8.225063 11.042816 2.064167 0.021458 0.025192 0.029124 0.999028
20.995000000 -8.223904 11.041558 2.063747 0.021649 0.025265 0.031418 0.998952
21.000000000 -8.222733 11.040289 2.063325 0.021844 0.025338 0.033684 0.998872
21.005000000 -8.221549 11.039010 2.062901 0.022042 0.025411 0.035922 0.998788
21.010000000 -8.220352 11.037722 2.062474 0.022244 0.025483 0.038131 0.998700
21.015000000 -8.219143 11.036423 2.062045 0.022448 0.025554 0.040309 0.998608
21.020000000 -8.217921 11.035113 2.061614 0.022655 0.025625 0.042458 0.998513
21.025000000 -8.216686 11.033793 2.061180 0.022864 0.025694 0.044574 0.998414
21.030000000 -8.215438 11.032463 2.060744 0.023075 0.025761 0.046659 0.998312
21.035000000 -8.214177 11.031122 2.060306 0.023288 0.025827 0.048712 0.998207
21.040000000 -8.212903 11.029770 2.059866 0.023501 0.025890 0.050730 0.998100
21.045000000 -8.211616 11.028408 2.059423 0.023714 0.025951 0.052714 0.997991
21.050000000 -8.210316 11.027034 2.058978 0.023927 0.026010 0.054663 0.997879
21.055000000 -8.209002 11.025650 2.058530 0.024139 0.026064 0.056577 0.997766
21.060000000 -8.207675 11.024255 2.058080 0.024349 0.026115 0.058453 0.997651
21.065000000 -8.206335 11.022849 2.057628 0.024557 0.026161 0.060294 0.997536
21.070000000 -8.204982 11.021432 2.057173 0.024763 0.026200 0.062096 0.997419
21.075000000 -8.203615 11.020004 2.056716 0.024966 0.026232 0.063862 0.997302
21.080000000 -8.202234 11.018564 2.056256 0.025165 0.026256 0.065589 0.997184
21.085000000 -8.200841 11.017114 2.055794 0.025361 0.026271 0.067278 0.997066
21.090000000 -8.199433 11.015651 2.055330 0.025554 0.026276 0.068929 0.996948
21.095000000 -8.198012 11.014178 2.054863 0.025743 0.026270 0.070542 0.996831
21.100000000 -8.196578 11.012692 2.054394 0.025927 0.026252 0.072116 0.996714
21.105000000 -8.195130 11.011196 2.053922 0.026108 0.026220 0.073651 0.996597
21.110000000 -8.193668 11.009687 2.053448 0.026284 0.026176 0.075148 0.996482
21.115000000 -8.192193 11.008167 2.052971 0.026455 0.026117 0.076605 0.996368
21.120000000 -8.190704 11.006635 2.052492 0.026622 0.026044 0.078024 0.996256
21.125000000 -8.189202 11.005091 2.052011 0.026785 0.025956 0.079405 0.996144
21.130000000 -8.187686 11.003535 2.051527 0.026943 0.025853 0.080747 0.996035
21.135000000 -8.186156 11.001967 2.051041 0.027097 0.025735 0.082050 0.995927
21.140000000 -8.184613 11.000388 2.050553 0.027246 0.025602 0.083316 0.995822
21.145000000 -8.183057 10.998796 2.050062 0.027391 0.025454 0.084544 0.995718
21.150000000 -8.181487 10.997192 2.049569 0.027531 0.025291 0.085735 0.995616
21.155000000 -8.179904 10.995575 2.049073 0.027666 0.025114 0.086888 0.995517
21.160000000 -8.178308 10.993947 2.048575 0.027797 0.024923 0.088005 0.995420
21.165000000 -8.176698 10.992306 2.048075 0.027924 0.024720 0.089086 0.995325
21.170000000 -8.175075 10.990653 2.047573 0.028047 0.024503 0.090131 0.995233
21.175000000 -8.173439 10.988987 2.047068 0.028166 0.024276 0.091141 0.995144
21.180000000 -8.171791 10.987309 2.046561 0.028281 0.024039 0.092116 0.995056
21.185000000 -8.170129 10.985618 2.046051 0.028394 0.023793 0.093057 0.994971
21.190000000 -8.168455 10.983915 2.045540 0.028503 0.023538 0.093965 0.994889
21.195000000 -8.166768 10.982199 2.045026 0.028609 0.023277 0.094840 0.994809
21.200000000 -8.165069 10.980470 2.044510 0.028713 0.023011 0.095683 0.994732
21.205000000 -8.163357 10.978729 2.043991 0.028815 0.022741 0.096495 0.994656
21.210000000 -8.161633 10.976975 2.043471 0.028914 0.022467 0.097276 0.994584
21.215000000 -8.159896 10.975208 2.042948 0.029011 0.022191 0.098028 0.994513
21.220000000 -8.158148 10.973428 2.042423 0.029107 0.021913 0.098751 0.994445
21.225000000 -8.156388 10.971635 2.041896 0.029200 0.021636 0.099446 0.994379
21.230000000 -8.154616 10.969829 2.041367 0.029291 0.021359 0.100115 0.994315
21.235000000 -8.152832 10.968010 2.040836 0.029382 0.021084 0.100757 0.994254
21.240000000 -8.151037 10.966178 2.040302 0.029471 0.020812 0.101375 0.994194
21.245000000 -8.149230 10.964332 2.039767 0.029559 0.020544 0.101970 0.994136
21.250000000 -8.147412 10.962474 2.039229 0.029646 0.020280 0.102541 0.994080
21.255000000 -8.145583 10.960602 2.038689 0.029732 0.020021 0.103091 0.994026
21.260000000 -8.143743 10.958717 2.038148 0.029819 0.019768 0.103621 0.993973
21.265000000 -8.141891 10.956819 2.037604 0.029905 0.019521 0.104131 0.993922
21.270000000 -8.140029 10.954907 2.037058 0.029992 0.019281 0.104624 0.993873
21.275000000 -8.138156 10.952982 2.036510 0.030080 0.019048 0.105099 0.993824
21.280000000 -8.136272 10.951044 2.035960 0.030168 0.018824 0.105559 0.993777
21.285000000 -8.134378 10.949091 2.035408 0.030258 0.018607 0.106004 0.993731
21.290000000 -8.132474 10.947126 2.034854 0.030349 0.018398 0.106437 0.993686
21.295000000 -8.130559 10.945146 2.034298 0.030410 0.018191 0.106857 0.993643
21.300000000 -8.128633 10.943153 2.033740 0.030194 0.017941 0.107270 0.993609
21.305000000 -8.126698 10.941147 2.033178 0.029401 0.017592 0.107680 0.993595
21.310000000 -8.124753 10.939127 2.032613 0.027782 0.017099 0.108091 0.993606
21.315000000 -8.122798 10.937095 2.032045 0.025141 0.016423 0.108504 0.993642
21.320000000 -8.120834 10.935052 2.031474 0.021331 0.015535 0.108921 0.993700
21.325000000 -8.118861 10.933000 2.030901 0.016249 0.014416 0.109341 0.993767
21.330000000 -8.116881 10.930941 2.030325 0.009837 0.013051 0.109763 0.993823
21.335000000 -8.114895 10.928878 2.029749 0.002076 0.011434 0.110183 0.993843
21.340000000 -8.112902 10.926814 2.029172 -0.007018 0.009567 0.110599 0.993794
21.345000000 -8.110906 10.924755 2.028596 -0.017395 0.007456 0.111005 0.993640
21.350000000 -8.108906 10.922705 2.028023 -0.028977 0.005113 0.111398 0.993340
21.355000000 -8.106907 10.920670 2.027453 -0.041660 0.002555 0.111771 0.992857
21.360000000 -8.104908 10.918656 2.026888 -0.055318 -0.000197 0.112120 0.992154
21.365000000 -8.102913 10.916669 2.026329 -0.069806 -0.003118 0.112440 0.991199
21.370000000 -8.100923 10.914718 2.025776 -0.084965 -0.006180 0.112728 0.989967
21.375000000 -8.098941 10.912810 2.025231 -0.100624 -0.009353 0.112979 0.988445
21.380000000 -8.096971 10.910953 2.024694 -0.116604 -0.012605 0.113193 0.986626
21.385000000 -8.095014 10.909155 2.024165 -0.132724 -0.015903 0.113369 0.984520
21.390000000 -8.093073 10.907425 2.023644 -0.148798 -0.019213 0.113507 0.982144
21.395000000 -8.091151 10.905772 2.023130 -0.164646 -0.022501 0.113608 0.979530
21.400000000 -8.089251 10.904203 2.022623 -0.180094 -0.025734 0.113677 0.976720
21.405000000 -8.087375 10.902726 2.022121 -0.194974 -0.028882 0.113717 0.973766
21.410000000 -8.085527 10.901351 2.021623 -0.209128 -0.031913 0.113733 0.970727
21.415000000 -8.083708 10.900083 2.021125 -0.222415 -0.034800 0.113730 0.967670
21.420000000 -8.081922 10.898930 2.020626 -0.234703 -0.037519 0.113715 0.964663
21.425000000 -8.080170 10.897898 2.020124 -0.245879 -0.040045 0.113694 0.961776
21.430000000 -8.078454 10.896992 2.019615 -0.255842 -0.042361 0.113673 0.959077
21.435000000 -8.076776 10.896218 2.019096 -0.264513 -0.044450 0.113656 0.956629
21.440000000 -8.075137 10.895578 2.018566 -0.271825 -0.046297 0.113649 0.954490
21.445000000 -8.073540 10.895076 2.018020 -0.277733 -0.047895 0.113656 0.952708
21.450000000 -8.071984 10.894715 2.017458 -0.282211 -0.049235 0.113679 0.951320
21.455000000 -8.070472 10.894496 2.016876 -0.285250 -0.050315 0.113719 0.950352
21.460000000 -8.069002 10.894421 2.016274 -0.286860 -0.051135 0.113775 0.949817
21.465000000 -8.067576 10.894489 2.015650 -0.287067 -0.051698 0.113847 0.949715
21.470000000 -8.066195 10.894700 2.015004 -0.285913 -0.052009 0.113930 0.950036
21.475000000 -8.064857 10.895053 2.014335 -0.283451 -0.052076 0.114022 0.950759
21.480000000 -8.063563 10.895547 2.013644 -0.279748 -0.051910 0.114116 0.951853
21.485000000 -8.062312 10.896180 2.012931 -0.274883 -0.051524 0.114207 0.953279
21.490000000 -8.061104 10.896949 2.012197 -0.268946 -0.050932 0.114288 0.954993
21.495000000 -8.059939 10.897851 2.011444 -0.262037 -0.050152 0.114352 0.956946
21.500000000 -8.058814 10.898884 2.010673 -0.254260 -0.049200 0.114391 0.959086
21.505000000 -8.057731 10.900042 2.009887 -0.245727 -0.048096 0.114399 0.961362
21.510000000 -8.056686 10.901323 2.009087 -0.236555 -0.046859 0.114367 0.963725
21.515000000 -8.055680 10.902722 2.008276 -0.226863 -0.045512 0.114290 0.966126
21.520000000 -8.054712 10.904234 2.007457 -0.216774 -0.044073 0.114161 0.968522
21.525000000 -8.053779 10.905855 2.006633 -0.206410 -0.042566 0.113974 0.970872
21.530000000 -8.052880 10.907580 2.005805 -0.195893 -0.041011 0.113725 0.973145
21.535000000 -8.052015 10.909404 2.004976 -0.185344 -0.039430 0.113410 0.975311
21.540000000 -8.051181 10.911321 2.004150 -0.174877 -0.037842 0.113025 0.977349
21.545000000 -8.050378 10.913328 2.003328 -0.164602 -0.036266 0.112569 0.979244
21.550000000 -8.049603 10.915418 2.002513 -0.154621 -0.034722 0.112040 0.980986
21.555000000 -8.048857 10.917587 2.001707 -0.145028 -0.033225 0.111436 0.982571
21.560000000 -8.048136 10.919831 2.000912 -0.135911 -0.031791 0.110758 0.983997
21.565000000 -8.047440 10.922144 2.000129 -0.127346 -0.030435 0.110006 0.985269
21.570000000 -8.046768 10.924522 1.999360 -0.119397 -0.029167 0.109181 0.986394
21.575000000 -8.046118 10.926962 1.998606 -0.112120 -0.027999 0.108285 0.987380
21.580000000 -8.045490 10.929460 1.997868 -0.105559 -0.026938 0.107319 0.988238
21.585000000 -8.044882 10.932012 1.997148 -0.099748 -0.025992 0.106286 0.988978
21.590000000 -8.044294 10.934616 1.996446 -0.094708 -0.025164 0.105187 0.989612
21.595000000 -8.043725 10.937269 1.995762 -0.090451 -0.024459 0.104024 0.990151
21.600000000 -8.043174 10.939968 1.995097 -0.086977 -0.023878 0.102801 0.990604
21.605000000 -8.042640 10.942712 1.994450 -0.084276 -0.023419 0.101519 0.990981
21.610000000 -8.042123 10.945499 1.993823 -0.082331 -0.023083 0.100180 0.991288
21.615000000 -8.041623 10.948329 1.993215 -0.081114 -0.022865 0.098786 0.991534
21.620000000 -8.041140 10.951200 1.992626 -0.080589 -0.022761 0.097340 0.991722
21.625000000 -8.040673 10.954113 1.992056 -0.080714 -0.022765 0.095844 0.991857
21.630000000 -8.040222 10.957068 1.991505 -0.081441 -0.022873 0.094299 0.991944
21.635000000 -8.039788 10.960064 1.990971 -0.082716 -0.023075 0.092707 0.991983
21.640000000 -8.039369 10.963103 1.990456 -0.084479 -0.023365 0.091070 0.991980
21.645000000 -8.038968 10.966185 1.989958 -0.086666 -0.023733 0.089391 0.991935
21.650000000 -8.038583 10.969312 1.989477 -0.089206 -0.024172 0.087670 0.991853
21.655000000 -8.038215 10.972484 1.989013 -0.092029 -0.024671 0.085910 0.991737
21.660000000 -8.037864 10.975704 1.988564 -0.095061 -0.025221 0.084114 0.991591
21.665000000 -8.037531 10.978972 1.988130 -0.098227 -0.025812 0.082282 0.991421
21.670000000 -8.037215 10.982291 1.987710 -0.101455 -0.026436 0.080418 0.991232
21.675000000 -8.036918 10.985661 1.987304 -0.104675 -0.027082 0.078522 0.991032
21.680000000 -8.036640 10.989085 1.986912 -0.107816 -0.027741 0.076598 0.990827
21.685000000 -8.036380 10.992564 1.986531 -0.110814 -0.028405 0.074646 0.990627
21.690000000 -8.036139 10.996099 1.986161 -0.113607 -0.029064 0.072668 0.990438
21.695000000 -8.035918 10.999692 1.985802 -0.116140 -0.029712 0.070665 0.990270
21.700000000 -8.035717 11.003345 1.985453 -0.118362 -0.030340 0.068638 0.990131
21.705000000 -8.035536 11.007057 1.985113 -0.120230 -0.030941 0.066588 0.990027
21.710000000 -8.035375 11.010830 1.984781 -0.121703 -0.031509 0.064515 0.989966
21.715000000 -8.035234 11.014664 1.984457 -0.122750 -0.032037 0.062421 0.989954
21.720000000 -8.035114 11.018561 1.984140 -0.123345 -0.032521 0.060306 0.989996
21.725000000 -8.035015 11.022519 1.983829 -0.123470 -0.032955 0.058170 0.990094
21.730000000 -8.034936 11.026540 1.983524 -0.123114 -0.033336 0.056012 0.990250
21.735000000 -8.034878 11.030623 1.983224 -0.122272 -0.033660 0.053832 0.990464
21.740000000 -8.034840 11.034766 1.982930 -0.120943 -0.033924 0.051629 0.990735
21.745000000 -8.034823 11.038971 1.982640 -0.119135 -0.034125 0.049404 0.991061
21.750000000 -8.034827 11.043235 1.982354 -0.116862 -0.034262 0.047154 0.991436
21.755000000 -8.034851 11.047557 1.982073 -0.114140 -0.034334 0.044879 0.991856
21.760000000 -8.034895 11.051936 1.981796 -0.110993 -0.034340 0.042577 0.992315
21.765000000 -8.034959 11.056371 1.981524 -0.107447 -0.034279 0.040247 0.992804
21.770000000 -8.035042 11.060858 1.981255 -0.103533 -0.034151 0.037888 0.993317
21.775000000 -8.035145 11.065398 1.980991 -0.099285 -0.033958 0.035498 0.993846
21.780000000 -8.035267 11.069986 1.980732 -0.094740 -0.033700 0.033076 0.994381
21.785000000 -8.035407 11.074622 1.980477 -0.089939 -0.033380 0.030621 0.994917
21.790000000 -8.035566 11.079302 1.980227 -0.084923 -0.032999 0.028131 0.995443
21.795000000 -8.035743 11.084025 1.979982 -0.079735 -0.032560 0.025606 0.995955
21.800000000 -8.035937 11.088787 1.979742 -0.074415 -0.032065 0.023044 0.996445
21.805000000 -8.036149 11.093585 1.979509 -0.069009 -0.031518 0.020446 0.996908
21.810000000 -8.036377 11.098418 1.979281 -0.063557 -0.030921 0.017809 0.997340
21.815000000 -8.036621 11.103283 1.979060 -0.058100 -0.030279 0.015135 0.997737
21.820000000 -8.036881 11.108176 1.978845 -0.052678 -0.029594 0.012423 0.998096
21.825000000 -8.037156 11.113095 1.978637 -0.047329 -0.028871 0.009674 0.998415
21.830000000 -8.037446 11.118037 1.978436 -0.042088 -0.028113 0.006887 0.998695
21.835000000 -8.037751 11.123000 1.978243 -0.036990 -0.027326 0.004062 0.998934
21.840000000 -8.038069 11.127981 1.978057 -0.032064 -0.026512 0.001201 0.999133
21.845000000 -8.038401 11.132978 1.977878 -0.027340 -0.025678 -0.001697 0.999295
21.850000000 -8.038746 11.137988 1.977707 -0.022843 -0.024826 -0.004630 0.999420
21.855000000 -8.039103 11.143010 1.977544 -0.018595 -0.023962 -0.007598 0.999511
21.860000000 -8.039473 11.148040 1.977389 -0.014615 -0.023091 -0.010600 0.999570
21.865000000 -8.039854 11.153077 1.977242 -0.010918 -0.022216 -0.013634 0.999601
21.870000000 -8.040246 11.158120 1.977103 -0.007517 -0.021341 -0.016701 0.999604
21.875000000 -8.040649 11.163166 1.976972 -0.004420 -0.020473 -0.019799 0.999585
21.880000000 -8.041062 11.168213 1.976848 -0.001630 -0.019613 -0.022927 0.999543
21.885000000 -8.041485 11.173262 1.976733 0.000851 -0.018767 -0.026083 0.999483
21.890000000 -8.041917 11.178309 1.976625 0.003025 -0.017937 -0.029267 0.999406
21.895000000 -8.042358 11.183355 1.976525 0.004898 -0.017128 -0.032478 0.999314
21.900000000 -8.042809 11.188398 1.976433 0.006478 -0.016342 -0.035714 0.999207
21.905000000 -8.043267 11.193438 1.976348 0.007778 -0.015583 -0.038974 0.999088
21.910000000 -8.043734 11.198473 1.976271 0.008812 -0.014852 -0.042256 0.998958
21.915000000 -8.044208 11.203504 1.976201 0.009595 -0.014153 -0.045558 0.998815
21.920000000 -8.044689 11.208529 1.976139 0.010147 -0.013486 -0.048881 0.998662
21.925000000 -8.045178 11.213550 1.976083 0.010488 -0.012854 -0.052222 0.998498
21.930000000 -8.045673 11.218564 1.976035 0.010638 -0.012257 -0.055580 0.998322
21.935000000 -8.046174 11.223574 1.975993 0.010619 -0.011697 -0.058955 0.998136
21.940000000 -8.046682 11.228577 1.975958 0.010455 -0.011174 -0.062345 0.997937
21.945000000 -8.047196 11.233576 1.975930 0.010169 -0.010688 -0.065749 0.997727
21.950000000 -8.047715 11.238569 1.975909 0.009784 -0.010239 -0.069168 0.997505
21.955000000 -8.048239 11.243557 1.975894 0.009324 -0.009826 -0.072598 0.997269
21.960000000 -8.048769 11.248540 1.975885 0.008811 -0.009448 -0.076041 0.997021
21.965000000 -8.049304 11.253518 1.975882 0.008268 -0.009104 -0.079495 0.996759
21.970000000 -8.049844 11.258492 1.975886 0.007717 -0.008791 -0.082959 0.996484
21.975000000 -8.050388 11.263462 1.975895 0.007176 -0.008509 -0.086432 0.996196
21.980000000 -8.050937 11.268429 1.975911 0.006665 -0.008254 -0.089914 0.995893
21.985000000 -8.051491 11.273391 1.975932 0.006201 -0.008025 -0.093405 0.995577
21.990000000 -8.052048 11.278351 1.975959 0.005799 -0.007818 -0.096903 0.995246
21.995000000 -8.052610 11.283307 1.975992 0.005472 -0.007630 -0.100410 0.994902
22.000000000 -8.053176 11.288261 1.976029 0.005232 -0.007459 -0.103924 0.994544
22.005000000 -8.053745 11.293212 1.976073 0.005089 -0.007302 -0.107445 0.994171
22.010000000 -8.054319 11.298160 1.976121 0.005050 -0.007154 -0.110973 0.993785
22.015000000 -8.054896 11.303106 1.976174 0.005122 -0.007013 -0.114507 0.993384
22.020000000 -8.055477 11.308048 1.976233 0.005308 -0.006876 -0.118048 0.992970
22.025000000 -8.056061 11.312988 1.976296 0.005610 -0.006738 -0.121595 0.992541
22.030000000 -8.056650 11.317926 1.976364 0.006027 -0.006598 -0.125148 0.992098
22.035000000 -8.057242 11.322860 1.976437 0.006558 -0.006451 -0.128706 0.991640
22.040000000 -8.057837 11.327790 1.976514 0.007198 -0.006296 -0.132270 0.991168
22.045000000 -8.058436 11.332717 1.976596 0.007940 -0.006130 -0.135839 0.990680
22.050000000 -8.059038 11.337640 1.976682 0.008777 -0.005950 -0.139414 0.990177
22.055000000 -8.059644 11.342559 1.976772 0.009699 -0.005755 -0.142993 0.989659
22.060000000 -8.060254 11.347472 1.976866 0.010698 -0.005543 -0.146577 0.989126
22.065000000 -8.060867 11.352381 1.976964 0.011761 -0.005313 -0.150166 0.988577
22.070000000 -8.061483 11.357283 1.977066 0.012877 -0.005064 -0.153759 0.988012
22.075000000 -8.062102 11.362179 1.977172 0.014032 -0.004794 -0.157356 0.987431
22.080000000 -8.062726 11.367067 1.977282 0.015214 -0.004504 -0.160957 0.986834
22.085000000 -8.063352 11.371948 1.977395 0.016412 -0.004192 -0.164562 0.986221
22.090000000 -8.063982 11.376821 1.977512 0.017613 -0.003860 -0.168169 0.985593
22.095000000 -8.064615 11.381685 1.977632 0.018804 -0.003506 -0.171780 0.984950
22.100000000 -8.065251 11.386540 1.977756 0.019973 -0.003132 -0.175395 0.984291
22.105000000 -8.065891 11.391384 1.977882 0.021111 -0.002739 -0.179012 0.983617
22.110000000 -8.066533 11.396218 1.978012 0.022205 -0.002327 -0.182632 0.982928
22.115000000 -8.067179 11.401041 1.978145 0.023247 -0.001897 -0.186254 0.982225
22.120000000 -8.067828 11.405852 1.978281 0.024228 -0.001451 -0.189880 0.981507
22.125000000 -8.068480 11.410651 1.978419 0.025140 -0.000991 -0.193507 0.980776
22.130000000 -8.069134 11.415438 1.978560 0.025979 -0.000518 -0.197136 0.980032
22.135000000 -8.069791 11.420211 1.978704 0.026737 -0.000034 -0.200766 0.979274
22.140000000 -8.070451 11.424971 1.978851 0.027412 0.000459 -0.204398 0.978504
22.145000000 -8.071114 11.429717 1.979000 0.028000 0.000959 -0.208030 0.977721
22.150000000 -8.071778 11.434448 1.979151 0.028499 0.001464 -0.211662 0.976926
22.155000000 -8.072445 11.439166 1.979304 0.028910 0.001973 -0.215294 0.976119
22.160000000 -8.073114 11.443868 1.979460 0.029231 0.002481 -0.218926 0.975300
22.165000000 -8.073785 11.448556 1.979618 0.029464 0.002988 -0.222558 0.974470
22.170000000 -8.074458 11.453229 1.979778 0.029612 0.003490 -0.226189 0.973627
22.175000000 -8.075132 11.457886 1.979940 0.029678 0.003987 -0.229819 0.972773
22.180000000 -8.075808 11.462529 1.980103 0.029666 0.004476 -0.233446 0.971907
22.185000000 -8.076484 11.467156 1.980269 0.029581 0.004955 -0.237070 0.971030
22.190000000 -8.077162 11.471768 1.980436 0.029430 0.005423 -0.240690 0.970141
22.195000000 -8.077841 11.476364 1.980605 0.029218 0.005877 -0.244307 0.969240
22.200000000 -8.078520 11.480945 1.980776 0.028952 0.006318 -0.247918 0.968328
22.205000000 -8.079200 11.485512 1.980948 0.028638 0.006742 -0.251522 0.967404
22.210000000 -8.079880 11.490063 1.981122 0.028285 0.007150 -0.255121 0.966469
22.215000000 -8.080560 11.494600 1.981297 0.027901 0.007541 -0.258712 0.965522
22.220000000 -8.081240 11.499121 1.981474 0.027496 0.007915 -0.262296 0.964563
22.225000000 -8.081920 11.503628 1.981652 0.027084 0.008274 -0.265872 0.963592
22.230000000 -8.082599 11.508121 1.981832 0.026678 0.008620 -0.269439 0.962609
22.235000000 -8.083278 11.512600 1.982013 0.026294 0.008957 -0.272996 0.961614
22.240000000 -8.083956 11.517064 1.982195 0.025949 0.009287 -0.276544 0.960606
22.245000000 -8.084633 11.521514 1.982379 0.025658 0.009616 -0.280079 0.959586
22.250000000 -8.085308 11.525950 1.982564 0.025439 0.009947 -0.283602 0.958553
22.255000000 -8.085983 11.530373 1.982750 0.025308 0.010286 -0.287112 0.957508
22.260000000 -8.086656 11.534782 1.982938 0.025281 0.010637 -0.290606 0.956450
22.265000000 -8.087328 11.539176 1.983127 0.025374 0.011006 -0.294085 0.955379
22.270000000 -8.087999 11.543557 1.983317 0.025601 0.011398 -0.297547 0.954296
22.275000000 -8.088667 11.547924 1.983509 0.025975 0.011820 -0.300991 0.953200
22.280000000 -8.089334 11.552276 1.983702 0.026507 0.012275 -0.304415 0.952091
22.285000000 -8.089999 11.556613 1.983896 0.027207 0.012769 -0.307819 0.950970
22.290000000 -8.090662 11.560935 1.984091 0.028085 0.013307 -0.311199 0.949836
22.295000000 -8.091323 11.565242 1.984288 0.029145 0.013893 -0.314556 0.948690
22.300000000 -8.091982 11.569532 1.984486 0.030393 0.014533 -0.317887 0.947530
22.305000000 -8.092639 11.573806 1.984685 0.031833 0.015230 -0.321191 0.946357
22.310000000 -8.093294 11.578062 1.984886 0.033465 0.015989 -0.324468 0.945169
22.315000000 -8.093947 11.582299 1.985088 0.035290 0.016812 -0.327714 0.943968
22.320000000 -8.094597 11.586516 1.985291 0.037304 0.017702 -0.330929 0.942752
22.325000000 -8.095246 11.590713 1.985496 0.039504 0.018663 -0.334111 0.941521
22.330000000 -8.095892 11.594888 1.985701 0.041884 0.019694 -0.337258 0.940274
22.335000000 -8.096535 11.599040 1.985909 0.044436 0.020799 -0.340369 0.939011
22.340000000 -8.097177 11.603167 1.986117 0.047152 0.021977 -0.343442 0.937732
22.345000000 -8.097816 11.607268 1.986327 0.050021 0.023230 -0.346474 0.936437
22.350000000 -8.098453 11.611341 1.986538 0.053035 0.024556 -0.349465 0.935125
22.355000000 -8.099088 11.615386 1.986751 0.056180 0.025956 -0.352413 0.933796
22.360000000 -8.099721 11.619399 1.986965 0.059445 0.027428 -0.355317 0.932450
22.365000000 -8.100351 11.623379 1.987180 0.062816 0.028970 -0.358175 0.931088
22.370000000 -8.100979 11.627325 1.987397 0.066279 0.030580 -0.360985 0.929711
22.375000000 -8.101605 11.631235 1.987615 0.069820 0.032255 -0.363747 0.928317
22.380000000 -8.102228 11.635105 1.987835 0.073425 0.033993 -0.366458 0.926910
22.385000000 -8.102849 11.638935 1.988056 0.077080 0.035789 -0.369119 0.925489
22.390000000 -8.103468 11.642723 1.988278 0.080771 0.037639 -0.371728 0.924055
22.395000000 -8.104084 11.646466 1.988502 0.084485 0.039541 -0.374284 0.922611
22.400000000 -8.104698 11.650161 1.988727 0.088212 0.041490 -0.376787 0.921156
22.405000000 -8.105309 11.653808 1.988954 0.091937 0.043482 -0.379238 0.919693
22.410000000 -8.105917 11.657404 1.989181 0.095646 0.045510 -0.381634 0.918224
22.415000000 -8.106523 11.660946 1.989411 0.099322 0.047567 -0.383978 0.916751
22.420000000 -8.107126 11.664433 1.989641 0.102948 0.049648 -0.386271 0.915277
22.425000000 -8.107726 11.667862 1.989872 0.106507 0.051743 -0.388513 0.913803
22.430000000 -8.108323 11.671232 1.990104 0.109981 0.053846 -0.390707 0.912334
22.435000000 -8.108917 11.674540 1.990337 0.113351 0.055946 -0.392855 0.910871
22.440000000 -8.109508 11.677784 1.990569 0.116599 0.058037 -0.394959 0.909420
22.445000000 -8.110095 11.680962 1.990802 0.119708 0.060108 -0.397021 0.907982
22.450000000 -8.110678 11.684073 1.991035 0.122663 0.062152 -0.399044 0.906562
22.455000000 -8.111258 11.687114 1.991267 0.125449 0.064162 -0.401031 0.905163
22.460000000 -8.111834 11.690084 1.991499 0.128054 0.066130 -0.402986 0.903787
22.465000000 -8.112405 11.692981 1.991729 0.130466 0.068049 -0.404911 0.902438
22.470000000 -8.112972 11.695805 1.991958 0.132677 0.069913 -0.406809 0.901119
22.475000000 -8.113534 11.698552 1.992186 0.134680 0.071716 -0.408683 0.899831
22.480000000 -8.114092 11.701222 1.992412 0.136469 0.073454 -0.410535 0.898578
22.485000000 -8.114644 11.703815 1.992636 0.138041 0.075122 -0.412368 0.897360
22.490000000 -8.115191 11.706327 1.992857 0.139396 0.076717 -0.414183 0.896178
22.495000000 -8.115733 11.708760 1.993077 0.140533 0.078236 -0.415983 0.895035
22.500000000 -8.116268 11.711111 1.993293 0.141456 0.079675 -0.417770 0.893930
22.505000000 -8.116797 11.713381 1.993507 0.142169 0.081035 -0.419545 0.892862
22.510000000 -8.117320 11.715568 1.993717 0.142680 0.082315 -0.421309 0.891832
22.515000000 -8.117836 11.717672 1.993925 0.142997 0.083516 -0.423064 0.890839
22.520000000 -8.118344 11.719693 1.994130 0.143132 0.084640 -0.424809 0.889880
22.525000000 -8.118846 11.721630 1.994331 0.143095 0.085687 -0.426545 0.888955
22.530000000 -8.119339 11.723482 1.994530 0.142899 0.086661 -0.428274 0.888061
22.535000000 -8.119824 11.725251 1.994725 0.142558 0.087564 -0.429993 0.887195
22.540000000 -8.120301 11.726935 1.994917 0.142089 0.088401 -0.431704 0.886357
22.545000000 -8.120769 11.728535 1.995106 0.141506 0.089176 -0.433405 0.885542
22.550000000 -8.121228 11.730051 1.995292 0.140824 0.089893 -0.435096 0.884748
22.555000000 -8.121678 11.731482 1.995475 0.140060 0.090555 -0.436775 0.883974
22.560000000 -8.122118 11.732830 1.995656 0.139230 0.091169 -0.438443 0.883216
22.565000000 -8.122548 11.734094 1.995834 0.138349 0.091739 -0.440097 0.882473
22.570000000 -8.122968 11.735275 1.996009 0.137434 0.092272 -0.441737 0.881740
22.575000000 -8.123377 11.736372 1.996182 0.136499 0.092772 -0.443361 0.881018
22.580000000 -8.123775 11.737386 1.996352 0.135560 0.093246 -0.444967 0.880303
22.585000000 -8.124162 11.738318 1.996521 0.134630 0.093698 -0.446554 0.879593
22.590000000 -8.124537 11.739167 1.996687 0.133721 0.094134 -0.448121 0.878888
22.595000000 -8.124901 11.739934 1.996852 0.132846 0.094560 -0.449666 0.878186
22.600000000 -8.125252 11.740620 1.997014 0.132008 0.094975 -0.451189 0.877486
22.605000000 -8.125592 11.741223 1.997175 0.131204 0.095376 -0.452689 0.876790
22.610000000 -8.125919 11.741746 1.997333 0.130427 0.095756 -0.454169 0.876099
22.615000000 -8.126233 11.742188 1.997488 0.129662 0.096102 -0.455629 0.875416
22.620000000 -8.126535 11.742549 1.997641 0.128890 0.096401 -0.457073 0.874745
22.625000000 -8.126824 11.742831 1.997790 0.128089 0.096636 -0.458503 0.874088
22.630000000 -8.127099 11.743033 1.997934 0.127234 0.096790 -0.459922 0.873450
22.635000000 -8.127361 11.743156 1.998075 0.126299 0.096844 -0.461332 0.872836
22.640000000 -8.127611 11.743201 1.998210 0.125257 0.096779 -0.462736 0.872250
22.645000000 -8.127846 11.743168 1.998339 0.124082 0.096578 -0.464137 0.871696
22.650000000 -8.128069 11.743058 1.998461 0.122747 0.096222 -0.465537 0.871177
22.655000000 -8.128278 11.742872 1.998577 0.121228 0.095694 -0.466937 0.870699
22.660000000 -8.128473 11.742611 1.998686 0.119500 0.094980 -0.468338 0.870263
22.665000000 -8.128656 11.742277 1.998786 0.117544 0.094064 -0.469742 0.869872
22.670000000 -8.128825 11.741869 1.998878 0.115338 0.092934 -0.471149 0.869528
22.675000000 -8.128981 11.741390 1.998962 0.112865 0.091578 -0.472557 0.869232
22.680000000 -8.129124 11.740842 1.999036 0.110111 0.089987 -0.473967 0.868984
22.685000000 -8.129255 11.740226 1.999102 0.107067 0.088157 -0.475377 0.868782
22.690000000 -8.129372 11.739543 1.999158 0.103728 0.086083 -0.476783 0.868625
22.695000000 -8.129478 11.738796 1.999205 0.100091 0.083765 -0.478182 0.868509
22.700000000 -8.129571 11.737987 1.999242 0.096158 0.081205 -0.479571 0.868430
22.705000000 -8.129652 11.737119 1.999270 0.091935 0.078405 -0.480946 0.868384
22.710000000 -8.129722 11.736193 1.999289 0.087428 0.075373 -0.482302 0.868366
22.715000000 -8.129780 11.735213 1.999298 0.082652 0.072117 -0.483633 0.868370
22.720000000 -8.129828 11.734182 1.999300 0.077621 0.068648 -0.484936 0.868389
22.725000000 -8.129864 11.733101 1.999293 0.072356 0.064980 -0.486203 0.868417
22.730000000 -8.129891 11.731975 1.999279 0.066879 0.061128 -0.487431 0.868448
22.735000000 -8.129907 11.730806 1.999257 0.061215 0.057110 -0.488613 0.868475
22.740000000 -8.129914 11.729598 1.999229 0.055388 0.052944 -0.489744 0.868493
22.745000000 -8.129912 11.728354 1.999194 0.049427 0.048648 -0.490821 0.868496
22.750000000 -8.129901 11.727078 1.999154 0.043362 0.044245 -0.491838 0.868480
22.755000000 -8.129882 11.725774 1.999110 0.037223 0.039754 -0.492793 0.868440
22.760000000 -8.129855 11.724444 1.999061 0.031039 0.035199 -0.493683 0.868375
22.765000000 -8.129821 11.723092 1.999008 0.024843 0.030602 -0.494504 0.868281
22.770000000 -8.129780 11.721723 1.998952 0.018667 0.025986 -0.495256 0.868158
22.775000000 -8.129732 11.720340 1.998894 0.012540 0.021374 -0.495937 0.868005
22.780000000 -8.129678 11.718946 1.998834 0.006493 0.016788 -0.496547 0.867823
22.785000000 -8.129619 11.717546 1.998773 0.000553 0.012248 -0.497088 0.867614
22.790000000 -8.129554 11.716142 1.998710 -0.005246 0.007781 -0.497559 0.867379
22.795000000 -8.129485 11.714739 1.998648 -0.010868 0.003413 -0.497964 0.867123
22.800000000 -8.129412 11.713339 1.998585 -0.016277 -0.000828 -0.498305 0.866849
22.805000000 -8.129336 11.711947 1.998523 -0.021440 -0.004918 -0.498586 0.866561
22.810000000 -8.129256 11.710565 1.998461 -0.026327 -0.008830 -0.498812 0.866265
22.815000000 -8.129173 11.709197 1.998400 -0.030909 -0.012542 -0.498988 0.865967
22.820000000 -8.129088 11.707844 1.998340 -0.035162 -0.016032 -0.499118 0.865672
22.825000000 -8.129002 11.706511 1.998280 -0.039064 -0.019282 -0.499207 0.865387
22.830000000 -8.128914 11.705200 1.998222 -0.042597 -0.022275 -0.499262 0.865116
22.835000000 -8.128825 11.703912 1.998166 -0.045748 -0.024997 -0.499288 0.864866
22.840000000 -8.128735 11.702650 1.998110 -0.048508 -0.027439 -0.499290 0.864641
22.845000000 -8.128645 11.701415 1.998055 -0.050870 -0.029592 -0.499272 0.864445
22.850000000 -8.128556 11.700210 1.998001 -0.052834 -0.031453 -0.499239 0.864280
22.855000000 -8.128466 11.699035 1.997948 -0.054402 -0.033019 -0.499196 0.864149
22.860000000 -8.128377 11.697892 1.997896 -0.055580 -0.034292 -0.499145 0.864054
22.865000000 -8.128290 11.696780 1.997845 -0.056379 -0.035278 -0.499090 0.863994
22.870000000 -8.128203 11.695702 1.997794 -0.056812 -0.035982 -0.499033 0.863970
22.875000000 -8.128118 11.694657 1.997745 -0.056896 -0.036415 -0.498977 0.863979
22.880000000 -8.128034 11.693646 1.997695 -0.056650 -0.036589 -0.498922 0.864019
22.885000000 -8.127952 11.692668 1.997647 -0.056097 -0.036518 -0.498869 0.864088
22.890000000 -8.127872 11.691723 1.997599 -0.055261 -0.036219 -0.498821 0.864183
22.895000000 -8.127794 11.690811 1.997552 -0.054167 -0.035709 -0.498775 0.864300
22.900000000 -8.127717 11.689931 1.997506 -0.052844 -0.035007 -0.498734 0.864434
22.905000000 -8.127642 11.689082 1.997460 -0.051320 -0.034134 -0.498697 0.864582
22.910000000 -8.127570 11.688263 1.997415 -0.049624 -0.033110 -0.498663 0.864741
22.915000000 -8.127499 11.687474 1.997372 -0.047786 -0.031957 -0.498632 0.864905
22.920000000 -8.127430 11.686714 1.997329 -0.045835 -0.030697 -0.498605 0.865072
22.925000000 -8.127363 11.685981 1.997288 -0.043801 -0.029351 -0.498580 0.865239
22.930000000 -8.127298 11.685273 1.997248 -0.041713 -0.027941 -0.498558 0.865401
22.935000000 -8.127235 11.684591 1.997210 -0.039597 -0.026488 -0.498538 0.865558
22.940000000 -8.127173 11.683932 1.997173 -0.037480 -0.025011 -0.498520 0.865706
22.945000000 -8.127112 11.683296 1.997138 -0.035387 -0.023530 -0.498505 0.865845
22.950000000 -8.127053 11.682680 1.997105 -0.033340 -0.022063 -0.498492 0.865972
22.955000000 -8.126995 11.682084 1.997073 -0.031360 -0.020626 -0.498481 0.866088
22.960000000 -8.126938 11.681507 1.997044 -0.029467 -0.019236 -0.498473 0.866191
22.965000000 -8.126883 11.680948 1.997017 -0.027676 -0.017905 -0.498469 0.866281
22.970000000 -8.126828 11.680404 1.996992 -0.026002 -0.016646 -0.498467 0.866359
22.975000000 -8.126774 11.679876 1.996969 -0.024458 -0.015470 -0.498469 0.866424
22.980000000 -8.126720 11.679362 1.996948 -0.023053 -0.014385 -0.498475 0.866478
22.985000000 -8.126667 11.678862 1.996929 -0.021793 -0.013400 -0.498485 0.866521
22.990000000 -8.126614 11.678374 1.996913 -0.020686 -0.012519 -0.498498 0.866553
22.995000000 -8.126562 11.677899 1.996899 -0.019735 -0.011723 -0.498517 0.866576
23.000000000 -8.126509 11.677434 1.996886 -0.018964 -0.010830 -0.498551 0.866585
23.005000000 -8.126457 11.676981 1.996874 -0.018405 -0.009617 -0.498610 0.866578
23.010000000 -8.126404 11.676538 1.996862 -0.018085 -0.007905 -0.498702 0.866549
23.015000000 -8.126350 11.676104 1.996850 -0.018024 -0.005560 -0.498830 0.866494
23.020000000 -8.126294 11.675679 1.996838 -0.018236 -0.002485 -0.498997 0.866409
23.025000000 -8.126235 11.675263 1.996826 -0.018728 0.001382 -0.499198 0.866284
23.030000000 -8.126170 11.674854 1.996813 -0.019498 0.006070 -0.499431 0.866113
23.035000000 -8.126098 11.674452 1.996802 -0.020537 0.011580 -0.499687 0.865885
23.040000000 -8.126016 11.674056 1.996790 -0.021828 0.017885 -0.499957 0.865590
23.045000000 -8.125921 11.673665 1.996779 -0.023350 0.024940 -0.500231 0.865218
23.050000000 -8.125809 11.673278 1.996769 -0.025072 0.032674 -0.500498 0.864757
23.055000000 -8.125677 11.672893 1.996760 -0.026961 0.041005 -0.500748 0.864201
23.060000000 -8.125521 11.672510 1.996752 -0.028979 0.049828 -0.500969 0.863543
23.065000000 -8.125337 11.672127 1.996745 -0.031083 0.059032 -0.501156 0.862782
23.070000000 -8.125119 11.671742 1.996739 -0.033230 0.068492 -0.501300 0.861918
23.075000000 -8.124864 11.671354 1.996733 -0.035376 0.078080 -0.501398 0.860960
23.080000000 -8.124567 11.670963 1.996727 -0.037479 0.087663 -0.501451 0.859917
23.085000000 -8.124222 11.670565 1.996720 -0.039496 0.097108 -0.501459 0.858807
23.090000000 -8.123827 11.670160 1.996712 -0.041387 0.106280 -0.501428 0.857649
23.095000000 -8.123375 11.669746 1.996702 -0.043116 0.115052 -0.501365 0.856468
23.100000000 -8.122864 11.669322 1.996688 -0.044649 0.123299 -0.501278 0.855292
23.105000000 -8.122288 11.668886 1.996670 -0.045961 0.130908 -0.501179 0.854149
23.110000000 -8.121646 11.668437 1.996646 -0.047031 0.137780 -0.501079 0.853068
23.115000000 -8.120933 11.667973 1.996616 -0.047849 0.143831 -0.500988 0.852077
23.120000000 -8.120148 11.667494 1.996577 -0.048410 0.148993 -0.500915 0.851200
23.125000000 -8.119287 11.666999 1.996530 -0.048716 0.153216 -0.500870 0.850459
23.130000000 -8.118350 11.666485 1.996474 -0.048775 0.156463 -0.500858 0.849872
23.135000000 -8.117334 11.665954 1.996407 -0.048599 0.158715 -0.500883 0.849449
23.140000000 -8.116239 11.665403 1.996330 -0.048203 0.159966 -0.500948 0.849199
23.145000000 -8.115065 11.664833 1.996242 -0.047607 0.160225 -0.501052 0.849122
23.150000000 -8.113812 11.664244 1.996143 -0.046832 0.159514 -0.501192 0.849217
23.155000000 -8.112480 11.663634 1.996032 -0.045899 0.157863 -0.501364 0.849474
23.160000000 -8.111071 11.663005 1.995910 -0.044830 0.155314 -0.501562 0.849884
23.165000000 -8.109585 11.662356 1.995777 -0.043647 0.151913 -0.501779 0.850432
23.170000000 -8.108025 11.661688 1.995634 -0.042363 0.147709 -0.502008 0.851102
23.175000000 -8.106392 11.661001 1.995480 -0.040991 0.142755 -0.502241 0.851877
23.180000000 -8.104690 11.660296 1.995316 -0.039535 0.137104 -0.502470 0.852738
23.185000000 -8.102920 11.659574 1.995143 -0.038002 0.130816 -0.502689 0.853667
23.190000000 -8.101086 11.658835 1.994960 -0.036392 0.123948 -0.502889 0.854643
23.195000000 -8.099192 11.658081 1.994768 -0.034705 0.116560 -0.503065 0.855649
23.200000000 -8.097240 11.657313 1.994569 -0.032937 0.108714 -0.503211 0.856665
23.205000000 -8.095235 11.656532 1.994362 -0.031084 0.100472 -0.503321 0.857675
23.210000000 -8.093181 11.655740 1.994149 -0.029142 0.091897 -0.503392 0.858663
23.215000000 -8.091081 11.654937 1.993930 -0.027106 0.083052 -0.503420 0.859614
23.220000000 -8.088939 11.654125 1.993705 -0.024977 0.074001 -0.503403 0.860515
23.225000000 -8.086760 11.653306 1.993477 -0.022755 0.064806 -0.503339 0.861355
23.230000000 -8.084549 11.652480 1.993245 -0.020446 0.055526 -0.503227 0.862126
23.235000000 -8.082309 11.651650 1.993010 -0.018058 0.046218 -0.503069 0.862821
23.240000000 -8.080046 11.650815 1.992774 -0.015603 0.036933 -0.502865 0.863435
23.245000000 -8.077763 11.649978 1.992536 -0.013094 0.027721 -0.502619 0.863965
23.250000000 -8.075466 11.649140 1.992298 -0.010545 0.018625 -0.502333 0.864409
23.255000000 -8.073157 11.648302 1.992060 -0.007973 0.009683 -0.502012 0.864770
23.260000000 -8.070843 11.647465 1.991823 -0.005396 0.000928 -0.501662 0.865046
23.265000000 -8.068528 11.646630 1.991587 -0.002831 -0.007612 -0.501288 0.865242
23.270000000 -8.066215 11.645798 1.991354 -0.000297 -0.015916 -0.500896 0.865361
23.275000000 -8.063909 11.644970 1.991122 0.002189 -0.023966 -0.500493 0.865406
23.280000000 -8.061614 11.644147 1.990894 0.004607 -0.031757 -0.500085 0.865381
23.285000000 -8.059333 11.643330 1.990669 0.006941 -0.039290 -0.499680 0.865290
23.290000000 -8.057072 11.642520 1.990448 0.009174 -0.046576 -0.499285 0.865136
23.295000000 -8.054833 11.641718 1.990231 0.011292 -0.053626 -0.498906 0.864922
23.300000000 -8.052621 11.640925 1.990018 0.013279 -0.060460 -0.498548 0.864649
23.305000000 -8.050438 11.640140 1.989811 0.015126 -0.067100 -0.498219 0.864319
23.310000000 -8.048289 11.639367 1.989610 0.016821 -0.073579 -0.497923 0.863930
23.315000000 -8.046176 11.638604 1.989414 0.018358 -0.079928 -0.497666 0.863483
23.320000000 -8.044103 11.637854 1.989225 0.019731 -0.086184 -0.497451 0.862975
23.325000000 -8.042074 11.637117 1.989044 0.020938 -0.092380 -0.497281 0.862403
23.330000000 -8.040091 11.636394 1.988870 0.021978 -0.098543 -0.497160 0.861765
23.335000000 -8.038158 11.635687 1.988704 0.022858 -0.104695 -0.497087 0.861058
23.340000000 -8.036277 11.634997 1.988546 0.023585 -0.110850 -0.497064 0.860281
23.345000000 -8.034453 11.634325 1.988398 0.024173 -0.117011 -0.497090 0.859434
23.350000000 -8.032687 11.633673 1.988258 0.024636 -0.123176 -0.497162 0.858517
23.355000000 -8.030983 11.633041 1.988127 0.024989 -0.129336 -0.497278 0.857533
23.360000000 -8.029345 11.632433 1.988005 0.025253 -0.135476 -0.497436 0.856485
23.365000000 -8.027774 11.631848 1.987892 0.025447 -0.141579 -0.497633 0.855377
23.370000000 -8.026275 11.631290 1.987788 0.025593 -0.147622 -0.497864 0.854215
23.375000000 -8.024849 11.630758 1.987692 0.025713 -0.153582 -0.498127 0.853007
23.380000000 -8.023500 11.630256 1.987604 0.025828 -0.159428 -0.498418 0.851760
23.385000000 -8.022230 11.629785 1.987524 0.025955 -0.165127 -0.498733 0.850485
23.390000000 -8.021041 11.629345 1.987450 0.026099 -0.170617 -0.499069 0.849199
23.395000000 -8.019937 11.628939 1.987380 0.026262 -0.175828 -0.499424 0.847921
23.400000000 -8.018918 11.628568 1.987312 0.026431 -0.180668 -0.499798 0.846677
23.405000000 -8.017987 11.628232 1.987244 0.026590 -0.185038 -0.500194 0.845494
23.410000000 -8.017144 11.627933 1.987173 0.026718 -0.188823 -0.500613 0.844404
23.415000000 -8.016390 11.627671 1.987095 0.026795 -0.191921 -0.501060 0.843437
23.420000000 -8.015725 11.627446 1.987008 0.026800 -0.194226 -0.501540 0.842624
23.425000000 -8.015150 11.627260 1.986909 0.026717 -0.195637 -0.502056 0.841993
23.430000000 -8.014663 11.627111 1.986795 0.026529 -0.196061 -0.502612 0.841569
23.435000000 -8.014266 11.626999 1.986665 0.026226 -0.195416 -0.503208 0.841371
23.440000000 -8.013955 11.626926 1.986515 0.025804 -0.193644 -0.503845 0.841413
23.445000000 -8.013730 11.626889 1.986346 0.025263 -0.190706 -0.504516 0.841699
23.450000000 -8.013589 11.626888 1.986156 0.024608 -0.186594 -0.505213 0.842222
23.455000000 -8.013530 11.626923 1.985946 0.023847 -0.181319 -0.505923 0.842969
23.460000000 -8.013550 11.626993 1.985714 0.022987 -0.174913 -0.506634 0.843919
23.465000000 -8.013647 11.627095 1.985462 0.022037 -0.167430 -0.507329 0.845044
23.470000000 -8.013817 11.627230 1.985191 0.021005 -0.158937 -0.507991 0.846311
23.475000000 -8.014056 11.627394 1.984901 0.019898 -0.149519 -0.508603 0.847685
23.480000000 -8.014361 11.627587 1.984595 0.018723 -0.139272 -0.509148 0.849129
23.485000000 -8.014727 11.627806 1.984274 0.017487 -0.128302 -0.509611 0.850605
23.490000000 -8.015149 11.628050 1.983939 0.016196 -0.116727 -0.509977 0.852077
23.495000000 -8.015623 11.628315 1.983593 0.014857 -0.104670 -0.510235 0.853512
23.500000000 -8.016144 11.628600 1.983237 0.013478 -0.092260 -0.510377 0.854881
23.505000000 -8.016707 11.628902 1.982873 0.012068 -0.079630 -0.510396 0.856160
23.510000000 -8.017305 11.629219 1.982503 0.010634 -0.066911 -0.510290 0.857329
23.515000000 -8.017934 11.629548 1.982128 0.009187 -0.054233 -0.510062 0.858377
23.520000000 -8.018588 11.629887 1.981752 0.007738 -0.041722 -0.509714 0.859297
23.525000000 -8.019261 11.630233 1.981374 0.006300 -0.029501 -0.509257 0.860086
23.530000000 -8.019949 11.630583 1.980996 0.004884 -0.017683 -0.508699 0.860749
23.535000000 -8.020645 11.630936 1.980620 0.003504 -0.006375 -0.508055 0.861294
23.540000000 -8.021345 11.631289 1.980247 0.002174 0.004327 -0.507338 0.861733
23.545000000 -8.022043 11.631640 1.979877 0.000906 0.014339 -0.506567 0.862081
23.550000000 -8.022736 11.631987 1.979511 -0.000286 0.023586 -0.505756 0.862354
23.555000000 -8.023418 11.632328 1.979150 -0.001389 0.032007 -0.504925 0.862569
23.560000000 -8.024086 11.632662 1.978794 -0.002392 0.039553 -0.504088 0.862743
23.565000000 -8.024737 11.632987 1.978443 -0.003285 0.046188 -0.503263 0.862892
23.570000000 -8.025366 11.633301 1.978097 -0.004059 0.051887 -0.502462 0.863031
23.575000000 -8.025972 11.633604 1.977757 -0.004707 0.056638 -0.501699 0.863173
23.580000000 -8.026553 11.633895 1.977422 -0.005223 0.060442 -0.500984 0.863328
23.585000000 -8.027105 11.634173 1.977094 -0.005605 0.063309 -0.500325 0.863502
23.590000000 -8.027629 11.634437 1.976770 -0.005852 0.065260 -0.499729 0.863700
23.595000000 -8.028122 11.634687 1.976453 -0.005964 0.066327 -0.499199 0.863925
23.600000000 -8.028585 11.634923 1.976141 -0.005946 0.066549 -0.498736 0.864175
23.605000000 -8.029017 11.635145 1.975835 -0.005801 0.065973 -0.498342 0.864447
23.610000000 -8.029419 11.635353 1.975534 -0.005538 0.064654 -0.498013 0.864738
23.615000000 -8.029792 11.635547 1.975239 -0.005165 0.062652 -0.497747 0.865041
23.620000000 -8.030135 11.635727 1.974951 -0.004692 0.060031 -0.497540 0.865349
23.625000000 -8.030452 11.635895 1.974668 -0.004131 0.056860 -0.497386 0.865654
23.630000000 -8.030742 11.636050 1.974392 -0.003495 0.053210 -0.497280 0.865950
23.635000000 -8.031008 11.636192 1.974123 -0.002796 0.049157 -0.497216 0.866228
23.640000000 -8.031251 11.636324 1.973860 -0.002048 0.044774 -0.497189 0.866484
23.645000000 -8.031475 11.636446 1.973604 -0.001265 0.040137 -0.497193 0.866710
23.650000000 -8.031681 11.636558 1.973355 -0.000461 0.035321 -0.497222 0.866904
23.655000000 -8.031871 11.636661 1.973113 0.000352 0.030397 -0.497273 0.867062
23.660000000 -8.032048 11.636756 1.972880 0.001159 0.025437 -0.497341 0.867181
23.665000000 -8.032213 11.636845 1.972653 0.001949 0.020508 -0.497423 0.867263
23.670000000 -8.032371 11.636927 1.972435 0.002712 0.015672 -0.497518 0.867308
23.675000000 -8.032522 11.637005 1.972224 0.003436 0.010989 -0.497621 0.867318
23.680000000 -8.032669 11.637078 1.972021 0.004113 0.006513 -0.497733 0.867296
23.685000000 -8.032815 11.637147 1.971826 0.004735 0.002291 -0.497851 0.867246
23.690000000 -8.032960 11.637214 1.971640 0.005297 -0.001632 -0.497976 0.867173
23.695000000 -8.033108 11.637279 1.971460 0.005793 -0.005222 -0.498107 0.867081
23.700000000 -8.033259 11.637343 1.971288 0.006225 -0.008458 -0.498242 0.866974
23.705000000 -8.033415 11.637406 1.971121 0.006596 -0.011327 -0.498382 0.866859
23.710000000 -8.033578 11.637469 1.970959 0.006910 -0.013821 -0.498524 0.866738
23.715000000 -8.033749 11.637533 1.970800 0.007172 -0.015936 -0.498668 0.866617
23.720000000 -8.033928 11.637597 1.970645 0.007387 -0.017671 -0.498812 0.866498
23.725000000 -8.034117 11.637663 1.970491 0.007559 -0.019032 -0.498957 0.866385
23.730000000 -8.034316 11.637730 1.970339 0.007692 -0.020024 -0.499099 0.866279
23.735000000 -8.034525 11.637799 1.970188 0.007791 -0.020660 -0.499239 0.866183
23.740000000 -8.034745 11.637869 1.970037 0.007862 -0.020953 -0.499374 0.866097
23.745000000 -8.034976 11.637942 1.969887 0.007908 -0.020922 -0.499504 0.866023
23.750000000 -8.035217 11.638016 1.969736 0.007935 -0.020585 -0.499627 0.865960
23.755000000 -8.035469 11.638091 1.969585 0.007945 -0.019966 -0.499741 0.865908
23.760000000 -8.035732 11.638168 1.969433 0.007944 -0.019089 -0.499845 0.865868
23.765000000 -8.036004 11.638247 1.969280 0.007935 -0.017980 -0.499939 0.865838
23.770000000 -8.036286 11.638326 1.969126 0.007922 -0.016667 -0.500021 0.865817
23.775000000 -8.036577 11.638407 1.968970 0.007907 -0.015176 -0.500089 0.865805
23.780000000 -8.036877 11.638487 1.968813 0.007893 -0.013538 -0.500144 0.865801
23.785000000 -8.037184 11.638568 1.968655 0.007884 -0.011780 -0.500183 0.865803
23.790000000 -8.037498 11.638648 1.968495 0.007880 -0.009932 -0.500208 0.865812
23.795000000 -8.037818 11.638727 1.968334 0.007884 -0.008021 -0.500218 0.865827
23.800000000 -8.038143 11.638805 1.968171 0.007897 -0.006075 -0.500212 0.865846
23.805000000 -8.038473 11.638881 1.968006 0.007920 -0.004121 -0.500190 0.865870
23.810000000 -8.038806 11.638955 1.967840 0.007955 -0.002183 -0.500153 0.865898
23.815000000 -8.039143 11.639025 1.967672 0.008003 -0.000284 -0.500101 0.865930
23.820000000 -8.039481 11.639093 1.967502 0.008063 0.001554 -0.500035 0.865966
23.825000000 -8.039821 11.639157 1.967331 0.008135 0.003312 -0.499954 0.866007
23.830000000 -8.040161 11.639216 1.967157 0.008221 0.004973 -0.499860 0.866053
23.835000000 -8.040501 11.639271 1.966983 0.008320 0.006520 -0.499753 0.866103
23.840000000 -8.040841 11.639321 1.966806 0.008431 0.007942 -0.499634 0.866159
23.845000000 -8.041179 11.639365 1.966628 0.008553 0.009229 -0.499503 0.866221
23.850000000 -8.041516 11.639403 1.966448 0.008688 0.010371 -0.499361 0.866288
23.855000000 -8.041850 11.639435 1.966266 0.008833 0.011364 -0.499208 0.866363
23.860000000 -8.042181 11.639461 1.966083 0.008987 0.012204 -0.499044 0.866444
23.865000000 -8.042510 11.639480 1.965898 0.009151 0.012890 -0.498871 0.866532
23.870000000 -8.042835 11.639492 1.965711 0.009321 0.013422 -0.498688 0.866628
23.875000000 -8.043157 11.639497 1.965522 0.009499 0.013804 -0.498495 0.866731
23.880000000 -8.043475 11.639494 1.965332 0.009681 0.014040 -0.498292 0.866842
23.885000000 -8.043790 11.639484 1.965141 0.009867 0.014136 -0.498080 0.866960
23.890000000 -8.044101 11.639466 1.964947 0.010055 0.014101 -0.497858 0.867086
23.895000000 -8.044409 11.639441 1.964752 0.010245 0.013943 -0.497626 0.867219
23.900000000 -8.044713 11.639408 1.964556 0.010434 0.013673 -0.497384 0.867360
23.905000000 -8.045014 11.639367 1.964358 0.010622 0.013302 -0.497132 0.867508
23.910000000 -8.045312 11.639318 1.964159 0.010808 0.012843 -0.496868 0.867664
23.915000000 -8.045607 11.639262 1.963958 0.010991 0.012308 -0.496593 0.867827
23.920000000 -8.045900 11.639198 1.963755 0.011169 0.011710 -0.496306 0.867997
23.925000000 -8.046190 11.639127 1.963552 0.011342 0.011062 -0.496006 0.868174
23.930000000 -8.046479 11.639048 1.963346 0.011509 0.010379 -0.495694 0.868359
23.935000000 -8.046766 11.638961 1.963140 0.011668 0.009672 -0.495369 0.868551
23.940000000 -8.047051 11.638868 1.962932 0.011821 0.008955 -0.495029 0.868750
23.945000000 -8.047336 11.638767 1.962723 0.011965 0.008239 -0.494675 0.868956
23.950000000 -8.047620 11.638659 1.962513 0.012101 0.007537 -0.494307 0.869170
23.955000000 -8.047903 11.638544 1.962301 0.012228 0.006860 -0.493923 0.869392
23.960000000 -8.048187 11.638423 1.962089 0.012347 0.006217 -0.493524 0.869622
23.965000000 -8.048471 11.638294 1.961875 0.012457 0.005619 -0.493109 0.869860
23.970000000 -8.048756 11.638159 1.961660 0.012558 0.005072 -0.492677 0.870107
23.975000000 -8.049041 11.638018 1.961444 0.012651 0.004585 -0.492228 0.870362
23.980000000 -8.049328 11.637870 1.961227 0.012736 0.004163 -0.491762 0.870627
23.985000000 -8.049616 11.637715 1.961009 0.012813 0.003811 -0.491278 0.870900
23.990000000 -8.049905 11.637554 1.960790 0.012884 0.003534 -0.490776 0.871184
23.995000000 -8.050196 11.637387 1.960570 0.012948 0.003333 -0.490255 0.871476
24.000000000 -8.050489 11.637214 1.960349 0.013006 0.003211 -0.489716 0.871779
24.005000000 -8.050783 11.637034 1.960128 0.013060 0.003167 -0.489157 0.872092
24.010000000 -8.051079 11.636848 1.959905 0.013109 0.003202 -0.488579 0.872415
24.015000000 -8.051377 11.636655 1.959681 0.013154 0.003314 -0.487982 0.872748
24.020000000 -8.051677 11.636456 1.959457 0.013196 0.003500 -0.487366 0.873091
24.025000000 -8.051978 11.636251 1.959232 0.013236 0.003756 -0.486730 0.873444
24.030000000 -8.052281 11.636039 1.959006 0.013275 0.004080 -0.486074 0.873808
24.035000000 -8.052585 11.635821 1.958779 0.013312 0.004466 -0.485398 0.874181
24.040000000 -8.052890 11.635595 1.958552 0.013350 0.004909 -0.484702 0.874564
24.045000000 -8.053197 11.635363 1.958323 0.013389 0.005402 -0.483985 0.874957
24.050000000 -8.053504 11.635124 1.958095 0.013429 0.005941 -0.483249 0.875360
24.055000000 -8.053812 11.634877 1.957865 0.013472 0.006519 -0.482492 0.875772
24.060000000 -8.054120 11.634624 1.957635 0.013518 0.007129 -0.481715 0.876194
24.065000000 -8.054429 11.634363 1.957404 0.013567 0.007763 -0.480918 0.876626
24.070000000 -8.054737 11.634094 1.957173 0.013620 0.008416 -0.480102 0.877067
24.075000000 -8.055045 11.633817 1.956940 0.013678 0.009081 -0.479266 0.877516
24.080000000 -8.055352 11.633533 1.956708 0.013741 0.009751 -0.478410 0.877975
24.085000000 -8.055658 11.633240 1.956475 0.013808 0.010420 -0.477535 0.878442
24.090000000 -8.055963 11.632939 1.956241 0.013881 0.011081 -0.476641 0.878918
24.095000000 -8.056267 11.632629 1.956007 0.013960 0.011730 -0.475729 0.879403
24.100000000 -8.056569 11.632310 1.955772 0.014044 0.012360 -0.474798 0.879896
24.105000000 -8.056868 11.631983 1.955537 0.014133 0.012968 -0.473849 0.880397
24.110000000 -8.057165 11.631646 1.955301 0.014229 0.013549 -0.472882 0.880907
24.115000000 -8.057460 11.631301 1.955065 0.014330 0.014099 -0.471897 0.881424
24.120000000 -8.057752 11.630945 1.954829 0.014436 0.014615 -0.470895 0.881950
24.125000000 -8.058041 11.630581 1.954592 0.014548 0.015095 -0.469876 0.882484
24.130000000 -8.058327 11.630206 1.954355 0.014666 0.015536 -0.468840 0.883025
24.135000000 -8.058609 11.629821 1.954117 0.014787 0.015936 -0.467787 0.883574
24.140000000 -8.058888 11.629427 1.953879 0.014914 0.016296 -0.466719 0.884130
24.145000000 -8.059163 11.629022 1.953641 0.015043 0.016613 -0.465634 0.884694
24.150000000 -8.059435 11.628607 1.953402 0.015177 0.016887 -0.464533 0.885265
24.155000000 -8.059703 11.628182 1.953163 0.015312 0.017120 -0.463417 0.885843
24.160000000 -8.059966 11.627745 1.952924 0.015450 0.017310 -0.462286 0.886427
24.165000000 -8.060226 11.627299 1.952685 0.015589 0.017460 -0.461139 0.887019
24.170000000 -8.060481 11.626841 1.952445 0.015729 0.017571 -0.459978 0.887617
24.175000000 -8.060733 11.626373 1.952205 0.015869 0.017644 -0.458802 0.888222
24.180000000 -8.060980 11.625894 1.951965 0.016008 0.017681 -0.457611 0.888833
24.185000000 -8.061223 11.625404 1.951725 0.016146 0.017686 -0.456406 0.889449
24.190000000 -8.061462 11.624903 1.951485 0.016282 0.017660 -0.455188 0.890072
24.195000000 -8.061698 11.624391 1.951244 0.016415 0.017605 -0.453956 0.890699
24.200000000 -8.061928 11.623868 1.951004 0.016544 0.017525 -0.452711 0.891331
24.205000000 -8.062155 11.623333 1.950764 0.016669 0.017424 -0.451454 0.891969
24.210000000 -8.062379 11.622788 1.950523 0.016790 0.017303 -0.450183 0.892611
24.215000000 -8.062598 11.622231 1.950283 0.016905 0.017166 -0.448900 0.893257
24.220000000 -8.062813 11.621663 1.950043 0.017015 0.017016 -0.447605 0.893907
24.225000000 -8.063025 11.621084 1.949802 0.017120 0.016857 -0.446299 0.894561
24.230000000 -8.063233 11.620494 1.949562 0.017218 0.016691 -0.444981 0.895219
24.235000000 -8.063437 11.619892 1.949322 0.017310 0.016522 -0.443651 0.895880
24.240000000 -8.063638 11.619280 1.949082 0.017396 0.016352 -0.442310 0.896544
24.245000000 -8.063835 11.618656 1.948843 0.017476 0.016184 -0.440959 0.897211
24.250000000 -8.064029 11.618021 1.948604 0.017550 0.016019 -0.439597 0.897881
24.255000000 -8.064220 11.617374 1.948365 0.017617 0.015861 -0.438224 0.898553
24.260000000 -8.064408 11.616717 1.948126 0.017679 0.015712 -0.436842 0.899227
24.265000000 -8.064592 11.616048 1.947888 0.017735 0.015573 -0.435450 0.899904
24.270000000 -8.064774 11.615368 1.947650 0.017785 0.015446 -0.434048 0.900582
24.275000000 -8.064952 11.614677 1.947412 0.017831 0.015332 -0.432637 0.901261
24.280000000 -8.065127 11.613975 1.947175 0.017872 0.015232 -0.431217 0.901943
24.285000000 -8.065300 11.613262 1.946938 0.017909 0.015148 -0.429788 0.902625
24.290000000 -8.065469 11.612537 1.946702 0.017943 0.015079 -0.428350 0.903309
24.295000000 -8.065636 11.611802 1.946466 0.017973 0.015026 -0.426905 0.903993
24.300000000 -8.065799 11.611055 1.946231 0.018001 0.014989 -0.425451 0.904678
24.305000000 -8.065960 11.610297 1.945997 0.018026 0.014967 -0.423990 0.905364
24.310000000 -8.066117 11.609528 1.945763 0.018050 0.014961 -0.422522 0.906049
24.315000000 -8.066272 11.608748 1.945530 0.018072 0.014970 -0.421047 0.906735
24.320000000 -8.066424 11.607956 1.945297 0.018095 0.014994 -0.419565 0.907421
24.325000000 -8.066573 11.607154 1.945065 0.018118 0.015030 -0.418076 0.908107
24.330000000 -8.066719 11.606340 1.944834 0.018141 0.015079 -0.416581 0.908792
24.335000000 -8.066862 11.605515 1.944604 0.018166 0.015139 -0.415080 0.909477
24.340000000 -8.067002 11.604679 1.944374 0.018193 0.015209 -0.413574 0.910162
24.345000000 -8.067138 11.603832 1.944145 0.018222 0.015288 -0.412062 0.910845
24.350000000 -8.067272 11.602973 1.943917 0.018253 0.015374 -0.410546 0.911528
24.355000000 -8.067402 11.602103 1.943690 0.018288 0.015466 -0.409024 0.912209
24.360000000 -8.067529 11.601222 1.943463 0.018326 0.015562 -0.407498 0.912889
24.365000000 -8.067653 11.600329 1.943238 0.018367 0.015662 -0.405968 0.913568
24.370000000 -8.067773 11.599425 1.943013 0.018412 0.015763 -0.404434 0.914246
24.375000000 -8.067890 11.598510 1.942790 0.018461 0.015864 -0.402897 0.914922
24.380000000 -8.068004 11.597583 1.942567 0.018515 0.015964 -0.401356 0.915596
24.385000000 -8.068114 11.596645 1.942346 0.018573 0.016062 -0.399812 0.916268
24.390000000 -8.068220 11.595695 1.942125 0.018635 0.016157 -0.398265 0.916939
24.395000000 -8.068322 11.594733 1.941906 0.018701 0.016248 -0.396715 0.917608
24.400000000 -8.068421 11.593760 1.941687 0.018773 0.016333 -0.395162 0.918274
24.405000000 -8.068517 11.592775 1.941470 0.018848 0.016412 -0.393608 0.918939
24.410000000 -8.068608 11.591779 1.941254 0.018928 0.016485 -0.392051 0.919601
24.415000000 -8.068696 11.590771 1.941038 0.019011 0.016549 -0.390492 0.920261
24.420000000 -8.068779 11.589751 1.940825 0.019099 0.016606 -0.388931 0.920919
24.425000000 -8.068859 11.588719 1.940612 0.019189 0.016654 -0.387369 0.921575
24.430000000 -8.068935 11.587675 1.940400 0.019282 0.016694 -0.385806 0.922227
24.435000000 -8.069007 11.586619 1.940190 0.019378 0.016724 -0.384241 0.922878
24.440000000 -8.069075 11.585552 1.939981 0.019476 0.016746 -0.382676 0.923525
24.445000000 -8.069139 11.584472 1.939773 0.019576 0.016758 -0.381110 0.924170
24.450000000 -8.069199 11.583380 1.939567 0.019677 0.016762 -0.379544 0.924812
24.455000000 -8.069256 11.582276 1.939361 0.019780 0.016757 -0.377978 0.925452
24.460000000 -8.069308 11.581160 1.939157 0.019883 0.016745 -0.376412 0.926087
24.465000000 -8.069356 11.580032 1.938955 0.019986 0.016724 -0.374848 0.926720
24.470000000 -8.069400 11.578892 1.938754 0.020089 0.016696 -0.373284 0.927349
24.475000000 -8.069441 11.577739 1.938554 0.020192 0.016661 -0.371721 0.927975
24.480000000 -8.069477 11.576574 1.938356 0.020293 0.016620 -0.370160 0.928598
24.485000000 -8.069510 11.575397 1.938159 0.020394 0.016574 -0.368600 0.929217
24.490000000 -8.069538 11.574207 1.937964 0.020494 0.016523 -0.367042 0.929832
24.495000000 -8.069563 11.573005 1.937770 0.020592 0.016468 -0.365485 0.930444
24.500000000 -8.069584 11.571791 1.937578 0.020689 0.016410 -0.363931 0.931052
24.505000000 -8.069601 11.570564 1.937387 0.020785 0.016350 -0.362378 0.931656
24.510000000 -8.069614 11.569325 1.937198 0.020878 0.016289 -0.360828 0.932256
24.515000000 -8.069624 11.568073 1.937010 0.020970 0.016226 -0.359281 0.932853
24.520000000 -8.069629 11.566809 1.936824 0.021061 0.016164 -0.357736 0.933445
24.525000000 -8.069631 11.565532 1.936640 0.021149 0.016101 -0.356194 0.934034
24.530000000 -8.069629 11.564243 1.936457 0.021236 0.016041 -0.354656 0.934618
24.535000000 -8.069624 11.562941 1.936276 0.021321 0.015981 -0.353121 0.935198
24.540000000 -8.069615 11.561626 1.936097 0.021404 0.015924 -0.351590 0.935774
24.545000000 -8.069602 11.560299 1.935920 0.021484 0.015870 -0.350063 0.936345
24.550000000 -8.069586 11.558959 1.935744 0.021563 0.015818 -0.348540 0.936912
24.555000000 -8.069566 11.557606 1.935570 0.021639 0.015769 -0.347022 0.937475
24.560000000 -8.069542 11.556241 1.935398 0.021713 0.015724 -0.345509 0.938032
24.565000000 -8.069515 11.554863 1.935227 0.021785 0.015683 -0.344001 0.938585
24.570000000 -8.069484 11.553472 1.935059 0.021856 0.015644 -0.342498 0.939134
24.575000000 -8.069450 11.552068 1.934892 0.021924 0.015609 -0.341001 0.939678
24.580000000 -8.069412 11.550652 1.934727 0.021990 0.015577 -0.339509 0.940217
24.585000000 -8.069371 11.549223 1.934564 0.022053 0.015546 -0.338023 0.940751
24.590000000 -8.069326 11.547781 1.934403 0.022114 0.015516 -0.336543 0.941280
24.595000000 -8.069277 11.546326 1.934243 0.022172 0.015487 -0.335069 0.941805
24.600000000 -8.069225 11.544858 1.934085 0.022227 0.015457 -0.333602 0.942325
24.605000000 -8.069169 11.543378 1.933929 0.022278 0.015425 -0.332141 0.942840
24.610000000 -8.069110 11.541884 1.933775 0.022325 0.015390 -0.330688 0.943351
24.615000000 -8.069048 11.540378 1.933622 0.022368 0.015351 -0.329241 0.943856
24.620000000 -8.068981 11.538859 1.933471 0.022407 0.015307 -0.327801 0.944357
24.625000000 -8.068912 11.537327 1.933322 0.022440 0.015257 -0.326369 0.944853
24.630000000 -8.068839 11.535782 1.933174 0.022469 0.015200 -0.324944 0.945344
24.635000000 -8.068762 11.534224 1.933028 0.022492 0.015135 -0.323527 0.945831
24.640000000 -8.068682 11.532653 1.932883 0.022509 0.015061 -0.322117 0.946313
24.645000000 -8.068598 11.531070 1.932740 0.022521 0.014977 -0.320714 0.946790
24.650000000 -8.068511 11.529473 1.932598 0.022528 0.014884 -0.319320 0.947262
24.655000000 -8.068421 11.527864 1.932458 0.022528 0.014779 -0.317933 0.947730
24.660000000 -8.068327 11.526242 1.932319 0.022522 0.014664 -0.316554 0.948194
24.665000000 -8.068230 11.524607 1.932181 0.022510 0.014537 -0.315184 0.948652
24.670000000 -8.068129 11.522959 1.932044 0.022492 0.014399 -0.313822 0.949106
24.675000000 -8.068025 11.521299 1.931909 0.022468 0.014249 -0.312468 0.949556
24.680000000 -8.067918 11.519626 1.931775 0.022438 0.014088 -0.311123 0.950000
24.685000000 -8.067808 11.517941 1.931642 0.022403 0.013915 -0.309787 0.950440
24.690000000 -8.067695 11.516242 1.931510 0.022361 0.013732 -0.308459 0.950876
24.695000000 -8.067579 11.514532 1.931379 0.022315 0.013538 -0.307140 0.951306
24.700000000 -8.067460 11.512809 1.931250 0.022263 0.013334 -0.305830 0.951732
24.705000000 -8.067338 11.511073 1.931121 0.022206 0.013121 -0.304530 0.952153
24.710000000 -8.067213 11.509325 1.930993 0.022146 0.012900 -0.303239 0.952570
24.715000000 -8.067085 11.507565 1.930866 0.022081 0.012671 -0.301957 0.952981
24.720000000 -8.066955 11.505793 1.930740 0.022013 0.012435 -0.300685 0.953388
24.725000000 -8.066822 11.504008 1.930615 0.021941 0.012193 -0.299423 0.953790
24.730000000 -8.066686 11.502212 1.930490 0.021866 0.011946 -0.298171 0.954187
24.735000000 -8.066549 11.500403 1.930366 0.021789 0.011695 -0.296929 0.954579
24.740000000 -8.066409 11.498583 1.930243 0.021710 0.011441 -0.295696 0.954967
24.745000000 -8.066266 11.496751 1.930121 0.021630 0.011185 -0.294474 0.955349
24.750000000 -8.066122 11.494907 1.929999 0.021548 0.010927 -0.293261 0.955727
24.755000000 -8.065975 11.493052 1.929878 0.021466 0.010669 -0.292058 0.956100
24.760000000 -8.065827 11.491185 1.929757 0.021384 0.010411 -0.290866 0.956468
24.765000000 -8.065677 11.489306 1.929637 0.021302 0.010155 -0.289683 0.956832
24.770000000 -8.065525 11.487416 1.929518 0.021220 0.009900 -0.288511 0.957190
24.775000000 -8.065371 11.485515 1.929398 0.021140 0.009648 -0.287349 0.957544
24.780000000 -8.065216 11.483602 1.929280 0.021060 0.009400 -0.286197 0.957893
24.785000000 -8.065060 11.481679 1.929161 0.020983 0.009156 -0.285055 0.958238
24.790000000 -8.064902 11.479744 1.929043 0.020907 0.008916 -0.283923 0.958578
24.795000000 -8.064742 11.477798 1.928925 0.020833 0.008681 -0.282802 0.958913
24.800000000 -8.064582 11.475842 1.928807 0.020761 0.008452 -0.281691 0.959243
24.805000000 -8.064420 11.473874 1.928690 0.020693 0.008228 -0.280590 0.959569
24.810000000 -8.064258 11.471896 1.928572 0.020628 0.008011 -0.279499 0.959891
24.815000000 -8.064094 11.469907 1.928455 0.020566 0.007799 -0.278419 0.960208
24.820000000 -8.063930 11.467907 1.928338 0.020506 0.007594 -0.277350 0.960520
24.825000000 -8.063765 11.465896 1.928221 0.020449 0.007395 -0.276291 0.960828
24.830000000 -8.063599 11.463876 1.928104 0.020395 0.007202 -0.275243 0.961131
24.835000000 -8.063433 11.461844 1.927986 0.020345 0.007014 -0.274205 0.961430
24.840000000 -8.063266 11.459802 1.927869 0.020297 0.006833 -0.273178 0.961725
24.845000000 -8.063098 11.457750 1.927752 0.020253 0.006657 -0.272162 0.962015
24.850000000 -8.062930 11.455687 1.927634 0.020211 0.006487 -0.271157 0.962301
24.855000000 -8.062762 11.453614 1.927516 0.020173 0.006322 -0.270162 0.962583
24.860000000 -8.062593 11.451531 1.927398 0.020137 0.006161 -0.269178 0.962860
24.865000000 -8.062424 11.449438 1.927280 0.020102 0.006004 -0.268205 0.963133
24.870000000 -8.062255 11.447334 1.927161 0.020070 0.005851 -0.267243 0.963402
24.875000000 -8.062086 11.445220 1.927042 0.020038 0.005700 -0.266292 0.963667
24.880000000 -8.061917 11.443096 1.926922 0.020008 0.005553 -0.265353 0.963928
24.885000000 -8.061748 11.440962 1.926802 0.019978 0.005407 -0.264424 0.964184
24.890000000 -8.061578 11.438818 1.926682 0.019949 0.005264 -0.263506 0.964437
24.895000000 -8.061409 11.436664 1.926561 0.019920 0.005121 -0.262600 0.964686
24.900000000 -8.061240 11.434500 1.926439 0.019891 0.004979 -0.261704 0.964930
24.905000000 -8.061071 11.432326 1.926317 0.019862 0.004838 -0.260819 0.965171
24.910000000 -8.060903 11.430142 1.926194 0.019833 0.004696 -0.259945 0.965408
24.915000000 -8.060735 11.427949 1.926071 0.019804 0.004555 -0.259082 0.965642
24.920000000 -8.060567 11.425745 1.925946 0.019775 0.004412 -0.258229 0.965871
24.925000000 -8.060399 11.423532 1.925821 0.019746 0.004269 -0.257387 0.966097
24.930000000 -8.060233 11.421309 1.925696 0.019717 0.004124 -0.256556 0.966320
24.935000000 -8.060066 11.419076 1.925569 0.019688 0.003978 -0.255735 0.966538
24.940000000 -8.059900 11.416833 1.925441 0.019658 0.003831 -0.254924 0.966754
24.945000000 -8.059735 11.414581 1.925313 0.019628 0.003681 -0.254124 0.966965
24.950000000 -8.059571 11.412319 1.925183 0.019596 0.003530 -0.253335 0.967174
24.955000000 -8.059407 11.410048 1.925053 0.019564 0.003377 -0.252555 0.967379
24.960000000 -8.059244 11.407767 1.924921 0.019531 0.003221 -0.251787 0.967580
24.965000000 -8.059082 11.405477 1.924788 0.019496 0.003064 -0.251028 0.967779
24.970000000 -8.058921 11.403177 1.924654 0.019461 0.002904 -0.250279 0.967974
24.975000000 -8.058761 11.400867 1.924519 0.019424 0.002742 -0.249541 0.968165
24.980000000 -8.058602 11.398549 1.924383 0.019386 0.002578 -0.248813 0.968354
24.985000000 -8.058444 11.396220 1.924246 0.019348 0.002413 -0.248095 0.968540
24.990000000 -8.058288 11.393883 1.924107 0.019309 0.002245 -0.247386 0.968722
24.995000000 -8.058132 11.391536 1.923967 0.019270 0.002077 -0.246688 0.968901
25.000000000 -8.057979 11.389180 1.923825 0.019231 0.001907 -0.246000 0.969077
25.005000000 -8.057826 11.386815 1.923682 0.019191 0.001737 -0.245321 0.969250
25.010000000 -8.057675 11.384441 1.923538 0.019151 0.001567 -0.244653 0.969420
25.015000000 -8.057525 11.382057 1.923392 0.019112 0.001397 -0.243994 0.969587
25.020000000 -8.057378 11.379665 1.923245 0.019071 0.001229 -0.243345 0.969752
25.025000000 -8.057231 11.377263 1.923096 0.019030 0.001063 -0.242705 0.969913
25.030000000 -8.057087 11.374852 1.922945 0.018988 0.000900 -0.242075 0.970071
25.035000000 -8.056944 11.372433 1.922793 0.018946 0.000741 -0.241455 0.970227
25.040000000 -8.056804 11.370004 1.922640 0.018902 0.000586 -0.240843 0.970380
25.045000000 -8.056665 11.367567 1.922484 0.018857 0.000438 -0.240242 0.970530
25.050000000 -8.056528 11.365121 1.922327 0.018810 0.000295 -0.239649 0.970677
25.055000000 -8.056393 11.362666 1.922169 0.018761 0.000160 -0.239066 0.970822
25.060000000 -8.056261 11.360202 1.922008 0.018709 0.000033 -0.238492 0.970964
25.065000000 -8.056130 11.357729 1.921846 0.018656 -0.000085 -0.237927 0.971104
25.070000000 -8.056002 11.355248 1.921682 0.018599 -0.000195 -0.237370 0.971241
25.075000000 -8.055876 11.352758 1.921516 0.018540 -0.000294 -0.236823 0.971376
25.080000000 -8.055752 11.350260 1.921348 0.018478 -0.000383 -0.236285 0.971508
25.085000000 -8.055631 11.347753 1.921179 0.018414 -0.000462 -0.235755 0.971638
25.090000000 -8.055512 11.345237 1.921007 0.018346 -0.000530 -0.235233 0.971766
25.095000000 -8.055395 11.342713 1.920834 0.018277 -0.000588 -0.234720 0.971891
25.100000000 -8.055281 11.340181 1.920658 0.018205 -0.000634 -0.234215 0.972014
25.105000000 -8.055169 11.337640 1.920481 0.018131 -0.000670 -0.233718 0.972135
25.110000000 -8.055060 11.335091 1.920302 0.018056 -0.000695 -0.233229 0.972254
25.115000000 -8.054953 11.332533 1.920121 0.017978 -0.000710 -0.232748 0.972371
25.120000000 -8.054848 11.329968 1.919937 0.017898 -0.000716 -0.232274 0.972485
25.125000000 -8.054745 11.327393 1.919752 0.017816 -0.000712 -0.231809 0.972598
25.130000000 -8.054645 11.324811 1.919564 0.017731 -0.000699 -0.231351 0.972709
25.135000000 -8.054548 11.322221 1.919375 0.017643 -0.000679 -0.230901 0.972817
25.140000000 -8.054452 11.319622 1.919183 0.017554 -0.000651 -0.230458 0.972924
25.145000000 -8.054359 11.317015 1.918989 0.017461 -0.000617 -0.230022 0.973029
25.150000000 -8.054268 11.314401 1.918793 0.017366 -0.000577 -0.229594 0.973131
25.155000000 -8.054180 11.311778 1.918595 0.017270 -0.000532 -0.229172 0.973232
25.160000000 -8.054093 11.309147 1.918395 0.017172 -0.000482 -0.228758 0.973332
25.165000000 -8.054009 11.306509 1.918192 0.017073 -0.000429 -0.228351 0.973429
25.170000000 -8.053927 11.303862 1.917988 0.016973 -0.000373 -0.227950 0.973525
25.175000000 -8.053846 11.301208 1.917780 0.016873 -0.000315 -0.227556 0.973619
25.180000000 -8.053768 11.298546 1.917571 0.016774 -0.000256 -0.227169 0.973711
25.185000000 -8.053692 11.295876 1.917359 0.016676 -0.000196 -0.226788 0.973801
25.190000000 -8.053618 11.293198 1.917145 0.016579 -0.000136 -0.226413 0.973890
25.195000000 -8.053545 11.290513 1.916929 0.016483 -0.000076 -0.226044 0.973978
25.200000000 -8.053475 11.287820 1.916710 0.016388 -0.000017 -0.225682 0.974063
25.205000000 -8.053406 11.285120 1.916488 0.016296 0.000040 -0.225325 0.974147
25.210000000 -8.053339 11.282412 1.916265 0.016205 0.000094 -0.224974 0.974230
25.215000000 -8.053274 11.279696 1.916039 0.016117 0.000146 -0.224628 0.974311
25.220000000 -8.053211 11.276973 1.915810 0.016030 0.000195 -0.224288 0.974391
25.225000000 -8.053149 11.274242 1.915579 0.015946 0.000241 -0.223953 0.974469
25.230000000 -8.053089 11.271504 1.915345 0.015864 0.000284 -0.223624 0.974546
25.235000000 -8.053030 11.268759 1.915109 0.015784 0.000322 -0.223299 0.974622
25.240000000 -8.052973 11.266007 1.914870 0.015706 0.000357 -0.222979 0.974697
25.245000000 -8.052918 11.263247 1.914629 0.015629 0.000387 -0.222665 0.974770
25.250000000 -8.052864 11.260479 1.914385 0.015553 0.000414 -0.222355 0.974842
25.255000000 -8.052811 11.257705 1.914138 0.015479 0.000436 -0.222049 0.974912
25.260000000 -8.052760 11.254923 1.913889 0.015406 0.000454 -0.221748 0.974982
25.265000000 -8.052710 11.252134 1.913637 0.015334 0.000469 -0.221451 0.975051
25.270000000 -8.052662 11.249338 1.913382 0.015263 0.000480 -0.221159 0.975118
25.275000000 -8.052615 11.246535 1.913125 0.015193 0.000487 -0.220870 0.975185
25.280000000 -8.052570 11.243725 1.912864 0.015124 0.000491 -0.220585 0.975250
25.285000000 -8.052526 11.240908 1.912602 0.015057 0.000493 -0.220304 0.975315
25.290000000 -8.052484 11.238084 1.912336 0.014992 0.000492 -0.220026 0.975379
25.295000000 -8.052442 11.235253 1.912067 0.014927 0.000489 -0.219752 0.975441
25.300000000 -8.052402 11.232415 1.911796 0.014864 0.000484 -0.219482 0.975503
25.305000000 -8.052364 11.229570 1.911522 0.014803 0.000478 -0.219214 0.975564
25.310000000 -8.052327 11.226718 1.911245 0.014742 0.000470 -0.218950 0.975625
25.315000000 -8.052291 11.223859 1.910965 0.014682 0.000462 -0.218688 0.975684
25.320000000 -8.052257 11.220993 1.910682 0.014622 0.000453 -0.218429 0.975743
25.325000000 -8.052223 11.218121 1.910396 0.014563 0.000444 -0.218174 0.975801
25.330000000 -8.052192 11.215242 1.910107 0.014504 0.000435 -0.217920 0.975859
25.335000000 -8.052161 11.212356 1.909815 0.014445 0.000427 -0.217669 0.975916
25.340000000 -8.052132 11.209464 1.909520 0.014386 0.000419 -0.217421 0.975972
25.345000000 -8.052104 11.206565 1.909222 0.014327 0.000412 -0.217174 0.976028
25.350000000 -8.052078 11.203659 1.908921 0.014267 0.000406 -0.216930 0.976083
25.355000000 -8.052052 11.200746 1.908617 0.014206 0.000401 -0.216687 0.976138
25.360000000 -8.052028 11.197827 1.908310 0.014146 0.000398 -0.216447 0.976192
25.365000000 -8.052006 11.194902 1.908000 0.014085 0.000397 -0.216207 0.976246
25.370000000 -8.051985 11.191970 1.907686 0.014023 0.000397 -0.215970 0.976299
25.375000000 -8.051965 11.189031 1.907369 0.013960 0.000399 -0.215733 0.976352
25.380000000 -8.051946 11.186086 1.907050 0.013896 0.000403 -0.215498 0.976405
25.385000000 -8.051928 11.183135 1.906727 0.013831 0.000408 -0.215264 0.976458
25.390000000 -8.051912 11.180177 1.906400 0.013765 0.000415 -0.215031 0.976510
25.395000000 -8.051897 11.177213 1.906071 0.013698 0.000425 -0.214798 0.976562
25.400000000 -8.051883 11.174243 1.905738 0.013629 0.000435 -0.214567 0.976614
25.405000000 -8.051871 11.171266 1.905402 0.013560 0.000448 -0.214336 0.976666
25.410000000 -8.051859 11.168283 1.905062 0.013490 0.000462 -0.214105 0.976717
25.415000000 -8.051849 11.165294 1.904720 0.013421 0.000477 -0.213875 0.976769
25.420000000 -8.051840 11.162298 1.904373 0.013351 0.000495 -0.213645 0.976820
25.425000000 -8.051832 11.159296 1.904024 0.013282 0.000513 -0.213415 0.976871
25.430000000 -8.051825 11.156289 1.903671 0.013213 0.000533 -0.213184 0.976923
25.435000000 -8.051820 11.153275 1.903314 0.013145 0.000554 -0.212954 0.976974
25.440000000 -8.051815 11.150255 1.902954 0.013077 0.000575 -0.212723 0.977025
25.445000000 -8.051812 11.147229 1.902591 0.013011 0.000598 -0.212492 0.977076
25.450000000 -8.051809 11.144197 1.902224 0.012946 0.000621 -0.212260 0.977127
25.455000000 -8.051808 11.141159 1.901854 0.012882 0.000644 -0.212028 0.977178
25.460000000 -8.051807 11.138115 1.901480 0.012820 0.000668 -0.211795 0.977230
25.465000000 -8.051808 11.135065 1.901103 0.012761 0.000692 -0.211561 0.977281
25.470000000 -8.051810 11.132009 1.900723 0.012704 0.000715 -0.211326 0.977333
25.475000000 -8.051812 11.128948 1.900339 0.012651 0.000739 -0.211091 0.977384
25.480000000 -8.051816 11.125880 1.899952 0.012601 0.000762 -0.210854 0.977436
25.485000000 -8.051820 11.122807 1.899562 0.012555 0.000785 -0.210616 0.977488
25.490000000 -8.051825 11.119728 1.899169 0.012514 0.000808 -0.210376 0.977540
25.495000000 -8.051832 11.116643 1.898772 0.012478 0.000830 -0.210135 0.977592
25.500000000 -8.051839 11.113552 1.898373 0.012448 0.000851 -0.209893 0.977645
25.505000000 -8.051847 11.110456 1.897971 0.012425 0.000873 -0.209649 0.977697
25.510000000 -8.051855 11.107353 1.897565 0.012408 0.000893 -0.209403 0.977750
25.515000000 -8.051865 11.104245 1.897157 0.012398 0.000913 -0.209156 0.977803
25.520000000 -8.051876 11.101132 1.896746 0.012395 0.000933 -0.208906 0.977857
25.525000000 -8.051887 11.098012 1.896332 0.012400 0.000951 -0.208655 0.977910
25.530000000 -8.051899 11.094887 1.895916 0.012412 0.000970 -0.208401 0.977964
25.535000000 -8.051912 11.091756 1.895497 0.012429 0.000990 -0.208146 0.978018
25.540000000 -8.051925 11.088619 1.895074 0.012439 0.001035 -0.207888 0.978073
25.545000000 -8.051940 11.085476 1.894646 0.012424 0.001130 -0.207628 0.978128
25.550000000 -8.051955 11.082328 1.894213 0.012371 0.001298 -0.207365 0.978185
25.555000000 -8.051971 11.079174 1.893774 0.012267 0.001556 -0.207100 0.978242
25.560000000 -8.051987 11.076014 1.893327 0.012104 0.001917 -0.206833 0.978300
25.565000000 -8.052003 11.072849 1.892873 0.011875 0.002389 -0.206563 0.978358
25.570000000 -8.052020 11.069678 1.892411 0.011575 0.002978 -0.206290 0.978418
25.575000000 -8.052036 11.066502 1.891940 0.011202 0.003685 -0.206015 0.978478
25.580000000 -8.052052 11.063321 1.891461 0.010757 0.004508 -0.205737 0.978538
25.585000000 -8.052067 11.060134 1.890973 0.010241 0.005442 -0.205456 0.978598
25.590000000 -8.052080 11.056942 1.890475 0.009657 0.006480 -0.205172 0.978657
25.595000000 -8.052091 11.053745 1.889968 0.009011 0.007611 -0.204884 0.978715
25.600000000 -8.052099 11.050544 1.889452 0.008309 0.008825 -0.204593 0.978772
25.605000000 -8.052104 11.047338 1.888927 0.007558 0.010108 -0.204299 0.978827
25.610000000 -8.052105 11.044128 1.888391 0.006767 0.011446 -0.204002 0.978880
25.615000000 -8.052102 11.040914 1.887847 0.005944 0.012822 -0.203701 0.978931
25.620000000 -8.052093 11.037697 1.887293 0.005098 0.014222 -0.203397 0.978980
25.625000000 -8.052078 11.034475 1.886730 0.004240 0.015629 -0.203090 0.979026
25.630000000 -8.052057 11.031251 1.886157 0.003378 0.017025 -0.202779 0.979071
25.635000000 -8.052027 11.028024 1.885575 0.002523 0.018396 -0.202466 0.979113
25.640000000 -8.051990 11.024793 1.884984 0.001684 0.019725 -0.202149 0.979155
25.645000000 -8.051943 11.021561 1.884384 0.000870 0.020998 -0.201829 0.979195
25.650000000 -8.051887 11.018326 1.883775 0.000090 0.022199 -0.201507 0.979236
25.655000000 -8.051821 11.015089 1.883157 -0.000648 0.023318 -0.201181 0.979276
25.660000000 -8.051744 11.011851 1.882531 -0.001337 0.024340 -0.200854 0.979318
25.665000000 -8.051655 11.008611 1.881896 -0.001970 0.025257 -0.200524 0.979361
25.670000000 -8.051554 11.005370 1.881252 -0.002541 0.026059 -0.200192 0.979407
25.675000000 -8.051442 11.002128 1.880600 -0.003046 0.026739 -0.199857 0.979455
25.680000000 -8.051316 10.998885 1.879940 -0.003480 0.027291 -0.199521 0.979507
25.685000000 -8.051177 10.995641 1.879272 -0.003841 0.027712 -0.199183 0.979563
25.690000000 -8.051025 10.992397 1.878596 -0.004125 0.027998 -0.198843 0.979623
25.695000000 -8.050860 10.989152 1.877912 -0.004332 0.028150 -0.198501 0.979687
25.700000000 -8.050681 10.985907 1.877220 -0.004462 0.028168 -0.198157 0.979755
25.705000000 -8.050489 10.982661 1.876521 -0.004514 0.028053 -0.197812 0.979828
25.710000000 -8.050283 10.979415 1.875815 -0.004491 0.027810 -0.197464 0.979905
25.715000000 -8.050064 10.976169 1.875102 -0.004395 0.027443 -0.197115 0.979986
25.720000000 -8.049831 10.972923 1.874381 -0.004229 0.026959 -0.196763 0.980071
25.725000000 -8.049586 10.969676 1.873654 -0.003996 0.026364 -0.196410 0.980159
25.730000000 -8.049328 10.966429 1.872921 -0.003702 0.025666 -0.196054 0.980250
25.735000000 -8.049057 10.963181 1.872181 -0.003352 0.024874 -0.195696 0.980343
25.740000000 -8.048775 10.959933 1.871434 -0.002951 0.023997 -0.195336 0.980438
25.745000000 -8.048481 10.956684 1.870682 -0.002505 0.023046 -0.194973 0.980535
25.750000000 -8.048176 10.953435 1.869924 -0.002020 0.022031 -0.194608 0.980631
25.755000000 -8.047860 10.950184 1.869160 -0.001503 0.020963 -0.194241 0.980729
25.760000000 -8.047535 10.946933 1.868390 -0.000961 0.019851 -0.193871 0.980826
25.765000000 -8.047200 10.943680 1.867616 -0.000398 0.018708 -0.193499 0.980922
25.770000000 -8.046856 10.940426 1.866836 0.000178 0.017544 -0.193124 0.981017
25.775000000 -8.046504 10.937171 1.866051 0.000761 0.016369 -0.192747 0.981112
25.780000000 -8.046144 10.933914 1.865262 0.001345 0.015193 -0.192367 0.981204
25.785000000 -8.045778 10.930655 1.864468 0.001925 0.014025 -0.191985 0.981296
25.790000000 -8.045404 10.927394 1.863670 0.002495 0.012875 -0.191601 0.981385
25.795000000 -8.045026 10.924132 1.862867 0.003051 0.011751 -0.191215 0.981473
25.800000000 -8.044641 10.920866 1.862061 0.003586 0.010659 -0.190827 0.981559
25.805000000 -8.044252 10.917599 1.861250 0.004099 0.009608 -0.190437 0.981644
25.810000000 -8.043859 10.914329 1.860436 0.004583 0.008602 -0.190046 0.981727
25.815000000 -8.043463 10.911056 1.859619 0.005037 0.007648 -0.189653 0.981808
25.820000000 -8.043063 10.907780 1.858798 0.005458 0.006749 -0.189260 0.981889
25.825000000 -8.042660 10.904501 1.857974 0.005842 0.005908 -0.188866 0.981968
25.830000000 -8.042256 10.901219 1.857147 0.006189 0.005128 -0.188471 0.982046
25.835000000 -8.041849 10.897934 1.856317 0.006497 0.004410 -0.188076 0.982123
25.840000000 -8.041441 10.894646 1.855484 0.006767 0.003755 -0.187680 0.982200
25.845000000 -8.041032 10.891354 1.854649 0.006997 0.003163 -0.187285 0.982276
25.850000000 -8.040622 10.888059 1.853811 0.007189 0.002633 -0.186890 0.982351
25.855000000 -8.040211 10.884761 1.852971 0.007346 0.002164 -0.186495 0.982426
25.860000000 -8.039800 10.881459 1.852129 0.007466 0.001754 -0.186101 0.982501
25.865000000 -8.039389 10.878154 1.851285 0.007554 0.001399 -0.185708 0.982575
25.870000000 -8.038978 10.874845 1.850439 0.007610 0.001096 -0.185316 0.982649
25.875000000 -8.038567 10.871533 1.849592 0.007638 0.000841 -0.184925 0.982723
25.880000000 -8.038156 10.868217 1.848743 0.007639 0.000631 -0.184535 0.982796
25.885000000 -8.037746 10.864898 1.847892 0.007617 0.000461 -0.184146 0.982869
25.890000000 -8.037337 10.861575 1.847040 0.007575 0.000326 -0.183760 0.982942
25.895000000 -8.036927 10.858249 1.846187 0.007516 0.000220 -0.183375 0.983014
25.900000000 -8.036519 10.854919 1.845333 0.007443 0.000140 -0.182991 0.983086
25.905000000 -8.036111 10.851587 1.844478 0.007359 0.000080 -0.182610 0.983158
25.910000000 -8.035704 10.848250 1.843622 0.007268 0.000035 -0.182231 0.983229
25.915000000 -8.035297 10.844911 1.842765 0.007173 -0.000001 -0.181853 0.983299
25.920000000 -8.034891 10.841569 1.841908 0.007075 -0.000032 -0.181478 0.983370
25.925000000 -8.034486 10.838223 1.841050 0.006979 -0.000062 -0.181105 0.983439
25.930000000 -8.034081 10.834874 1.840193 0.006885 -0.000096 -0.180735 0.983508
25.935000000 -8.033678 10.831522 1.839335 0.006798 -0.000138 -0.180366 0.983576
25.940000000 -8.033274 10.828167 1.838477 0.006719 -0.000192 -0.180000 0.983644
25.945000000 -8.032872 10.824809 1.837619 0.006651 -0.000259 -0.179637 0.983711
25.950000000 -8.032470 10.821449 1.836761 0.006595 -0.000344 -0.179275 0.983777
25.955000000 -8.032069 10.818085 1.835903 0.006552 -0.000447 -0.178917 0.983842
25.960000000 -8.031669 10.814718 1.835046 0.006525 -0.000570 -0.178560 0.983907
25.965000000 -8.031270 10.811349 1.834190 0.006515 -0.000715 -0.178207 0.983971
25.970000000 -8.030872 10.807977 1.833334 0.006521 -0.000882 -0.177855 0.984035
25.975000000 -8.030474 10.804601 1.832479 0.006545 -0.001071 -0.177506 0.984097
25.980000000 -8.030078 10.801224 1.831624 0.006587 -0.001282 -0.177160 0.984159
25.985000000 -8.029683 10.797843 1.830771 0.006647 -0.001514 -0.176816 0.984220
25.990000000 -8.029290 10.794459 1.829918 0.006725 -0.001767 -0.176474 0.984281
25.995000000 -8.028898 10.791073 1.829067 0.006820 -0.002038 -0.176134 0.984340
26.000000000 -8.028507 10.787684 1.828217 0.006930 -0.002328 -0.175797 0.984399
26.005000000 -8.028118 10.784291 1.827369 0.007056 -0.002634 -0.175462 0.984457
26.010000000 -8.027732 10.780896 1.826522 0.007195 -0.002953 -0.175128 0.984515
26.015000000 -8.027347 10.777498 1.825676 0.007348 -0.003285 -0.174797 0.984572
26.020000000 -8.026965 10.774097 1.824833 0.007510 -0.003627 -0.174468 0.984628
26.025000000 -8.026585 10.770693 1.823991 0.007683 -0.003976 -0.174140 0.984683
26.030000000 -8.026207 10.767285 1.823150 0.007862 -0.004330 -0.173814 0.984738
26.035000000 -8.025833 10.763875 1.822312 0.008048 -0.004688 -0.173489 0.984792
26.040000000 -8.025461 10.760461 1.821476 0.008238 -0.005046 -0.173166 0.984845
26.045000000 -8.025093 10.757044 1.820642 0.008431 -0.005402 -0.172844 0.984898
26.050000000 -8.024728 10.753623 1.819811 0.008625 -0.005753 -0.172522 0.984951
26.055000000 -8.024366 10.750199 1.818981 0.008819 -0.006099 -0.172202 0.985003
26.060000000 -8.024009 10.746772 1.818154 0.009012 -0.006436 -0.171883 0.985055
26.065000000 -8.023655 10.743341 1.817330 0.009202 -0.006763 -0.171564 0.985107
26.070000000 -8.023305 10.739906 1.816508 0.009387 -0.007079 -0.171246 0.985158
26.075000000 -8.022960 10.736468 1.815689 0.009568 -0.007381 -0.170928 0.985209
26.080000000 -8.022619 10.733025 1.814872 0.009742 -0.007668 -0.170610 0.985261
26.085000000 -8.022283 10.729579 1.814059 0.009908 -0.007939 -0.170292 0.985312
26.090000000 -8.021951 10.726129 1.813248 0.010067 -0.008194 -0.169973 0.985363
26.095000000 -8.021624 10.722675 1.812441 0.010217 -0.008431 -0.169654 0.985415
26.100000000 -8.021303 10.719217 1.811636 0.010358 -0.008651 -0.169334 0.985466
26.105000000 -8.020986 10.715755 1.810835 0.010489 -0.008852 -0.169013 0.985518
26.110000000 -8.020675 10.712289 1.810037 0.010611 -0.009035 -0.168691 0.985570
26.115000000 -8.020369 10.708819 1.809242 0.010721 -0.009200 -0.168368 0.985623
26.120000000 -8.020069 10.705344 1.808451 0.010821 -0.009348 -0.168042 0.985676
26.125000000 -8.019774 10.701865 1.807663 0.010909 -0.009478 -0.167715 0.985730
26.130000000 -8.019484 10.698382 1.806879 0.010987 -0.009592 -0.167385 0.985784
26.135000000 -8.019200 10.694895 1.806099 0.011053 -0.009690 -0.167053 0.985838
26.140000000 -8.018922 10.691403 1.805322 0.011108 -0.009774 -0.166718 0.985894
26.145000000 -8.018650 10.687907 1.804549 0.011153 -0.009843 -0.166381 0.985949
26.150000000 -8.018383 10.684406 1.803780 0.011186 -0.009901 -0.166039 0.986006
26.155000000 -8.018123 10.680901 1.803015 0.011210 -0.009947 -0.165694 0.986063
26.160000000 -8.017868 10.677392 1.802254 0.011224 -0.009983 -0.165346 0.986121
26.165000000 -8.017619 10.673878 1.801497 0.011230 -0.010010 -0.164992 0.986180
26.170000000 -8.017376 10.670360 1.800745 0.011228 -0.010030 -0.164634 0.986240
26.175000000 -8.017138 10.666837 1.799996 0.011219 -0.010044 -0.164272 0.986300
26.180000000 -8.016907 10.663310 1.799252 0.011205 -0.010054 -0.163904 0.986361
26.185000000 -8.016681 10.659778 1.798513 0.011185 -0.010060 -0.163530 0.986424
26.190000000 -8.016462 10.656243 1.797778 0.011162 -0.010063 -0.163150 0.986487
26.195000000 -8.016248 10.652702 1.797047 0.011136 -0.010066 -0.162765 0.986551
26.200000000 -8.016040 10.649157 1.796321 0.011108 -0.010069 -0.162372 0.986616
26.205000000 -8.015838 10.645608 1.795600 0.011079 -0.010073 -0.161972 0.986682
26.210000000 -8.015642 10.642055 1.794884 0.011049 -0.010079 -0.161565 0.986749
26.215000000 -8.015452 10.638497 1.794172 0.011020 -0.010088 -0.161150 0.986817
26.220000000 -8.015268 10.634935 1.793465 0.010992 -0.010101 -0.160727 0.986886
26.225000000 -8.015089 10.631368 1.792764 0.010966 -0.010119 -0.160295 0.986956
26.230000000 -8.014917 10.627797 1.792067 0.010944 -0.010141 -0.159855 0.987028
26.235000000 -8.014750 10.624222 1.791376 0.010926 -0.010168 -0.159405 0.987100
26.240000000 -8.014589 10.620643 1.790690 0.010912 -0.010202 -0.158945 0.987174
26.245000000 -8.014435 10.617059 1.790009 0.010904 -0.010241 -0.158476 0.987250
26.250000000 -8.014286 10.613471 1.789333 0.010901 -0.010286 -0.157996 0.987326
26.255000000 -8.014143 10.609879 1.788663 0.010903 -0.010337 -0.157506 0.987404
26.260000000 -8.014006 10.606282 1.787998 0.010910 -0.010394 -0.157004 0.987483
26.265000000 -8.013875 10.602681 1.787338 0.010922 -0.010456 -0.156491 0.987564
26.270000000 -8.013750 10.599076 1.786685 0.010939 -0.010525 -0.155967 0.987646
26.275000000 -8.013632 10.595466 1.786037 0.010961 -0.010598 -0.155430 0.987729
26.280000000 -8.013519 10.591852 1.785394 0.010988 -0.010676 -0.154881 0.987814
26.285000000 -8.013413 10.588234 1.784758 0.011021 -0.010759 -0.154319 0.987901
26.290000000 -8.013312 10.584611 1.784127 0.011057 -0.010846 -0.153745 0.987989
26.295000000 -8.013218 10.580984 1.783502 0.011096 -0.010935 -0.153157 0.988079
26.300000000 -8.013131 10.577353 1.782883 0.011139 -0.011028 -0.152556 0.988171
26.305000000 -8.013049 10.573717 1.782270 0.011183 -0.011122 -0.151941 0.988264
26.310000000 -8.012974 10.570077 1.781663 0.011229 -0.011219 -0.151313 0.988359
26.315000000 -8.012906 10.566433 1.781062 0.011275 -0.011316 -0.150670 0.988455
26.320000000 -8.012844 10.562784 1.780467 0.011322 -0.011413 -0.150013 0.988553
26.325000000 -8.012788 10.559130 1.779879 0.011369 -0.011510 -0.149342 0.988653
26.330000000 -8.012739 10.555472 1.779297 0.011416 -0.011606 -0.148655 0.988755
26.335000000 -8.012697 10.551809 1.778721 0.011462 -0.011700 -0.147952 0.988859
26.340000000 -8.012661 10.548142 1.778152 0.011506 -0.011792 -0.147235 0.988964
26.345000000 -8.012632 10.544471 1.777589 0.011550 -0.011880 -0.146501 0.989072
26.350000000 -8.012610 10.540795 1.777034 0.011590 -0.011964 -0.145751 0.989181
26.355000000 -8.012595 10.537114 1.776485 0.011628 -0.012042 -0.144984 0.989292
26.360000000 -8.012587 10.533428 1.775943 0.011663 -0.012115 -0.144201 0.989405
26.365000000 -8.012585 10.529738 1.775409 0.011695 -0.012180 -0.143401 0.989521
26.370000000 -8.012591 10.526043 1.774882 0.011725 -0.012238 -0.142584 0.989638
26.375000000 -8.012603 10.522344 1.774363 0.011751 -0.012287 -0.141750 0.989756
26.380000000 -8.012622 10.518640 1.773852 0.011774 -0.012327 -0.140898 0.989877
26.385000000 -8.012649 10.514931 1.773349 0.011794 -0.012358 -0.140028 0.990000
26.390000000 -8.012682 10.511217 1.772854 0.011811 -0.012378 -0.139140 0.990125
26.395000000 -8.012723 10.507499 1.772368 0.011825 -0.012388 -0.138234 0.990252
26.400000000 -8.012770 10.503775 1.771890 0.011837 -0.012388 -0.137310 0.990380
26.405000000 -8.012825 10.500047 1.771422 0.011847 -0.012377 -0.136367 0.990510
26.410000000 -8.012887 10.496315 1.770962 0.011854 -0.012354 -0.135405 0.990642
26.415000000 -8.012956 10.492577 1.770512 0.011859 -0.012322 -0.134426 0.990776
26.420000000 -8.013031 10.488835 1.770072 0.011862 -0.012278 -0.133427 0.990912
26.425000000 -8.013114 10.485087 1.769642 0.011864 -0.012225 -0.132410 0.991049
26.430000000 -8.013204 10.481335 1.769221 0.011863 -0.012161 -0.131374 0.991187
26.435000000 -8.013301 10.477578 1.768811 0.011861 -0.012088 -0.130320 0.991327
26.440000000 -8.013404 10.473816 1.768412 0.011856 -0.012006 -0.129247 0.991469
26.445000000 -8.013515 10.470049 1.768023 0.011851 -0.011915 -0.128156 0.991612
26.450000000 -8.013632 10.466277 1.767645 0.011843 -0.011817 -0.127046 0.991756
26.455000000 -8.013757 10.462500 1.767279 0.011835 -0.011711 -0.125917 0.991901
26.460000000 -8.013887 10.458719 1.766924 0.011825 -0.011600 -0.124771 0.992047
26.465000000 -8.014025 10.454932 1.766581 0.011815 -0.011482 -0.123606 0.992195
26.470000000 -8.014169 10.451140 1.766249 0.011804 -0.011360 -0.122423 0.992343
26.475000000 -8.014320 10.447343 1.765930 0.011793 -0.011234 -0.121222 0.992492
26.480000000 -8.014477 10.443542 1.765624 0.011782 -0.011105 -0.120002 0.992642
26.485000000 -8.014640 10.439735 1.765330 0.011771 -0.010974 -0.118765 0.992792
26.490000000 -8.014810 10.435923 1.765048 0.011759 -0.010840 -0.117510 0.992943
26.495000000 -8.014986 10.432106 1.764781 0.011749 -0.010706 -0.116237 0.993094
26.500000000 -8.015169 10.428284 1.764526 0.011739 -0.010572 -0.114947 0.993246
26.505000000 -8.015357 10.424457 1.764285 0.011730 -0.010439 -0.113639 0.993398
26.510000000 -8.015552 10.420625 1.764058 0.011722 -0.010306 -0.112314 0.993550
26.515000000 -8.015752 10.416788 1.763845 0.011716 -0.010176 -0.110972 0.993702
26.520000000 -8.015959 10.412945 1.763646 0.011711 -0.010048 -0.109613 0.993855
26.525000000 -8.016171 10.409098 1.763462 0.011707 -0.009923 -0.108238 0.994007
26.530000000 -8.016389 10.405245 1.763293 0.011704 -0.009801 -0.106847 0.994158
26.535000000 -8.016613 10.401387 1.763139 0.011703 -0.009682 -0.105439 0.994310
26.540000000 -8.016842 10.397524 1.763000 0.011702 -0.009568 -0.104016 0.994461
26.545000000 -8.017077 10.393655 1.762877 0.011703 -0.009457 -0.102578 0.994611
26.550000000 -8.017318 10.389782 1.762769 0.011705 -0.009351 -0.101125 0.994761
26.555000000 -8.017563 10.385903 1.762677 0.011707 -0.009249 -0.099658 0.994910
26.560000000 -8.017815 10.382019 1.762602 0.011710 -0.009152 -0.098177 0.995058
26.565000000 -8.018071 10.378129 1.762543 0.011714 -0.009059 -0.096683 0.995205
26.570000000 -8.018333 10.374234 1.762500 0.011720 -0.008971 -0.095175 0.995351
26.575000000 -8.018601 10.370334 1.762475 0.011726 -0.008886 -0.093654 0.995496
26.580000000 -8.018873 10.366429 1.762466 0.011733 -0.008806 -0.092120 0.995640
26.585000000 -8.019151 10.362518 1.762475 0.011741 -0.008730 -0.090575 0.995782
26.590000000 -8.019433 10.358602 1.762502 0.011749 -0.008657 -0.089018 0.995923
26.595000000 -8.019721 10.354680 1.762546 0.011757 -0.008588 -0.087451 0.996062
26.600000000 -8.020014 10.350753 1.762609 0.011765 -0.008522 -0.085874 0.996200
26.605000000 -8.020312 10.346820 1.762689 0.011773 -0.008458 -0.084286 0.996336
26.610000000 -8.020614 10.342882 1.762788 0.011780 -0.008397 -0.082690 0.996470
26.615000000 -8.020922 10.338939 1.762906 0.011787 -0.008338 -0.081084 0.996603
26.620000000 -8.021234 10.334989 1.763043 0.011792 -0.008280 -0.079471 0.996733
26.625000000 -8.021552 10.331035 1.763199 0.011796 -0.008224 -0.077850 0.996861
26.630000000 -8.021874 10.327075 1.763374 0.011798 -0.008168 -0.076221 0.996988
26.635000000 -8.022201 10.323109 1.763569 0.011799 -0.008113 -0.074586 0.997112
26.640000000 -8.022532 10.319138 1.763784 0.011798 -0.008058 -0.072945 0.997234
26.645000000 -8.022869 10.315161 1.764018 0.011796 -0.008003 -0.071298 0.997353
26.650000000 -8.023210 10.311178 1.764273 0.011780 -0.007949 -0.069647 0.997470
26.655000000 -8.023555 10.307190 1.764547 0.011735 -0.007898 -0.067990 0.997586
26.660000000 -8.023905 10.303197 1.764839 0.011645 -0.007851 -0.066330 0.997699
26.665000000 -8.024260 10.299198 1.765150 0.011501 -0.007807 -0.064667 0.997810
26.670000000 -8.024619 10.295193 1.765479 0.011293 -0.007766 -0.063001 0.997919
26.675000000 -8.024982 10.291183 1.765826 0.011015 -0.007725 -0.061333 0.998027
26.680000000 -8.025350 10.287168 1.766190 0.010662 -0.007682 -0.059663 0.998132
26.685000000 -8.025723 10.283148 1.766571 0.010234 -0.007633 -0.057992 0.998235
26.690000000 -8.026099 10.279123 1.766969 0.009729 -0.007575 -0.056319 0.998337
26.695000000 -8.026480 10.275094 1.767384 0.009151 -0.007502 -0.054646 0.998436
26.700000000 -8.026865 10.271060 1.767814 0.008504 -0.007412 -0.052973 0.998532
26.705000000 -8.027253 10.267023 1.768260 0.007791 -0.007300 -0.051300 0.998626
26.710000000 -8.027646 10.262982 1.768722 0.007021 -0.007160 -0.049628 0.998717
26.715000000 -8.028043 10.258938 1.769200 0.006199 -0.006990 -0.047956 0.998806
26.720000000 -8.028444 10.254892 1.769692 0.005335 -0.006783 -0.046286 0.998891
26.725000000 -8.028848 10.250843 1.770200 0.004437 -0.006536 -0.044617 0.998973
26.730000000 -8.029255 10.246792 1.770722 0.003514 -0.006246 -0.042951 0.999051
26.735000000 -8.029666 10.242740 1.771258 0.002577 -0.005910 -0.041287 0.999127
26.740000000 -8.030080 10.238687 1.771809 0.001635 -0.005523 -0.039626 0.999198
26.745000000 -8.030497 10.234634 1.772374 0.000700 -0.005084 -0.037969 0.999266
26.750000000 -8.030916 10.230580 1.772953 -0.000219 -0.004591 -0.036314 0.999330
26.755000000 -8.031338 10.226528 1.773546 -0.001111 -0.004042 -0.034662 0.999390
26.760000000 -8.031762 10.222476 1.774152 -0.001969 -0.003436 -0.033015 0.999447
26.765000000 -8.032187 10.218426 1.774772 -0.002782 -0.002772 -0.031371 0.999500
26.770000000 -8.032614 10.214378 1.775404 -0.003544 -0.002052 -0.029731 0.999550
26.775000000 -8.033042 10.210332 1.776050 -0.004247 -0.001275 -0.028095 0.999595
26.780000000 -8.033470 10.206288 1.776709 -0.004887 -0.000443 -0.026464 0.999638
26.785000000 -8.033899 10.202248 1.777380 -0.005457 0.000442 -0.024838 0.999677
26.790000000 -8.034327 10.198210 1.778064 -0.005954 0.001378 -0.023217 0.999712
26.795000000 -8.034754 10.194176 1.778760 -0.006374 0.002363 -0.021600 0.999744
26.800000000 -8.035180 10.190145 1.779468 -0.006715 0.003393 -0.019988 0.999772
26.805000000 -8.035604 10.186119 1.780188 -0.006973 0.004467 -0.018381 0.999797
26.810000000 -8.036026 10.182096 1.780920 -0.007148 0.005582 -0.016776 0.999818
26.815000000 -8.036445 10.178077 1.781663 -0.007240 0.006732 -0.015174 0.999836
26.820000000 -8.036860 10.174062 1.782418 -0.007250 0.007917 -0.013575 0.999850
26.825000000 -8.037271 10.170052 1.783184 -0.007180 0.009129 -0.011979 0.999861
26.830000000 -8.037677 10.166045 1.783962 -0.007032 0.010366 -0.010384 0.999868
26.835000000 -8.038078 10.162042 1.784750 -0.006811 0.011624 -0.008791 0.999871
26.840000000 -8.038473 10.158043 1.785550 -0.006518 0.012898 -0.007199 0.999870
26.845000000 -8.038861 10.154047 1.786360 -0.006160 0.014184 -0.005608 0.999865
26.850000000 -8.039242 10.150055 1.787181 -0.005740 0.015478 -0.004017 0.999856
26.855000000 -8.039615 10.146067 1.788012 -0.005265 0.016776 -0.002425 0.999842
26.860000000 -8.039979 10.142081 1.788853 -0.004741 0.018075 -0.000833 0.999825
26.865000000 -8.040334 10.138098 1.789705 -0.004174 0.019370 0.000761 0.999803
26.870000000 -8.040680 10.134118 1.790567 -0.003571 0.020659 0.002356 0.999777
26.875000000 -8.041014 10.130139 1.791439 -0.002938 0.021939 0.003954 0.999747
26.880000000 -8.041337 10.126163 1.792320 -0.002281 0.023206 0.005555 0.999713
26.885000000 -8.041649 10.122188 1.793211 -0.001606 0.024459 0.007159 0.999674
26.890000000 -8.041948 10.118215 1.794112 -0.000920 0.025695 0.008767 0.999631
26.895000000 -8.042234 10.114242 1.795021 -0.000229 0.026912 0.010379 0.999584
26.900000000 -8.042506 10.110270 1.795940 0.000461 0.028109 0.011996 0.999533
26.905000000 -8.042763 10.106298 1.796869 0.001146 0.029285 0.013618 0.999478
26.910000000 -8.043006 10.102327 1.797806 0.001821 0.030439 0.015245 0.999419
26.915000000 -8.043234 10.098355 1.798752 0.002480 0.031570 0.016879 0.999356
26.920000000 -8.043445 10.094382 1.799706 0.003119 0.032679 0.018518 0.999289
26.925000000 -8.043639 10.090408 1.800669 0.003735 0.033764 0.020164 0.999219
26.930000000 -8.043817 10.086434 1.801641 0.004324 0.034828 0.021817 0.999146
26.935000000 -8.043976 10.082457 1.802620 0.004885 0.035870 0.023477 0.999069
26.940000000 -8.044117 10.078479 1.803608 0.005415 0.036892 0.025144 0.998988
26.945000000 -8.044240 10.074500 1.804604 0.005912 0.037895 0.026819 0.998904
26.950000000 -8.044343 10.070518 1.805608 0.006378 0.038880 0.028501 0.998817
26.955000000 -8.044426 10.066533 1.806620 0.006809 0.039850 0.030192 0.998726
26.960000000 -8.044489 10.062546 1.807639 0.007206 0.040804 0.031890 0.998632
26.965000000 -8.044531 10.058557 1.808666 0.007570 0.041746 0.033597 0.998535
26.970000000 -8.044552 10.054565 1.809700 0.007900 0.042676 0.035311 0.998434
26.975000000 -8.044552 10.050570 1.810741 0.008198 0.043597 0.037033 0.998329
26.980000000 -8.044528 10.046572 1.811790 0.008466 0.044510 0.038763 0.998221
26.985000000 -8.044483 10.042570 1.812845 0.008704 0.045417 0.040501 0.998109
26.990000000 -8.044414 10.038566 1.813908 0.008916 0.046320 0.042246 0.997993
26.995000000 -8.044321 10.034559 1.814977 0.009104 0.047220 0.043999 0.997873
27.000000000 -8.044205 10.030548 1.816052 0.009271 0.048121 0.045759 0.997750
27.005000000 -8.044064 10.026535 1.817135 0.009422 0.049023 0.047527 0.997622
27.010000000 -8.043898 10.022518 1.818223 0.009558 0.049930 0.049303 0.997489
27.015000000 -8.043707 10.018497 1.819318 0.009683 0.050842 0.051087 0.997352
27.020000000 -8.043489 10.014474 1.820420 0.009802 0.051761 0.052879 0.997210
27.025000000 -8.043246 10.010447 1.821527 0.009916 0.052688 0.054678 0.997064
27.030000000 -8.042975 10.006418 1.822640 0.010027 0.053623 0.056485 0.996912
27.035000000 -8.042678 10.002385 1.823760 0.010139 0.054567 0.058299 0.996755
27.040000000 -8.042352 9.998349 1.824884 0.010253 0.055519 0.060120 0.996593
27.045000000 -8.041998 9.994310 1.826015 0.010369 0.056477 0.061949 0.996426
27.050000000 -8.041616 9.990267 1.827151 0.010487 0.057440 0.063785 0.996254
27.055000000 -8.041204 9.986222 1.828293 0.010608 0.058405 0.065628 0.996077
27.060000000 -8.040763 9.982174 1.829439 0.010731 0.059371 0.067478 0.995895
27.065000000 -8.040292 9.978122 1.830592 0.010856 0.060334 0.069336 0.995708
27.070000000 -8.039789 9.974068 1.831749 0.010980 0.061291 0.071201 0.995517
27.075000000 -8.039256 9.970011 1.832911 0.011103 0.062239 0.073073 0.995321
27.080000000 -8.038691 9.965951 1.834079 0.011223 0.063175 0.074952 0.995121
27.085000000 -8.038094 9.961888 1.835251 0.011340 0.064096 0.076838 0.994917
27.090000000 -8.037465 9.957822 1.836428 0.011451 0.065000 0.078732 0.994709
27.095000000 -8.036802 9.953753 1.837610 0.011554 0.065883 0.080633 0.994497
27.100000000 -8.036106 9.949682 1.838796 0.011646 0.066740 0.082540 0.994282
27.105000000 -8.035376 9.945608 1.839987 0.011728 0.067571 0.084454 0.994064
27.110000000 -8.034612 9.941531 1.841182 0.011796 0.068372 0.086375 0.993844
27.115000000 -8.033813 9.937452 1.842382 0.011849 0.069143 0.088303 0.993620
27.120000000 -8.032979 9.933370 1.843586 0.011887 0.069880 0.090238 0.993394
27.125000000 -8.032109 9.929286 1.844794 0.011908 0.070584 0.092180 0.993166
27.130000000 -8.031204 9.925200 1.846007 0.011911 0.071252 0.094128 0.992936
27.135000000 -8.030262 9.921111 1.847224 0.011894 0.071884 0.096083 0.992703
27.140000000 -8.029285 9.917020 1.848444 0.011857 0.072479 0.098044 0.992468
27.145000000 -8.028270 9.912928 1.849669 0.011799 0.073037 0.100012 0.992232
27.150000000 -8.027218 9.908833 1.850897 0.011721 0.073560 0.101987 0.991993
27.155000000 -8.026129 9.904737 1.852130 0.011623 0.074049 0.103970 0.991752
27.160000000 -8.025003 9.900640 1.853366 0.011506 0.074504 0.105959 0.991509
27.165000000 -8.023838 9.896541 1.854606 0.011368 0.074927 0.107956 0.991263
27.170000000 -8.022636 9.892440 1.855849 0.011212 0.075320 0.109961 0.991014
27.175000000 -8.021396 9.888339 1.857096 0.011037 0.075685 0.111973 0.990763
27.180000000 -8.020117 9.884237 1.858347 0.010844 0.076022 0.113993 0.990509
27.185000000 -8.018800 9.880134 1.859601 0.010635 0.076336 0.116020 0.990252
27.190000000 -8.017445 9.876031 1.860859 0.010410 0.076627 0.118055 0.989991
27.195000000 -8.016051 9.871927 1.862120 0.010172 0.076901 0.120097 0.989727
27.200000000 -8.014618 9.867824 1.863385 0.009922 0.077158 0.122147 0.989459
27.205000000 -8.013146 9.863721 1.864653 0.009662 0.077402 0.124205 0.989186
27.210000000 -8.011635 9.859618 1.865925 0.009393 0.077637 0.126271 0.988908
27.215000000 -8.010085 9.855516 1.867199 0.009118 0.077864 0.128344 0.988626
27.220000000 -8.008495 9.851414 1.868478 0.008837 0.078086 0.130425 0.988339
27.225000000 -8.006867 9.847314 1.869759 0.008552 0.078306 0.132513 0.988046
27.230000000 -8.005199 9.843215 1.871044 0.008265 0.078527 0.134609 0.987748
27.235000000 -8.003491 9.839118 1.872331 0.007977 0.078750 0.136712 0.987443
27.240000000 -8.001745 9.835023 1.873622 0.007689 0.078977 0.138823 0.987133
27.245000000 -7.999958 9.830930 1.874916 0.007403 0.079210 0.140942 0.986816
27.250000000 -7.998132 9.826839 1.876213 0.007118 0.079450 0.143067 0.986493
27.255000000 -7.996266 9.822751 1.877514 0.006835 0.079697 0.145199 0.986164
27.260000000 -7.994360 9.818666 1.878817 0.006557 0.079953 0.147338 0.985828
27.265000000 -7.992414 9.814583 1.880123 0.006283 0.080221 0.149484 0.985485
27.270000000 -7.990429 9.810504 1.881431 0.006016 0.080499 0.151636 0.985135
27.275000000 -7.988403 9.806429 1.882743 0.005754 0.080790 0.153795 0.984778
27.280000000 -7.986337 9.802358 1.884057 0.005500 0.081093 0.155961 0.984413
27.285000000 -7.984230 9.798290 1.885375 0.005254 0.081410 0.158133 0.984042
27.290000000 -7.982083 9.794227 1.886695 0.005016 0.081740 0.160312 0.983663
27.295000000 -7.979896 9.790168 1.888017 0.004787 0.082085 0.162498 0.983277
27.300000000 -7.977667 9.786114 1.889342 0.004568 0.082444 0.164690 0.982883
27.305000000 -7.975398 9.782065 1.890670 0.004359 0.082817 0.166889 0.982482
27.310000000 -7.973088 9.778022 1.892000 0.004159 0.083204 0.169095 0.982073
27.315000000 -7.970736 9.773984 1.893333 0.003970 0.083603 0.171307 0.981656
27.320000000 -7.968343 9.769951 1.894668 0.003790 0.084016 0.173525 0.981232
27.325000000 -7.965909 9.765924 1.896006 0.003619 0.084440 0.175751 0.980800
27.330000000 -7.963433 9.761904 1.897346 0.003457 0.084874 0.177984 0.980360
27.335000000 -7.960915 9.757889 1.898688 0.003305 0.085320 0.180224 0.979913
27.340000000 -7.958355 9.753882 1.900033 0.003161 0.085775 0.182472 0.979457
27.345000000 -7.955753 9.749881 1.901379 0.003026 0.086239 0.184727 0.978994
27.350000000 -7.953109 9.745887 1.902728 0.002897 0.086709 0.186991 0.978523
27.355000000 -7.950421 9.741900 1.904079 0.002774 0.087184 0.189261 0.978045
27.360000000 -7.947691 9.737920 1.905431 0.002656 0.087662 0.191538 0.977559
27.365000000 -7.944918 9.733948 1.906786 0.002543 0.088141 0.193822 0.977066
27.370000000 -7.942102 9.729984 1.908142 0.002433 0.088622 0.196114 0.976565
27.375000000 -7.939243 9.726028 1.909501 0.002327 0.089103 0.198412 0.976057
27.380000000 -7.936339 9.722080 1.910860 0.002224 0.089583 0.200717 0.975542
27.385000000 -7.933392 9.718140 1.912222 0.002123 0.090062 0.203031 0.975019
27.390000000 -7.930402 9.714209 1.913585 0.002025 0.090540 0.205352 0.974489
27.395000000 -7.927366 9.710287 1.914950 0.001927 0.091015 0.207680 0.973951
27.400000000 -7.924287 9.706373 1.916316 0.001831 0.091488 0.210017 0.973406
27.405000000 -7.921163 9.702469 1.917684 0.001735 0.091957 0.212361 0.972853
27.410000000 -7.917994 9.698574 1.919053 0.001639 0.092423 0.214712 0.972293
27.415000000 -7.914780 9.694689 1.920424 0.001544 0.092887 0.217071 0.971725
27.420000000 -7.911521 9.690814 1.921796 0.001449 0.093346 0.219438 0.971150
27.425000000 -7.908217 9.686948 1.923169 0.001355 0.093798 0.221811 0.970567
27.430000000 -7.904868 9.683093 1.924543 0.001259 0.094239 0.224190 0.969977
27.435000000 -7.901472 9.679249 1.925918 0.001163 0.094664 0.226575 0.969382
27.440000000 -7.898031 9.675415 1.927295 0.001065 0.095065 0.228966 0.968781
27.445000000 -7.894544 9.671591 1.928672 0.000967 0.095438 0.231362 0.968175
27.450000000 -7.891011 9.667779 1.930049 0.000870 0.095777 0.233762 0.967565
27.455000000 -7.887432 9.663978 1.931428 0.000773 0.096074 0.236168 0.966951
27.460000000 -7.883807 9.660189 1.932806 0.000679 0.096322 0.238578 0.966334
27.465000000 -7.880135 9.656411 1.934186 0.000586 0.096514 0.240993 0.965716
27.470000000 -7.876417 9.652645 1.935565 0.000496 0.096644 0.243413 0.965096
27.475000000 -7.872653 9.648891 1.936945 0.000410 0.096706 0.245836 0.964475
27.480000000 -7.868843 9.645149 1.938325 0.000328 0.096693 0.248264 0.963855
27.485000000 -7.864986 9.641420 1.939704 0.000251 0.096602 0.250694 0.963234
27.490000000 -7.861083 9.637702 1.941084 0.000179 0.096429 0.253129 0.962615
27.495000000 -7.857135 9.633998 1.942464 0.000114 0.096171 0.255566 0.961996
27.500000000 -7.853140 9.630306 1.943843 0.000054 0.095824 0.258007 0.961379
27.505000000 -7.849100 9.626627 1.945222 0.000002 0.095388 0.260449 0.960764
27.510000000 -7.845015 9.622960 1.946601 -0.000044 0.094863 0.262894 0.960150
27.515000000 -7.840885 9.619307 1.947979 -0.000083 0.094248 0.265339 0.959538
27.520000000 -7.836710 9.615667 1.949357 -0.000115 0.093545 0.267786 0.958926
27.525000000 -7.832491 9.612039 1.950735 -0.000139 0.092757 0.270234 0.958316
27.530000000 -7.828228 9.608425 1.952112 -0.000157 0.091886 0.272683 0.957706
27.535000000 -7.823922 9.604823 1.953488 -0.000169 0.090935 0.275133 0.957096
27.540000000 -7.819574 9.601235 1.954864 -0.000176 0.089908 0.277582 0.956486
27.545000000 -7.815183 9.597659 1.956240 -0.000179 0.088809 0.280031 0.955874
27.550000000 -7.810750 9.594097 1.957615 -0.000179 0.087644 0.282478 0.955262
27.555000000 -7.806276 9.590547 1.958990 -0.000176 0.086419 0.284925 0.954646
27.560000000 -7.801762 9.587010 1.960364 -0.000171 0.085141 0.287370 0.954028
27.565000000 -7.797208 9.583486 1.961738 -0.000164 0.083817 0.289812 0.953406
27.570000000 -7.792615 9.579974 1.963111 -0.000158 0.082453 0.292253 0.952780
27.575000000 -7.787983 9.576475 1.964484 -0.000151 0.081057 0.294691 0.952149
27.580000000 -7.783314 9.572989 1.965857 -0.000146 0.079637 0.297127 0.951511
27.585000000 -7.778608 9.569514 1.967229 -0.000143 0.078198 0.299560 0.950867
27.590000000 -7.773865 9.566052 1.968602 -0.000142 0.076749 0.301991 0.950216
27.595000000 -7.769087 9.562602 1.969974 -0.000145 0.075297 0.304419 0.949557
27.600000000 -7.764274 9.559163 1.971346 -0.000153 0.073848 0.306844 0.948890
27.605000000 -7.759427 9.555737 1.972718 -0.000165 0.072409 0.309266 0.948215
27.610000000 -7.754547 9.552322 1.974090 -0.000182 0.070987 0.311685 0.947530
27.615000000 -7.749634 9.548918 1.975462 -0.000205 0.069586 0.314100 0.946836
27.620000000 -7.744689 9.545526 1.976834 -0.000234 0.068213 0.316511 0.946133
27.625000000 -7.739713 9.542145 1.978207 -0.000269 0.066873 0.318918 0.945420
27.630000000 -7.734706 9.538776 1.979579 -0.000310 0.065569 0.321321 0.944698
27.635000000 -7.729669 9.535417 1.980952 -0.000358 0.064306 0.323720 0.943965
27.640000000 -7.724602 9.532069 1.982324 -0.000411 0.063088 0.326115 0.943222
27.645000000 -7.719507 9.528732 1.983697 -0.000470 0.061918 0.328506 0.942470
27.650000000 -7.714384 9.525406 1.985071 -0.000534 0.060797 0.330893 0.941707
27.655000000 -7.709234 9.522091 1.986444 -0.000602 0.059728 0.333277 0.940935
27.660000000 -7.704056 9.518786 1.987818 -0.000676 0.058710 0.335656 0.940153
27.665000000 -7.698852 9.515492 1.989192 -0.000753 0.057744 0.338031 0.939362
27.670000000 -7.693621 9.512208 1.990567 -0.000835 0.056828 0.340403 0.938561
27.675000000 -7.688366 9.508934 1.991941 -0.000921 0.055964 0.342770 0.937751
27.680000000 -7.683085 9.505671 1.993316 -0.001009 0.055149 0.345133 0.936932
27.685000000 -7.677779 9.502418 1.994692 -0.001099 0.054382 0.347492 0.936104
27.690000000 -7.672450 9.499176 1.996068 -0.001191 0.053661 0.349846 0.935268
27.695000000 -7.667096 9.495944 1.997443 -0.001284 0.052983 0.352195 0.934425
27.700000000 -7.661719 9.492722 1.998820 -0.001377 0.052347 0.354539 0.933574
27.705000000 -7.656319 9.489510 2.000196 -0.001469 0.051750 0.356878 0.932715
27.710000000 -7.650896 9.486309 2.001573 -0.001560 0.051188 0.359212 0.931850
27.715000000 -7.645450 9.483117 2.002950 -0.001648 0.050659 0.361541 0.930977
27.720000000 -7.639982 9.479937 2.004327 -0.001734 0.050158 0.363865 0.930099
27.725000000 -7.634493 9.476766 2.005704 -0.001818 0.049682 0.366183 0.929214
27.730000000 -7.628981 9.473605 2.007082 -0.001897 0.049228 0.368497 0.928323
27.735000000 -7.623448 9.470455 2.008459 -0.001974 0.048790 0.370805 0.927426
27.740000000 -7.617894 9.467315 2.009837 -0.002049 0.048366 0.373106 0.926525
27.745000000 -7.612319 9.464186 2.011214 -0.002121 0.047950 0.375402 0.925619
27.750000000 -7.606723 9.461066 2.012592 -0.002191 0.047540 0.377690 0.924708
27.755000000 -7.601107 9.457957 2.013969 -0.002258 0.047132 0.379972 0.923794
27.760000000 -7.595471 9.454859 2.015347 -0.002322 0.046725 0.382246 0.922875
27.765000000 -7.589814 9.451770 2.016724 -0.002384 0.046315 0.384514 0.921954
27.770000000 -7.584138 9.448692 2.018102 -0.002442 0.045901 0.386774 0.921028
27.775000000 -7.578443 9.445624 2.019479 -0.002497 0.045480 0.389028 0.920099
27.780000000 -7.572727 9.442567 2.020856 -0.002550 0.045051 0.391274 0.919167
27.785000000 -7.566993 9.439519 2.022232 -0.002600 0.044612 0.393512 0.918233
27.790000000 -7.561240 9.436482 2.023609 -0.002647 0.044162 0.395742 0.917296
27.795000000 -7.555469 9.433456 2.024985 -0.002694 0.043700 0.397963 0.916356
27.800000000 -7.549679 9.430439 2.026361 -0.002740 0.043225 0.400177 0.915414
27.805000000 -7.543871 9.427433 2.027736 -0.002785 0.042736 0.402381 0.914470
27.810000000 -7.538045 9.424436 2.029112 -0.002829 0.042233 0.404577 0.913524
27.815000000 -7.532202 9.421450 2.030486 -0.002874 0.041717 0.406764 0.912576
27.820000000 -7.526341 9.418474 2.031861 -0.002920 0.041184 0.408942 0.911626
27.825000000 -7.520463 9.415508 2.033235 -0.002967 0.040635 0.411110 0.910675
27.830000000 -7.514569 9.412552 2.034608 -0.003018 0.040067 0.413268 0.909722
27.835000000 -7.508658 9.409606 2.035981 -0.003072 0.039480 0.415416 0.908769
27.840000000 -7.502731 9.406670 2.037353 -0.003130 0.038871 0.417554 0.907815
27.845000000 -7.496788 9.403743 2.038725 -0.003192 0.038239 0.419681 0.906860
27.850000000 -7.490830 9.400826 2.040096 -0.003259 0.037583 0.421798 0.905905
27.855000000 -7.484856 9.397919 2.041467 -0.003332 0.036902 0.423903 0.904949
27.860000000 -7.478868 9.395022 2.042836 -0.003410 0.036194 0.425998 0.903993
27.865000000 -7.472865 9.392134 2.044206 -0.003494 0.035461 0.428081 0.903038
27.870000000 -7.466848 9.389255 2.045574 -0.003585 0.034700 0.430153 0.902082
27.875000000 -7.460817 9.386386 2.046942 -0.003681 0.033911 0.432213 0.901126
27.880000000 -7.454773 9.383526 2.048309 -0.003784 0.033096 0.434262 0.900171
27.885000000 -7.448717 9.380675 2.049676 -0.003894 0.032253 0.436298 0.899216
27.890000000 -7.442647 9.377833 2.051041 -0.004010 0.031384 0.438322 0.898261
27.895000000 -7.436566 9.375000 2.052406 -0.004132 0.030490 0.440333 0.897307
27.900000000 -7.430473 9.372176 2.053770 -0.004261 0.029571 0.442331 0.896354
27.905000000 -7.424369 9.369361 2.055134 -0.004396 0.028630 0.444316 0.895402
27.910000000 -7.418254 9.366554 2.056497 -0.004537 0.027668 0.446288 0.894450
27.915000000 -7.412129 9.363756 2.057858 -0.004684 0.026687 0.448245 0.893500
27.920000000 -7.405994 9.360966 2.059220 -0.004837 0.025689 0.450188 0.892551
27.925000000 -7.399850 9.358184 2.060580 -0.004996 0.024675 0.452116 0.891604
27.930000000 -7.393697 9.355410 2.061939 -0.005159 0.023649 0.454030 0.890657
27.935000000 -7.387536 9.352644 2.063298 -0.005326 0.022614 0.455929 0.889713
27.940000000 -7.381367 9.349886 2.064656 -0.005498 0.021571 0.457813 0.888770
27.945000000 -7.375191 9.347136 2.066013 -0.005673 0.020524 0.459681 0.887829
27.950000000 -7.369008 9.344393 2.067370 -0.005851 0.019474 0.461535 0.886889
27.955000000 -7.362819 9.341657 2.068725 -0.006032 0.018424 0.463373 0.885951
27.960000000 -7.356624 9.338929 2.070080 -0.006214 0.017377 0.465195 0.885016
27.965000000 -7.350425 9.336208 2.071434 -0.006398 0.016335 0.467003 0.884082
27.970000000 -7.344220 9.333493 2.072787 -0.006582 0.015302 0.468795 0.883150
27.975000000 -7.338011 9.330786 2.074140 -0.006766 0.014279 0.470572 0.882220
27.980000000 -7.331799 9.328085 2.075492 -0.006949 0.013269 0.472333 0.881293
27.985000000 -7.325583 9.325390 2.076842 -0.007132 0.012272 0.474079 0.880368
27.990000000 -7.319365 9.322702 2.078192 -0.007315 0.011290 0.475809 0.879446
27.995000000 -7.313144 9.320020 2.079542 -0.007499 0.010325 0.477522 0.878527
28.000000000 -7.306922 9.317344 2.080890 -0.007682 0.009376 0.479221 0.877611
28.005000000 -7.300698 9.314674 2.082238 -0.007864 0.008446 0.480903 0.876698
28.010000000 -7.294474 9.312010 2.083584 -0.008045 0.007536 0.482570 0.875788
28.015000000 -7.288249 9.309351 2.084930 -0.008224 0.006646 0.484221 0.874882
28.020000000 -7.282024 9.306698 2.086275 -0.008400 0.005777 0.485857 0.873979
28.025000000 -7.275800 9.304050 2.087619 -0.008573 0.004930 0.487478 0.873079
28.030000000 -7.269576 9.301408 2.088962 -0.008744 0.004105 0.489084 0.872183
28.035000000 -7.263354 9.298770 2.090305 -0.008911 0.003301 0.490674 0.871291
28.040000000 -7.257134 9.296138 2.091646 -0.009077 0.002518 0.492249 0.870403
28.045000000 -7.250915 9.293510 2.092987 -0.009241 0.001754 0.493809 0.869520
28.050000000 -7.244699 9.290887 2.094327 -0.009404 0.001010 0.495353 0.868640
28.055000000 -7.238486 9.288269 2.095665 -0.009566 0.000283 0.496882 0.867766
28.060000000 -7.232275 9.285655 2.097003 -0.009728 -0.000428 0.498394 0.866896
28.065000000 -7.226069 9.283046 2.098340 -0.009890 -0.001123 0.499892 0.866031
28.070000000 -7.219866 9.280441 2.099675 -0.010052 -0.001804 0.501373 0.865171
28.075000000 -7.213667 9.277840 2.101010 -0.010214 -0.002472 0.502839 0.864316
28.080000000 -7.207473 9.275243 2.102344 -0.010376 -0.003127 0.504289 0.863467
28.085000000 -7.201283 9.272650 2.103676 -0.010537 -0.003770 0.505723 0.862623
28.090000000 -7.195099 9.270061 2.105008 -0.010698 -0.004403 0.507142 0.861785
28.095000000 -7.188920 9.267476 2.106338 -0.010858 -0.005028 0.508545 0.860952
28.100000000 -7.182747 9.264895 2.107667 -0.011021 -0.005669 0.509933 0.860125
28.105000000 -7.176579 9.262317 2.108994 -0.011186 -0.006361 0.511306 0.859302
28.110000000 -7.170418 9.259743 2.110318 -0.011355 -0.007134 0.512665 0.858484
28.115000000 -7.164264 9.257172 2.111638 -0.011527 -0.008015 0.514010 0.857670
28.120000000 -7.158117 9.254604 2.112954 -0.011702 -0.009025 0.515340 0.856858
28.125000000 -7.151978 9.252039 2.114265 -0.011877 -0.010179 0.516657 0.856049
28.130000000 -7.145846 9.249477 2.115570 -0.012050 -0.011492 0.517960 0.855242
28.135000000 -7.139723 9.246917 2.116868 -0.012220 -0.012970 0.519250 0.854437
28.140000000 -7.133609 9.244360 2.118159 -0.012381 -0.014618 0.520525 0.853632
28.145000000 -7.127505 9.241804 2.119442 -0.012533 -0.016435 0.521785 0.852827
28.150000000 -7.121412 9.239250 2.120716 -0.012670 -0.018418 0.523031 0.852020
28.155000000 -7.115330 9.236696 2.121981 -0.012790 -0.020561 0.524262 0.851213
28.160000000 -7.109261 9.234143 2.123234 -0.012890 -0.022855 0.525477 0.850403
28.165000000 -7.103204 9.231590 2.124477 -0.012968 -0.025287 0.526676 0.849591
28.170000000 -7.097162 9.229036 2.125706 -0.013019 -0.027845 0.527859 0.848776
28.175000000 -7.091135 9.226481 2.126923 -0.013043 -0.030512 0.529025 0.847957
28.180000000 -7.085124 9.223923 2.128126 -0.013035 -0.033273 0.530175 0.847135
28.185000000 -7.079130 9.221364 2.129314 -0.012993 -0.036110 0.531308 0.846309
28.190000000 -7.073154 9.218800 2.130486 -0.012914 -0.039006 0.532424 0.845480
28.195000000 -7.067197 9.216233 2.131641 -0.012796 -0.041941 0.533525 0.844647
28.200000000 -7.061260 9.213660 2.132778 -0.012637 -0.044898 0.534609 0.843811
28.205000000 -7.055345 9.211082 2.133897 -0.012436 -0.047858 0.535678 0.842973
28.210000000 -7.049451 9.208498 2.134996 -0.012192 -0.050804 0.536733 0.842133
28.215000000 -7.043581 9.205906 2.136074 -0.011907 -0.053719 0.537772 0.841293
28.220000000 -7.037735 9.203306 2.137131 -0.011579 -0.056588 0.538798 0.840452
28.225000000 -7.031914 9.200697 2.138166 -0.011210 -0.059397 0.539811 0.839613
28.230000000 -7.026119 9.198078 2.139176 -0.010801 -0.062132 0.540812 0.838776
28.235000000 -7.020350 9.195448 2.140163 -0.010353 -0.064782 0.541802 0.837942
28.240000000 -7.014608 9.192808 2.141124 -0.009867 -0.067337 0.542781 0.837113
28.245000000 -7.008895 9.190155 2.142058 -0.009345 -0.069790 0.543750 0.836288
28.250000000 -7.003210 9.187489 2.142965 -0.008789 -0.072133 0.544710 0.835470
28.255000000 -6.997555 9.184810 2.143843 -0.008200 -0.074363 0.545661 0.834660
28.260000000 -6.991929 9.182116 2.144692 -0.007581 -0.076476 0.546605 0.833856
28.265000000 -6.986334 9.179407 2.145510 -0.006935 -0.078471 0.547542 0.833062
28.270000000 -6.980770 9.176683 2.146296 -0.006263 -0.080348 0.548472 0.832276
28.275000000 -6.975236 9.173942 2.147051 -0.005571 -0.082109 0.549395 0.831500
28.280000000 -6.969734 9.171184 2.147772 -0.004859 -0.083756 0.550312 0.830734
28.285000000 -6.964264 9.168409 2.148458 -0.004132 -0.085296 0.551222 0.829977
28.290000000 -6.958825 9.165615 2.149109 -0.003391 -0.086735 0.552127 0.829229
28.295000000 -6.953419 9.162802 2.149724 -0.002640 -0.088079 0.553025 0.828491
28.300000000 -6.948044 9.159970 2.150301 -0.001881 -0.089336 0.553918 0.827763
28.305000000 -6.942702 9.157119 2.150840 -0.001117 -0.090516 0.554803 0.827042
28.310000000 -6.937392 9.154247 2.151340 -0.000347 -0.091631 0.555682 0.826330
28.315000000 -6.932115 9.151354 2.151799 0.000424 -0.092688 0.556555 0.825624
28.320000000 -6.926870 9.148441 2.152218 0.001195 -0.093700 0.557419 0.824926
28.325000000 -6.921657 9.145505 2.152594 0.001963 -0.094675 0.558276 0.824233
28.330000000 -6.916477 9.142548 2.152927 0.002726 -0.095625 0.559124 0.823547
28.335000000 -6.911329 9.139568 2.153218 0.003482 -0.096555 0.559963 0.822865
28.340000000 -6.906214 9.136565 2.153464 0.004227 -0.097475 0.560793 0.822188
28.345000000 -6.901131 9.133538 2.153665 0.004959 -0.098389 0.561612 0.821515
28.350000000 -6.896081 9.130488 2.153823 0.005675 -0.099303 0.562422 0.820846
28.355000000 -6.891063 9.127413 2.153935 0.006371 -0.100220 0.563220 0.820182
28.360000000 -6.886078 9.124314 2.154003 0.007045 -0.101143 0.564008 0.819522
28.365000000 -6.881126 9.121189 2.154025 0.007693 -0.102075 0.564784 0.818866
28.370000000 -6.876207 9.118038 2.154003 0.008312 -0.103015 0.565548 0.818214
28.375000000 -6.871322 9.114862 2.153936 0.008900 -0.103966 0.566300 0.817567
28.380000000 -6.866469 9.111658 2.153823 0.009453 -0.104924 0.567039 0.816926
28.385000000 -6.861651 9.108427 2.153666 0.009969 -0.105891 0.567766 0.816290
28.390000000 -6.856866 9.105169 2.153465 0.010445 -0.106862 0.568480 0.815660
28.395000000 -6.852115 9.101883 2.153219 0.010878 -0.107836 0.569181 0.815037
28.400000000 -6.847398 9.098568 2.152929 0.011267 -0.108811 0.569869 0.814422
28.405000000 -6.842716 9.095224 2.152595 0.011612 -0.109785 0.570544 0.813814
28.410000000 -6.838069 9.091851 2.152218 0.011913 -0.110755 0.571205 0.813214
28.415000000 -6.833456 9.088448 2.151796 0.012169 -0.111719 0.571853 0.812622
28.420000000 -6.828879 9.085015 2.151332 0.012380 -0.112674 0.572488 0.812040
28.425000000 -6.824337 9.081551 2.150825 0.012547 -0.113618 0.573110 0.811467
28.430000000 -6.819832 9.078057 2.150275 0.012672 -0.114547 0.573718 0.810904
28.435000000 -6.815363 9.074531 2.149683 0.012754 -0.115459 0.574313 0.810352
28.440000000 -6.810930 9.070974 2.149048 0.012797 -0.116353 0.574896 0.809811
28.445000000 -6.806534 9.067385 2.148372 0.012803 -0.117225 0.575465 0.809280
28.450000000 -6.802175 9.063763 2.147654 0.012774 -0.118076 0.576021 0.808761
28.455000000 -6.797854 9.060110 2.146896 0.012712 -0.118903 0.576564 0.808254
28.460000000 -6.793571 9.056423 2.146096 0.012622 -0.119706 0.577093 0.807759
28.465000000 -6.789325 9.052704 2.145256 0.012506 -0.120484 0.577610 0.807275
28.470000000 -6.785119 9.048951 2.144375 0.012365 -0.121235 0.578114 0.806805
28.475000000 -6.780951 9.045165 2.143455 0.012205 -0.121960 0.578604 0.806346
28.480000000 -6.776823 9.041346 2.142495 0.012027 -0.122658 0.579081 0.805900
28.485000000 -6.772734 9.037492 2.141496 0.011835 -0.123330 0.579544 0.805468
28.490000000 -6.768685 9.033605 2.140457 0.011631 -0.123974 0.579994 0.805048
28.495000000 -6.764676 9.029684 2.139381 0.011418 -0.124591 0.580430 0.804642
28.500000000 -6.760707 9.025728 2.138266 0.011198 -0.125184 0.580851 0.804249
28.505000000 -6.756779 9.021737 2.137113 0.010976 -0.125753 0.581258 0.803869
28.510000000 -6.752893 9.017712 2.135922 0.010754 -0.126299 0.581649 0.803503
28.515000000 -6.749048 9.013653 2.134694 0.010533 -0.126823 0.582026 0.803151
28.520000000 -6.745244 9.009558 2.133430 0.010315 -0.127327 0.582386 0.802812
28.525000000 -6.741482 9.005429 2.132128 0.010103 -0.127813 0.582731 0.802488
28.530000000 -6.737763 9.001264 2.130791 0.009900 -0.128283 0.583059 0.802177
28.535000000 -6.734086 8.997064 2.129417 0.009706 -0.128740 0.583369 0.801880
28.540000000 -6.730452 8.992828 2.128008 0.009523 -0.129186 0.583662 0.801598
28.545000000 -6.726860 8.988558 2.126563 0.009352 -0.129624 0.583936 0.801329
28.550000000 -6.723312 8.984251 2.125083 0.009195 -0.130054 0.584192 0.801075
28.555000000 -6.719808 8.979909 2.123569 0.009052 -0.130480 0.584428 0.800835
28.560000000 -6.716347 8.975531 2.122020 0.008924 -0.130904 0.584644 0.800610
28.565000000 -6.712930 8.971116 2.120438 0.008812 -0.131326 0.584839 0.800400
28.570000000 -6.709558 8.966666 2.118822 0.008716 -0.131748 0.585012 0.800204
28.575000000 -6.706230 8.962179 2.117173 0.008638 -0.132166 0.585164 0.800025
28.580000000 -6.702946 8.957656 2.115491 0.008577 -0.132576 0.585294 0.799863
28.585000000 -6.699708 8.953096 2.113778 0.008532 -0.132974 0.585400 0.799720
28.590000000 -6.696515 8.948498 2.112034 0.008504 -0.133353 0.585483 0.799596
28.595000000 -6.693368 8.943864 2.110260 0.008492 -0.133708 0.585543 0.799493
28.600000000 -6.690267 8.939192 2.108456 0.008495 -0.134033 0.585578 0.799413
28.605000000 -6.687212 8.934483 2.106624 0.008513 -0.134320 0.585589 0.799356
28.610000000 -6.684204 8.929735 2.104764 0.008546 -0.134564 0.585576 0.799325
28.615000000 -6.681243 8.924950 2.102877 0.008592 -0.134759 0.585536 0.799321
28.620000000 -6.678328 8.920126 2.100964 0.008652 -0.134897 0.585471 0.799344
28.625000000 -6.675461 8.915263 2.099026 0.008722 -0.134974 0.585380 0.799397
28.630000000 -6.672641 8.910362 2.097063 0.008804 -0.134984 0.585263 0.799481
28.635000000 -6.669869 8.905421 2.095077 0.008896 -0.134925 0.585118 0.799596
28.640000000 -6.667145 8.900442 2.093069 0.008996 -0.134791 0.584946 0.799743
28.645000000 -6.664469 8.895423 2.091040 0.009105 -0.134581 0.584746 0.799923
28.650000000 -6.661841 8.890365 2.088990 0.009222 -0.134294 0.584517 0.800138
28.655000000 -6.659260 8.885268 2.086920 0.009345 -0.133928 0.584259 0.800386
28.660000000 -6.656728 8.880131 2.084832 0.009473 -0.133483 0.583971 0.800668
28.665000000 -6.654244 8.874954 2.082727 0.009606 -0.132961 0.583653 0.800986
28.670000000 -6.651809 8.869737 2.080604 0.009743 -0.132361 0.583304 0.801338
28.675000000 -6.649421 8.864481 2.078466 0.009881 -0.131687 0.582923 0.801725
28.680000000 -6.647081 8.859185 2.076314 0.010020 -0.130940 0.582509 0.802146
28.685000000 -6.644789 8.853849 2.074148 0.010159 -0.130125 0.582062 0.802601
28.690000000 -6.642545 8.848474 2.071969 0.010298 -0.129246 0.581582 0.803089
28.695000000 -6.640348 8.843059 2.069779 0.010434 -0.128309 0.581068 0.803609
28.700000000 -6.638198 8.837605 2.067577 0.010568 -0.127318 0.580519 0.804162
28.705000000 -6.636096 8.832111 2.065366 0.010699 -0.126280 0.579934 0.804745
28.710000000 -6.634041 8.826578 2.063147 0.010825 -0.125201 0.579313 0.805359
28.715000000 -6.632032 8.821007 2.060919 0.010947 -0.124087 0.578656 0.806002
28.720000000 -6.630069 8.815396 2.058685 0.011065 -0.122948 0.577962 0.806673
28.725000000 -6.628152 8.809747 2.056444 0.011179 -0.121790 0.577230 0.807371
28.730000000 -6.626282 8.804059 2.054199 0.011290 -0.120620 0.576461 0.808094
28.735000000 -6.624456 8.798333 2.051950 0.011397 -0.119447 0.575653 0.808843
28.740000000 -6.622676 8.792569 2.049698 0.011501 -0.118278 0.574806 0.809615
28.745000000 -6.620940 8.786767 2.047443 0.011602 -0.117119 0.573920 0.810410
28.750000000 -6.619249 8.780927 2.045187 0.011701 -0.115978 0.572995 0.811227
28.755000000 -6.617602 8.775050 2.042931 0.011797 -0.114859 0.572030 0.812065
28.760000000 -6.615999 8.769136 2.040676 0.011892 -0.113769 0.571025 0.812924
28.765000000 -6.614440 8.763185 2.038421 0.011984 -0.112713 0.569980 0.813803
28.770000000 -6.612923 8.757198 2.036170 0.012076 -0.111696 0.568895 0.814700
28.775000000 -6.611450 8.751174 2.033921 0.012166 -0.110720 0.567770 0.815616
28.780000000 -6.610020 8.745113 2.031676 0.012256 -0.109790 0.566605 0.816550
28.785000000 -6.608632 8.739017 2.029435 0.012345 -0.108908 0.565401 0.817501
28.790000000 -6.607286 8.732884 2.027201 0.012434 -0.108078 0.564158 0.818468
28.795000000 -6.605983 8.726716 2.024972 0.012526 -0.107302 0.562875 0.819452
28.800000000 -6.604721 8.720513 2.022751 0.012619 -0.106581 0.561553 0.820451
28.805000000 -6.603502 8.714274 2.020537 0.012713 -0.105912 0.560191 0.821466
28.810000000 -6.602323 8.707999 2.018331 0.012804 -0.105292 0.558790 0.822498
28.815000000 -6.601187 8.701690 2.016135 0.012889 -0.104715 0.557351 0.823546
28.820000000 -6.600091 8.695346 2.013948 0.012963 -0.104176 0.555872 0.824612
28.825000000 -6.599037 8.688966 2.011772 0.013023 -0.103665 0.554356 0.825696
28.830000000 -6.598024 8.682552 2.009606 0.013060 -0.103173 0.552802 0.826798
28.835000000 -6.597052 8.676104 2.007451 0.013071 -0.102691 0.551211 0.827919
28.840000000 -6.596121 8.669621 2.005308 0.013050 -0.102209 0.549584 0.829060
28.845000000 -6.595231 8.663104 2.003178 0.012991 -0.101718 0.547919 0.830222
28.850000000 -6.594381 8.656552 2.001060 0.012887 -0.101206 0.546218 0.831407
28.855000000 -6.593573 8.649967 1.998956 0.012736 -0.100664 0.544481 0.832613
28.860000000 -6.592805 8.643349 1.996865 0.012529 -0.100082 0.542709 0.833843
28.865000000 -6.592078 8.636697 1.994789 0.012266 -0.099452 0.540901 0.835096
28.870000000 -6.591392 8.630012 1.992727 0.011941 -0.098766 0.539058 0.836372
28.875000000 -6.590746 8.623295 1.990681 0.011553 -0.098018 0.537180 0.837673
28.880000000 -6.590140 8.616545 1.988651 0.011100 -0.097202 0.535266 0.838999
28.885000000 -6.589575 8.609764 1.986637 0.010580 -0.096313 0.533317 0.840348
28.890000000 -6.589050 8.602952 1.984641 0.009993 -0.095348 0.531333 0.841721
28.895000000 -6.588566 8.596109 1.982662 0.009338 -0.094303 0.529314 0.843117
28.900000000 -6.588121 8.589236 1.980701 0.008616 -0.093177 0.527259 0.844537
28.905000000 -6.587716 8.582334 1.978759 0.007828 -0.091968 0.525168 0.845978
28.910000000 -6.587351 8.575404 1.976836 0.006975 -0.090677 0.523041 0.847441
28.915000000 -6.587026 8.568446 1.974933 0.006061 -0.089306 0.520879 0.848925
28.920000000 -6.586740 8.561461 1.973051 0.005087 -0.087856 0.518680 0.850427
28.925000000 -6.586492 8.554450 1.971190 0.004059 -0.086332 0.516445 0.851947
28.930000000 -6.586284 8.547415 1.969351 0.002981 -0.084740 0.514173 0.853485
28.935000000 -6.586114 8.540355 1.967534 0.001858 -0.083086 0.511863 0.855038
28.940000000 -6.585982 8.533273 1.965741 0.000695 -0.081376 0.509514 0.856605
28.945000000 -6.585888 8.526169 1.963972 -0.000503 -0.079616 0.507127 0.858186
28.950000000 -6.585831 8.519044 1.962228 -0.001730 -0.077816 0.504701 0.859778
28.955000000 -6.585812 8.511899 1.960509 -0.002980 -0.075984 0.502236 0.861381
28.960000000 -6.585829 8.504736 1.958817 -0.004247 -0.074127 0.499730 0.862993
28.965000000 -6.585883 8.497556 1.957152 -0.005526 -0.072254 0.497184 0.864614
28.970000000 -6.585973 8.490360 1.955514 -0.006810 -0.070375 0.494599 0.866241
28.975000000 -6.586098 8.483149 1.953905 -0.008094 -0.068498 0.491974 0.867874
28.980000000 -6.586258 8.475925 1.952325 -0.009373 -0.066631 0.489309 0.869511
28.985000000 -6.586453 8.468688 1.950776 -0.010641 -0.064782 0.486606 0.871151
28.990000000 -6.586682 8.461439 1.949257 -0.011895 -0.062960 0.483863 0.872795
28.995000000 -6.586945 8.454181 1.947769 -0.013128 -0.061172 0.481081 0.874441
29.000000000 -6.587241 8.446914 1.946314 -0.014339 -0.059424 0.478260 0.876089
29.005000000 -6.587571 8.439639 1.944892 -0.015521 -0.057723 0.475399 0.877737
29.010000000 -6.587933 8.432358 1.943503 -0.016674 -0.056075 0.472499 0.879387
29.015000000 -6.588327 8.425071 1.942150 -0.017792 -0.054485 0.469561 0.881038
29.020000000 -6.588752 8.417780 1.940831 -0.018874 -0.052957 0.466584 0.882688
29.025000000 -6.589209 8.410485 1.939548 -0.019918 -0.051496 0.463570 0.884339
29.030000000 -6.589697 8.403188 1.938303 -0.020922 -0.050104 0.460517 0.885989
29.035000000 -6.590216 8.395890 1.937094 -0.021885 -0.048784 0.457427 0.887638
29.040000000 -6.590765 8.388591 1.935924 -0.022805 -0.047536 0.454300 0.889287
29.045000000 -6.591344 8.381292 1.934792 -0.023683 -0.046361 0.451138 0.890935
29.050000000 -6.591953 8.373995 1.933699 -0.024520 -0.045257 0.447940 0.892581
29.055000000 -6.592590 8.366700 1.932646 -0.025318 -0.044219 0.444707 0.894226
29.060000000 -6.593257 8.359407 1.931631 -0.026078 -0.043245 0.441440 0.895869
29.065000000 -6.593952 8.352119 1.930655 -0.026802 -0.042329 0.438138 0.897510
29.070000000 -6.594676 8.344834 1.929719 -0.027495 -0.041465 0.434804 0.899150
29.075000000 -6.595428 8.337555 1.928822 -0.028158 -0.040648 0.431436 0.900787
29.080000000 -6.596207 8.330281 1.927964 -0.028797 -0.039869 0.428035 0.902423
29.085000000 -6.597014 8.323014 1.927145 -0.029414 -0.039121 0.424602 0.904056
29.090000000 -6.597848 8.315753 1.926364 -0.030014 -0.038399 0.421137 0.905687
29.095000000 -6.598709 8.308500 1.925622 -0.030601 -0.037693 0.417641 0.907314
29.100000000 -6.599596 8.301254 1.924919 -0.031181 -0.036997 0.414115 0.908938
29.105000000 -6.600510 8.294018 1.924253 -0.031757 -0.036304 0.410559 0.910558
29.110000000 -6.601450 8.286790 1.923626 -0.032334 -0.035605 0.406972 0.912173
29.115000000 -6.602415 8.279572 1.923035 -0.032918 -0.034895 0.403355 0.913785
29.120000000 -6.603407 8.272365 1.922482 -0.033513 -0.034168 0.399708 0.915392
29.125000000 -6.604423 8.265168 1.921966 -0.034124 -0.033418 0.396030 0.916995
29.130000000 -6.605464 8.257982 1.921487 -0.034755 -0.032640 0.392322 0.918591
29.135000000 -6.606530 8.250809 1.921043 -0.035410 -0.031829 0.388585 0.920182
29.140000000 -6.607619 8.243647 1.920636 -0.036095 -0.030982 0.384818 0.921766
29.145000000 -6.608733 8.236500 1.920264 -0.036812 -0.030096 0.381023 0.923342
29.150000000 -6.609870 8.229366 1.919928 -0.037566 -0.029167 0.377200 0.924910
29.155000000 -6.611030 8.222246 1.919626 -0.038361 -0.028196 0.373348 0.926469
29.160000000 -6.612212 8.215142 1.919359 -0.039199 -0.027180 0.369468 0.928019
29.165000000 -6.613417 8.208053 1.919126 -0.040083 -0.026120 0.365559 0.929558
29.170000000 -6.614643 8.200981 1.918928 -0.041016 -0.025017 0.361623 0.931086
29.175000000 -6.615890 8.193927 1.918763 -0.042000 -0.023873 0.357659 0.932602
29.180000000 -6.617158 8.186891 1.918631 -0.043035 -0.022688 0.353668 0.934105
29.185000000 -6.618446 8.179874 1.918533 -0.044124 -0.021467 0.349649 0.935595
29.190000000 -6.619754 8.172876 1.918468 -0.045268 -0.020212 0.345605 0.937070
29.195000000 -6.621081 8.165900 1.918435 -0.046468 -0.018926 0.341533 0.938529
29.200000000 -6.622427 8.158946 1.918434 -0.047725 -0.017612 0.337436 0.939973
29.205000000 -6.623790 8.152014 1.918465 -0.049038 -0.016276 0.333314 0.941399
29.210000000 -6.625171 8.145106 1.918527 -0.050408 -0.014922 0.329166 0.942808
29.215000000 -6.626569 8.138223 1.918621 -0.051833 -0.013554 0.324995 0.944197
29.220000000 -6.627983 8.131365 1.918746 -0.053312 -0.012177 0.320801 0.945567
29.225000000 -6.629413 8.124535 1.918902 -0.054845 -0.010798 0.316584 0.946916
29.230000000 -6.630858 8.117732 1.919089 -0.056430 -0.009419 0.312346 0.948244
29.235000000 -6.632317 8.110959 1.919305 -0.058066 -0.008048 0.308087 0.949550
29.240000000 -6.633790 8.104215 1.919552 -0.059750 -0.006687 0.303809 0.950834
29.245000000 -6.635277 8.097503 1.919828 -0.061479 -0.005343 0.299514 0.952094
29.250000000 -6.636776 8.090824 1.920133 -0.063253 -0.004020 0.295201 0.953331
29.255000000 -6.638288 8.084178 1.920468 -0.065068 -0.002723 0.290872 0.954543
29.260000000 -6.639811 8.077567 1.920831 -0.066922 -0.001455 0.286528 0.955731
29.265000000 -6.641345 8.070992 1.921223 -0.068812 -0.000220 0.282171 0.956893
29.270000000 -6.642890 8.064455 1.921643 -0.070735 0.000979 0.277801 0.958030
29.275000000 -6.644446 8.057956 1.922091 -0.072687 0.002138 0.273421 0.959142
29.280000000 -6.646010 8.051496 1.922566 -0.074664 0.003257 0.269030 0.960228
29.285000000 -6.647584 8.045078 1.923069 -0.076662 0.004333 0.264631 0.961288
29.290000000 -6.649167 8.038702 1.923598 -0.078673 0.005365 0.260226 0.962322
29.295000000 -6.650757 8.032369 1.924154 -0.080693 0.006353 0.255817 0.963331
29.300000000 -6.652356 8.026080 1.924735 -0.082716 0.007299 0.251404 0.964314
29.305000000 -6.653962 8.019837 1.925341 -0.084736 0.008204 0.246988 0.965272
29.310000000 -6.655574 8.013641 1.925972 -0.086746 0.009069 0.242573 0.966205
29.315000000 -6.657194 8.007493 1.926627 -0.088741 0.009895 0.238159 0.967113
29.320000000 -6.658819 8.001394 1.927306 -0.090714 0.010685 0.233751 0.967997
29.325000000 -6.660450 7.995345 1.928007 -0.092659 0.011441 0.229348 0.968856
29.330000000 -6.662086 7.989347 1.928730 -0.094576 0.012167 0.224950 0.969693
29.335000000 -6.663727 7.983401 1.929475 -0.096461 0.012869 0.220556 0.970508
29.340000000 -6.665373 7.977509 1.930241 -0.098312 0.013550 0.216163 0.971301
29.345000000 -6.667023 7.971670 1.931027 -0.100127 0.014214 0.211773 0.972072
29.350000000 -6.668677 7.965886 1.931832 -0.101903 0.014866 0.207386 0.972824
29.355000000 -6.670334 7.960159 1.932656 -0.103638 0.015509 0.203004 0.973554
29.360000000 -6.671994 7.954488 1.933499 -0.105333 0.016148 0.198625 0.974265
29.365000000 -6.673657 7.948875 1.934358 -0.106988 0.016784 0.194248 0.974956
29.370000000 -6.675322 7.943320 1.935235 -0.108603 0.017422 0.189874 0.975628
29.375000000 -6.676988 7.937825 1.936128 -0.110180 0.018065 0.185503 0.976280
29.380000000 -6.678656 7.932389 1.937037 -0.111719 0.018716 0.181134 0.976913
29.385000000 -6.680325 7.927015 1.937961 -0.113223 0.019376 0.176767 0.977527
29.390000000 -6.681994 7.921702 1.938899 -0.114694 0.020049 0.172401 0.978121
29.395000000 -6.683663 7.916451 1.939850 -0.116135 0.020735 0.168039 0.978696
29.400000000 -6.685331 7.911264 1.940815 -0.117548 0.021435 0.163679 0.979251
29.405000000 -6.686998 7.906139 1.941793 -0.118937 0.022151 0.159322 0.979786
29.410000000 -6.688664 7.901079 1.942783 -0.120306 0.022883 0.154968 0.980300
29.415000000 -6.690327 7.896084 1.943784 -0.121657 0.023629 0.150619 0.980793
29.420000000 -6.691988 7.891155 1.944796 -0.122995 0.024390 0.146275 0.981265
29.425000000 -6.693645 7.886292 1.945818 -0.124322 0.025165 0.141938 0.981715
29.430000000 -6.695298 7.881495 1.946851 -0.125642 0.025952 0.137609 0.982143
29.435000000 -6.696947 7.876766 1.947892 -0.126960 0.026749 0.133288 0.982548
29.440000000 -6.698591 7.872105 1.948943 -0.128279 0.027555 0.128977 0.982929
29.445000000 -6.700229 7.867513 1.950001 -0.129602 0.028368 0.124677 0.983287
29.450000000 -6.701860 7.862990 1.951068 -0.130932 0.029185 0.120389 0.983622
29.455000000 -6.703485 7.858536 1.952141 -0.132273 0.030004 0.116115 0.983931
29.460000000 -6.705102 7.854153 1.953222 -0.133626 0.030822 0.111856 0.984217
29.465000000 -6.706711 7.849841 1.954309 -0.134994 0.031636 0.107615 0.984477
29.470000000 -6.708311 7.845601 1.955401 -0.136379 0.032445 0.103392 0.984712
29.475000000 -6.709902 7.841433 1.956498 -0.137783 0.033246 0.099189 0.984922
29.480000000 -6.711482 7.837338 1.957601 -0.139207 0.034035 0.095008 0.985107
29.485000000 -6.713052 7.833316 1.958707 -0.140653 0.034812 0.090850 0.985267
29.490000000 -6.714610 7.829368 1.959818 -0.142121 0.035573 0.086716 0.985402
29.495000000 -6.716157 7.825495 1.960932 -0.143613 0.036318 0.082608 0.985511
29.500000000 -6.717691 7.821698 1.962048 -0.145130 0.037044 0.078526 0.985596
29.505000000 -6.719212 7.817976 1.963167 -0.146671 0.037750 0.074472 0.985655
29.510000000 -6.720719 7.814332 1.964288 -0.148235 0.038436 0.070445 0.985691
29.515000000 -6.722211 7.810764 1.965410 -0.149817 0.039099 0.066448 0.985703
29.520000000 -6.723689 7.807275 1.966533 -0.151409 0.039738 0.062480 0.985694
29.525000000 -6.725151 7.803864 1.967656 -0.153005 0.040352 0.058545 0.985664
29.530000000 -6.726597 7.800532 1.968779 -0.154592 0.040938 0.054643 0.985616
29.535000000 -6.728027 7.797281 1.969900 -0.156161 0.041495 0.050775 0.985553
29.540000000 -6.729440 7.794109 1.971020 -0.157699 0.042023 0.046941 0.985475
29.545000000 -6.730835 7.791019 1.972137 -0.159194 0.042519 0.043144 0.985387
29.550000000 -6.732212 7.788010 1.973251 -0.160632 0.042983 0.039384 0.985291
29.555000000 -6.733571 7.785083 1.974360 -0.162001 0.043415 0.035661 0.985190
29.560000000 -6.734910 7.782239 1.975465 -0.163288 0.043814 0.031977 0.985086
29.565000000 -6.736231 7.779477 1.976565 -0.164481 0.044179 0.028332 0.984983
29.570000000 -6.737531 7.776798 1.977658 -0.165569 0.044513 0.024726 0.984883
29.575000000 -6.738811 7.774203 1.978745 -0.166542 0.044814 0.021160 0.984788
29.580000000 -6.740071 7.771691 1.979824 -0.167391 0.045084 0.017634 0.984701
29.585000000 -6.741309 7.769263 1.980895 -0.168108 0.045326 0.014147 0.984624
29.590000000 -6.742527 7.766919 1.981957 -0.168687 0.045540 0.010701 0.984559
29.595000000 -6.743722 7.764658 1.983009 -0.169123 0.045728 0.007296 0.984506
29.600000000 -6.744896 7.762482 1.984052 -0.169413 0.045894 0.003931 0.984468
29.605000000 -6.746047 7.760389 1.985083 -0.169554 0.046039 0.000608 0.984445
29.610000000 -6.747175 7.758379 1.986104 -0.169548 0.046167 -0.002675 0.984436
29.615000000 -6.748281 7.756452 1.987112 -0.169397 0.046282 -0.005918 0.984443
29.620000000 -6.749364 7.754608 1.988108 -0.169102 0.046387 -0.009122 0.984464
29.625000000 -6.750423 7.752847 1.989091 -0.168670 0.046487 -0.012287 0.984499
29.630000000 -6.751458 7.751167 1.990061 -0.168104 0.046585 -0.015414 0.984547
29.635000000 -6.752470 7.749569 1.991017 -0.167413 0.046684 -0.018503 0.984607
29.640000000 -6.753457 7.748051 1.991958 -0.166603 0.046791 -0.021555 0.984677
29.645000000 -6.754420 7.746613 1.992885 -0.165684 0.046907 -0.024570 0.984756
29.650000000 -6.755358 7.745254 1.993796 -0.164664 0.047037 -0.027548 0.984842
29.655000000 -6.756272 7.743975 1.994692 -0.163554 0.047184 -0.030491 0.984934
29.660000000 -6.757160 7.742772 1.995572 -0.162364 0.047353 -0.033397 0.985028
29.665000000 -6.758023 7.741647 1.996436 -0.161106 0.047545 -0.036267 0.985124
29.670000000 -6.758861 7.740598 1.997283 -0.159792 0.047765 -0.039101 0.985219
29.675000000 -6.759672 7.739624 1.998113 -0.158435 0.048015 -0.041899 0.985311
29.680000000 -6.760458 7.738725 1.998926 -0.157046 0.048297 -0.044662 0.985398
29.685000000 -6.761217 7.737899 1.999721 -0.155638 0.048614 -0.047388 0.985479
29.690000000 -6.761950 7.737145 2.000498 -0.154221 0.048967 -0.050078 0.985551
29.695000000 -6.762656 7.736463 2.001256 -0.152807 0.049357 -0.052732 0.985613
29.700000000 -6.763335 7.735852 2.001996 -0.151407 0.049786 -0.055350 0.985664
29.705000000 -6.763986 7.735311 2.002716 -0.150030 0.050255 -0.057931 0.985702
29.710000000 -6.764610 7.734838 2.003417 -0.148688 0.050764 -0.060476 0.985727
29.715000000 -6.765206 7.734434 2.004099 -0.147389 0.051313 -0.062985 0.985736
29.720000000 -6.765773 7.734097 2.004759 -0.146140 0.051903 -0.065457 0.985730
29.725000000 -6.766312 7.733826 2.005400 -0.144948 0.052531 -0.067891 0.985709
29.730000000 -6.766822 7.733621 2.006019 -0.143819 0.053197 -0.070288 0.985670
29.735000000 -6.767302 7.733480 2.006616 -0.142758 0.053900 -0.072647 0.985615
29.740000000 -6.767753 7.733404 2.007192 -0.141769 0.054637 -0.074968 0.985544
29.745000000 -6.768173 7.733391 2.007745 -0.140856 0.055407 -0.077250 0.985455
29.750000000 -6.768563 7.733441 2.008276 -0.140010 0.056203 -0.079492 0.985352
29.755000000 -6.768922 7.733553 2.008783 -0.139220 0.057017 -0.081692 0.985238
29.760000000 -6.769250 7.733726 2.009267 -0.138465 0.057839 -0.083851 0.985115
29.765000000 -6.769545 7.733961 2.009727 -0.137723 0.058657 -0.085967 0.984988
29.770000000 -6.769809 7.734256 2.010163 -0.136965 0.059456 -0.088039 0.984863
29.775000000 -6.770040 7.734610 2.010575 -0.136163 0.060222 -0.090066 0.984744
29.780000000 -6.770238 7.735025 2.010962 -0.135286 0.060941 -0.092046 0.984638
29.785000000 -6.770402 7.735498 2.011324 -0.134302 0.061597 -0.093980 0.984549
29.790000000 -6.770533 7.736029 2.011661 -0.133180 0.062175 -0.095864 0.984483
29.795000000 -6.770629 7.736618 2.011974 -0.131893 0.062656 -0.097699 0.984446
29.800000000 -6.770690 7.737266 2.012267 -0.130438 0.062983 -0.099478 0.984441
29.805000000 -6.770715 7.737973 2.012548 -0.128820 0.063092 -0.101193 0.984472
29.810000000 -6.770703 7.738739 2.012820 -0.127044 0.062934 -0.102840 0.984542
29.815000000 -6.770654 7.739564 2.013088 -0.125115 0.062472 -0.104414 0.984653
29.820000000 -6.770566 7.740449 2.013354 -0.123039 0.061684 -0.105915 0.984804
29.825000000 -6.770441 7.741393 2.013620 -0.120823 0.060562 -0.107341 0.984993
29.830000000 -6.770278 7.742394 2.013888 -0.118478 0.059112 -0.108693 0.985218
29.835000000 -6.770079 7.743451 2.014158 -0.116013 0.057348 -0.109974 0.985473
29.840000000 -6.769845 7.744564 2.014430 -0.113420 0.055294 -0.111187 0.985757
29.845000000 -6.769577 7.745730 2.014702 -0.110686 0.052980 -0.112335 0.986064
29.850000000 -6.769276 7.746948 2.014972 -0.107787 0.050442 -0.113425 0.986394
29.855000000 -6.768945 7.748215 2.015236 -0.104696 0.047727 -0.114461 0.986742
29.860000000 -6.768586 7.749530 2.015489 -0.101381 0.044892 -0.115448 0.987106
29.865000000 -6.768199 7.750889 2.015727 -0.097812 0.042005 -0.116394 0.987482
29.870000000 -6.767789 7.752290 2.015944 -0.093966 0.039171 -0.117304 0.987864
29.875000000 -6.767357 7.753731 2.016132 -0.089830 0.036515 -0.118185 0.988246
29.880000000 -6.766905 7.755207 2.016284 -0.085390 0.034177 -0.119045 0.988620
29.885000000 -6.766434 7.756716 2.016394 -0.080641 0.032291 -0.119886 0.988980
29.890000000 -6.765947 7.758256 2.016455 -0.075565 0.030955 -0.120711 0.989323
29.895000000 -6.765445 7.759823 2.016464 -0.070147 0.030227 -0.121517 0.989646
29.900000000 -6.764927 7.761416 2.016420 -0.064373 0.030079 -0.122300 0.989946
29.905000000 -6.764395 7.763032 2.016328 -0.058234 0.030441 -0.123056 0.990222
29.910000000 -6.763847 7.764671 2.016192 -0.051731 0.031220 -0.123780 0.990468
29.915000000 -6.763284 7.766329 2.016016 -0.044871 0.032315 -0.124467 0.990682
29.920000000 -6.762705 7.768004 2.015806 -0.037675 0.033629 -0.125115 0.990856
29.925000000 -6.762110 7.769693 2.015566 -0.030173 0.035071 -0.125721 0.990986
29.930000000 -6.761497 7.771394 2.015299 -0.022406 0.036561 -0.126285 0.991067
29.935000000 -6.760868 7.773102 2.015010 -0.014421 0.038023 -0.126807 0.991094
29.940000000 -6.760220 7.774814 2.014701 -0.006271 0.039389 -0.127285 0.991064
29.945000000 -6.759554 7.776527 2.014375 0.001982 0.040600 -0.127723 0.990977
29.950000000 -6.758870 7.778236 2.014035 0.010275 0.041606 -0.128121 0.990832
29.955000000 -6.758167 7.779939 2.013684 0.018542 0.042365 -0.128482 0.990633
29.960000000 -6.757445 7.781629 2.013323 0.026716 0.042843 -0.128809 0.990383
29.965000000 -6.756705 7.783305 2.012955 0.034729 0.043013 -0.129104 0.990089
29.970000000 -6.755946 7.784961 2.012580 0.042517 0.042857 -0.129370 0.989757
29.975000000 -6.755170 7.786594 2.012201 0.050015 0.042364 -0.129612 0.989396
29.980000000 -6.754376 7.788200 2.011818 0.057165 0.041531 -0.129833 0.989015
29.985000000 -6.753566 7.789776 2.011433 0.063912 0.040361 -0.130035 0.988624
29.990000000 -6.752740 7.791318 2.011046 0.070205 0.038861 -0.130222 0.988232
29.995000000 -6.751900 7.792823 2.010659 0.076000 0.037047 -0.130396 0.987850
30.000000000 -6.751046 7.794288 2.010270 0.081259 0.034937 -0.130561 0.987487
30.005000000 -6.750181 7.795711 2.009882 0.085952 0.032555 -0.130718 0.987150
30.010000000 -6.749306 7.797090 2.009495 0.090055 0.029929 -0.130869 0.986847
30.015000000 -6.748421 7.798422 2.009108 0.093549 0.027088 -0.131016 0.986585
30.020000000 -6.747529 7.799705 2.008722 0.096425 0.024066 -0.131160 0.986367
30.025000000 -6.746632 7.800940 2.008337 0.098679 0.020896 -0.131301 0.986198
30.030000000 -6.745731 7.802124 2.007954 0.100316 0.017615 -0.131441 0.986078
30.035000000 -6.744828 7.803257 2.007573 0.101344 0.014257 -0.131578 0.986009
30.040000000 -6.743924 7.804338 2.007194 0.101781 0.010861 -0.131713 0.985989
30.045000000 -6.743022 7.805368 2.006817 0.101648 0.007461 -0.131845 0.986017
30.050000000 -6.742123 7.806347 2.006442 0.100973 0.004091 -0.131974 0.986089
30.055000000 -6.741229 7.807275 2.006070 0.099788 0.000787 -0.132098 0.986201
30.060000000 -6.740341 7.808153 2.005701 0.098129 -0.002422 -0.132216 0.986349
30.065000000 -6.739461 7.808983 2.005335 0.096036 -0.005506 -0.132328 0.986527
30.070000000 -6.738590 7.809765 2.004972 0.093552 -0.008437 -0.132432 0.986731
30.075000000 -6.737729 7.810500 2.004613 0.090722 -0.011193 -0.132527 0.986955
30.080000000 -6.736880 7.811191 2.004257 0.087594 -0.013752 -0.132612 0.987194
30.085000000 -6.736044 7.811839 2.003906 0.084215 -0.016096 -0.132686 0.987443
30.090000000 -6.735222 7.812446 2.003560 0.080634 -0.018210 -0.132749 0.987696
30.095000000 -6.734414 7.813014 2.003219 0.076904 -0.020077 -0.132799 0.987951
30.100000000 -6.733622 7.813543 2.002892 0.073109 -0.021629 -0.132830 0.988202
30.105000000 -6.732847 7.814035 2.002586 0.069338 -0.022791 -0.132832 0.988447
30.110000000 -6.732090 7.814490 2.002311 0.065674 -0.023496 -0.132801 0.988685
30.115000000 -6.731351 7.814910 2.002073 0.062193 -0.023694 -0.132731 0.988915
30.120000000 -6.730630 7.815296 2.001878 0.058959 -0.023348 -0.132619 0.989136
30.125000000 -6.729927 7.815649 2.001731 0.056027 -0.022433 -0.132464 0.989349
30.130000000 -6.729242 7.815971 2.001637 0.053442 -0.020940 -0.132265 0.989551
30.135000000 -6.728575 7.816262 2.001598 0.051239 -0.018870 -0.132022 0.989742
30.140000000 -6.727922 7.816524 2.001617 0.049443 -0.016238 -0.131736 0.989918
30.145000000 -6.727283 7.816757 2.001698 0.048070 -0.013066 -0.131410 0.990076
30.150000000 -6.726657 7.816962 2.001840 0.047126 -0.009390 -0.131046 0.990211
30.155000000 -6.726040 7.817139 2.002047 0.046608 -0.005252 -0.130647 0.990319
30.160000000 -6.725430 7.817287 2.002318 0.046506 -0.000703 -0.130217 0.990394
30.165000000 -6.724824 7.817406 2.002655 0.046803 0.004203 -0.129759 0.990431
30.170000000 -6.724219 7.817496 2.003057 0.047475 0.009402 -0.129278 0.990427
30.175000000 -6.723612 7.817556 2.003525 0.048492 0.014831 -0.128777 0.990376
30.180000000 -6.723001 7.817585 2.004058 0.049818 0.020422 -0.128261 0.990278
30.185000000 -6.722380 7.817582 2.004655 0.051417 0.026107 -0.127735 0.990131
30.190000000 -6.721748 7.817544 2.005316 0.053246 0.031817 -0.127201 0.989936
30.195000000 -6.721100 7.817472 2.006040 0.055263 0.037486 -0.126665 0.989695
30.200000000 -6.720433 7.817362 2.006827 0.057425 0.043048 -0.126131 0.989414
30.205000000 -6.719745 7.817214 2.007673 0.059688 0.048442 -0.125602 0.989098
30.210000000 -6.719032 7.817026 2.008580 0.062007 0.053609 -0.125082 0.988755
30.215000000 -6.718291 7.816796 2.009544 0.064341 0.058496 -0.124575 0.988392
30.220000000 -6.717519 7.816523 2.010566 0.066647 0.063055 -0.124084 0.988021
30.225000000 -6.716715 7.816204 2.011642 0.068886 0.067242 -0.123611 0.987651
30.230000000 -6.715875 7.815839 2.012771 0.071022 0.071020 -0.123160 0.987291
30.235000000 -6.714998 7.815427 2.013952 0.073019 0.074358 -0.122731 0.986953
30.240000000 -6.714082 7.814965 2.015184 0.074846 0.077233 -0.122327 0.986645
30.245000000 -6.713126 7.814453 2.016463 0.076476 0.079625 -0.121948 0.986377
30.250000000 -6.712129 7.813891 2.017790 0.077884 0.081523 -0.121596 0.986155
30.255000000 -6.711090 7.813277 2.019161 0.079050 0.082921 -0.121269 0.985986
30.260000000 -6.710008 7.812610 2.020576 0.079955 0.083820 -0.120969 0.985874
30.265000000 -6.708882 7.811891 2.022033 0.080588 0.084226 -0.120694 0.985822
30.270000000 -6.707714 7.811120 2.023530 0.080939 0.084150 -0.120442 0.985830
30.275000000 -6.706503 7.810296 2.025066 0.081002 0.083610 -0.120213 0.985899
30.280000000 -6.705250 7.809420 2.026640 0.080775 0.082626 -0.120003 0.986026
30.285000000 -6.703955 7.808492 2.028251 0.080262 0.081223 -0.119812 0.986208
30.290000000 -6.702620 7.807512 2.029897 0.079466 0.079432 -0.119636 0.986439
30.295000000 -6.701245 7.806483 2.031577 0.078397 0.077284 -0.119473 0.986715
30.300000000 -6.699833 7.805404 2.033291 0.077067 0.074814 -0.119320 0.987029
30.305000000 -6.698383 7.804277 2.035037 0.075487 0.072060 -0.119174 0.987374
30.310000000 -6.696898 7.803102 2.036815 0.073675 0.069058 -0.119031 0.987742
30.315000000 -6.695380 7.801882 2.038624 0.071650 0.065848 -0.118890 0.988127
30.320000000 -6.693831 7.800618 2.040463 0.069431 0.062470 -0.118747 0.988522
30.325000000 -6.692251 7.799312 2.042331 0.067039 0.058963 -0.118599 0.988920
30.330000000 -6.690644 7.797965 2.044228 0.064499 0.055367 -0.118444 0.989316
30.335000000 -6.689010 7.796579 2.046153 0.061834 0.051720 -0.118279 0.989703
30.340000000 -6.687353 7.795156 2.048106 0.059069 0.048060 -0.118102 0.990077
30.345000000 -6.685673 7.793697 2.050086 0.056230 0.044424 -0.117911 0.990435
30.350000000 -6.683972 7.792205 2.052093 0.053344 0.040845 -0.117704 0.990773
30.355000000 -6.682253 7.790681 2.054127 0.050434 0.037356 -0.117480 0.991090
30.360000000 -6.680517 7.789128 2.056187 0.047525 0.033984 -0.117236 0.991384
30.365000000 -6.678766 7.787547 2.058273 0.044639 0.030757 -0.116973 0.991655
30.370000000 -6.677001 7.785940 2.060384 0.041798 0.027696 -0.116688 0.991902
30.375000000 -6.675224 7.784309 2.062521 0.039023 0.024822 -0.116380 0.992127
30.380000000 -6.673436 7.782655 2.064682 0.036333 0.022150 -0.116050 0.992331
30.385000000 -6.671639 7.780981 2.066867 0.033744 0.019695 -0.115695 0.992516
30.390000000 -6.669833 7.779287 2.069076 0.031271 0.017466 -0.115316 0.992683
30.395000000 -6.668020 7.777576 2.071309 0.028928 0.015470 -0.114913 0.992834
30.400000000 -6.666201 7.775848 2.073565 0.026726 0.013712 -0.114484 0.992971
30.405000000 -6.664376 7.774105 2.075843 0.024674 0.012190 -0.114031 0.993096
30.410000000 -6.662546 7.772349 2.078144 0.022778 0.010902 -0.113553 0.993211
30.415000000 -6.660712 7.770580 2.080466 0.021042 0.009844 -0.113050 0.993318
30.420000000 -6.658874 7.768799 2.082810 0.019469 0.009006 -0.112523 0.993418
30.425000000 -6.657033 7.767008 2.085174 0.018059 0.008378 -0.111971 0.993512
30.430000000 -6.655188 7.765207 2.087558 0.016810 0.007947 -0.111394 0.993602
30.435000000 -6.653341 7.763396 2.089963 0.015719 0.007699 -0.110793 0.993689
30.440000000 -6.651490 7.761577 2.092386 0.014781 0.007618 -0.110169 0.993774
30.445000000 -6.649636 7.759750 2.094829 0.013989 0.007686 -0.109521 0.993856
30.450000000 -6.647780 7.757915 2.097290 0.013335 0.007886 -0.108851 0.993937
30.455000000 -6.645920 7.756073 2.099769 0.012810 0.008198 -0.108158 0.994017
30.460000000 -6.644056 7.754224 2.102265 0.012405 0.008603 -0.107443 0.994097
30.465000000 -6.642189 7.752368 2.104778 0.012109 0.009082 -0.106708 0.994175
30.470000000 -6.640318 7.750505 2.107308 0.011912 0.009616 -0.105951 0.994254
30.475000000 -6.638443 7.748636 2.109854 0.011802 0.010189 -0.105174 0.994332
30.480000000 -6.636564 7.746760 2.112416 0.011771 0.010783 -0.104378 0.994410
30.485000000 -6.634679 7.744878 2.114994 0.011808 0.011383 -0.103563 0.994488
30.490000000 -6.632790 7.742989 2.117586 0.011902 0.011975 -0.102730 0.994566
30.495000000 -6.630895 7.741093 2.120194 0.012045 0.012546 -0.101880 0.994645
30.500000000 -6.628994 7.739191 2.122816 0.012227 0.013084 -0.101013 0.994724
30.505000000 -6.627088 7.737281 2.125452 0.012438 0.013580 -0.100131 0.994804
30.510000000 -6.625175 7.735365 2.128102 0.012670 0.014023 -0.099233 0.994885
30.515000000 -6.623256 7.733442 2.130766 0.012916 0.014406 -0.098321 0.994967
30.520000000 -6.621330 7.731512 2.133443 0.013167 0.014725 -0.097395 0.995050
30.525000000 -6.619397 7.729574 2.136133 0.013416 0.014973 -0.096456 0.995134
30.530000000 -6.617458 7.727628 2.138836 0.013659 0.015148 -0.095505 0.995220
30.535000000 -6.615512 7.725675 2.141552 0.013888 0.015248 -0.094543 0.995307
30.540000000 -6.613558 7.723715 2.144280 0.014099 0.015273 -0.093570 0.995396
30.545000000 -6.611598 7.721746 2.147020 0.014288 0.015222 -0.092587 0.995486
30.550000000 -6.609630 7.719770 2.149771 0.014451 0.015099 -0.091595 0.995577
30.555000000 -6.607656 7.717785 2.152535 0.014585 0.014905 -0.090593 0.995670
30.560000000 -6.605675 7.715793 2.155310 0.014689 0.014645 -0.089583 0.995763
30.565000000 -6.603688 7.713793 2.158096 0.014761 0.014324 -0.088566 0.995858
30.570000000 -6.601694 7.711785 2.160893 0.014800 0.013947 -0.087540 0.995953
30.575000000 -6.599693 7.709768 2.163701 0.014805 0.013520 -0.086509 0.996049
30.580000000 -6.597687 7.707744 2.166520 0.014778 0.013050 -0.085471 0.996146
30.585000000 -6.595674 7.705712 2.169349 0.014718 0.012543 -0.084428 0.996242
30.590000000 -6.593656 7.703671 2.172188 0.014627 0.012006 -0.083379 0.996338
30.595000000 -6.591633 7.701623 2.175038 0.014506 0.011447 -0.082327 0.996434
30.600000000 -6.589605 7.699568 2.177897 0.014356 0.010871 -0.081270 0.996529
30.605000000 -6.587572 7.697505 2.180766 0.014178 0.010285 -0.080209 0.996624
30.610000000 -6.585534 7.695434 2.183644 0.013971 0.009692 -0.079146 0.996718
30.615000000 -6.583493 7.693356 2.186531 0.013733 0.009096 -0.078079 0.996811
30.620000000 -6.581447 7.691271 2.189426 0.013461 0.008498 -0.077010 0.996903
30.625000000 -6.579398 7.689179 2.192328 0.013154 0.007899 -0.075938 0.996994
30.630000000 -6.577346 7.687080 2.195237 0.012808 0.007300 -0.074864 0.997085
30.635000000 -6.575290 7.684975 2.198152 0.012420 0.006701 -0.073788 0.997174
30.640000000 -6.573232 7.682864 2.201072 0.011987 0.006101 -0.072710 0.997262
30.645000000 -6.571172 7.680746 2.203997 0.011507 0.005498 -0.071631 0.997350
30.650000000 -6.569109 7.678623 2.206927 0.010975 0.004889 -0.070552 0.997436
30.655000000 -6.567045 7.676494 2.209859 0.010390 0.004274 -0.069471 0.997521
30.660000000 -6.564979 7.674361 2.212793 0.009749 0.003649 -0.068391 0.997604
30.665000000 -6.562911 7.672222 2.215730 0.009049 0.003011 -0.067310 0.997687
30.670000000 -6.560843 7.670079 2.218667 0.008290 0.002357 -0.066230 0.997767
30.675000000 -6.558774 7.667932 2.221604 0.007470 0.001685 -0.065150 0.997846
30.680000000 -6.556704 7.665782 2.224540 0.006589 0.000991 -0.064071 0.997923
30.685000000 -6.554635 7.663629 2.227475 0.005647 0.000273 -0.062993 0.997998
30.690000000 -6.552566 7.661473 2.230407 0.004643 -0.000473 -0.061916 0.998070
30.695000000 -6.550497 7.659315 2.233336 0.003579 -0.001248 -0.060840 0.998140
30.700000000 -6.548429 7.657156 2.236261 0.002456 -0.002057 -0.059766 0.998207
30.705000000 -6.546362 7.654995 2.239181 0.001276 -0.002900 -0.058693 0.998271
30.710000000 -6.544297 7.652835 2.242095 0.000041 -0.003781 -0.057622 0.998331
30.715000000 -6.542234 7.650674 2.245002 -0.001246 -0.004700 -0.056552 0.998388
30.720000000 -6.540174 7.648515 2.247902 -0.002583 -0.005661 -0.055484 0.998440
30.725000000 -6.538116 7.646357 2.250794 -0.003967 -0.006663 -0.054418 0.998488
30.730000000 -6.536061 7.644201 2.253676 -0.005394 -0.007708 -0.053353 0.998531
30.735000000 -6.534010 7.642048 2.256548 -0.006861 -0.008797 -0.052290 0.998570
30.740000000 -6.531964 7.639899 2.259409 -0.008366 -0.009930 -0.051229 0.998603
30.745000000 -6.529921 7.637755 2.262258 -0.009906 -0.011110 -0.050170 0.998630
30.750000000 -6.527884 7.635615 2.265094 -0.011483 -0.012339 -0.049113 0.998651
30.755000000 -6.525853 7.633481 2.267915 -0.013095 -0.013620 -0.048057 0.998666
30.760000000 -6.523828 7.631353 2.270720 -0.014747 -0.014959 -0.047002 0.998674
30.765000000 -6.521809 7.629233 2.273509 -0.016440 -0.016358 -0.045949 0.998675
30.770000000 -6.519798 7.627121 2.276279 -0.018177 -0.017822 -0.044896 0.998667
30.775000000 -6.517794 7.625018 2.279029 -0.019961 -0.019356 -0.043843 0.998651
30.780000000 -6.515799 7.622924 2.281758 -0.021798 -0.020963 -0.042791 0.998626
30.785000000 -6.513813 7.620840 2.284465 -0.023691 -0.022648 -0.041738 0.998591
30.790000000 -6.511837 7.618767 2.287147 -0.025646 -0.024415 -0.040685 0.998544
30.795000000 -6.509871 7.616707 2.289803 -0.027669 -0.026269 -0.039631 0.998486
30.800000000 -6.507917 7.614659 2.292433 -0.029766 -0.028214 -0.038575 0.998414
30.805000000 -6.505974 7.612624 2.295033 -0.031944 -0.030254 -0.037516 0.998327
30.810000000 -6.504044 7.610604 2.297603 -0.034209 -0.032392 -0.036454 0.998224
30.815000000 -6.502128 7.608600 2.300140 -0.036565 -0.034630 -0.035388 0.998104
30.820000000 -6.500226 7.606611 2.302644 -0.039020 -0.036972 -0.034318 0.997964
30.825000000 -6.498339 7.604640 2.305112 -0.041579 -0.039417 -0.033242 0.997804
30.830000000 -6.496468 7.602687 2.307542 -0.044248 -0.041970 -0.032160 0.997620
30.835000000 -6.494614 7.600753 2.309934 -0.047030 -0.044628 -0.031072 0.997412
30.840000000 -6.492778 7.598839 2.312285 -0.049933 -0.047394 -0.029975 0.997177
30.845000000 -6.490961 7.596946 2.314593 -0.052958 -0.050267 -0.028869 0.996913
30.850000000 -6.489163 7.595075 2.316857 -0.056111 -0.053246 -0.027754 0.996617
30.855000000 -6.487387 7.593227 2.319074 -0.059395 -0.056328 -0.026628 0.996288
30.860000000 -6.485632 7.591404 2.321244 -0.062811 -0.059513 -0.025490 0.995923
30.865000000 -6.483901 7.589607 2.323365 -0.066363 -0.062798 -0.024339 0.995520
30.870000000 -6.482194 7.587836 2.325433 -0.070056 -0.066182 -0.023173 0.995075
30.875000000 -6.480512 7.586094 2.327449 -0.073888 -0.069661 -0.021993 0.994588
30.880000000 -6.478856 7.584380 2.329410 -0.077854 -0.073225 -0.020796 0.994054
30.885000000 -6.477229 7.582698 2.331314 -0.081942 -0.076862 -0.019583 0.993476
30.890000000 -6.475630 7.581047 2.333162 -0.086135 -0.080554 -0.018356 0.992852
30.895000000 -6.474061 7.579430 2.334951 -0.090414 -0.084280 -0.017116 0.992184
30.900000000 -6.472524 7.577849 2.336681 -0.094756 -0.088017 -0.015864 0.991475
30.905000000 -6.471020 7.576304 2.338352 -0.099136 -0.091743 -0.014602 0.990728
30.910000000 -6.469551 7.574797 2.339962 -0.103528 -0.095432 -0.013333 0.989948
30.915000000 -6.468117 7.573330 2.341511 -0.107905 -0.099057 -0.012060 0.989140
30.920000000 -6.466721 7.571905 2.342999 -0.112239 -0.102593 -0.010786 0.988312
30.925000000 -6.465363 7.570523 2.344425 -0.116502 -0.106015 -0.009513 0.987470
30.930000000 -6.464045 7.569185 2.345788 -0.120666 -0.109298 -0.008246 0.986623
30.935000000 -6.462769 7.567894 2.347088 -0.124704 -0.112419 -0.006987 0.985780
30.940000000 -6.461534 7.566651 2.348325 -0.128589 -0.115356 -0.005740 0.984949
30.945000000 -6.460344 7.565457 2.349499 -0.132296 -0.118088 -0.004509 0.984141
30.950000000 -6.459198 7.564314 2.350609 -0.135803 -0.120599 -0.003298 0.983363
30.955000000 -6.458098 7.563222 2.351654 -0.139088 -0.122872 -0.002109 0.982625
30.960000000 -6.457045 7.562184 2.352636 -0.142132 -0.124897 -0.000946 0.981936
30.965000000 -6.456040 7.561201 2.353553 -0.144921 -0.126663 0.000189 0.981302
30.970000000 -6.455084 7.560273 2.354405 -0.147441 -0.128165 0.001292 0.980731
30.975000000 -6.454176 7.559401 2.355193 -0.149683 -0.129400 0.002361 0.980227
30.980000000 -6.453319 7.558587 2.355917 -0.151640 -0.130368 0.003394 0.979795
30.985000000 -6.452512 7.557831 2.356576 -0.153310 -0.131074 0.004389 0.979437
30.990000000 -6.451756 7.557134 2.357170 -0.154694 -0.131524 0.005345 0.979154
30.995000000 -6.451051 7.556497 2.357701 -0.155794 -0.131727 0.006260 0.978947
31.000000000 -6.450397 7.555919 2.358167 -0.156615 -0.131692 0.007134 0.978815
31.005000000 -6.449795 7.555402 2.358570 -0.157166 -0.131433 0.007964 0.978755
31.010000000 -6.449245 7.554946 2.358909 -0.157453 -0.130962 0.008751 0.978765
31.015000000 -6.448746 7.554551 2.359186 -0.157485 -0.130291 0.009494 0.978842
31.020000000 -6.448299 7.554216 2.359400 -0.157260 -0.129424 0.010189 0.978987
31.025000000 -6.447903 7.553943 2.359553 -0.156773 -0.128364 0.010835 0.979197
31.030000000 -6.447558 7.553731 2.359645 -0.156013 -0.127106 0.011429 0.979476
31.035000000 -6.447265 7.553580 2.359678 -0.154970 -0.125647 0.011967 0.979823
31.040000000 -6.447022 7.553491 2.359653 -0.153632 -0.123982 0.012447 0.980240
31.045000000 -6.446830 7.553462 2.359572 -0.151983 -0.122102 0.012866 0.980728
31.050000000 -6.446688 7.553494 2.359435 -0.150009 -0.119999 0.013220 0.981286
31.055000000 -6.446595 7.553587 2.359245 -0.147698 -0.117666 0.013509 0.981915
31.060000000 -6.446552 7.553739 2.359004 -0.145038 -0.115096 0.013729 0.982613
31.065000000 -6.446557 7.553950 2.358712 -0.142022 -0.112287 0.013881 0.983376
31.070000000 -6.446609 7.554220 2.358373 -0.138646 -0.109236 0.013963 0.984200
31.075000000 -6.446708 7.554547 2.357989 -0.134907 -0.105943 0.013976 0.985079
31.080000000 -6.446852 7.554931 2.357561 -0.130806 -0.102408 0.013920 0.986006
31.085000000 -6.447041 7.555370 2.357093 -0.126349 -0.098637 0.013797 0.986973
31.090000000 -6.447274 7.555863 2.356586 -0.121544 -0.094634 0.013608 0.987971
31.095000000 -6.447548 7.556407 2.356043 -0.116404 -0.090408 0.013355 0.988988
31.100000000 -6.447862 7.557002 2.355467 -0.110946 -0.085969 0.013041 0.990015
31.105000000 -6.448215 7.557646 2.354860 -0.105190 -0.081331 0.012670 0.991040
31.110000000 -6.448605 7.558336 2.354225 -0.099161 -0.076510 0.012245 0.992050
31.115000000 -6.449030 7.559071 2.353565 -0.092887 -0.071523 0.011770 0.993035
31.120000000 -6.449488 7.559847 2.352883 -0.086400 -0.066390 0.011250 0.993982
31.125000000 -6.449977 7.560663 2.352181 -0.079733 -0.061135 0.010690 0.994882
31.130000000 -6.450494 7.561515 2.351463 -0.072925 -0.055781 0.010095 0.995725
31.135000000 -6.451038 7.562402 2.350730 -0.066012 -0.050353 0.009470 0.996503
31.140000000 -6.451606 7.563319 2.349987 -0.059036 -0.044879 0.008821 0.997207
31.145000000 -6.452196 7.564264 2.349234 -0.052039 -0.039388 0.008154 0.997835
31.150000000 -6.452805 7.565234 2.348476 -0.045061 -0.033906 0.007473 0.998381
31.155000000 -6.453431 7.566226 2.347715 -0.038142 -0.028463 0.006786 0.998844
31.160000000 -6.454070 7.567236 2.346953 -0.031322 -0.023086 0.006097 0.999224
31.165000000 -6.454722 7.568262 2.346192 -0.024641 -0.017805 0.005413 0.999523
31.170000000 -6.455382 7.569300 2.345435 -0.018136 -0.012648 0.004737 0.999744
31.175000000 -6.456048 7.570347 2.344683 -0.011845 -0.007644 0.004076 0.999892
31.180000000 -6.456718 7.571400 2.343937 -0.005804 -0.002822 0.003433 0.999973
31.185000000 -6.457390 7.572455 2.343200 -0.000047 0.001792 0.002813 0.999994
31.190000000 -6.458061 7.573511 2.342473 0.005395 0.006171 0.002220 0.999964
31.195000000 -6.458729 7.574564 2.341756 0.010493 0.010292 0.001657 0.999891
31.200000000 -6.459391 7.575612 2.341050 0.015219 0.014135 0.001127 0.999784
31.205000000 -6.460046 7.576652 2.340357 0.019528 0.017689 0.000633 0.999653
31.210000000 -6.460692 7.577681 2.339676 0.023378 0.020945 0.000176 0.999507
31.215000000 -6.461327 7.578699 2.339007 0.026737 0.023898 -0.000242 0.999357
31.220000000 -6.461950 7.579703 2.338351 0.029580 0.026544 -0.000620 0.999210
31.225000000 -6.462559 7.580691 2.337708 0.031892 0.028883 -0.000956 0.999073
31.230000000 -6.463153 7.581663 2.337078 0.033666 0.030915 -0.001249 0.998954
31.235000000 -6.463731 7.582618 2.336461 0.034903 0.032646 -0.001501 0.998856
31.240000000 -6.464292 7.583554 2.335857 0.035611 0.034082 -0.001710 0.998783
31.245000000 -6.464835 7.584472 2.335266 0.035804 0.035231 -0.001878 0.998736
31.250000000 -6.465361 7.585371 2.334687 0.035505 0.036105 -0.002005 0.998715
31.255000000 -6.465867 7.586252 2.334122 0.034739 0.036717 -0.002094 0.998720
31.260000000 -6.466355 7.587115 2.333569 0.033538 0.037081 -0.002145 0.998747
31.265000000 -6.466824 7.587961 2.333028 0.031937 0.037213 -0.002162 0.998795
31.270000000 -6.467273 7.588790 2.332501 0.029977 0.037132 -0.002145 0.998858
31.275000000 -6.467703 7.589603 2.331985 0.027699 0.036856 -0.002098 0.998934
31.280000000 -6.468114 7.590402 2.331483 0.025148 0.036404 -0.002024 0.999019
31.285000000 -6.468506 7.591188 2.330992 0.022370 0.035799 -0.001924 0.999107
31.290000000 -6.468880 7.591962 2.330514 0.019412 0.035060 -0.001803 0.999195
31.295000000 -6.469236 7.592726 2.330048 0.016322 0.034208 -0.001663 0.999280
31.300000000 -6.469574 7.593482 2.329595 0.013146 0.033265 -0.001506 0.999359
31.305000000 -6.469895 7.594231 2.329154 0.009931 0.032251 -0.001337 0.999430
31.310000000 -6.470199 7.594975 2.328724 0.006721 0.031188 -0.001157 0.999490
31.315000000 -6.470487 7.595715 2.328307 0.003559 0.030093 -0.000971 0.999540
31.320000000 -6.470760 7.596454 2.327902 0.000485 0.028988 -0.000779 0.999579
31.325000000 -6.471018 7.597192 2.327509 -0.002465 0.027888 -0.000585 0.999608
31.330000000 -6.471261 7.597931 2.327128 -0.005257 0.026811 -0.000391 0.999627
31.335000000 -6.471491 7.598673 2.326758 -0.007859 0.025772 -0.000200 0.999637
31.340000000 -6.471707 7.599419 2.326399 -0.010247 0.024784 -0.000012 0.999640
31.345000000 -6.471911 7.600171 2.326052 -0.012396 0.023859 0.000169 0.999638
31.350000000 -6.472102 7.600928 2.325716 -0.014290 0.023008 0.000343 0.999633
31.355000000 -6.472282 7.601693 2.325391 -0.015913 0.022240 0.000508 0.999626
31.360000000 -6.472450 7.602466 2.325077 -0.017255 0.021561 0.000663 0.999618
31.365000000 -6.472607 7.603248 2.324773 -0.018310 0.020978 0.000808 0.999612
31.370000000 -6.472754 7.604040 2.324480 -0.019077 0.020494 0.000942 0.999608
31.375000000 -6.472890 7.604841 2.324197 -0.019556 0.020112 0.001064 0.999606
31.380000000 -6.473015 7.605651 2.323923 -0.019752 0.019832 0.001176 0.999608
31.385000000 -6.473131 7.606473 2.323659 -0.019674 0.019654 0.001276 0.999612
31.390000000 -6.473236 7.607304 2.323405 -0.019333 0.019575 0.001365 0.999621
31.395000000 -6.473332 7.608145 2.323160 -0.018744 0.019593 0.001444 0.999631
31.400000000 -6.473418 7.608995 2.322924 -0.017924 0.019703 0.001513 0.999644
31.405000000 -6.473493 7.609855 2.322697 -0.016891 0.019899 0.001573 0.999658
31.410000000 -6.473559 7.610723 2.322478 -0.015667 0.020176 0.001625 0.999672
31.415000000 -6.473614 7.611599 2.322268 -0.014274 0.020525 0.001671 0.999686
31.420000000 -6.473659 7.612482 2.322066 -0.012735 0.020940 0.001710 0.999698
31.425000000 -6.473693 7.613372 2.321872 -0.011074 0.021411 0.001744 0.999708
31.430000000 -6.473716 7.614267 2.321687 -0.009317 0.021931 0.001775 0.999715
31.435000000 -6.473729 7.615167 2.321509 -0.007487 0.022489 0.001803 0.999717
31.440000000 -6.473729 7.616071 2.321338 -0.005610 0.023079 0.001830 0.999716
31.445000000 -6.473719 7.616978 2.321175 -0.003709 0.023689 0.001858 0.999711
31.450000000 -6.473696 7.617886 2.321019 -0.001808 0.024313 0.001887 0.999701
31.455000000 -6.473661 7.618796 2.320870 0.000072 0.024941 0.001918 0.999687
31.460000000 -6.473613 7.619705 2.320728 0.001910 0.025564 0.001953 0.999669
31.465000000 -6.473553 7.620614 2.320592 0.003686 0.026175 0.001992 0.999649
31.470000000 -6.473479 7.621521 2.320463 0.005383 0.026768 0.002038 0.999625
31.475000000 -6.473392 7.622425 2.320341 0.006985 0.027334 0.002090 0.999600
31.480000000 -6.473291 7.623325 2.320224 0.008479 0.027869 0.002150 0.999573
31.485000000 -6.473176 7.624221 2.320114 0.009853 0.028367 0.002219 0.999547
31.490000000 -6.473047 7.625113 2.320009 0.011096 0.028823 0.002296 0.999520
31.495000000 -6.472903 7.625998 2.319910 0.012202 0.029234 0.002384 0.999495
31.500000000 -6.472745 7.626878 2.319816 0.013166 0.029597 0.002482 0.999472
31.505000000 -6.472572 7.627751 2.319727 0.013982 0.029910 0.002591 0.999451
31.510000000 -6.472383 7.628617 2.319644 0.014651 0.030170 0.002711 0.999434
31.515000000 -6.472180 7.629476 2.319565 0.015173 0.030377 0.002843 0.999419
31.520000000 -6.471961 7.630327 2.319491 0.015549 0.030530 0.002987 0.999408
31.525000000 -6.471727 7.631171 2.319422 0.015785 0.030631 0.003143 0.999401
31.530000000 -6.471478 7.632006 2.319357 0.015885 0.030680 0.003311 0.999398
31.535000000 -6.471213 7.632834 2.319296 0.015857 0.030679 0.003492 0.999397
31.540000000 -6.470933 7.633654 2.319240 0.015708 0.030631 0.003684 0.999401
31.545000000 -6.470638 7.634466 2.319187 0.015449 0.030538 0.003888 0.999407
31.550000000 -6.470328 7.635270 2.319138 0.015089 0.030403 0.004103 0.999415
31.555000000 -6.470002 7.636067 2.319093 0.014639 0.030231 0.004331 0.999426
31.560000000 -6.469661 7.636857 2.319051 0.014111 0.030024 0.004569 0.999439
31.565000000 -6.469305 7.637640 2.319013 0.013516 0.029788 0.004819 0.999453
31.570000000 -6.468935 7.638416 2.318978 0.012867 0.029526 0.005079 0.999468
31.575000000 -6.468549 7.639185 2.318947 0.012177 0.029245 0.005349 0.999484
31.580000000 -6.468149 7.639949 2.318918 0.011456 0.028948 0.005630 0.999499
31.585000000 -6.467735 7.640707 2.318893 0.010717 0.028640 0.005920 0.999515
31.590000000 -6.467306 7.641460 2.318870 0.009972 0.028325 0.006220 0.999530
31.595000000 -6.466864 7.642208 2.318850 0.009231 0.028008 0.006529 0.999544
31.600000000 -6.466407 7.642951 2.318833 0.008506 0.027693 0.006847 0.999557
31.605000000 -6.465937 7.643690 2.318818 0.007806 0.027382 0.007173 0.999569
31.610000000 -6.465453 7.644426 2.318806 0.007140 0.027079 0.007508 0.999580
31.615000000 -6.464955 7.645158 2.318796 0.006517 0.026787 0.007850 0.999589
31.620000000 -6.464444 7.645887 2.318788 0.005945 0.026509 0.008200 0.999597
31.625000000 -6.463920 7.646613 2.318783 0.005430 0.026245 0.008558 0.999604
31.630000000 -6.463384 7.647336 2.318780 0.004978 0.025999 0.008923 0.999610
31.635000000 -6.462834 7.648057 2.318778 0.004593 0.025771 0.009294 0.999614
31.640000000 -6.462271 7.648776 2.318779 0.004278 0.025562 0.009673 0.999617
31.645000000 -6.461696 7.649493 2.318781 0.004037 0.025373 0.010059 0.999619
31.650000000 -6.461108 7.650208 2.318785 0.003871 0.025204 0.010451 0.999620
31.655000000 -6.460508 7.650921 2.318791 0.003779 0.025053 0.010850 0.999620
31.660000000 -6.459895 7.651633 2.318798 0.003763 0.024922 0.011256 0.999619
31.665000000 -6.459271 7.652342 2.318806 0.003819 0.024808 0.011668 0.999617
31.670000000 -6.458633 7.653050 2.318816 0.003946 0.024712 0.012086 0.999614
31.675000000 -6.457984 7.653757 2.318827 0.004141 0.024633 0.012512 0.999610
31.680000000 -6.457323 7.654461 2.318840 0.004401 0.024568 0.012944 0.999605
31.685000000 -6.456649 7.655163 2.318853 0.004720 0.024517 0.013383 0.999599
31.690000000 -6.455963 7.655863 2.318867 0.005094 0.024478 0.013829 0.999592
31.695000000 -6.455265 7.656561 2.318882 0.005517 0.024448 0.014283 0.999584
31.700000000 -6.454555 7.657256 2.318898 0.005985 0.024427 0.014743 0.999575
31.705000000 -6.453833 7.657948 2.318914 0.006490 0.024411 0.015211 0.999565
31.710000000 -6.453099 7.658637 2.318932 0.007026 0.024400 0.015687 0.999554
31.715000000 -6.452353 7.659323 2.318949 0.007588 0.024391 0.016170 0.999543
31.720000000 -6.451595 7.660006 2.318967 0.008168 0.024383 0.016660 0.999530
31.725000000 -6.450825 7.660684 2.318986 0.008761 0.024373 0.017158 0.999517
31.730000000 -6.450043 7.661359 2.319005 0.009361 0.024361 0.017665 0.999503
31.735000000 -6.449249 7.662029 2.319024 0.009961 0.024345 0.018179 0.999489
31.740000000 -6.448443 7.662694 2.319043 0.010556 0.024323 0.018701 0.999473
31.745000000 -6.447624 7.663355 2.319062 0.011140 0.024294 0.019232 0.999458
31.750000000 -6.446794 7.664010 2.319082 0.011709 0.024257 0.019771 0.999442
31.755000000 -6.445952 7.664660 2.319101 0.012258 0.024211 0.020318 0.999425
31.760000000 -6.445098 7.665303 2.319120 0.012782 0.024155 0.020874 0.999409
31.765000000 -6.444231 7.665941 2.319139 0.013280 0.024089 0.021437 0.999392
31.770000000 -6.443353 7.666573 2.319158 0.013746 0.024013 0.022010 0.999375
31.775000000 -6.442463 7.667198 2.319176 0.014179 0.023925 0.022591 0.999358
31.780000000 -6.441561 7.667816 2.319194 0.014578 0.023827 0.023180 0.999341
31.785000000 -6.440648 7.668428 2.319211 0.014939 0.023718 0.023778 0.999324
31.790000000 -6.439722 7.669032 2.319228 0.015263 0.023598 0.024384 0.999308
31.795000000 -6.438785 7.669629 2.319244 0.015549 0.023469 0.024999 0.999291
31.800000000 -6.437836 7.670219 2.319260 0.015797 0.023331 0.025622 0.999275
31.805000000 -6.436876 7.670802 2.319275 0.016007 0.023184 0.026254 0.999258
31.810000000 -6.435904 7.671376 2.319289 0.016182 0.023029 0.026893 0.999242
31.815000000 -6.434920 7.671944 2.319303 0.016320 0.022867 0.027541 0.999226
31.820000000 -6.433925 7.672503 2.319316 0.016426 0.022698 0.028197 0.999210
31.825000000 -6.432919 7.673055 2.319327 0.016500 0.022524 0.028860 0.999193
31.830000000 -6.431902 7.673599 2.319338 0.016545 0.022345 0.029531 0.999177
31.835000000 -6.430873 7.674135 2.319348 0.016563 0.022162 0.030209 0.999161
31.840000000 -6.429834 7.674664 2.319357 0.016558 0.021977 0.030895 0.999144
31.845000000 -6.428783 7.675185 2.319365 0.016532 0.021791 0.031588 0.999127
31.850000000 -6.427722 7.675698 2.319372 0.016488 0.021605 0.032288 0.999109
31.855000000 -6.426650 7.676203 2.319378 0.016430 0.021419 0.032995 0.999091
31.860000000 -6.425567 7.676700 2.319382 0.016360 0.021235 0.033709 0.999072
31.865000000 -6.424474 7.677190 2.319385 0.016282 0.021054 0.034429 0.999053
31.870000000 -6.423370 7.677673 2.319387 0.016198 0.020877 0.035155 0.999032
31.875000000 -6.422255 7.678147 2.319388 0.016112 0.020705 0.035888 0.999011
31.880000000 -6.421130 7.678615 2.319388 0.016027 0.020537 0.036627 0.998989
31.885000000 -6.419995 7.679074 2.319386 0.015944 0.020375 0.037371 0.998966
31.890000000 -6.418850 7.679527 2.319383 0.015867 0.020219 0.038121 0.998943
31.895000000 -6.417694 7.679972 2.319379 0.015798 0.020071 0.038876 0.998918
31.900000000 -6.416529 7.680409 2.319373 0.015740 0.019930 0.039637 0.998891
31.905000000 -6.415353 7.680839 2.319365 0.015693 0.019797 0.040404 0.998864
31.910000000 -6.414168 7.681263 2.319357 0.015659 0.019672 0.041175 0.998836
31.915000000 -6.412973 7.681678 2.319346 0.015641 0.019556 0.041952 0.998806
31.920000000 -6.411768 7.682087 2.319335 0.015638 0.019447 0.042733 0.998775
31.925000000 -6.410553 7.682488 2.319321 0.015652 0.019346 0.043519 0.998743
31.930000000 -6.409328 7.682882 2.319306 0.015683 0.019253 0.044310 0.998709
31.935000000 -6.408094 7.683269 2.319290 0.015731 0.019168 0.045105 0.998674
31.940000000 -6.406850 7.683649 2.319272 0.015797 0.019090 0.045905 0.998638
31.945000000 -6.405596 7.684021 2.319252 0.015881 0.019019 0.046709 0.998601
31.950000000 -6.404333 7.684386 2.319231 0.015981 0.018955 0.047517 0.998563
31.955000000 -6.403061 7.684744 2.319208 0.016098 0.018896 0.048329 0.998523
31.960000000 -6.401778 7.685094 2.319183 0.016230 0.018844 0.049144 0.998482
31.965000000 -6.400487 7.685437 2.319156 0.016377 0.018796 0.049964 0.998440
31.970000000 -6.399185 7.685772 2.319128 0.016537 0.018753 0.050787 0.998396
31.975000000 -6.397874 7.686100 2.319098 0.016709 0.018714 0.051614 0.998352
31.980000000 -6.396554 7.686420 2.319066 0.016892 0.018678 0.052444 0.998306
31.985000000 -6.395224 7.686732 2.319032 0.017085 0.018646 0.053277 0.998259
31.990000000 -6.393885 7.687036 2.318997 0.017286 0.018616 0.054114 0.998212
31.995000000 -6.392536 7.687333 2.318959 0.017494 0.018588 0.054954 0.998163
32.000000000 -6.391178 7.687621 2.318920 0.017707 0.018561 0.055798 0.998113
32.005000000 -6.389811 7.687902 2.318879 0.017923 0.018535 0.056643 0.998062
32.010000000 -6.388433 7.688174 2.318836 0.018140 0.018509 0.057492 0.998010
32.015000000 -6.387047 7.688437 2.318791 0.018359 0.018482 0.058343 0.997957
32.020000000 -6.385651 7.688693 2.318744 0.018576 0.018455 0.059197 0.997903
32.025000000 -6.384245 7.688940 2.318695 0.018791 0.018426 0.060053 0.997848
32.030000000 -6.382830 7.689178 2.318644 0.019002 0.018396 0.060911 0.997793
32.035000000 -6.381406 7.689408 2.318591 0.019209 0.018364 0.061772 0.997736
32.040000000 -6.379972 7.689628 2.318536 0.019411 0.018330 0.062634 0.997679
32.045000000 -6.378529 7.689840 2.318479 0.019606 0.018293 0.063498 0.997622
32.050000000 -6.377076 7.690043 2.318420 0.019794 0.018254 0.064364 0.997563
32.055000000 -6.375613 7.690237 2.318359 0.019975 0.018212 0.065232 0.997504
32.060000000 -6.374142 7.690422 2.318296 0.020149 0.018167 0.066101 0.997444
32.065000000 -6.372661 7.690598 2.318231 0.020315 0.018118 0.066971 0.997384
32.070000000 -6.371170 7.690764 2.318164 0.020472 0.018066 0.067843 0.997322
32.075000000 -6.369670 7.690921 2.318095 0.020622 0.018010 0.068716 0.997260
32.080000000 -6.368161 7.691068 2.318023 0.020764 0.017951 0.069590 0.997198
32.085000000 -6.366642 7.691206 2.317950 0.020898 0.017887 0.070465 0.997135
32.090000000 -6.365114 7.691335 2.317875 0.021025 0.017820 0.071341 0.997071
32.095000000 -6.363577 7.691454 2.317798 0.021146 0.017749 0.072218 0.997007
32.100000000 -6.362030 7.691563 2.317719 0.021260 0.017675 0.073095 0.996942
32.105000000 -6.360474 7.691662 2.317638 0.021369 0.017599 0.073972 0.996876
32.110000000 -6.358909 7.691752 2.317554 0.021472 0.017519 0.074850 0.996810
32.115000000 -6.357334 7.691832 2.317469 0.021571 0.017436 0.075728 0.996743
32.120000000 -6.355750 7.691902 2.317382 0.021667 0.017350 0.076607 0.996675
32.125000000 -6.354157 7.691962 2.317293 0.021759 0.017263 0.077485 0.996607
32.130000000 -6.352555 7.692013 2.317202 0.021849 0.017174 0.078363 0.996537
32.135000000 -6.350944 7.692053 2.317109 0.021938 0.017083 0.079241 0.996468
32.140000000 -6.349324 7.692083 2.317014 0.022027 0.016992 0.080119 0.996397
32.145000000 -6.347695 7.692104 2.316917 0.022115 0.016900 0.080996 0.996326
32.150000000 -6.346056 7.692114 2.316819 0.022205 0.016809 0.081874 0.996254
32.155000000 -6.344409 7.692114 2.316718 0.022296 0.016718 0.082751 0.996181
32.160000000 -6.342753 7.692104 2.316616 0.022389 0.016627 0.083627 0.996107
32.165000000 -6.341087 7.692084 2.316511 0.022485 0.016538 0.084503 0.996032
32.170000000 -6.339413 7.692054 2.316405 0.022584 0.016450 0.085378 0.995957
32.175000000 -6.337730 7.692013 2.316297 0.022686 0.016364 0.086252 0.995881
32.180000000 -6.336038 7.691962 2.316187 0.022792 0.016279 0.087126 0.995803
32.185000000 -6.334338 7.691901 2.316075 0.022902 0.016196 0.087998 0.995726
32.190000000 -6.332628 7.691829 2.315962 0.023017 0.016116 0.088870 0.995647
32.195000000 -6.330910 7.691746 2.315847 0.023135 0.016038 0.089740 0.995567
32.200000000 -6.329183 7.691654 2.315730 0.023259 0.015962 0.090609 0.995487
32.205000000 -6.327448 7.691550 2.315611 0.023387 0.015888 0.091477 0.995406
32.210000000 -6.325703 7.691436 2.315491 0.023519 0.015816 0.092343 0.995324
32.215000000 -6.323950 7.691311 2.315369 0.023655 0.015746 0.093208 0.995241
32.220000000 -6.322189 7.691176 2.315245 0.023796 0.015680 0.094072 0.995157
32.225000000 -6.320418 7.691029 2.315119 0.023940 0.015615 0.094934 0.995073
32.230000000 -6.318639 7.690872 2.314992 0.024089 0.015553 0.095795 0.994988
32.235000000 -6.316852 7.690704 2.314863 0.024242 0.015493 0.096654 0.994902
32.240000000 -6.315056 7.690525 2.314733 0.024397 0.015436 0.097512 0.994816
32.245000000 -6.313251 7.690334 2.314601 0.024556 0.015380 0.098367 0.994728
32.250000000 -6.311438 7.690133 2.314467 0.024718 0.015327 0.099221 0.994640
32.255000000 -6.309616 7.689920 2.314332 0.024881 0.015276 0.100074 0.994552
32.260000000 -6.307786 7.689696 2.314195 0.025047 0.015226 0.100924 0.994462
32.265000000 -6.305947 7.689460 2.314057 0.025214 0.015178 0.101771 0.994372
32.270000000 -6.304099 7.689213 2.313917 0.025382 0.015131 0.102617 0.994282
32.275000000 -6.302243 7.688955 2.313776 0.025552 0.015087 0.103460 0.994191
32.280000000 -6.300379 7.688685 2.313633 0.025721 0.015043 0.104301 0.994099
32.285000000 -6.298505 7.688403 2.313489 0.025892 0.015001 0.105140 0.994007
32.290000000 -6.296624 7.688109 2.313343 0.026062 0.014960 0.105975 0.993915
32.295000000 -6.294734 7.687804 2.313196 0.026231 0.014921 0.106809 0.993822
32.300000000 -6.292835 7.687486 2.313048 0.026401 0.014882 0.107639 0.993728
32.305000000 -6.290928 7.687157 2.312898 0.026569 0.014845 0.108467 0.993634
32.310000000 -6.289012 7.686815 2.312746 0.026737 0.014808 0.109292 0.993540
32.315000000 -6.287087 7.686461 2.312594 0.026901 0.014771 0.110114 0.993445
32.320000000 -6.285154 7.686095 2.312440 0.027044 0.014724 0.110934 0.993351
32.325000000 -6.283213 7.685717 2.312284 0.027146 0.014653 0.111750 0.993257
32.330000000 -6.281263 7.685326 2.312127 0.027188 0.014550 0.112563 0.993166
32.335000000 -6.279305 7.684923 2.311969 0.027156 0.014406 0.113373 0.993077
32.340000000 -6.277338 7.684508 2.311809 0.027039 0.014215 0.114179 0.992990
32.345000000 -6.275363 7.684080 2.311647 0.026828 0.013972 0.114981 0.992907
32.350000000 -6.273380 7.683640 2.311484 0.026517 0.013674 0.115779 0.992827
32.355000000 -6.271388 7.683188 2.311319 0.026104 0.013321 0.116574 0.992750
32.360000000 -6.269389 7.682724 2.311152 0.025588 0.012912 0.117365 0.992675
32.365000000 -6.267382 7.682249 2.310984 0.024971 0.012448 0.118152 0.992603
32.370000000 -6.265368 7.681762 2.310814 0.024258 0.011934 0.118934 0.992534
32.375000000 -6.263347 7.681264 2.310643 0.023453 0.011371 0.119713 0.992466
32.380000000 -6.261319 7.680756 2.310470 0.022565 0.010767 0.120487 0.992400
32.385000000 -6.259284 7.680237 2.310296 0.021603 0.010125 0.121257 0.992334
32.390000000 -6.257244 7.679708 2.310121 0.020577 0.009452 0.122023 0.992269
32.395000000 -6.255198 7.679170 2.309944 0.019498 0.008755 0.122784 0.992203
32.400000000 -6.253146 7.678623 2.309765 0.018377 0.008041 0.123540 0.992137
32.405000000 -6.251089 7.678068 2.309586 0.017226 0.007317 0.124292 0.992069
32.410000000 -6.249028 7.677505 2.309405 0.016059 0.006591 0.125039 0.992000
32.415000000 -6.246963 7.676934 2.309224 0.014887 0.005870 0.125782 0.991929
32.420000000 -6.244895 7.676357 2.309041 0.013724 0.005160 0.126520 0.991856
32.425000000 -6.242823 7.675773 2.308857 0.012580 0.004470 0.127253 0.991780
32.430000000 -6.240748 7.675184 2.308672 0.011468 0.003806 0.127982 0.991703
32.435000000 -6.238670 7.674589 2.308486 0.010399 0.003175 0.128706 0.991623
32.440000000 -6.236591 7.673990 2.308299 0.009383 0.002580 0.129426 0.991541
32.445000000 -6.234510 7.673386 2.308111 0.008429 0.002029 0.130141 0.991458
32.450000000 -6.232427 7.672778 2.307922 0.007545 0.001526 0.130852 0.991372
32.455000000 -6.230344 7.672166 2.307733 0.006739 0.001073 0.131558 0.991285
32.460000000 -6.228259 7.671552 2.307543 0.006016 0.000674 0.132260 0.991197
32.465000000 -6.226174 7.670934 2.307352 0.005381 0.000332 0.132957 0.991107
32.470000000 -6.224088 7.670314 2.307160 0.004839 0.000048 0.133650 0.991017
32.475000000 -6.222002 7.669692 2.306968 0.004392 -0.000177 0.134339 0.990926
32.480000000 -6.219916 7.669068 2.306775 0.004041 -0.000342 0.135023 0.990834
32.485000000 -6.217830 7.668441 2.306581 0.003787 -0.000448 0.135702 0.990742
32.490000000 -6.215744 7.667813 2.306387 0.003629 -0.000496 0.136377 0.990650
32.495000000 -6.213659 7.667183 2.306192 0.003565 -0.000488 0.137047 0.990558
32.500000000 -6.211573 7.666552 2.305996 0.003591 -0.000427 0.137712 0.990466
32.505000000 -6.209487 7.665918 2.305800 0.003705 -0.000314 0.138372 0.990373
32.510000000 -6.207402 7.665283 2.305603 0.003902 -0.000154 0.139027 0.990281
32.515000000 -6.205316 7.664646 2.305406 0.004175 0.000050 0.139677 0.990188
32.520000000 -6.203230 7.664007 2.305208 0.004520 0.000293 0.140322 0.990096
32.525000000 -6.201144 7.663366 2.305010 0.004928 0.000571 0.140961 0.990003
32.530000000 -6.199057 7.662722 2.304811 0.005395 0.000880 0.141595 0.989910
32.535000000 -6.196969 7.662076 2.304612 0.005911 0.001215 0.142222 0.989816
32.540000000 -6.194881 7.661427 2.304412 0.006469 0.001570 0.142844 0.989723
32.545000000 -6.192791 7.660775 2.304212 0.007062 0.001941 0.143460 0.989629
32.550000000 -6.190700 7.660120 2.304011 0.007682 0.002325 0.144070 0.989535
32.555000000 -6.188608 7.659462 2.303810 0.008322 0.002715 0.144673 0.989441
32.560000000 -6.186513 7.658799 2.303608 0.008974 0.003108 0.145271 0.989346
32.565000000 -6.184417 7.658133 2.303406 0.009631 0.003499 0.145862 0.989252
32.570000000 -6.182319 7.657462 2.303204 0.010285 0.003884 0.146447 0.989157
32.575000000 -6.180217 7.656786 2.303001 0.010931 0.004259 0.147026 0.989063
32.580000000 -6.178114 7.656106 2.302798 0.011561 0.004621 0.147598 0.988969
32.585000000 -6.176007 7.655420 2.302595 0.012171 0.004967 0.148164 0.988875
32.590000000 -6.173897 7.654729 2.302391 0.012756 0.005294 0.148723 0.988782
32.595000000 -6.171783 7.654032 2.302187 0.013310 0.005600 0.149276 0.988690
32.600000000 -6.169666 7.653329 2.301983 0.013830 0.005882 0.149822 0.988599
32.605000000 -6.167546 7.652619 2.301778 0.014313 0.006140 0.150362 0.988508
32.610000000 -6.165421 7.651904 2.301573 0.014756 0.006371 0.150896 0.988419
32.615000000 -6.163292 7.651181 2.301368 0.015157 0.006576 0.151422 0.988331
32.620000000 -6.161159 7.650452 2.301162 0.015515 0.006754 0.151942 0.988245
32.625000000 -6.159022 7.649716 2.300956 0.015828 0.006905 0.152456 0.988159
32.630000000 -6.156880 7.648973 2.300750 0.016097 0.007029 0.152963 0.988076
32.635000000 -6.154734 7.648222 2.300544 0.016321 0.007126 0.153463 0.987994
32.640000000 -6.152583 7.647465 2.300338 0.016503 0.007198 0.153956 0.987914
32.645000000 -6.150428 7.646699 2.300131 0.016642 0.007246 0.154443 0.987835
32.650000000 -6.148268 7.645927 2.299924 0.016741 0.007272 0.154924 0.987758
32.655000000 -6.146103 7.645146 2.299717 0.016803 0.007277 0.155397 0.987682
32.660000000 -6.143933 7.644359 2.299510 0.016830 0.007263 0.155864 0.987608
32.665000000 -6.141759 7.643563 2.299303 0.016825 0.007233 0.156325 0.987536
32.670000000 -6.139580 7.642761 2.299095 0.016792 0.007188 0.156779 0.987465
32.675000000 -6.137397 7.641950 2.298888 0.016733 0.007132 0.157227 0.987395
32.680000000 -6.135209 7.641132 2.298680 0.016654 0.007067 0.157668 0.987326
32.685000000 -6.133016 7.640307 2.298472 0.016556 0.006995 0.158103 0.987259
32.690000000 -6.130819 7.639474 2.298265 0.016444 0.006918 0.158531 0.987193
32.695000000 -6.128617 7.638634 2.298057 0.016321 0.006838 0.158953 0.987128
32.700000000 -6.126411 7.637786 2.297849 0.016192 0.006757 0.159369 0.987063
32.705000000 -6.124200 7.636931 2.297642 0.016059 0.006678 0.159778 0.987000
32.710000000 -6.121985 7.636069 2.297434 0.015925 0.006601 0.160182 0.986937
32.715000000 -6.119765 7.635200 2.297226 0.015794 0.006529 0.160579 0.986875
32.720000000 -6.117542 7.634324 2.297019 0.015669 0.006462 0.160969 0.986814
32.725000000 -6.115314 7.633440 2.296811 0.015553 0.006402 0.161354 0.986753
32.730000000 -6.113081 7.632550 2.296604 0.015448 0.006350 0.161733 0.986693
32.735000000 -6.110845 7.631653 2.296396 0.015357 0.006307 0.162105 0.986634
32.740000000 -6.108605 7.630749 2.296189 0.015281 0.006274 0.162472 0.986575
32.745000000 -6.106360 7.629838 2.295982 0.015223 0.006250 0.162832 0.986517
32.750000000 -6.104111 7.628920 2.295775 0.015183 0.006236 0.163186 0.986459
32.755000000 -6.101858 7.627995 2.295568 0.015163 0.006233 0.163534 0.986401
32.760000000 -6.099601 7.627064 2.295361 0.015164 0.006240 0.163877 0.986345
32.765000000 -6.097340 7.626126 2.295154 0.015187 0.006257 0.164213 0.986288
32.770000000 -6.095075 7.625181 2.294947 0.015231 0.006284 0.164544 0.986232
32.775000000 -6.092805 7.624229 2.294740 0.015296 0.006321 0.164869 0.986177
32.780000000 -6.090532 7.623270 2.294534 0.015383 0.006367 0.165188 0.986122
32.785000000 -6.088254 7.622305 2.294327 0.015491 0.006420 0.165501 0.986067
32.790000000 -6.085972 7.621332 2.294121 0.015618 0.006481 0.165809 0.986013
32.795000000 -6.083685 7.620353 2.293914 0.015763 0.006549 0.166112 0.985959
32.800000000 -6.081395 7.619366 2.293708 0.015926 0.006621 0.166409 0.985906
32.805000000 -6.079100 7.618373 2.293502 0.016104 0.006698 0.166700 0.985853
32.810000000 -6.076800 7.617372 2.293296 0.016296 0.006778 0.166986 0.985801
32.815000000 -6.074496 7.616364 2.293089 0.016500 0.006860 0.167266 0.985750
32.820000000 -6.072187 7.615349 2.292883 0.016714 0.006943 0.167541 0.985699
32.825000000 -6.069874 7.614326 2.292677 0.016937 0.007027 0.167811 0.985649
32.830000000 -6.067557 7.613295 2.292471 0.017167 0.007110 0.168075 0.985599
32.835000000 -6.065234 7.612257 2.292265 0.017402 0.007191 0.168335 0.985550
32.840000000 -6.062907 7.611211 2.292059 0.017641 0.007271 0.168589 0.985502
32.845000000 -6.060574 7.610158 2.291853 0.017881 0.007348 0.168838 0.985454
32.850000000 -6.058237 7.609096 2.291647 0.018122 0.007421 0.169082 0.985407
32.855000000 -6.055895 7.608026 2.291441 0.018360 0.007490 0.169321 0.985361
32.860000000 -6.053548 7.606948 2.291235 0.018595 0.007555 0.169556 0.985316
32.865000000 -6.051196 7.605862 2.291029 0.018826 0.007614 0.169785 0.985272
32.870000000 -6.048839 7.604767 2.290823 0.019050 0.007668 0.170010 0.985228
32.875000000 -6.046476 7.603664 2.290617 0.019267 0.007716 0.170230 0.985186
32.880000000 -6.044109 7.602552 2.290410 0.019475 0.007757 0.170445 0.985144
32.885000000 -6.041736 7.601431 2.290204 0.019674 0.007792 0.170656 0.985103
32.890000000 -6.039358 7.600302 2.289998 0.019863 0.007821 0.170861 0.985064
32.895000000 -6.036974 7.599164 2.289791 0.020040 0.007843 0.171063 0.985025
32.900000000 -6.034586 7.598017 2.289585 0.020206 0.007858 0.171260 0.984987
32.905000000 -6.032191 7.596860 2.289378 0.020360 0.007868 0.171452 0.984951
32.910000000 -6.029792 7.595695 2.289172 0.020502 0.007870 0.171640 0.984915
32.915000000 -6.027387 7.594520 2.288965 0.020632 0.007867 0.171824 0.984880
32.920000000 -6.024977 7.593337 2.288758 0.020750 0.007858 0.172003 0.984847
32.925000000 -6.022561 7.592144 2.288551 0.020855 0.007844 0.172178 0.984814
32.930000000 -6.020140 7.590941 2.288344 0.020950 0.007825 0.172349 0.984782
32.935000000 -6.017713 7.589730 2.288136 0.021034 0.007801 0.172515 0.984751
32.940000000 -6.015281 7.588508 2.287929 0.021107 0.007774 0.172677 0.984722
32.945000000 -6.012844 7.587278 2.287722 0.021170 0.007743 0.172835 0.984693
32.950000000 -6.010401 7.586037 2.287514 0.021224 0.007709 0.172989 0.984665
32.955000000 -6.007953 7.584788 2.287306 0.021270 0.007672 0.173139 0.984638
32.960000000 -6.005499 7.583528 2.287098 0.021308 0.007633 0.173285 0.984612
32.965000000 -6.003041 7.582260 2.286890 0.021340 0.007592 0.173427 0.984586
32.970000000 -6.000576 7.580981 2.286682 0.021365 0.007550 0.173564 0.984562
32.975000000 -5.998107 7.579693 2.286474 0.021386 0.007507 0.173698 0.984538
32.980000000 -5.995632 7.578396 2.286265 0.021402 0.007463 0.173828 0.984515
32.985000000 -5.993152 7.577088 2.286056 0.021415 0.007420 0.173954 0.984493
32.990000000 -5.990667 7.575771 2.285847 0.021426 0.007376 0.174076 0.984472
32.995000000 -5.988176 7.574445 2.285638 0.021435 0.007333 0.174194 0.984451
33.000000000 -5.985680 7.573109 2.285429 0.021442 0.007290 0.174308 0.984431
33.005000000 -5.983179 7.571763 2.285220 0.021450 0.007249 0.174418 0.984411
33.010000000 -5.980673 7.570407 2.285010 0.021458 0.007208 0.174525 0.984393
33.015000000 -5.978162 7.569042 2.284800 0.021466 0.007169 0.174628 0.984374
33.020000000 -5.975645 7.567668 2.284590 0.021476 0.007131 0.174727 0.984357
33.025000000 -5.973124 7.566283 2.284380 0.021487 0.007093 0.174823 0.984340
33.030000000 -5.970597 7.564889 2.284169 0.021500 0.007057 0.174914 0.984324
33.035000000 -5.968065 7.563485 2.283959 0.021515 0.007022 0.175003 0.984308
33.040000000 -5.965528 7.562072 2.283748 0.021533 0.006988 0.175087 0.984293
33.045000000 -5.962986 7.560648 2.283537 0.021554 0.006956 0.175168 0.984278
33.050000000 -5.960439 7.559215 2.283326 0.021580 0.006926 0.175246 0.984264
33.055000000 -5.957887 7.557773 2.283114 0.021609 0.006897 0.175320 0.984250
33.060000000 -5.955330 7.556320 2.282902 0.021643 0.006871 0.175391 0.984237
33.065000000 -5.952768 7.554858 2.282691 0.021681 0.006846 0.175458 0.984224
33.070000000 -5.950201 7.553386 2.282478 0.021723 0.006823 0.175522 0.984212
33.075000000 -5.947629 7.551904 2.282266 0.021769 0.006802 0.175582 0.984201
33.080000000 -5.945052 7.550413 2.282053 0.021820 0.006782 0.175639 0.984189
33.085000000 -5.942470 7.548911 2.281840 0.021875 0.006765 0.175693 0.984179
33.090000000 -5.939883 7.547400 2.281627 0.021935 0.006749 0.175744 0.984168
33.095000000 -5.937291 7.545878 2.281414 0.021998 0.006735 0.175792 0.984158
33.100000000 -5.934694 7.544347 2.281200 0.022065 0.006722 0.175836 0.984149
33.105000000 -5.932092 7.542806 2.280986 0.022135 0.006709 0.175878 0.984140
33.110000000 -5.929485 7.541255 2.280771 0.022209 0.006698 0.175916 0.984132
33.115000000 -5.926873 7.539694 2.280557 0.022286 0.006687 0.175951 0.984124
33.120000000 -5.924256 7.538122 2.280342 0.022365 0.006675 0.175984 0.984116
33.125000000 -5.921634 7.536541 2.280127 0.022446 0.006663 0.176013 0.984109
33.130000000 -5.919007 7.534950 2.279911 0.022529 0.006650 0.176039 0.984103
33.135000000 -5.916375 7.533348 2.279695 0.022614 0.006636 0.176063 0.984097
33.140000000 -5.913738 7.531736 2.279479 0.022701 0.006620 0.176083 0.984091
33.145000000 -5.911097 7.530114 2.279262 0.022789 0.006601 0.176101 0.984086
33.150000000 -5.908450 7.528481 2.279045 0.022877 0.006580 0.176116 0.984082
33.155000000 -5.905798 7.526838 2.278828 0.022966 0.006555 0.176128 0.984077
33.160000000 -5.903141 7.525185 2.278611 0.023055 0.006527 0.176138 0.984074
33.165000000 -5.900480 7.523521 2.278393 0.023144 0.006495 0.176144 0.984071
33.170000000 -5.897813 7.521847 2.278174 0.023233 0.006459 0.176148 0.984068
33.175000000 -5.895141 7.520162 2.277955 0.023321 0.006419 0.176150 0.984066
33.180000000 -5.892465 7.518467 2.277736 0.023408 0.006374 0.176148 0.984065
33.185000000 -5.889784 7.516761 2.277517 0.023495 0.006325 0.176144 0.984064
33.190000000 -5.887097 7.515044 2.277296 0.023580 0.006271 0.176138 0.984063
33.195000000 -5.884406 7.513317 2.277076 0.023665 0.006213 0.176129 0.984063
33.200000000 -5.881710 7.511578 2.276855 0.023749 0.006150 0.176117 0.984063
33.205000000 -5.879009 7.509829 2.276634 0.023833 0.006084 0.176103 0.984064
33.210000000 -5.876304 7.508070 2.276412 0.023916 0.006014 0.176087 0.984066
33.215000000 -5.873593 7.506299 2.276190 0.023998 0.005940 0.176068 0.984068
33.220000000 -5.870878 7.504517 2.275967 0.024080 0.005864 0.176047 0.984070
33.225000000 -5.868158 7.502725 2.275744 0.024161 0.005784 0.176023 0.984072
33.230000000 -5.865433 7.500921 2.275520 0.024242 0.005701 0.175998 0.984076
33.235000000 -5.862704 7.499106 2.275296 0.024322 0.005616 0.175970 0.984079
33.240000000 -5.859970 7.497281 2.275071 0.024401 0.005528 0.175940 0.984083
33.245000000 -5.857232 7.495444 2.274846 0.024480 0.005438 0.175907 0.984087
33.250000000 -5.854489 7.493595 2.274620 0.024557 0.005346 0.175873 0.984092
33.255000000 -5.851742 7.491736 2.274393 0.024632 0.005252 0.175836 0.984097
33.260000000 -5.848990 7.489865 2.274166 0.024707 0.005157 0.175798 0.984103
33.265000000 -5.846233 7.487983 2.273939 0.024780 0.005061 0.175757 0.984109
33.270000000 -5.843473 7.486090 2.273711 0.024854 0.004965 0.175715 0.984115
33.275000000 -5.840708 7.484185 2.273482 0.024928 0.004869 0.175670 0.984121
33.280000000 -5.837938 7.482269 2.273253 0.025001 0.004773 0.175624 0.984128
33.285000000 -5.835165 7.480341 2.273023 0.025074 0.004678 0.175576 0.984135
33.290000000 -5.832387 7.478402 2.272793 0.025148 0.004584 0.175526 0.984143
33.295000000 -5.829605 7.476451 2.272562 0.025221 0.004491 0.175475 0.984151
33.300000000 -5.826819 7.474488 2.272331 0.025294 0.004399 0.175421 0.984159
33.305000000 -5.824029 7.472514 2.272098 0.025367 0.004308 0.175366 0.984167
33.310000000 -5.821235 7.470528 2.271865 0.025439 0.004218 0.175309 0.984176
33.315000000 -5.818437 7.468530 2.271632 0.025512 0.004130 0.175251 0.984184
33.320000000 -5.815634 7.466521 2.271398 0.025584 0.004043 0.175191 0.984194
33.325000000 -5.812828 7.464499 2.271163 0.025656 0.003959 0.175130 0.984203
33.330000000 -5.810018 7.462466 2.270927 0.025729 0.003876 0.175067 0.984213
33.335000000 -5.807204 7.460421 2.270691 0.025801 0.003794 0.175003 0.984223
33.340000000 -5.804387 7.458364 2.270454 0.025873 0.003714 0.174937 0.984233
33.345000000 -5.801565 7.456295 2.270217 0.025945 0.003636 0.174870 0.984243
33.350000000 -5.798740 7.454214 2.269978 0.026017 0.003560 0.174801 0.984254
33.355000000 -5.795911 7.452121 2.269739 0.026089 0.003485 0.174731 0.984264
33.360000000 -5.793078 7.450015 2.269500 0.026162 0.003412 0.174660 0.984275
33.365000000 -5.790242 7.447898 2.269259 0.026235 0.003341 0.174587 0.984286
33.370000000 -5.787402 7.445768 2.269018 0.026309 0.003271 0.174514 0.984298
33.375000000 -5.784559 7.443626 2.268776 0.026382 0.003201 0.174439 0.984309
33.380000000 -5.781711 7.441472 2.268533 0.026454 0.003133 0.174362 0.984321
33.385000000 -5.778861 7.439306 2.268289 0.026526 0.003065 0.174285 0.984333
33.390000000 -5.776007 7.437127 2.268045 0.026597 0.002997 0.174207 0.984345
33.395000000 -5.773149 7.434936 2.267800 0.026667 0.002929 0.174127 0.984358
33.400000000 -5.770288 7.432732 2.267554 0.026736 0.002861 0.174047 0.984370
33.405000000 -5.767423 7.430516 2.267307 0.026804 0.002793 0.173965 0.984383
33.410000000 -5.764555 7.428287 2.267059 0.026872 0.002724 0.173883 0.984396
33.415000000 -5.761684 7.426046 2.266811 0.026938 0.002655 0.173799 0.984409
33.420000000 -5.758809 7.423792 2.266561 0.027003 0.002585 0.173715 0.984422
33.425000000 -5.755931 7.421526 2.266311 0.027066 0.002514 0.173629 0.984436
33.430000000 -5.753050 7.419247 2.266060 0.027128 0.002443 0.173543 0.984449
33.435000000 -5.750165 7.416955 2.265808 0.027190 0.002370 0.173457 0.984463
33.440000000 -5.747277 7.414651 2.265555 0.027250 0.002296 0.173369 0.984477
33.445000000 -5.744386 7.412334 2.265302 0.027309 0.002221 0.173281 0.984491
33.450000000 -5.741492 7.410004 2.265047 0.027366 0.002145 0.173192 0.984506
33.455000000 -5.738595 7.407661 2.264791 0.027423 0.002067 0.173102 0.984520
33.460000000 -5.735695 7.405306 2.264535 0.027479 0.001989 0.173012 0.984534
33.465000000 -5.732791 7.402937 2.264278 0.027534 0.001909 0.172921 0.984549
33.470000000 -5.729885 7.400556 2.264019 0.027590 0.001829 0.172829 0.984564
33.475000000 -5.726976 7.398162 2.263760 0.027645 0.001748 0.172738 0.984578
33.480000000 -5.724063 7.395754 2.263499 0.027700 0.001666 0.172645 0.984593
33.485000000 -5.721148 7.393334 2.263238 0.027755 0.001583 0.172552 0.984608
33.490000000 -5.718230 7.390901 2.262976 0.027809 0.001499 0.172459 0.984623
33.495000000 -5.715309 7.388454 2.262713 0.027862 0.001415 0.172366 0.984638
33.500000000 -5.712385 7.385995 2.262448 0.027915 0.001329 0.172272 0.984653
33.505000000 -5.709459 7.383522 2.262183 0.027969 0.001243 0.172177 0.984668
33.510000000 -5.706530 7.381036 2.261917 0.028023 0.001157 0.172083 0.984683
33.515000000 -5.703598 7.378538 2.261650 0.028076 0.001070 0.171988 0.984698
33.520000000 -5.700664 7.376025 2.261381 0.028129 0.000982 0.171893 0.984713
33.525000000 -5.697727 7.373500 2.261112 0.028182 0.000893 0.171798 0.984729
33.530000000 -5.694787 7.370961 2.260842 0.028233 0.000803 0.171703 0.984744
33.535000000 -5.691845 7.368409 2.260570 0.028283 0.000712 0.171608 0.984759
33.540000000 -5.688900 7.365844 2.260298 0.028330 0.000619 0.171513 0.984774
33.545000000 -5.685953 7.363265 2.260024 0.028375 0.000524 0.171417 0.984790
33.550000000 -5.683004 7.360673 2.259750 0.028415 0.000426 0.171322 0.984805
33.555000000 -5.680052 7.358067 2.259474 0.028452 0.000326 0.171227 0.984821
33.560000000 -5.677098 7.355448 2.259198 0.028485 0.000224 0.171132 0.984836
33.565000000 -5.674142 7.352816 2.258920 0.028515 0.000119 0.171037 0.984852
33.570000000 -5.671184 7.350170 2.258642 0.028540 0.000012 0.170942 0.984868
33.575000000 -5.668223 7.347510 2.258362 0.028561 -0.000098 0.170848 0.984883
33.580000000 -5.665260 7.344837 2.258081 0.028578 -0.000211 0.170753 0.984899
33.585000000 -5.662296 7.342150 2.257800 0.028590 -0.000326 0.170659 0.984915
33.590000000 -5.659329 7.339450 2.257517 0.028597 -0.000444 0.170566 0.984931
33.595000000 -5.656361 7.336736 2.257233 0.028601 -0.000565 0.170472 0.984947
33.600000000 -5.653390 7.334009 2.256949 0.028600 -0.000688 0.170379 0.984963
33.605000000 -5.650418 7.331268 2.256663 0.028596 -0.000813 0.170287 0.984979
33.610000000 -5.647444 7.328513 2.256376 0.028588 -0.000940 0.170195 0.984995
33.615000000 -5.644468 7.325745 2.256089 0.028577 -0.001069 0.170103 0.985011
33.620000000 -5.641491 7.322963 2.255800 0.028562 -0.001201 0.170012 0.985027
33.625000000 -5.638513 7.320168 2.255510 0.028545 -0.001333 0.169921 0.985043
33.630000000 -5.635532 7.317359 2.255220 0.028525 -0.001467 0.169831 0.985059
33.635000000 -5.632551 7.314536 2.254928 0.028504 -0.001603 0.169742 0.985075
33.640000000 -5.629568 7.311700 2.254635 0.028480 -0.001739 0.169653 0.985091
33.645000000 -5.626584 7.308850 2.254342 0.028455 -0.001877 0.169565 0.985106
33.650000000 -5.623598 7.305986 2.254047 0.028429 -0.002015 0.169478 0.985122
33.655000000 -5.620612 7.303109 2.253752 0.028403 -0.002153 0.169392 0.985137
33.660000000 -5.617624 7.300218 2.253455 0.028377 -0.002291 0.169306 0.985152
33.665000000 -5.614636 7.297314 2.253158 0.028351 -0.002429 0.169221 0.985167
33.670000000 -5.611646 7.294396 2.252859 0.028327 -0.002567 0.169137 0.985182
33.675000000 -5.608656 7.291464 2.252560 0.028304 -0.002704 0.169054 0.985197
33.680000000 -5.605665 7.288519 2.252260 0.028281 -0.002841 0.168972 0.985211
33.685000000 -5.602673 7.285560 2.251958 0.028259 -0.002977 0.168891 0.985225
33.690000000 -5.599681 7.282588 2.251656 0.028238 -0.003113 0.168810 0.985239
33.695000000 -5.596688 7.279602 2.251353 0.028218 -0.003249 0.168731 0.985253
33.700000000 -5.593695 7.276602 2.251049 0.028198 -0.003384 0.168653 0.985266
33.705000000 -5.590701 7.273589 2.250744 0.028179 -0.003518 0.168576 0.985280
33.710000000 -5.587707 7.270563 2.250438 0.028160 -0.003652 0.168500 0.985293
33.715000000 -5.584712 7.267522 2.250131 0.028141 -0.003786 0.168425 0.985305
33.720000000 -5.581718 7.264468 2.249823 0.028122 -0.003920 0.168352 0.985318
33.725000000 -5.578723 7.261401 2.249515 0.028104 -0.004053 0.168279 0.985330
33.730000000 -5.575728 7.258319 2.249205 0.028086 -0.004186 0.168208 0.985342
33.735000000 -5.572733 7.255225 2.248895 0.028070 -0.004318 0.168138 0.985354
33.740000000 -5.569738 7.252116 2.248583 0.028054 -0.004450 0.168069 0.985366
33.745000000 -5.566744 7.248994 2.248271 0.028039 -0.004581 0.168002 0.985377
33.750000000 -5.563749 7.245859 2.247958 0.028025 -0.004712 0.167936 0.985388
33.755000000 -5.560755 7.242710 2.247644 0.028013 -0.004842 0.167872 0.985399
33.760000000 -5.557761 7.239547 2.247329 0.028001 -0.004971 0.167808 0.985409
33.765000000 -5.554767 7.236370 2.247013 0.027992 -0.005100 0.167747 0.985419
33.770000000 -5.551774 7.233180 2.246697 0.027983 -0.005228 0.167686 0.985429
33.775000000 -5.548782 7.229977 2.246379 0.027976 -0.005355 0.167628 0.985439
33.780000000 -5.545790 7.226759 2.246061 0.027969 -0.005482 0.167570 0.985448
33.785000000 -5.542798 7.223529 2.245741 0.027964 -0.005609 0.167514 0.985457
33.790000000 -5.539807 7.220284 2.245421 0.027960 -0.005735 0.167460 0.985466
33.795000000 -5.536817 7.217026 2.245100 0.027957 -0.005861 0.167407 0.985474
33.800000000 -5.533828 7.213754 2.244778 0.027955 -0.005987 0.167356 0.985482
33.805000000 -5.530840 7.210468 2.244455 0.027953 -0.006112 0.167307 0.985490
33.810000000 -5.527853 7.207169 2.244132 0.027952 -0.006238 0.167259 0.985497
33.815000000 -5.524866 7.203856 2.243807 0.027951 -0.006363 0.167213 0.985504
33.820000000 -5.521881 7.200530 2.243482 0.027949 -0.006490 0.167168 0.985511
33.825000000 -5.518897 7.197190 2.243155 0.027948 -0.006616 0.167126 0.985517
33.830000000 -5.515914 7.193836 2.242828 0.027947 -0.006743 0.167085 0.985523
33.835000000 -5.512933 7.190468 2.242500 0.027946 -0.006870 0.167045 0.985529
33.840000000 -5.509952 7.187087 2.242172 0.027945 -0.006997 0.167008 0.985535
33.845000000 -5.506973 7.183692 2.241842 0.027945 -0.007125 0.166972 0.985540
33.850000000 -5.503996 7.180283 2.241512 0.027944 -0.007254 0.166938 0.985545
33.855000000 -5.501020 7.176860 2.241180 0.027943 -0.007383 0.166906 0.985549
33.860000000 -5.498046 7.173424 2.240848 0.027942 -0.007512 0.166875 0.985553
33.865000000 -5.495073 7.169974 2.240515 0.027941 -0.007642 0.166847 0.985557
33.870000000 -5.492102 7.166510 2.240181 0.027940 -0.007773 0.166820 0.985561
33.875000000 -5.489132 7.163033 2.239847 0.027939 -0.007904 0.166796 0.985564
33.880000000 -5.486165 7.159541 2.239511 0.027938 -0.008036 0.166773 0.985567
33.885000000 -5.483199 7.156036 2.239175 0.027937 -0.008168 0.166752 0.985569
33.890000000 -5.480236 7.152517 2.238838 0.027937 -0.008300 0.166733 0.985571
33.895000000 -5.477274 7.148984 2.238500 0.027936 -0.008433 0.166716 0.985573
33.900000000 -5.474315 7.145438 2.238161 0.027934 -0.008566 0.166701 0.985574
33.905000000 -5.471357 7.141878 2.237822 0.027932 -0.008699 0.166688 0.985576
33.910000000 -5.468402 7.138303 2.237481 0.027926 -0.008832 0.166677 0.985576
33.915000000 -5.465449 7.134715 2.237140 0.027918 -0.008965 0.166668 0.985577
33.920000000 -5.462499 7.131113 2.236798 0.027907 -0.009096 0.166661 0.985577
33.925000000 -5.459551 7.127498 2.236456 0.027891 -0.009227 0.166657 0.985577
33.930000000 -5.456605 7.123868 2.236112 0.027870 -0.009356 0.166654 0.985577
33.935000000 -5.453662 7.120225 2.235768 0.027843 -0.009484 0.166654 0.985577
33.940000000 -5.450721 7.116567 2.235423 0.027810 -0.009609 0.166656 0.985576
33.945000000 -5.447784 7.112896 2.235078 0.027769 -0.009731 0.166660 0.985575
33.950000000 -5.444848 7.109211 2.234732 0.027720 -0.009851 0.166666 0.985574
33.955000000 -5.441916 7.105512 2.234385 0.027662 -0.009968 0.166675 0.985573
33.960000000 -5.438987 7.101800 2.234037 0.027595 -0.010081 0.166686 0.985572
33.965000000 -5.436060 7.098074 2.233689 0.027518 -0.010191 0.166699 0.985571
33.970000000 -5.433137 7.094333 2.233341 0.027430 -0.010297 0.166715 0.985570
33.975000000 -5.430216 7.090580 2.232991 0.027331 -0.010399 0.166733 0.985568
33.980000000 -5.427299 7.086812 2.232642 0.027220 -0.010497 0.166753 0.985567
33.985000000 -5.424384 7.083031 2.232291 0.027097 -0.010592 0.166776 0.985566
33.990000000 -5.421473 7.079237 2.231940 0.026963 -0.010682 0.166801 0.985564
33.995000000 -5.418566 7.075428 2.231589 0.026818 -0.010769 0.166828 0.985562
34.000000000 -5.415661 7.071607 2.231237 0.026663 -0.010851 0.166858 0.985561
34.005000000 -5.412760 7.067772 2.230885 0.026496 -0.010930 0.166890 0.985559
34.010000000 -5.409862 7.063924 2.230533 0.026320 -0.011004 0.166925 0.985557
34.015000000 -5.406968 7.060062 2.230180 0.026134 -0.011076 0.166962 0.985555
34.020000000 -5.404077 7.056188 2.229827 0.025939 -0.011144 0.167001 0.985552
34.025000000 -5.401190 7.052300 2.229473 0.025734 -0.011209 0.167043 0.985550
34.030000000 -5.398307 7.048399 2.229119 0.025522 -0.011272 0.167087 0.985547
34.035000000 -5.395427 7.044486 2.228765 0.025302 -0.011332 0.167133 0.985544
34.040000000 -5.392551 7.040560 2.228411 0.025076 -0.011389 0.167182 0.985541
34.045000000 -5.389678 7.036621 2.228056 0.024844 -0.011445 0.167233 0.985538
34.050000000 -5.386809 7.032670 2.227701 0.024606 -0.011500 0.167286 0.985534
34.055000000 -5.383945 7.028706 2.227346 0.024364 -0.011554 0.167341 0.985530
34.060000000 -5.381084 7.024730 2.226991 0.024119 -0.011606 0.167398 0.985526
34.065000000 -5.378227 7.020741 2.226636 0.023871 -0.011659 0.167458 0.985521
34.070000000 -5.375374 7.016741 2.226281 0.023623 -0.011710 0.167520 0.985516
34.075000000 -5.372525 7.012729 2.225926 0.023374 -0.011762 0.167583 0.985511
34.080000000 -5.369680 7.008704 2.225570 0.023127 -0.011813 0.167649 0.985505
34.085000000 -5.366839 7.004668 2.225215 0.022881 -0.011865 0.167717 0.985498
34.090000000 -5.364003 7.000621 2.224860 0.022639 -0.011918 0.167787 0.985491
34.095000000 -5.361171 6.996562 2.224505 0.022400 -0.011971 0.167859 0.985484
34.100000000 -5.358342 6.992491 2.224150 0.022164 -0.012025 0.167933 0.985476
34.105000000 -5.355519 6.988410 2.223795 0.021933 -0.012081 0.168009 0.985467
34.110000000 -5.352699 6.984317 2.223440 0.021706 -0.012138 0.168086 0.985459
34.115000000 -5.349884 6.980213 2.223086 0.021485 -0.012196 0.168166 0.985449
34.120000000 -5.347073 6.976098 2.222731 0.021269 -0.012256 0.168247 0.985439
34.125000000 -5.344267 6.971972 2.222377 0.021059 -0.012318 0.168330 0.985429
34.130000000 -5.341466 6.967835 2.222023 0.020854 -0.012381 0.168415 0.985418
34.135000000 -5.338669 6.963688 2.221670 0.020655 -0.012446 0.168501 0.985406
34.140000000 -5.335876 6.959530 2.221317 0.020463 -0.012513 0.168590 0.985394
34.145000000 -5.333088 6.955362 2.220964 0.020278 -0.012581 0.168679 0.985382
34.150000000 -5.330305 6.951183 2.220611 0.020099 -0.012651 0.168770 0.985369
34.155000000 -5.327527 6.946994 2.220259 0.019926 -0.012723 0.168863 0.985356
34.160000000 -5.324754 6.942794 2.219908 0.019760 -0.012796 0.168957 0.985342
34.165000000 -5.321985 6.938585 2.219556 0.019600 -0.012870 0.169053 0.985328
34.170000000 -5.319221 6.934365 2.219206 0.019446 -0.012946 0.169150 0.985313
34.175000000 -5.316462 6.930135 2.218855 0.019297 -0.013022 0.169248 0.985298
34.180000000 -5.313709 6.925896 2.218506 0.019151 -0.013100 0.169348 0.985283
34.185000000 -5.310960 6.921646 2.218157 0.019010 -0.013179 0.169448 0.985268
34.190000000 -5.308217 6.917387 2.217808 0.018873 -0.013259 0.169550 0.985252
34.195000000 -5.305478 6.913117 2.217460 0.018739 -0.013340 0.169653 0.985235
34.200000000 -5.302745 6.908838 2.217113 0.018610 -0.013420 0.169758 0.985219
34.205000000 -5.300017 6.904550 2.216766 0.018484 -0.013502 0.169863 0.985202
34.210000000 -5.297294 6.900252 2.216420 0.018360 -0.013583 0.169969 0.985185
34.215000000 -5.294577 6.895944 2.216074 0.018238 -0.013665 0.170076 0.985167
34.220000000 -5.291865 6.891626 2.215730 0.018117 -0.013746 0.170184 0.985150
34.225000000 -5.289159 6.887300 2.215386 0.017998 -0.013827 0.170292 0.985132
34.230000000 -5.286458 6.882963 2.215043 0.017879 -0.013909 0.170402 0.985114
34.235000000 -5.283762 6.878618 2.214700 0.017760 -0.013990 0.170512 0.985096
34.240000000 -5.281073 6.874263 2.214359 0.017641 -0.014071 0.170623 0.985078
34.245000000 -5.278388 6.869899 2.214018 0.017521 -0.014151 0.170734 0.985060
34.250000000 -5.275710 6.865525 2.213678 0.017399 -0.014231 0.170846 0.985041
34.255000000 -5.273037 6.861143 2.213339 0.017276 -0.014310 0.170959 0.985023
34.260000000 -5.270370 6.856751 2.213001 0.017150 -0.014390 0.171072 0.985004
34.265000000 -5.267709 6.852351 2.212664 0.017021 -0.014469 0.171185 0.984986
34.270000000 -5.265054 6.847941 2.212328 0.016891 -0.014547 0.171299 0.984967
34.275000000 -5.262405 6.843523 2.211993 0.016758 -0.014625 0.171412 0.984948
34.280000000 -5.259761 6.839095 2.211659 0.016624 -0.014702 0.171527 0.984930
34.285000000 -5.257124 6.834659 2.211326 0.016487 -0.014778 0.171641 0.984911
34.290000000 -5.254493 6.830214 2.210993 0.016349 -0.014854 0.171755 0.984892
34.295000000 -5.251868 6.825760 2.210662 0.016209 -0.014929 0.171870 0.984873
34.300000000 -5.249249 6.821298 2.210332 0.016066 -0.015004 0.171984 0.984854
34.305000000 -5.246636 6.816827 2.210004 0.015920 -0.015077 0.172098 0.984836
34.310000000 -5.244030 6.812347 2.209676 0.015770 -0.015150 0.172212 0.984817
34.315000000 -5.241430 6.807859 2.209350 0.015616 -0.015220 0.172327 0.984798
34.320000000 -5.238836 6.803363 2.209024 0.015456 -0.015290 0.172440 0.984780
34.325000000 -5.236249 6.798859 2.208700 0.015292 -0.015357 0.172554 0.984762
34.330000000 -5.233668 6.794346 2.208377 0.015122 -0.015422 0.172667 0.984743
34.335000000 -5.231093 6.789825 2.208056 0.014946 -0.015484 0.172780 0.984725
34.340000000 -5.228526 6.785296 2.207735 0.014764 -0.015544 0.172892 0.984707
34.345000000 -5.225964 6.780759 2.207416 0.014574 -0.015600 0.173004 0.984690
34.350000000 -5.223410 6.776214 2.207099 0.014375 -0.015653 0.173115 0.984672
34.355000000 -5.220862 6.771661 2.206782 0.014169 -0.015703 0.173226 0.984655
34.360000000 -5.218320 6.767101 2.206467 0.013955 -0.015748 0.173336 0.984638
34.365000000 -5.215786 6.762533 2.206153 0.013733 -0.015790 0.173446 0.984621
34.370000000 -5.213258 6.757957 2.205841 0.013504 -0.015827 0.173554 0.984605
34.375000000 -5.210737 6.753374 2.205530 0.013267 -0.015860 0.173662 0.984588
34.380000000 -5.208223 6.748784 2.205221 0.013023 -0.015888 0.173769 0.984572
34.385000000 -5.205716 6.744187 2.204913 0.012772 -0.015912 0.173875 0.984556
34.390000000 -5.203216 6.739582 2.204606 0.012513 -0.015932 0.173980 0.984541
34.395000000 -5.200722 6.734971 2.204301 0.012247 -0.015947 0.174084 0.984526
34.400000000 -5.198236 6.730353 2.203998 0.011973 -0.015958 0.174187 0.984511
34.405000000 -5.195757 6.725728 2.203696 0.011694 -0.015966 0.174288 0.984496
34.410000000 -5.193285 6.721097 2.203395 0.011408 -0.015969 0.174389 0.984481
34.415000000 -5.190819 6.716459 2.203097 0.011115 -0.015969 0.174488 0.984467
34.420000000 -5.188361 6.711815 2.202800 0.010817 -0.015966 0.174586 0.984453
34.425000000 -5.185910 6.707165 2.202504 0.010513 -0.015960 0.174682 0.984439
34.430000000 -5.183467 6.702509 2.202210 0.010204 -0.015951 0.174777 0.984426
34.435000000 -5.181030 6.697847 2.201918 0.009889 -0.015941 0.174870 0.984413
34.440000000 -5.178600 6.693179 2.201627 0.009557 -0.015945 0.174962 0.984400
34.445000000 -5.176178 6.688506 2.201336 0.009189 -0.015987 0.175052 0.984386
34.450000000 -5.173763 6.683828 2.201046 0.008772 -0.016085 0.175141 0.984373
34.455000000 -5.171355 6.679145 2.200754 0.008296 -0.016253 0.175228 0.984359
34.460000000 -5.168954 6.674456 2.200461 0.007754 -0.016501 0.175313 0.984344
34.465000000 -5.166562 6.669764 2.200167 0.007142 -0.016836 0.175397 0.984328
34.470000000 -5.164176 6.665067 2.199871 0.006459 -0.017258 0.175479 0.984311
34.475000000 -5.161799 6.660365 2.199572 0.005709 -0.017767 0.175560 0.984292
34.480000000 -5.159430 6.655661 2.199271 0.004896 -0.018358 0.175638 0.984271
34.485000000 -5.157070 6.650952 2.198968 0.004026 -0.019024 0.175715 0.984249
34.490000000 -5.154719 6.646241 2.198662 0.003107 -0.019757 0.175790 0.984224
34.495000000 -5.152377 6.641527 2.198354 0.002150 -0.020544 0.175863 0.984198
34.500000000 -5.150045 6.636811 2.198042 0.001165 -0.021373 0.175934 0.984169
34.505000000 -5.147723 6.632093 2.197728 0.000163 -0.022231 0.176003 0.984139
34.510000000 -5.145412 6.627374 2.197412 -0.000845 -0.023103 0.176069 0.984106
34.515000000 -5.143113 6.622654 2.197092 -0.001848 -0.023974 0.176133 0.984073
34.520000000 -5.140826 6.617933 2.196770 -0.002832 -0.024828 0.176195 0.984038
34.525000000 -5.138551 6.613211 2.196445 -0.003785 -0.025650 0.176255 0.984003
34.530000000 -5.136288 6.608490 2.196117 -0.004694 -0.026424 0.176311 0.983969
34.535000000 -5.134039 6.603770 2.195787 -0.005548 -0.027137 0.176366 0.983935
34.540000000 -5.131804 6.599050 2.195454 -0.006336 -0.027775 0.176417 0.983903
34.545000000 -5.129583 6.594331 2.195118 -0.007048 -0.028325 0.176466 0.983874
34.550000000 -5.127376 6.589614 2.194781 -0.007674 -0.028775 0.176513 0.983848
34.555000000 -5.125184 6.584899 2.194441 -0.008208 -0.029115 0.176556 0.983826
34.560000000 -5.123007 6.580185 2.194099 -0.008641 -0.029338 0.176597 0.983808
34.565000000 -5.120845 6.575474 2.193755 -0.008968 -0.029435 0.176635 0.983795
34.570000000 -5.118698 6.570765 2.193409 -0.009186 -0.029403 0.176669 0.983788
34.575000000 -5.116566 6.566059 2.193061 -0.009292 -0.029236 0.176701 0.983786
34.580000000 -5.114449 6.561355 2.192711 -0.009285 -0.028933 0.176728 0.983791
34.585000000 -5.112347 6.556653 2.192360 -0.009166 -0.028492 0.176753 0.983800
34.590000000 -5.110260 6.551954 2.192008 -0.008933 -0.027916 0.176773 0.983815
34.595000000 -5.108187 6.547257 2.191654 -0.008590 -0.027204 0.176789 0.983835
34.600000000 -5.106129 6.542563 2.191299 -0.008139 -0.026362 0.176801 0.983860
34.605000000 -5.104084 6.537870 2.190943 -0.007585 -0.025394 0.176809 0.983888
34.610000000 -5.102052 6.533180 2.190586 -0.006932 -0.024305 0.176812 0.983920
34.615000000 -5.100032 6.528492 2.190229 -0.006186 -0.023102 0.176810 0.983954
34.620000000 -5.098025 6.523805 2.189872 -0.005356 -0.021794 0.176803 0.983990
34.625000000 -5.096028 6.519119 2.189514 -0.004447 -0.020388 0.176790 0.984027
34.630000000 -5.094042 6.514434 2.189156 -0.003469 -0.018895 0.176772 0.984064
34.635000000 -5.092066 6.509749 2.188799 -0.002428 -0.017324 0.176748 0.984101
34.640000000 -5.090099 6.505065 2.188442 -0.001335 -0.015686 0.176719 0.984135
34.645000000 -5.088139 6.500381 2.188086 -0.000197 -0.013991 0.176683 0.984168
34.650000000 -5.086187 6.495696 2.187730 0.000977 -0.012250 0.176642 0.984198
34.655000000 -5.084240 6.491010 2.187375 0.002177 -0.010474 0.176595 0.984225
34.660000000 -5.082299 6.486322 2.187022 0.003393 -0.008673 0.176542 0.984249
34.665000000 -5.080362 6.481633 2.186670 0.004616 -0.006858 0.176484 0.984269
34.670000000 -5.078428 6.476941 2.186320 0.005838 -0.005040 0.176419 0.984285
34.675000000 -5.076496 6.472247 2.185971 0.007050 -0.003227 0.176350 0.984297
34.680000000 -5.074565 6.467549 2.185625 0.008246 -0.001428 0.176275 0.984305
34.685000000 -5.072635 6.462848 2.185281 0.009420 0.000348 0.176194 0.984310
34.690000000 -5.070703 6.458142 2.184939 0.010565 0.002095 0.176109 0.984312
34.695000000 -5.068770 6.453433 2.184600 0.011674 0.003805 0.176019 0.984310
34.700000000 -5.066835 6.448718 2.184263 0.012744 0.005472 0.175925 0.984306
34.705000000 -5.064895 6.443998 2.183930 0.013770 0.007090 0.175827 0.984299
34.710000000 -5.062952 6.439273 2.183599 0.014748 0.008655 0.175725 0.984291
34.715000000 -5.061003 6.434541 2.183273 0.015678 0.010161 0.175619 0.984281
34.720000000 -5.059047 6.429804 2.182949 0.016557 0.011605 0.175510 0.984270
34.725000000 -5.057085 6.425060 2.182629 0.017384 0.012983 0.175398 0.984259
34.730000000 -5.055116 6.420308 2.182314 0.018159 0.014293 0.175282 0.984247
34.735000000 -5.053137 6.415550 2.182002 0.018882 0.015532 0.175164 0.984236
34.740000000 -5.051150 6.410785 2.181695 0.019556 0.016699 0.175044 0.984225
34.745000000 -5.049153 6.406011 2.181392 0.020180 0.017793 0.174921 0.984215
34.750000000 -5.047146 6.401230 2.181094 0.020758 0.018814 0.174795 0.984206
34.755000000 -5.045128 6.396441 2.180801 0.021293 0.019764 0.174668 0.984199
34.760000000 -5.043099 6.391644 2.180513 0.021788 0.020643 0.174538 0.984193
34.765000000 -5.041057 6.386838 2.180230 0.022247 0.021453 0.174406 0.984189
34.770000000 -5.039004 6.382024 2.179953 0.022675 0.022199 0.174273 0.984186
34.775000000 -5.036937 6.377201 2.179682 0.023077 0.022883 0.174137 0.984185
34.780000000 -5.034858 6.372369 2.179416 0.023457 0.023507 0.174000 0.984186
34.785000000 -5.032765 6.367528 2.179157 0.023816 0.024075 0.173861 0.984188
34.790000000 -5.030658 6.362677 2.178904 0.024156 0.024589 0.173720 0.984192
34.795000000 -5.028537 6.357818 2.178657 0.024482 0.025053 0.173579 0.984197
34.800000000 -5.026402 6.352949 2.178417 0.024800 0.025475 0.173436 0.984203
34.805000000 -5.024252 6.348071 2.178184 0.025116 0.025859 0.173291 0.984211
34.810000000 -5.022087 6.343183 2.177958 0.025435 0.026213 0.173144 0.984219
34.815000000 -5.019908 6.338285 2.177739 0.025762 0.026542 0.172996 0.984228
34.820000000 -5.017713 6.333377 2.177528 0.026101 0.026852 0.172846 0.984237
34.825000000 -5.015502 6.328459 2.177325 0.026456 0.027147 0.172694 0.984246
34.830000000 -5.013276 6.323531 2.177130 0.026827 0.027432 0.172540 0.984255
34.835000000 -5.011034 6.318592 2.176943 0.027218 0.027713 0.172384 0.984264
34.840000000 -5.008777 6.313643 2.176764 0.027630 0.027994 0.172226 0.984272
34.845000000 -5.006502 6.308683 2.176594 0.028066 0.028279 0.172066 0.984279
34.850000000 -5.004212 6.303712 2.176433 0.028526 0.028571 0.171905 0.984286
34.855000000 -5.001905 6.298730 2.176281 0.029011 0.028876 0.171741 0.984291
34.860000000 -4.999581 6.293736 2.176139 0.029523 0.029195 0.171576 0.984296
34.865000000 -4.997241 6.288730 2.176006 0.030060 0.029532 0.171409 0.984298
34.870000000 -4.994882 6.283713 2.175882 0.030623 0.029889 0.171240 0.984300
34.875000000 -4.992507 6.278683 2.175768 0.031212 0.030268 0.171069 0.984299
34.880000000 -4.990114 6.273641 2.175665 0.031826 0.030670 0.170897 0.984297
34.885000000 -4.987703 6.268586 2.175571 0.032462 0.031097 0.170724 0.984293
34.890000000 -4.985273 6.263518 2.175489 0.033118 0.031548 0.170549 0.984287
34.895000000 -4.982825 6.258437 2.175416 0.033791 0.032023 0.170373 0.984279
34.900000000 -4.980358 6.253342 2.175355 0.034480 0.032522 0.170196 0.984270
34.905000000 -4.977872 6.248233 2.175304 0.035183 0.033044 0.170018 0.984258
34.910000000 -4.975367 6.243110 2.175265 0.035897 0.033590 0.169839 0.984245
34.915000000 -4.972841 6.237972 2.175237 0.036620 0.034157 0.169659 0.984230
34.920000000 -4.970295 6.232819 2.175220 0.037349 0.034743 0.169479 0.984213
34.925000000 -4.967729 6.227651 2.175215 0.038081 0.035348 0.169298 0.984194
34.930000000 -4.965142 6.222467 2.175222 0.038814 0.035968 0.169117 0.984174
34.935000000 -4.962533 6.217267 2.175241 0.039545 0.036603 0.168936 0.984153
34.940000000 -4.959902 6.212051 2.175272 0.040275 0.037250 0.168755 0.984130
34.945000000 -4.957250 6.206818 2.175315 0.041000 0.037908 0.168575 0.984106
34.950000000 -4.954574 6.201569 2.175371 0.041719 0.038574 0.168394 0.984081
34.955000000 -4.951876 6.196302 2.175440 0.042431 0.039245 0.168214 0.984055
34.960000000 -4.949154 6.191017 2.175522 0.043133 0.039920 0.168034 0.984028
34.965000000 -4.946409 6.185715 2.175616 0.043823 0.040593 0.167855 0.984000
34.970000000 -4.943639 6.180394 2.175724 0.044500 0.041261 0.167677 0.983972
34.975000000 -4.940844 6.175055 2.175844 0.045159 0.041916 0.167499 0.983945
34.980000000 -4.938025 6.169697 2.175978 0.045800 0.042553 0.167322 0.983918
34.985000000 -4.935180 6.164320 2.176125 0.046420 0.043166 0.167145 0.983893
34.990000000 -4.932309 6.158924 2.176286 0.047016 0.043746 0.166968 0.983869
34.995000000 -4.929412 6.153508 2.176459 0.047586 0.044287 0.166792 0.983847
35.000000000 -4.926489 6.148072 2.176646 0.048128 0.044782 0.166615 0.983828
35.005000000 -4.923539 6.142616 2.176846 0.048639 0.045224 0.166439 0.983813
35.010000000 -4.920561 6.137140 2.177059 0.049117 0.045607 0.166262 0.983801
35.015000000 -4.917557 6.131644 2.177284 0.049562 0.045925 0.166085 0.983794
35.020000000 -4.914525 6.126126 2.177523 0.049970 0.046172 0.165907 0.983792
35.025000000 -4.911466 6.120588 2.177775 0.050342 0.046344 0.165729 0.983795
35.030000000 -4.908379 6.115029 2.178040 0.050678 0.046438 0.165549 0.983803
35.035000000 -4.905264 6.109449 2.178317 0.050978 0.046450 0.165369 0.983817
35.040000000 -4.902121 6.103847 2.178607 0.051241 0.046377 0.165188 0.983838
35.045000000 -4.898951 6.098224 2.178910 0.051468 0.046219 0.165006 0.983864
35.050000000 -4.895753 6.092579 2.179226 0.051660 0.045974 0.164822 0.983896
35.055000000 -4.892528 6.086912 2.179554 0.051819 0.045644 0.164638 0.983934
35.060000000 -4.889275 6.081224 2.179894 0.051946 0.045230 0.164452 0.983977
35.065000000 -4.885995 6.075514 2.180247 0.052042 0.044732 0.164265 0.984026
35.070000000 -4.882688 6.069781 2.180613 0.052110 0.044156 0.164077 0.984080
35.075000000 -4.879354 6.064027 2.180991 0.052153 0.043503 0.163888 0.984138
35.080000000 -4.875995 6.058250 2.181381 0.052171 0.042778 0.163698 0.984201
35.085000000 -4.872609 6.052452 2.181784 0.052168 0.041985 0.163507 0.984267
35.090000000 -4.869198 6.046631 2.182199 0.052144 0.041130 0.163316 0.984336
35.095000000 -4.865762 6.040787 2.182626 0.052101 0.040217 0.163125 0.984408
35.100000000 -4.862302 6.034922 2.183066 0.052043 0.039254 0.162934 0.984481
35.105000000 -4.858817 6.029033 2.183517 0.051973 0.038246 0.162743 0.984556
35.110000000 -4.855310 6.023123 2.183981 0.051896 0.037201 0.162553 0.984632
35.115000000 -4.851779 6.017190 2.184458 0.051813 0.036125 0.162363 0.984707
35.120000000 -4.848226 6.011234 2.184946 0.051727 0.035025 0.162175 0.984783
35.125000000 -4.844651 6.005255 2.185447 0.051641 0.033908 0.161988 0.984857
35.130000000 -4.841055 5.999255 2.185960 0.051556 0.032780 0.161803 0.984930
35.135000000 -4.837439 5.993231 2.186486 0.051474 0.031647 0.161620 0.985001
35.140000000 -4.833803 5.987185 2.187023 0.051397 0.030516 0.161440 0.985071
35.145000000 -4.830147 5.981115 2.187573 0.051327 0.029392 0.161264 0.985137
35.150000000 -4.826473 5.975023 2.188135 0.051267 0.028282 0.161090 0.985201
35.155000000 -4.822780 5.968909 2.188709 0.051218 0.027190 0.160921 0.985262
35.160000000 -4.819070 5.962771 2.189295 0.051180 0.026120 0.160756 0.985320
35.165000000 -4.815343 5.956610 2.189894 0.051155 0.025078 0.160595 0.985375
35.170000000 -4.811599 5.950426 2.190505 0.051144 0.024066 0.160439 0.985426
35.175000000 -4.807839 5.944219 2.191128 0.051148 0.023088 0.160288 0.985474
35.180000000 -4.804064 5.937989 2.191763 0.051166 0.022147 0.160143 0.985518
35.185000000 -4.800274 5.931735 2.192410 0.051200 0.021244 0.160004 0.985559
35.190000000 -4.796470 5.925458 2.193069 0.051246 0.020380 0.159871 0.985596
35.195000000 -4.792651 5.919158 2.193740 0.051307 0.019557 0.159744 0.985630
35.200000000 -4.788819 5.912834 2.194423 0.051382 0.018775 0.159624 0.985661
35.205000000 -4.784974 5.906486 2.195119 0.051471 0.018035 0.159510 0.985689
35.210000000 -4.781115 5.900115 2.195826 0.051574 0.017335 0.159404 0.985713
35.215000000 -4.777245 5.893720 2.196545 0.051689 0.016676 0.159304 0.985734
35.220000000 -4.773362 5.887300 2.197276 0.051816 0.016054 0.159211 0.985753
35.225000000 -4.769467 5.880857 2.198019 0.051951 0.015469 0.159126 0.985769
35.230000000 -4.765561 5.874390 2.198774 0.052091 0.014916 0.159048 0.985783
35.235000000 -4.761644 5.867898 2.199540 0.052230 0.014393 0.158977 0.985795
35.240000000 -4.757715 5.861382 2.200318 0.052360 0.013894 0.158914 0.985805
35.245000000 -4.753776 5.854842 2.201107 0.052475 0.013415 0.158858 0.985815
35.250000000 -4.749826 5.848277 2.201907 0.052565 0.012950 0.158809 0.985824
35.255000000 -4.745867 5.841687 2.202718 0.052623 0.012494 0.158768 0.985833
35.260000000 -4.741897 5.835073 2.203540 0.052637 0.012042 0.158734 0.985844
35.265000000 -4.737917 5.828435 2.204372 0.052602 0.011588 0.158707 0.985855
35.270000000 -4.733928 5.821771 2.205215 0.052510 0.011127 0.158688 0.985869
35.275000000 -4.729930 5.815083 2.206067 0.052353 0.010654 0.158676 0.985884
35.280000000 -4.725923 5.808371 2.206930 0.052124 0.010165 0.158671 0.985902
35.285000000 -4.721907 5.801634 2.207802 0.051818 0.009655 0.158673 0.985923
35.290000000 -4.717882 5.794873 2.208683 0.051427 0.009119 0.158682 0.985947
35.295000000 -4.713850 5.788088 2.209574 0.050949 0.008555 0.158699 0.985974
35.300000000 -4.709810 5.781280 2.210474 0.050380 0.007959 0.158722 0.986005
35.305000000 -4.705762 5.774447 2.211383 0.049720 0.007330 0.158753 0.986038
35.310000000 -4.701708 5.767591 2.212300 0.048965 0.006664 0.158790 0.986075
35.315000000 -4.697646 5.760713 2.213225 0.048117 0.005961 0.158835 0.986114
35.320000000 -4.693579 5.753812 2.214159 0.047175 0.005220 0.158886 0.986155
35.325000000 -4.689506 5.746889 2.215101 0.046144 0.004441 0.158945 0.986199
35.330000000 -4.685427 5.739944 2.216051 0.045025 0.003623 0.159010 0.986243
35.335000000 -4.681344 5.732978 2.217009 0.043822 0.002768 0.159082 0.986288
35.340000000 -4.677257 5.725992 2.217974 0.042540 0.001877 0.159161 0.986334
35.345000000 -4.673166 5.718986 2.218946 0.041184 0.000952 0.159248 0.986379
35.350000000 -4.669072 5.711961 2.219926 0.039761 -0.000006 0.159341 0.986423
35.355000000 -4.664975 5.704917 2.220913 0.038275 -0.000995 0.159442 0.986464
35.360000000 -4.660877 5.697855 2.221907 0.036734 -0.002011 0.159551 0.986504
35.365000000 -4.656778 5.690776 2.222908 0.035143 -0.003054 0.159666 0.986541
35.370000000 -4.652677 5.683680 2.223915 0.033508 -0.004119 0.159790 0.986574
35.375000000 -4.648577 5.676568 2.224929 0.031839 -0.005204 0.159921 0.986603
35.380000000 -4.644478 5.669442 2.225950 0.030140 -0.006306 0.160060 0.986627
35.385000000 -4.640380 5.662301 2.226977 0.028421 -0.007422 0.160207 0.986646
35.390000000 -4.636284 5.655147 2.228010 0.026687 -0.008549 0.160362 0.986660
35.395000000 -4.632191 5.647980 2.229049 0.024947 -0.009684 0.160525 0.986669
35.400000000 -4.628102 5.640802 2.230093 0.023207 -0.010825 0.160697 0.986672
35.405000000 -4.624017 5.633612 2.231144 0.021474 -0.011968 0.160878 0.986668
35.410000000 -4.619936 5.626412 2.232200 0.019752 -0.013111 0.161067 0.986659
35.415000000 -4.615862 5.619202 2.233262 0.018049 -0.014251 0.161265 0.986643
35.420000000 -4.611794 5.611984 2.234329 0.016368 -0.015387 0.161473 0.986621
35.425000000 -4.607732 5.604757 2.235402 0.014716 -0.016515 0.161689 0.986594
35.430000000 -4.603679 5.597523 2.236479 0.013097 -0.017635 0.161915 0.986560
35.435000000 -4.599634 5.590283 2.237562 0.011517 -0.018744 0.162150 0.986521
35.440000000 -4.595598 5.583037 2.238649 0.009978 -0.019842 0.162394 0.986476
35.445000000 -4.591571 5.575785 2.239741 0.008484 -0.020928 0.162648 0.986426
35.450000000 -4.587555 5.568529 2.240838 0.007036 -0.022001 0.162912 0.986370
35.455000000 -4.583550 5.561269 2.241939 0.005635 -0.023061 0.163186 0.986310
35.460000000 -4.579557 5.554006 2.243044 0.004284 -0.024108 0.163469 0.986245
35.465000000 -4.575576 5.546739 2.244154 0.002982 -0.025141 0.163762 0.986175
35.470000000 -4.571608 5.539471 2.245267 0.001728 -0.026162 0.164066 0.986101
35.475000000 -4.567653 5.532201 2.246385 0.000521 -0.027171 0.164379 0.986023
35.480000000 -4.563712 5.524930 2.247506 -0.000640 -0.028168 0.164701 0.985941
35.485000000 -4.559786 5.517658 2.248631 -0.001758 -0.029153 0.165033 0.985855
35.490000000 -4.555875 5.510386 2.249759 -0.002835 -0.030127 0.165375 0.985766
35.495000000 -4.551980 5.503114 2.250891 -0.003876 -0.031088 0.165726 0.985674
35.500000000 -4.548101 5.495843 2.252025 -0.004885 -0.032037 0.166086 0.985579
35.505000000 -4.544239 5.488572 2.253163 -0.005867 -0.032975 0.166456 0.985480
35.510000000 -4.540395 5.481304 2.254303 -0.006825 -0.033899 0.166834 0.985379
35.515000000 -4.536568 5.474037 2.255446 -0.007767 -0.034809 0.167220 0.985274
35.520000000 -4.532759 5.466772 2.256591 -0.008696 -0.035706 0.167616 0.985167
35.525000000 -4.528970 5.459510 2.257739 -0.009620 -0.036589 0.168020 0.985057
35.530000000 -4.525199 5.452251 2.258888 -0.010543 -0.037456 0.168431 0.984945
35.535000000 -4.521449 5.444995 2.260040 -0.011471 -0.038309 0.168851 0.984830
35.540000000 -4.517719 5.437743 2.261193 -0.012409 -0.039146 0.169279 0.984712
35.545000000 -4.514010 5.430494 2.262348 -0.013363 -0.039967 0.169713 0.984592
35.550000000 -4.510322 5.423251 2.263504 -0.014336 -0.040771 0.170156 0.984469
35.555000000 -4.506656 5.416012 2.264661 -0.015332 -0.041558 0.170605 0.984343
35.560000000 -4.503012 5.408778 2.265819 -0.016358 -0.042329 0.171060 0.984215
35.565000000 -4.499390 5.401551 2.266979 -0.017415 -0.043082 0.171523 0.984084
35.570000000 -4.495792 5.394329 2.268139 -0.018508 -0.043819 0.171991 0.983949
35.575000000 -4.492217 5.387114 2.269299 -0.019640 -0.044539 0.172466 0.983812
35.580000000 -4.488666 5.379905 2.270460 -0.020812 -0.045242 0.172947 0.983671
35.585000000 -4.485140 5.372705 2.271621 -0.022028 -0.045929 0.173434 0.983527
35.590000000 -4.481638 5.365512 2.272782 -0.023288 -0.046600 0.173926 0.983380
35.595000000 -4.478162 5.358328 2.273942 -0.024592 -0.047255 0.174424 0.983229
35.600000000 -4.474711 5.351153 2.275103 -0.025941 -0.047896 0.174928 0.983073
35.605000000 -4.471286 5.343987 2.276263 -0.027335 -0.048522 0.175437 0.982914
35.610000000 -4.467888 5.336832 2.277422 -0.028772 -0.049135 0.175951 0.982751
35.615000000 -4.464516 5.329688 2.278580 -0.030252 -0.049736 0.176471 0.982583
35.620000000 -4.461172 5.322556 2.279738 -0.031774 -0.050325 0.176996 0.982410
35.625000000 -4.457855 5.315435 2.280894 -0.033336 -0.050902 0.177527 0.982233
35.630000000 -4.454567 5.308328 2.282049 -0.034937 -0.051469 0.178062 0.982051
35.635000000 -4.451307 5.301234 2.283203 -0.036574 -0.052027 0.178603 0.981864
35.640000000 -4.448076 5.294154 2.284355 -0.038245 -0.052575 0.179149 0.981671
35.645000000 -4.444874 5.287090 2.285504 -0.039949 -0.053116 0.179701 0.981474
35.650000000 -4.441702 5.280041 2.286652 -0.041681 -0.053649 0.180258 0.981270
35.655000000 -4.438560 5.273009 2.287798 -0.043439 -0.054176 0.180820 0.981062
35.660000000 -4.435448 5.265994 2.288942 -0.045220 -0.054698 0.181387 0.980848
35.665000000 -4.432367 5.258997 2.290083 -0.047019 -0.055214 0.181960 0.980628
35.670000000 -4.429318 5.252019 2.291221 -0.048836 -0.055726 0.182538 0.980403
35.675000000 -4.426300 5.245060 2.292356 -0.050665 -0.056234 0.183121 0.980172
35.680000000 -4.423314 5.238122 2.293489 -0.052506 -0.056740 0.183709 0.979936
35.685000000 -4.420361 5.231205 2.294618 -0.054354 -0.057242 0.184303 0.979694
35.690000000 -4.417441 5.224311 2.295743 -0.056207 -0.057743 0.184903 0.979448
35.695000000 -4.414553 5.217439 2.296865 -0.058062 -0.058243 0.185508 0.979195
35.700000000 -4.411700 5.210591 2.297984 -0.059918 -0.058742 0.186118 0.978938
35.705000000 -4.408881 5.203767 2.299098 -0.061771 -0.059241 0.186734 0.978675
35.710000000 -4.406096 5.196969 2.300209 -0.063620 -0.059741 0.187355 0.978408
35.715000000 -4.403346 5.190197 2.301315 -0.065462 -0.060241 0.187982 0.978135
35.720000000 -4.400631 5.183452 2.302416 -0.067297 -0.060743 0.188615 0.977858
35.725000000 -4.397953 5.176734 2.303513 -0.069123 -0.061245 0.189252 0.977576
35.730000000 -4.395310 5.170045 2.304605 -0.070939 -0.061748 0.189895 0.977289
35.735000000 -4.392704 5.163385 2.305692 -0.072745 -0.062251 0.190543 0.976999
35.740000000 -4.390135 5.156755 2.306774 -0.074539 -0.062753 0.191195 0.976704
35.745000000 -4.387603 5.150156 2.307851 -0.076321 -0.063250 0.191852 0.976405
35.750000000 -4.385109 5.143588 2.308921 -0.078090 -0.063739 0.192512 0.976104
35.755000000 -4.382653 5.137053 2.309987 -0.079845 -0.064214 0.193176 0.975799
35.760000000 -4.380235 5.130551 2.311046 -0.081586 -0.064669 0.193841 0.975493
35.765000000 -4.377857 5.124082 2.312099 -0.083311 -0.065097 0.194508 0.975186
35.770000000 -4.375518 5.117648 2.313146 -0.085022 -0.065491 0.195175 0.974879
35.775000000 -4.373219 5.111250 2.314187 -0.086717 -0.065843 0.195841 0.974572
35.780000000 -4.370959 5.104887 2.315221 -0.088397 -0.066145 0.196507 0.974267
35.785000000 -4.368740 5.098561 2.316248 -0.090061 -0.066391 0.197169 0.973964
35.790000000 -4.366562 5.092273 2.317268 -0.091710 -0.066573 0.197829 0.973664
35.795000000 -4.364425 5.086022 2.318282 -0.093344 -0.066684 0.198483 0.973368
35.800000000 -4.362329 5.079811 2.319288 -0.094962 -0.066719 0.199133 0.973076
35.805000000 -4.360274 5.073639 2.320287 -0.096565 -0.066672 0.199775 0.972790
35.810000000 -4.358260 5.067507 2.321278 -0.098154 -0.066538 0.200411 0.972509
35.815000000 -4.356288 5.061417 2.322262 -0.099728 -0.066314 0.201038 0.972235
35.820000000 -4.354358 5.055368 2.323238 -0.101289 -0.065998 0.201656 0.971967
35.825000000 -4.352469 5.049362 2.324206 -0.102838 -0.065587 0.202264 0.971706
35.830000000 -4.350622 5.043399 2.325166 -0.104375 -0.065081 0.202863 0.971451
35.835000000 -4.348817 5.037480 2.326118 -0.105900 -0.064479 0.203450 0.971203
35.840000000 -4.347053 5.031605 2.327062 -0.107413 -0.063782 0.204026 0.970962
35.845000000 -4.345330 5.025777 2.327998 -0.108917 -0.062992 0.204591 0.970727
35.850000000 -4.343648 5.019994 2.328926 -0.110411 -0.062111 0.205144 0.970499
35.855000000 -4.342008 5.014258 2.329845 -0.111897 -0.061144 0.205685 0.970275
35.860000000 -4.340407 5.008571 2.330755 -0.113377 -0.060094 0.206214 0.970057
35.865000000 -4.338847 5.002931 2.331658 -0.114851 -0.058967 0.206731 0.969842
35.870000000 -4.337327 4.997341 2.332552 -0.116320 -0.057767 0.207237 0.969632
35.875000000 -4.335846 4.991802 2.333437 -0.117785 -0.056501 0.207732 0.969423
35.880000000 -4.334405 4.986313 2.334314 -0.119247 -0.055175 0.208215 0.969217
35.885000000 -4.333002 4.980875 2.335182 -0.120710 -0.053792 0.208687 0.969012
35.890000000 -4.331637 4.975491 2.336043 -0.122207 -0.052318 0.209141 0.968808
35.895000000 -4.330310 4.970161 2.336898 -0.123774 -0.050711 0.209567 0.968602
35.900000000 -4.329021 4.964886 2.337750 -0.125441 -0.048937 0.209958 0.968394
35.905000000 -4.327769 4.959668 2.338598 -0.127231 -0.046967 0.210308 0.968182
35.910000000 -4.326554 4.954507 2.339444 -0.129157 -0.044778 0.210613 0.967965
35.915000000 -4.325375 4.949406 2.340289 -0.131229 -0.042356 0.210868 0.967739
35.920000000 -4.324231 4.944365 2.341134 -0.133449 -0.039690 0.211072 0.967505
35.925000000 -4.323121 4.939387 2.341979 -0.135811 -0.036778 0.211222 0.967258
35.930000000 -4.322044 4.934473 2.342824 -0.138307 -0.033620 0.211319 0.966998
35.935000000 -4.320998 4.929624 2.343671 -0.140924 -0.030225 0.211364 0.966722
35.940000000 -4.319984 4.924842 2.344518 -0.143645 -0.026604 0.211357 0.966430
35.945000000 -4.318998 4.920130 2.345367 -0.146448 -0.022772 0.211303 0.966119
35.950000000 -4.318039 4.915488 2.346217 -0.149310 -0.018749 0.211204 0.965789
35.955000000 -4.317107 4.910920 2.347068 -0.152206 -0.014558 0.211063 0.965440
35.960000000 -4.316198 4.906426 2.347920 -0.155109 -0.010224 0.210887 0.965072
35.965000000 -4.315312 4.902009 2.348774 -0.157992 -0.005772 0.210679 0.964686
35.970000000 -4.314445 4.897671 2.349628 -0.160828 -0.001232 0.210445 0.964285
35.975000000 -4.313597 4.893414 2.350483 -0.163588 0.003367 0.210192 0.963871
35.980000000 -4.312765 4.889239 2.351337 -0.166246 0.007994 0.209924 0.963447
35.985000000 -4.311948 4.885149 2.352192 -0.168778 0.012621 0.209649 0.963017
35.990000000 -4.311142 4.881144 2.353047 -0.171159 0.017217 0.209373 0.962586
35.995000000 -4.310347 4.877228 2.353900 -0.173369 0.021753 0.209102 0.962157
36.000000000 -4.309559 4.873401 2.354752 -0.175388 0.026202 0.208841 0.961737
36.005000000 -4.308778 4.869665 2.355602 -0.177198 0.030536 0.208597 0.961330
36.010000000 -4.308000 4.866021 2.356450 -0.178786 0.034732 0.208376 0.960942
36.015000000 -4.307225 4.862470 2.357295 -0.180140 0.038767 0.208182 0.960576
36.020000000 -4.306450 4.859014 2.358137 -0.181251 0.042623 0.208021 0.960239
36.025000000 -4.305673 4.855652 2.358975 -0.182114 0.046281 0.207896 0.959933
36.030000000 -4.304893 4.852387 2.359810 -0.182725 0.049727 0.207811 0.959663
36.035000000 -4.304108 4.849219 2.360640 -0.183084 0.052948 0.207769 0.959431
36.040000000 -4.303317 4.846147 2.361465 -0.183193 0.055936 0.207774 0.959240
36.045000000 -4.302517 4.843173 2.362285 -0.183057 0.058683 0.207826 0.959091
36.050000000 -4.301708 4.840296 2.363100 -0.182683 0.061187 0.207927 0.958984
36.055000000 -4.300889 4.837517 2.363909 -0.182083 0.063446 0.208077 0.958918
36.060000000 -4.300057 4.834835 2.364712 -0.181268 0.065463 0.208277 0.958894
36.065000000 -4.299213 4.832251 2.365509 -0.180252 0.067242 0.208525 0.958908
36.070000000 -4.298355 4.829763 2.366301 -0.179050 0.068789 0.208821 0.958959
36.075000000 -4.297482 4.827371 2.367086 -0.177679 0.070114 0.209163 0.959044
36.080000000 -4.296593 4.825075 2.367865 -0.176156 0.071226 0.209549 0.959159
36.085000000 -4.295689 4.822873 2.368638 -0.174500 0.072138 0.209976 0.959300
36.090000000 -4.294768 4.820766 2.369405 -0.172728 0.072863 0.210442 0.959463
36.095000000 -4.293829 4.818752 2.370166 -0.170861 0.073416 0.210944 0.959645
36.100000000 -4.292873 4.816831 2.370921 -0.168918 0.073815 0.211478 0.959841
36.105000000 -4.291899 4.815001 2.371670 -0.166918 0.074075 0.212040 0.960047
36.110000000 -4.290907 4.813261 2.372413 -0.164880 0.074216 0.212627 0.960258
36.115000000 -4.289896 4.811611 2.373151 -0.162823 0.074256 0.213235 0.960471
36.120000000 -4.288866 4.810049 2.373884 -0.160766 0.074214 0.213860 0.960682
36.125000000 -4.287818 4.808575 2.374611 -0.158725 0.074109 0.214498 0.960887
36.130000000 -4.286750 4.807187 2.375334 -0.156718 0.073961 0.215145 0.961084
36.135000000 -4.285664 4.805884 2.376051 -0.154758 0.073787 0.215797 0.961269
36.140000000 -4.284558 4.804665 2.376764 -0.152860 0.073605 0.216450 0.961439
36.145000000 -4.283433 4.803529 2.377472 -0.151036 0.073433 0.217100 0.961594
36.150000000 -4.282289 4.802476 2.378176 -0.149298 0.073287 0.217745 0.961731
36.155000000 -4.281126 4.801504 2.378875 -0.147655 0.073182 0.218379 0.961849
36.160000000 -4.279943 4.800613 2.379570 -0.146115 0.073132 0.219002 0.961946
36.165000000 -4.278741 4.799802 2.380261 -0.144685 0.073149 0.219608 0.962023
36.170000000 -4.277519 4.799069 2.380947 -0.143367 0.073244 0.220196 0.962078
36.175000000 -4.276277 4.798415 2.381629 -0.142167 0.073426 0.220764 0.962113
36.180000000 -4.275016 4.797839 2.382307 -0.141082 0.073702 0.221308 0.962126
36.185000000 -4.273734 4.797340 2.382981 -0.140112 0.074076 0.221828 0.962119
36.190000000 -4.272432 4.796917 2.383651 -0.139249 0.074552 0.222322 0.962094
36.195000000 -4.271109 4.796571 2.384315 -0.138485 0.075128 0.222789 0.962051
36.200000000 -4.269766 4.796301 2.384975 -0.137808 0.075803 0.223230 0.961993
36.205000000 -4.268401 4.796106 2.385629 -0.137203 0.076573 0.223643 0.961923
36.210000000 -4.267015 4.795987 2.386278 -0.136655 0.077431 0.224030 0.961842
36.215000000 -4.265606 4.795942 2.386920 -0.136147 0.078370 0.224392 0.961754
36.220000000 -4.264175 4.795972 2.387556 -0.135662 0.079381 0.224728 0.961661
36.225000000 -4.262721 4.796076 2.388186 -0.135182 0.080456 0.225040 0.961566
36.230000000 -4.261244 4.796254 2.388807 -0.134690 0.081585 0.225329 0.961472
36.235000000 -4.259743 4.796507 2.389421 -0.134168 0.082755 0.225597 0.961383
36.240000000 -4.258217 4.796833 2.390027 -0.133599 0.083956 0.225844 0.961300
36.245000000 -4.256666 4.797232 2.390624 -0.132965 0.085177 0.226073 0.961226
36.250000000 -4.255090 4.797704 2.391211 -0.132252 0.086404 0.226285 0.961165
36.255000000 -4.253487 4.798249 2.391789 -0.131446 0.087627 0.226482 0.961119
36.260000000 -4.251857 4.798866 2.392356 -0.130533 0.088834 0.226664 0.961090
36.265000000 -4.250200 4.799555 2.392913 -0.129503 0.090014 0.226835 0.961079
36.270000000 -4.248515 4.800316 2.393459 -0.128346 0.091158 0.226994 0.961089
36.275000000 -4.246801 4.801147 2.393993 -0.127057 0.092257 0.227143 0.961120
36.280000000 -4.245057 4.802049 2.394515 -0.125629 0.093303 0.227284 0.961173
36.285000000 -4.243284 4.803020 2.395026 -0.124060 0.094287 0.227418 0.961249
36.290000000 -4.241481 4.804059 2.395523 -0.122347 0.095203 0.227545 0.961348
36.295000000 -4.239646 4.805167 2.396008 -0.120491 0.096045 0.227668 0.961470
36.300000000 -4.237780 4.806342 2.396480 -0.118492 0.096807 0.227785 0.961614
36.305000000 -4.235881 4.807583 2.396938 -0.116356 0.097487 0.227899 0.961779
36.310000000 -4.233951 4.808889 2.397383 -0.114086 0.098083 0.228009 0.961965
36.315000000 -4.231987 4.810259 2.397815 -0.111690 0.098594 0.228116 0.962168
36.320000000 -4.229989 4.811692 2.398232 -0.109176 0.099020 0.228220 0.962388
36.325000000 -4.227958 4.813187 2.398635 -0.106553 0.099362 0.228320 0.962623
36.330000000 -4.225892 4.814742 2.399025 -0.103831 0.099623 0.228417 0.962871
36.335000000 -4.223792 4.816356 2.399400 -0.101022 0.099806 0.228511 0.963128
36.340000000 -4.221657 4.818028 2.399761 -0.098138 0.099914 0.228601 0.963394
36.345000000 -4.219486 4.819756 2.400108 -0.095191 0.099952 0.228686 0.963665
36.350000000 -4.217279 4.821539 2.400440 -0.092195 0.099925 0.228768 0.963940
36.355000000 -4.215037 4.823376 2.400759 -0.089163 0.099840 0.228843 0.964216
36.360000000 -4.212758 4.825265 2.401063 -0.086108 0.099704 0.228913 0.964491
36.365000000 -4.210443 4.827204 2.401352 -0.083046 0.099526 0.228976 0.964763
36.370000000 -4.208092 4.829192 2.401628 -0.079987 0.099311 0.229032 0.965030
36.375000000 -4.205703 4.831228 2.401889 -0.076946 0.099066 0.229080 0.965292
36.380000000 -4.203278 4.833310 2.402136 -0.073932 0.098799 0.229119 0.965545
36.385000000 -4.200815 4.835437 2.402369 -0.070959 0.098517 0.229149 0.965790
36.390000000 -4.198315 4.837607 2.402588 -0.068038 0.098229 0.229168 0.966025
36.395000000 -4.195777 4.839818 2.402792 -0.065179 0.097943 0.229176 0.966249
36.400000000 -4.193201 4.842070 2.402983 -0.062390 0.097666 0.229172 0.966462
36.405000000 -4.190588 4.844362 2.403159 -0.059680 0.097406 0.229156 0.966663
36.410000000 -4.187937 4.846691 2.403321 -0.057056 0.097166 0.229125 0.966853
36.415000000 -4.185247 4.849056 2.403469 -0.054522 0.096954 0.229081 0.967031
36.420000000 -4.182520 4.851457 2.403602 -0.052083 0.096773 0.229021 0.967198
36.425000000 -4.179753 4.853892 2.403721 -0.049744 0.096628 0.228946 0.967353
36.430000000 -4.176949 4.856360 2.403826 -0.047505 0.096522 0.228854 0.967498
36.435000000 -4.174105 4.858860 2.403916 -0.045369 0.096460 0.228745 0.967633
36.440000000 -4.171223 4.861391 2.403992 -0.043336 0.096444 0.228619 0.967757
36.445000000 -4.168301 4.863952 2.404053 -0.041407 0.096476 0.228473 0.967873
36.450000000 -4.165340 4.866543 2.404100 -0.039579 0.096561 0.228309 0.967980
36.455000000 -4.162340 4.869161 2.404131 -0.037850 0.096697 0.228124 0.968079
36.460000000 -4.159300 4.871806 2.404148 -0.036216 0.096883 0.227919 0.968171
36.465000000 -4.156220 4.874479 2.404149 -0.034674 0.097122 0.227693 0.968257
36.470000000 -4.153099 4.877177 2.404136 -0.033218 0.097411 0.227445 0.968337
36.475000000 -4.149938 4.879901 2.404107 -0.031843 0.097749 0.227175 0.968413
36.480000000 -4.146737 4.882649 2.404062 -0.030542 0.098132 0.226882 0.968484
36.485000000 -4.143494 4.885421 2.404002 -0.029307 0.098553 0.226566 0.968554
36.490000000 -4.140210 4.888217 2.403926 -0.028129 0.099006 0.226227 0.968621
36.495000000 -4.136885 4.891036 2.403834 -0.027001 0.099484 0.225865 0.968689
36.500000000 -4.133517 4.893877 2.403726 -0.025912 0.099976 0.225480 0.968758
36.505000000 -4.130107 4.896740 2.403603 -0.024855 0.100475 0.225071 0.968829
36.510000000 -4.126655 4.899625 2.403462 -0.023820 0.100974 0.224639 0.968904
36.515000000 -4.123159 4.902531 2.403306 -0.022798 0.101463 0.224183 0.968983
36.520000000 -4.119621 4.905458 2.403133 -0.021782 0.101935 0.223704 0.969067
36.525000000 -4.116039 4.908405 2.402943 -0.020763 0.102380 0.223202 0.969158
36.530000000 -4.112413 4.911371 2.402736 -0.019733 0.102790 0.222677 0.969257
36.535000000 -4.108743 4.914357 2.402513 -0.018686 0.103159 0.222129 0.969365
36.540000000 -4.105028 4.917362 2.402273 -0.017616 0.103479 0.221558 0.969481
36.545000000 -4.101269 4.920386 2.402016 -0.016518 0.103746 0.220965 0.969607
36.550000000 -4.097465 4.923427 2.401741 -0.015388 0.103955 0.220350 0.969743
36.555000000 -4.093616 4.926485 2.401450 -0.014221 0.104102 0.219713 0.969890
36.560000000 -4.089722 4.929560 2.401141 -0.013017 0.104184 0.219056 0.970047
36.565000000 -4.085783 4.932652 2.400815 -0.011772 0.104196 0.218378 0.970214
36.570000000 -4.081798 4.935759 2.400472 -0.010487 0.104139 0.217681 0.970392
36.575000000 -4.077767 4.938880 2.400112 -0.009160 0.104011 0.216964 0.970579
36.580000000 -4.073691 4.942017 2.399734 -0.007792 0.103812 0.216229 0.970777
36.585000000 -4.069569 4.945166 2.399339 -0.006384 0.103544 0.215475 0.970983
36.590000000 -4.065401 4.948329 2.398927 -0.004939 0.103209 0.214703 0.971198
36.595000000 -4.061188 4.951504 2.398497 -0.003458 0.102809 0.213915 0.971421
36.600000000 -4.056929 4.954691 2.398050 -0.001946 0.102346 0.213110 0.971651
36.605000000 -4.052624 4.957888 2.397586 -0.000406 0.101826 0.212290 0.971887
36.610000000 -4.048274 4.961095 2.397105 0.001159 0.101250 0.211455 0.972129
36.615000000 -4.043879 4.964311 2.396606 0.002744 0.100625 0.210606 0.972375
36.620000000 -4.039438 4.967535 2.396091 0.004344 0.099954 0.209743 0.972624
36.625000000 -4.034952 4.970766 2.395558 0.005955 0.099245 0.208867 0.972877
36.630000000 -4.030421 4.974005 2.395009 0.007571 0.098500 0.207979 0.973132
36.635000000 -4.025845 4.977249 2.394442 0.009188 0.097727 0.207080 0.973387
36.640000000 -4.021224 4.980497 2.393859 0.010799 0.096935 0.206169 0.973643
36.645000000 -4.016559 4.983750 2.393259 0.012400 0.096128 0.205249 0.973899
36.650000000 -4.011850 4.987006 2.392642 0.013986 0.095314 0.204318 0.974153
36.655000000 -4.007097 4.990264 2.392009 0.015553 0.094499 0.203379 0.974405
36.660000000 -4.002300 4.993524 2.391359 0.017095 0.093687 0.202431 0.974655
36.665000000 -3.997460 4.996785 2.390692 0.018608 0.092885 0.201474 0.974902
36.670000000 -3.992576 5.000045 2.390009 0.020089 0.092098 0.200511 0.975146
36.675000000 -3.987649 5.003304 2.389310 0.021534 0.091331 0.199539 0.975387
36.680000000 -3.982680 5.006562 2.388595 0.022940 0.090591 0.198561 0.975623
36.685000000 -3.977667 5.009817 2.387863 0.024305 0.089881 0.197577 0.975856
36.690000000 -3.972613 5.013069 2.387115 0.025625 0.089207 0.196586 0.976084
36.695000000 -3.967516 5.016317 2.386351 0.026899 0.088571 0.195588 0.976308
36.700000000 -3.962377 5.019560 2.385571 0.028125 0.087977 0.194586 0.976527
36.705000000 -3.957195 5.022798 2.384775 0.029303 0.087429 0.193577 0.976742
36.710000000 -3.951973 5.026031 2.383962 0.030432 0.086928 0.192564 0.976953
36.715000000 -3.946708 5.029257 2.383134 0.031511 0.086477 0.191545 0.977159
36.720000000 -3.941402 5.032475 2.382290 0.032540 0.086075 0.190521 0.977361
36.725000000 -3.936055 5.035686 2.381430 0.033522 0.085724 0.189491 0.977559
36.730000000 -3.930666 5.038889 2.380555 0.034456 0.085422 0.188457 0.977752
36.735000000 -3.925236 5.042084 2.379663 0.035344 0.085169 0.187417 0.977943
36.740000000 -3.919765 5.045269 2.378756 0.036189 0.084962 0.186372 0.978130
36.745000000 -3.914253 5.048445 2.377832 0.036991 0.084800 0.185321 0.978313
36.750000000 -3.908700 5.051610 2.376893 0.037754 0.084682 0.184265 0.978494
36.755000000 -3.903105 5.054765 2.375939 0.038479 0.084606 0.183203 0.978672
36.760000000 -3.897469 5.057910 2.374968 0.039169 0.084565 0.182135 0.978847
36.765000000 -3.891793 5.061043 2.373982 0.039824 0.084555 0.181061 0.979021
36.770000000 -3.886075 5.064165 2.372979 0.040445 0.084568 0.179980 0.979193
36.775000000 -3.880315 5.067275 2.371961 0.041032 0.084595 0.178892 0.979366
36.780000000 -3.874515 5.070373 2.370928 0.041582 0.084627 0.177797 0.979539
36.785000000 -3.868673 5.073458 2.369878 0.042095 0.084654 0.176695 0.979714
36.790000000 -3.862790 5.076531 2.368812 0.042569 0.084663 0.175585 0.979893
36.795000000 -3.856865 5.079591 2.367730 0.043000 0.084643 0.174467 0.980075
36.800000000 -3.850900 5.082637 2.366632 0.043387 0.084582 0.173340 0.980264
36.805000000 -3.844893 5.085670 2.365518 0.043726 0.084468 0.172204 0.980459
36.810000000 -3.838844 5.088690 2.364388 0.044016 0.084292 0.171058 0.980661
36.815000000 -3.832755 5.091695 2.363242 0.044253 0.084044 0.169903 0.980873
36.820000000 -3.826624 5.094687 2.362079 0.044437 0.083714 0.168739 0.981094
36.825000000 -3.820453 5.097664 2.360901 0.044564 0.083295 0.167564 0.981325
36.830000000 -3.814241 5.100627 2.359705 0.044634 0.082778 0.166379 0.981567
36.835000000 -3.807989 5.103576 2.358494 0.044646 0.082159 0.165183 0.981820
36.840000000 -3.801697 5.106510 2.357266 0.044598 0.081433 0.163976 0.982085
36.845000000 -3.795365 5.109429 2.356022 0.044491 0.080597 0.162758 0.982362
36.850000000 -3.788993 5.112334 2.354762 0.044326 0.079648 0.161529 0.982649
36.855000000 -3.782584 5.115224 2.353485 0.044102 0.078586 0.160289 0.982948
36.860000000 -3.776135 5.118100 2.352192 0.043822 0.077411 0.159038 0.983257
36.865000000 -3.769650 5.120960 2.350883 0.043487 0.076125 0.157775 0.983576
36.870000000 -3.763127 5.123806 2.349558 0.043100 0.074730 0.156502 0.983903
36.875000000 -3.756568 5.126637 2.348217 0.042663 0.073231 0.155219 0.984238
36.880000000 -3.749973 5.129453 2.346861 0.042181 0.071632 0.153925 0.984579
36.885000000 -3.743344 5.132255 2.345488 0.041656 0.069941 0.152622 0.984926
36.890000000 -3.736680 5.135042 2.344100 0.041093 0.068166 0.151310 0.985277
36.895000000 -3.729984 5.137815 2.342696 0.040495 0.066313 0.149988 0.985630
36.900000000 -3.723255 5.140573 2.341277 0.039868 0.064389 0.148658 0.985984
36.905000000 -3.716495 5.143317 2.339843 0.039216 0.062403 0.147321 0.986339
36.910000000 -3.709706 5.146047 2.338393 0.038543 0.060363 0.145977 0.986692
36.915000000 -3.702886 5.148763 2.336929 0.037855 0.058280 0.144627 0.987043
36.920000000 -3.696039 5.151465 2.335450 0.037156 0.056163 0.143271 0.987390
36.925000000 -3.689165 5.154153 2.333957 0.036451 0.054024 0.141911 0.987732
36.930000000 -3.682264 5.156828 2.332449 0.035744 0.051871 0.140546 0.988068
36.935000000 -3.675338 5.159489 2.330927 0.035040 0.049715 0.139177 0.988398
36.940000000 -3.668389 5.162137 2.329391 0.034344 0.047565 0.137806 0.988720
36.945000000 -3.661416 5.164772 2.327841 0.033659 0.045431 0.136433 0.989034
36.950000000 -3.654422 5.167393 2.326277 0.032989 0.043322 0.135058 0.989340
36.955000000 -3.647406 5.170002 2.324700 0.032337 0.041247 0.133683 0.989637
36.960000000 -3.640371 5.172598 2.323109 0.031707 0.039214 0.132308 0.989925
36.965000000 -3.633317 5.175181 2.321504 0.031101 0.037230 0.130934 0.990204
36.970000000 -3.626245 5.177752 2.319887 0.030522 0.035301 0.129562 0.990473
36.975000000 -3.619156 5.180310 2.318257 0.029972 0.033432 0.128192 0.990732
36.980000000 -3.612051 5.182856 2.316613 0.029452 0.031627 0.126826 0.990983
36.985000000 -3.604931 5.185390 2.314957 0.028965 0.029890 0.125463 0.991225
36.990000000 -3.597797 5.187912 2.313289 0.028510 0.028222 0.124105 0.991458
36.995000000 -3.590649 5.190422 2.311608 0.028088 0.026624 0.122752 0.991682
37.000000000 -3.583488 5.192920 2.309914 0.027700 0.025097 0.121406 0.991899
37.005000000 -3.576315 5.195406 2.308208 0.027345 0.023642 0.120065 0.992108
37.010000000 -3.569132 5.197881 2.306490 0.027023 0.022258 0.118732 0.992309
37.015000000 -3.561937 5.200343 2.304760 0.026733 0.020945 0.117405 0.992503
37.020000000 -3.554733 5.202794 2.303018 0.026474 0.019699 0.116086 0.992691
37.025000000 -3.547519 5.205234 2.301265 0.026245 0.018520 0.114774 0.992872
37.030000000 -3.540296 5.207662 2.299499 0.026045 0.017405 0.113471 0.993047
37.035000000 -3.533065 5.210078 2.297722 0.025870 0.016350 0.112175 0.993217
37.040000000 -3.525827 5.212483 2.295933 0.025721 0.015352 0.110887 0.993381
37.045000000 -3.518581 5.214876 2.294132 0.025592 0.014407 0.109607 0.993541
37.050000000 -3.511328 5.217257 2.292321 0.025464 0.013506 0.108336 0.993696
37.055000000 -3.504069 5.219627 2.290499 0.025313 0.012639 0.107072 0.993849
37.060000000 -3.496804 5.221986 2.288667 0.025120 0.011795 0.105817 0.993998
37.065000000 -3.489534 5.224332 2.286825 0.024869 0.010967 0.104570 0.994146
37.070000000 -3.482258 5.226668 2.284975 0.024548 0.010148 0.103331 0.994292
37.075000000 -3.474978 5.228991 2.283116 0.024151 0.009333 0.102100 0.994437
37.080000000 -3.467693 5.231304 2.281250 0.023672 0.008516 0.100876 0.994581
37.085000000 -3.460405 5.233605 2.279376 0.023111 0.007693 0.099660 0.994723
37.090000000 -3.453112 5.235895 2.277496 0.022469 0.006860 0.098452 0.994864
37.095000000 -3.445817 5.238175 2.275610 0.021751 0.006014 0.097251 0.995004
37.100000000 -3.438519 5.240444 2.273717 0.020965 0.005154 0.096057 0.995142
37.105000000 -3.431219 5.242703 2.271820 0.020118 0.004278 0.094869 0.995277
37.110000000 -3.423918 5.244952 2.269919 0.019222 0.003385 0.093688 0.995410
37.115000000 -3.416615 5.247191 2.268013 0.018289 0.002475 0.092513 0.995540
37.120000000 -3.409311 5.249422 2.266104 0.017332 0.001547 0.091344 0.995667
37.125000000 -3.402007 5.251644 2.264191 0.016364 0.000605 0.090181 0.995791
37.130000000 -3.394703 5.253857 2.262277 0.015400 -0.000352 0.089024 0.995910
37.135000000 -3.387400 5.256063 2.260360 0.014455 -0.001321 0.087873 0.996026
37.140000000 -3.380098 5.258261 2.258442 0.013544 -0.002300 0.086728 0.996137
37.145000000 -3.372798 5.260453 2.256523 0.012680 -0.003285 0.085589 0.996244
37.150000000 -3.365501 5.262637 2.254603 0.011877 -0.004273 0.084456 0.996347
37.155000000 -3.358206 5.264815 2.252683 0.011148 -0.005261 0.083329 0.996446
37.160000000 -3.350914 5.266987 2.250764 0.010506 -0.006245 0.082207 0.996540
37.165000000 -3.343627 5.269154 2.248845 0.009961 -0.007222 0.081093 0.996631
37.170000000 -3.336344 5.271315 2.246928 0.009524 -0.008189 0.079984 0.996717
37.175000000 -3.329065 5.273470 2.245013 0.009202 -0.009141 0.078882 0.996800
37.180000000 -3.321792 5.275620 2.243099 0.009003 -0.010077 0.077787 0.996878
37.185000000 -3.314525 5.277765 2.241189 0.008933 -0.010992 0.076698 0.996954
37.190000000 -3.307265 5.279905 2.239281 0.008996 -0.011884 0.075615 0.997026
37.195000000 -3.300011 5.282040 2.237377 0.009194 -0.012751 0.074540 0.997094
37.200000000 -3.292764 5.284169 2.235477 0.009529 -0.013590 0.073472 0.997159
37.205000000 -3.285525 5.286292 2.233581 0.010000 -0.014398 0.072411 0.997221
37.210000000 -3.278294 5.288410 2.231689 0.010606 -0.015174 0.071357 0.997279
37.215000000 -3.271071 5.290521 2.229803 0.011343 -0.015915 0.070310 0.997334
37.220000000 -3.263857 5.292626 2.227923 0.012208 -0.016622 0.069270 0.997385
37.225000000 -3.256652 5.294724 2.226048 0.013195 -0.017292 0.068237 0.997432
37.230000000 -3.249457 5.296814 2.224180 0.014297 -0.017925 0.067211 0.997475
37.235000000 -3.242271 5.298896 2.222319 0.015506 -0.018520 0.066193 0.997514
37.240000000 -3.235095 5.300970 2.220465 0.016816 -0.019075 0.065181 0.997549
37.245000000 -3.227930 5.303033 2.218619 0.018216 -0.019590 0.064177 0.997580
37.250000000 -3.220775 5.305087 2.216780 0.019698 -0.020065 0.063180 0.997606
37.255000000 -3.213631 5.307130 2.214950 0.021252 -0.020498 0.062190 0.997627
37.260000000 -3.206498 5.309161 2.213129 0.022868 -0.020889 0.061207 0.997644
37.265000000 -3.199375 5.311179 2.211317 0.024536 -0.021240 0.060232 0.997657
37.270000000 -3.192265 5.313184 2.209514 0.026246 -0.021550 0.059264 0.997665
37.275000000 -3.185165 5.315174 2.207721 0.027988 -0.021819 0.058303 0.997668
37.280000000 -3.178077 5.317150 2.205939 0.029754 -0.022049 0.057350 0.997667
37.285000000 -3.171000 5.319109 2.204166 0.031532 -0.022241 0.056404 0.997662
37.290000000 -3.163935 5.321051 2.202405 0.033316 -0.022394 0.055465 0.997653
37.295000000 -3.156882 5.322975 2.200654 0.035097 -0.022510 0.054534 0.997641
37.300000000 -3.149840 5.324880 2.198915 0.036868 -0.022591 0.053610 0.997625
37.305000000 -3.142810 5.326765 2.197188 0.038620 -0.022637 0.052693 0.997607
37.310000000 -3.135792 5.328629 2.195473 0.040348 -0.022650 0.051784 0.997586
37.315000000 -3.128786 5.330472 2.193771 0.042045 -0.022633 0.050882 0.997562
37.320000000 -3.121791 5.332292 2.192081 0.043707 -0.022588 0.049988 0.997537
37.325000000 -3.114808 5.334088 2.190404 0.045330 -0.022517 0.049102 0.997511
37.330000000 -3.107837 5.335860 2.188741 0.046908 -0.022421 0.048224 0.997483
37.335000000 -3.100877 5.337607 2.187091 0.048441 -0.022305 0.047353 0.997454
37.340000000 -3.093929 5.339328 2.185456 0.049926 -0.022169 0.046491 0.997424
37.345000000 -3.086992 5.341022 2.183834 0.051361 -0.022017 0.045637 0.997394
37.350000000 -3.080066 5.342689 2.182228 0.052746 -0.021851 0.044790 0.997364
37.355000000 -3.073152 5.344327 2.180637 0.054081 -0.021673 0.043953 0.997333
37.360000000 -3.066249 5.345936 2.179061 0.055366 -0.021487 0.043124 0.997303
37.365000000 -3.059357 5.347516 2.177501 0.056603 -0.021295 0.042303 0.997273
37.370000000 -3.052476 5.349065 2.175956 0.057793 -0.021099 0.041491 0.997243
37.375000000 -3.045606 5.350583 2.174429 0.058939 -0.020902 0.040688 0.997213
37.380000000 -3.038747 5.352069 2.172918 0.060044 -0.020705 0.039895 0.997183
37.385000000 -3.031898 5.353523 2.171424 0.061110 -0.020511 0.039110 0.997154
37.390000000 -3.025060 5.354944 2.169947 0.062140 -0.020323 0.038335 0.997124
37.395000000 -3.018233 5.356332 2.168488 0.063139 -0.020141 0.037569 0.997094
37.400000000 -3.011416 5.357685 2.167048 0.064111 -0.019967 0.036812 0.997064
37.405000000 -3.004609 5.359005 2.165625 0.065059 -0.019803 0.036066 0.997033
37.410000000 -2.997813 5.360288 2.164222 0.065987 -0.019649 0.035329 0.997001
37.415000000 -2.991027 5.361537 2.162837 0.066900 -0.019507 0.034602 0.996969
37.420000000 -2.984251 5.362749 2.161473 0.067801 -0.019378 0.033885 0.996935
37.425000000 -2.977485 5.363924 2.160128 0.068694 -0.019263 0.033178 0.996900
37.430000000 -2.970730 5.365062 2.158803 0.069584 -0.019162 0.032482 0.996863
37.435000000 -2.963984 5.366163 2.157499 0.070473 -0.019074 0.031795 0.996824
37.440000000 -2.957249 5.367225 2.156215 0.071364 -0.019002 0.031119 0.996784
37.445000000 -2.950523 5.368248 2.154953 0.072262 -0.018943 0.030454 0.996741
37.450000000 -2.943808 5.369232 2.153712 0.073170 -0.018899 0.029798 0.996695
37.455000000 -2.937102 5.370177 2.152494 0.074088 -0.018868 0.029154 0.996647
37.460000000 -2.930407 5.371080 2.151297 0.075019 -0.018852 0.028519 0.996596
37.465000000 -2.923721 5.371943 2.150124 0.075965 -0.018849 0.027896 0.996542
37.470000000 -2.917046 5.372765 2.148973 0.076925 -0.018859 0.027282 0.996485
37.475000000 -2.910380 5.373544 2.147845 0.077897 -0.018882 0.026680 0.996426
37.480000000 -2.903725 5.374281 2.146740 0.078878 -0.018917 0.026088 0.996363
37.485000000 -2.897080 5.374975 2.145659 0.079864 -0.018963 0.025506 0.996299
37.490000000 -2.890445 5.375625 2.144602 0.080851 -0.019020 0.024934 0.996233
37.495000000 -2.883820 5.376230 2.143568 0.081832 -0.019087 0.024373 0.996165
37.500000000 -2.877205 5.376791 2.142558 0.082803 -0.019164 0.023822 0.996097
37.505000000 -2.870601 5.377307 2.141572 0.083755 -0.019251 0.023282 0.996028
37.510000000 -2.864007 5.377776 2.140610 0.084683 -0.019346 0.022751 0.995960
37.515000000 -2.857423 5.378200 2.139672 0.085578 -0.019450 0.022231 0.995893
37.520000000 -2.850850 5.378576 2.138757 0.086436 -0.019562 0.021721 0.995828
37.525000000 -2.844288 5.378905 2.137867 0.087250 -0.019681 0.021220 0.995766
37.530000000 -2.837736 5.379186 2.137001 0.088013 -0.019806 0.020729 0.995707
37.535000000 -2.831195 5.379420 2.136158 0.088721 -0.019938 0.020248 0.995651
37.540000000 -2.824665 5.379604 2.135340 0.089369 -0.020075 0.019777 0.995600
37.545000000 -2.818145 5.379740 2.134545 0.089951 -0.020217 0.019316 0.995554
37.550000000 -2.811637 5.379826 2.133775 0.090465 -0.020364 0.018863 0.995513
37.555000000 -2.805140 5.379863 2.133028 0.090907 -0.020516 0.018420 0.995478
37.560000000 -2.798654 5.379850 2.132306 0.091275 -0.020672 0.017987 0.995449
37.565000000 -2.792179 5.379787 2.131607 0.091569 -0.020831 0.017562 0.995426
37.570000000 -2.785715 5.379673 2.130933 0.091787 -0.020993 0.017146 0.995410
37.575000000 -2.779264 5.379510 2.130282 0.091930 -0.021158 0.016739 0.995400
37.580000000 -2.772823 5.379296 2.129656 0.091998 -0.021326 0.016341 0.995397
37.585000000 -2.766395 5.379032 2.129054 0.091993 -0.021498 0.015952 0.995400
37.590000000 -2.759978 5.378718 2.128475 0.091915 -0.021674 0.015571 0.995409
37.595000000 -2.753573 5.378353 2.127921 0.091769 -0.021853 0.015198 0.995425
37.600000000 -2.747180 5.377938 2.127391 0.091557 -0.022036 0.014834 0.995445
37.605000000 -2.740800 5.377473 2.126885 0.091284 -0.022222 0.014478 0.995472
37.610000000 -2.734432 5.376958 2.126403 0.090956 -0.022411 0.014130 0.995502
37.615000000 -2.728076 5.376393 2.125946 0.090576 -0.022603 0.013790 0.995537
37.620000000 -2.721732 5.375779 2.125513 0.090152 -0.022798 0.013459 0.995576
37.625000000 -2.715402 5.375115 2.125105 0.089689 -0.022995 0.013135 0.995618
37.630000000 -2.709084 5.374403 2.124721 0.089193 -0.023194 0.012819 0.995662
37.635000000 -2.702779 5.373641 2.124362 0.088669 -0.023395 0.012511 0.995708
37.640000000 -2.696487 5.372831 2.124027 0.088125 -0.023599 0.012210 0.995755
37.645000000 -2.690208 5.371973 2.123718 0.087565 -0.023806 0.011917 0.995803
37.650000000 -2.683943 5.371066 2.123433 0.086996 -0.024015 0.011632 0.995851
37.655000000 -2.677691 5.370112 2.123174 0.086422 -0.024227 0.011354 0.995899
37.660000000 -2.671453 5.369111 2.122939 0.085849 -0.024443 0.011083 0.995947
37.665000000 -2.665228 5.368063 2.122730 0.085281 -0.024663 0.010820 0.995993
37.670000000 -2.659017 5.366968 2.122546 0.084724 -0.024886 0.010564 0.996038
37.675000000 -2.652820 5.365827 2.122388 0.084182 -0.025114 0.010315 0.996080
37.680000000 -2.646638 5.364639 2.122255 0.083657 -0.025348 0.010072 0.996121
37.685000000 -2.640469 5.363406 2.122147 0.083153 -0.025586 0.009837 0.996160
37.690000000 -2.634315 5.362127 2.122065 0.082673 -0.025831 0.009608 0.996196
37.695000000 -2.628176 5.360803 2.122009 0.082219 -0.026081 0.009385 0.996229
37.700000000 -2.622051 5.359434 2.121978 0.081792 -0.026338 0.009169 0.996259
37.705000000 -2.615941 5.358020 2.121973 0.081392 -0.026601 0.008958 0.996287
37.710000000 -2.609846 5.356562 2.121993 0.081016 -0.026872 0.008754 0.996312
37.715000000 -2.603766 5.355060 2.122040 0.080660 -0.027151 0.008556 0.996335
37.720000000 -2.597702 5.353513 2.122111 0.080321 -0.027439 0.008363 0.996356
37.725000000 -2.591653 5.351923 2.122208 0.079993 -0.027737 0.008176 0.996376
37.730000000 -2.585619 5.350288 2.122329 0.079669 -0.028045 0.007993 0.996395
37.735000000 -2.579602 5.348611 2.122476 0.079343 -0.028366 0.007816 0.996413
37.740000000 -2.573600 5.346890 2.122647 0.079007 -0.028699 0.007644 0.996432
37.745000000 -2.567614 5.345127 2.122842 0.078654 -0.029046 0.007476 0.996451
37.750000000 -2.561645 5.343320 2.123062 0.078277 -0.029408 0.007313 0.996471
37.755000000 -2.555692 5.341472 2.123305 0.077869 -0.029786 0.007154 0.996493
37.760000000 -2.549756 5.339581 2.123572 0.077423 -0.030179 0.006999 0.996517
37.765000000 -2.543837 5.337648 2.123862 0.076932 -0.030590 0.006848 0.996543
37.770000000 -2.537935 5.335674 2.124175 0.076392 -0.031017 0.006701 0.996573
37.775000000 -2.532050 5.333658 2.124511 0.075798 -0.031462 0.006558 0.996605
37.780000000 -2.526183 5.331602 2.124869 0.075144 -0.031924 0.006418 0.996641
37.785000000 -2.520334 5.329505 2.125249 0.074428 -0.032404 0.006283 0.996680
37.790000000 -2.514502 5.327368 2.125652 0.073646 -0.032901 0.006150 0.996723
37.795000000 -2.508689 5.325192 2.126076 0.072797 -0.033416 0.006022 0.996769
37.800000000 -2.502894 5.322976 2.126522 0.071878 -0.033948 0.005897 0.996818
37.805000000 -2.497119 5.320723 2.126989 0.070891 -0.034497 0.005775 0.996871
37.810000000 -2.491362 5.318431 2.127476 0.069833 -0.035063 0.005658 0.996926
37.815000000 -2.485625 5.316102 2.127985 0.068707 -0.035645 0.005544 0.996984
37.820000000 -2.479907 5.313736 2.128514 0.067514 -0.036243 0.005433 0.997045
37.825000000 -2.474209 5.311334 2.129063 0.066256 -0.036856 0.005327 0.997107
37.830000000 -2.468532 5.308897 2.129632 0.064938 -0.037484 0.005225 0.997171
37.835000000 -2.462875 5.306426 2.130221 0.063563 -0.038124 0.005127 0.997236
37.840000000 -2.457240 5.303921 2.130830 0.062135 -0.038778 0.005033 0.997301
37.845000000 -2.451625 5.301383 2.131458 0.060660 -0.039443 0.004943 0.997367
37.850000000 -2.446032 5.298813 2.132105 0.059143 -0.040118 0.004858 0.997431
37.855000000 -2.440462 5.296211 2.132771 0.057591 -0.040803 0.004778 0.997495
37.860000000 -2.434913 5.293579 2.133457 0.056007 -0.041497 0.004702 0.997557
37.865000000 -2.429387 5.290918 2.134161 0.054400 -0.042198 0.004632 0.997616
37.870000000 -2.423885 5.288228 2.134883 0.052775 -0.042906 0.004567 0.997674
37.875000000 -2.418405 5.285510 2.135624 0.051138 -0.043619 0.004507 0.997728
37.880000000 -2.412949 5.282765 2.136383 0.049496 -0.044336 0.004452 0.997780
37.885000000 -2.407518 5.279995 2.137160 0.047855 -0.045057 0.004403 0.997828
37.890000000 -2.402111 5.277199 2.137955 0.046222 -0.045780 0.004359 0.997872
37.895000000 -2.396729 5.274379 2.138767 0.044601 -0.046504 0.004321 0.997913
37.900000000 -2.391372 5.271535 2.139597 0.042999 -0.047229 0.004289 0.997949
37.905000000 -2.386040 5.268670 2.140445 0.041420 -0.047954 0.004263 0.997981
37.910000000 -2.380735 5.265782 2.141309 0.039870 -0.048678 0.004242 0.998009
37.915000000 -2.375456 5.262874 2.142191 0.038352 -0.049400 0.004227 0.998034
37.920000000 -2.370203 5.259946 2.143090 0.036870 -0.050120 0.004217 0.998053
37.925000000 -2.364978 5.256999 2.144005 0.035429 -0.050838 0.004214 0.998069
37.930000000 -2.359780 5.254033 2.144937 0.034030 -0.051551 0.004215 0.998081
37.935000000 -2.354609 5.251050 2.145885 0.032676 -0.052261 0.004222 0.998090
37.940000000 -2.349467 5.248049 2.146849 0.031365 -0.052967 0.004235 0.998095
37.945000000 -2.344353 5.245033 2.147829 0.030098 -0.053666 0.004252 0.998096
37.950000000 -2.339268 5.242001 2.148825 0.028872 -0.054360 0.004274 0.998095
37.955000000 -2.334212 5.238954 2.149836 0.027686 -0.055047 0.004301 0.998091
37.960000000 -2.329186 5.235893 2.150861 0.026534 -0.055726 0.004333 0.998084
37.965000000 -2.324189 5.232818 2.151902 0.025414 -0.056397 0.004369 0.998075
37.970000000 -2.319222 5.229731 2.152957 0.024321 -0.057059 0.004409 0.998065
37.975000000 -2.314286 5.226630 2.154025 0.023250 -0.057712 0.004452 0.998053
37.980000000 -2.309380 5.223518 2.155107 0.022196 -0.058355 0.004500 0.998039
37.985000000 -2.304505 5.220395 2.156203 0.021156 -0.058987 0.004550 0.998024
37.990000000 -2.299661 5.217261 2.157311 0.020124 -0.059608 0.004604 0.998008
37.995000000 -2.294849 5.214117 2.158432 0.019095 -0.060217 0.004661 0.997992
38.000000000 -2.290069 5.210963 2.159565 0.018064 -0.060814 0.004720 0.997974
38.005000000 -2.285321 5.207800 2.160709 0.017028 -0.061399 0.004782 0.997957
38.010000000 -2.280604 5.204629 2.161865 0.015982 -0.061973 0.004845 0.997938
38.015000000 -2.275921 5.201449 2.163032 0.014921 -0.062535 0.004911 0.997919
38.020000000 -2.271270 5.198262 2.164210 0.013844 -0.063085 0.004978 0.997900
38.025000000 -2.266652 5.195069 2.165398 0.012746 -0.063623 0.005047 0.997880
38.030000000 -2.262068 5.191869 2.166595 0.011624 -0.064151 0.005117 0.997859
38.035000000 -2.257517 5.188663 2.167803 0.010478 -0.064668 0.005189 0.997838
38.040000000 -2.252999 5.185452 2.169019 0.009304 -0.065175 0.005261 0.997817
38.045000000 -2.248516 5.182236 2.170244 0.008102 -0.065673 0.005335 0.997794
38.050000000 -2.244066 5.179017 2.171478 0.006870 -0.066162 0.005409 0.997771
38.055000000 -2.239651 5.175794 2.172720 0.005610 -0.066644 0.005485 0.997746
38.060000000 -2.235270 5.172569 2.173970 0.004320 -0.067119 0.005561 0.997720
38.065000000 -2.230924 5.169341 2.175227 0.003003 -0.067587 0.005638 0.997693
38.070000000 -2.226613 5.166112 2.176491 0.001658 -0.068051 0.005716 0.997664
38.075000000 -2.222337 5.162883 2.177762 0.000289 -0.068510 0.005795 0.997634
38.080000000 -2.218096 5.159654 2.179040 -0.001103 -0.068965 0.005875 0.997601
38.085000000 -2.213891 5.156425 2.180323 -0.002515 -0.069417 0.005956 0.997567
38.090000000 -2.209721 5.153198 2.181612 -0.003946 -0.069868 0.006039 0.997530
38.095000000 -2.205587 5.149973 2.182907 -0.005391 -0.070317 0.006122 0.997491
38.100000000 -2.201489 5.146751 2.184207 -0.006848 -0.070765 0.006207 0.997450
38.105000000 -2.197428 5.143532 2.185511 -0.008314 -0.071214 0.006293 0.997407
38.110000000 -2.193402 5.140318 2.186820 -0.009785 -0.071664 0.006381 0.997360
38.115000000 -2.189413 5.137109 2.188133 -0.011257 -0.072115 0.006470 0.997312
38.120000000 -2.185461 5.133905 2.189450 -0.012726 -0.072568 0.006561 0.997261
38.125000000 -2.181546 5.130709 2.190771 -0.014191 -0.073024 0.006653 0.997207
38.130000000 -2.177668 5.127519 2.192095 -0.015646 -0.073483 0.006748 0.997151
38.135000000 -2.173827 5.124337 2.193421 -0.017089 -0.073945 0.006844 0.997092
38.140000000 -2.170024 5.121164 2.194751 -0.018516 -0.074412 0.006943 0.997032
38.145000000 -2.166258 5.118001 2.196082 -0.019934 -0.074885 0.007043 0.996968
38.150000000 -2.162531 5.114847 2.197421 -0.021476 -0.075405 0.007151 0.996896
38.155000000 -2.158844 5.111705 2.198773 -0.023344 -0.076038 0.007272 0.996805
38.160000000 -2.155198 5.108576 2.200146 -0.025693 -0.076842 0.007416 0.996685
38.165000000 -2.151595 5.105460 2.201545 -0.028642 -0.077867 0.007589 0.996523
38.170000000 -2.148036 5.102361 2.202976 -0.032270 -0.079149 0.007797 0.996310
38.175000000 -2.144523 5.099280 2.204444 -0.036628 -0.080718 0.008046 0.996031
38.180000000 -2.141057 5.096221 2.205953 -0.041737 -0.082589 0.008339 0.995674
38.185000000 -2.137640 5.093185 2.207506 -0.047597 -0.084768 0.008681 0.995225
38.190000000 -2.134274 5.090178 2.209106 -0.054187 -0.087251 0.009074 0.994670
38.195000000 -2.130961 5.087204 2.210755 -0.061469 -0.090022 0.009518 0.993995
38.200000000 -2.127703 5.084266 2.212454 -0.069387 -0.093059 0.010013 0.993189
38.205000000 -2.124502 5.081369 2.214204 -0.077875 -0.096330 0.010559 0.992242
38.210000000 -2.121360 5.078520 2.216004 -0.086853 -0.099797 0.011151 0.991147
38.215000000 -2.118280 5.075723 2.217855 -0.096234 -0.103417 0.011787 0.989902
38.220000000 -2.115263 5.072984 2.219756 -0.105922 -0.107140 0.012462 0.988507
38.225000000 -2.112313 5.070309 2.221704 -0.115816 -0.110916 0.013170 0.986971
38.230000000 -2.109431 5.067704 2.223698 -0.125811 -0.114689 0.013906 0.985304
38.235000000 -2.106620 5.065174 2.225737 -0.135800 -0.118407 0.014662 0.983526
38.240000000 -2.103882 5.062725 2.227816 -0.145677 -0.122016 0.015430 0.981658
38.245000000 -2.101219 5.060363 2.229934 -0.155337 -0.125468 0.016204 0.979727
38.250000000 -2.098632 5.058092 2.232088 -0.164680 -0.128718 0.016976 0.977765
38.255000000 -2.096125 5.055919 2.234274 -0.173613 -0.131731 0.017739 0.975803
38.260000000 -2.093697 5.053847 2.236491 -0.182048 -0.134473 0.018487 0.973876
38.265000000 -2.091352 5.051882 2.238735 -0.189906 -0.136918 0.019213 0.972019
38.270000000 -2.089089 5.050027 2.241003 -0.197114 -0.139047 0.019911 0.970266
38.275000000 -2.086911 5.048286 2.243292 -0.203610 -0.140846 0.020575 0.968649
38.280000000 -2.084817 5.046662 2.245600 -0.209343 -0.142308 0.021202 0.967199
38.285000000 -2.082808 5.045158 2.247924 -0.214270 -0.143429 0.021784 0.965941
38.290000000 -2.080886 5.043776 2.250262 -0.218356 -0.144211 0.022319 0.964897
38.295000000 -2.079049 5.042518 2.252612 -0.221579 -0.144662 0.022802 0.964083
38.300000000 -2.077298 5.041384 2.254972 -0.223927 -0.144793 0.023229 0.963510
38.305000000 -2.075633 5.040376 2.257340 -0.225395 -0.144620 0.023595 0.963185
38.310000000 -2.074053 5.039494 2.259714 -0.225991 -0.144160 0.023897 0.963107
38.315000000 -2.072558 5.038738 2.262095 -0.225730 -0.143436 0.024131 0.963270
38.320000000 -2.071147 5.038106 2.264480 -0.224637 -0.142470 0.024294 0.963665
38.325000000 -2.069819 5.037599 2.266870 -0.222745 -0.141289 0.024381 0.964276
38.330000000 -2.068573 5.037214 2.269264 -0.220092 -0.139920 0.024388 0.965084
38.335000000 -2.067409 5.036950 2.271663 -0.216726 -0.138388 0.024312 0.966068
38.340000000 -2.066324 5.036804 2.274065 -0.212697 -0.136719 0.024147 0.967205
38.345000000 -2.065318 5.036775 2.276472 -0.208063 -0.134937 0.023889 0.968468
38.350000000 -2.064390 5.036858 2.278884 -0.202880 -0.133062 0.023532 0.969835
38.355000000 -2.063537 5.037051 2.281301 -0.197212 -0.131112 0.023071 0.971280
38.360000000 -2.062759 5.037351 2.283723 -0.191119 -0.129099 0.022499 0.972780
38.365000000 -2.062054 5.037753 2.286150 -0.184668 -0.127038 0.021812 0.974312
38.370000000 -2.061421 5.038255 2.288584 -0.177921 -0.124937 0.021004 0.975855
38.375000000 -2.060857 5.038851 2.291023 -0.170941 -0.122803 0.020071 0.977392
38.380000000 -2.060362 5.039538 2.293470 -0.163789 -0.120640 0.019008 0.978907
38.385000000 -2.059933 5.040313 2.295923 -0.156525 -0.118451 0.017811 0.980384
38.390000000 -2.059570 5.041170 2.298383 -0.149205 -0.116237 0.016478 0.981812
38.395000000 -2.059270 5.042105 2.300850 -0.141886 -0.113999 0.015006 0.983182
38.400000000 -2.059031 5.043115 2.303325 -0.134619 -0.111735 0.013395 0.984486
38.405000000 -2.058853 5.044196 2.305807 -0.127452 -0.109444 0.011644 0.985719
38.410000000 -2.058734 5.045343 2.308296 -0.120427 -0.107122 0.009754 0.986877
38.415000000 -2.058671 5.046553 2.310792 -0.113585 -0.104766 0.007728 0.987959
38.420000000 -2.058664 5.047821 2.313295 -0.106959 -0.102372 0.005566 0.988963
38.425000000 -2.058710 5.049146 2.315805 -0.100579 -0.099936 0.003274 0.989892
38.430000000 -2.058809 5.050522 2.318321 -0.094470 -0.097452 0.000854 0.990746
38.435000000 -2.058958 5.051947 2.320843 -0.088650 -0.094916 -0.001688 0.991529
38.440000000 -2.059156 5.053417 2.323372 -0.083135 -0.092326 -0.004346 0.992243
38.445000000 -2.059401 5.054931 2.325905 -0.077937 -0.089682 -0.007115 0.992891
38.450000000 -2.059691 5.056485 2.328444 -0.073063 -0.086983 -0.009988 0.993477
38.455000000 -2.060026 5.058076 2.330987 -0.068517 -0.084232 -0.012957 0.994003
38.460000000 -2.060403 5.059702 2.333534 -0.064298 -0.081433 -0.016015 0.994474
38.465000000 -2.060820 5.061362 2.336085 -0.060402 -0.078589 -0.019153 0.994891
38.470000000 -2.061277 5.063053 2.338640 -0.056819 -0.075707 -0.022364 0.995259
38.475000000 -2.061771 5.064773 2.341196 -0.053541 -0.072792 -0.025639 0.995579
38.480000000 -2.062301 5.066521 2.343755 -0.050552 -0.069853 -0.028972 0.995854
38.485000000 -2.062865 5.068295 2.346316 -0.047838 -0.066898 -0.032354 0.996087
38.490000000 -2.063461 5.070093 2.348878 -0.045382 -0.063937 -0.035779 0.996279
38.495000000 -2.064088 5.071916 2.351440 -0.043164 -0.060979 -0.039239 0.996433
38.500000000 -2.064745 5.073760 2.354002 -0.041164 -0.058035 -0.042727 0.996550
38.505000000 -2.065429 5.075627 2.356564 -0.039361 -0.055115 -0.046235 0.996632
38.510000000 -2.066139 5.077513 2.359124 -0.037731 -0.052228 -0.049759 0.996681
38.515000000 -2.066874 5.079419 2.361683 -0.036253 -0.049385 -0.053292 0.996698
38.520000000 -2.067633 5.081344 2.364240 -0.034904 -0.046593 -0.056829 0.996685
38.525000000 -2.068412 5.083288 2.366793 -0.033661 -0.043863 -0.060366 0.996644
38.530000000 -2.069212 5.085248 2.369343 -0.032502 -0.041201 -0.063899 0.996576
38.535000000 -2.070031 5.087226 2.371889 -0.031407 -0.038617 -0.067424 0.996482
38.540000000 -2.070868 5.089220 2.374430 -0.030355 -0.036115 -0.070937 0.996365
38.545000000 -2.071720 5.091229 2.376966 -0.029326 -0.033701 -0.074435 0.996225
38.550000000 -2.072588 5.093254 2.379496 -0.028304 -0.031378 -0.077917 0.996064
38.555000000 -2.073470 5.095293 2.382019 -0.027271 -0.029149 -0.081380 0.995883
38.560000000 -2.074364 5.097346 2.384536 -0.026214 -0.027016 -0.084822 0.995685
38.565000000 -2.075270 5.099412 2.387045 -0.025119 -0.024980 -0.088243 0.995469
38.570000000 -2.076187 5.101492 2.389547 -0.023975 -0.023040 -0.091640 0.995237
38.575000000 -2.077113 5.103583 2.392042 -0.022773 -0.021193 -0.095013 0.994990
38.580000000 -2.078049 5.105687 2.394527 -0.021504 -0.019438 -0.098363 0.994728
38.585000000 -2.078993 5.107801 2.397005 -0.020163 -0.017769 -0.101688 0.994453
38.590000000 -2.079944 5.109925 2.399473 -0.018745 -0.016184 -0.104989 0.994165
38.595000000 -2.080901 5.112059 2.401933 -0.017247 -0.014675 -0.108264 0.993864
38.600000000 -2.081865 5.114201 2.404383 -0.015669 -0.013239 -0.111515 0.993551
38.605000000 -2.082834 5.116351 2.406823 -0.014011 -0.011867 -0.114742 0.993226
38.610000000 -2.083807 5.118509 2.409254 -0.012274 -0.010552 -0.117945 0.992888
38.615000000 -2.084785 5.120672 2.411674 -0.010462 -0.009288 -0.121125 0.992539
38.620000000 -2.085767 5.122841 2.414084 -0.008578 -0.008066 -0.124282 0.992177
38.625000000 -2.086751 5.125014 2.416483 -0.006629 -0.006879 -0.127416 0.991803
38.630000000 -2.087739 5.127190 2.418871 -0.004621 -0.005719 -0.130530 0.991417
38.635000000 -2.088729 5.129369 2.421248 -0.002560 -0.004578 -0.133621 0.991019
38.640000000 -2.089720 5.131549 2.423614 -0.000455 -0.003449 -0.136691 0.990608
38.645000000 -2.090713 5.133729 2.425967 0.001685 -0.002325 -0.139740 0.990184
38.650000000 -2.091707 5.135909 2.428305 0.003852 -0.001198 -0.142767 0.989748
38.655000000 -2.092702 5.138087 2.430629 0.006037 -0.000062 -0.145773 0.989300
38.660000000 -2.093698 5.140261 2.432936 0.008231 0.001090 -0.148757 0.988839
38.665000000 -2.094693 5.142432 2.435224 0.010425 0.002263 -0.151719 0.988366
38.670000000 -2.095688 5.144598 2.437492 0.012614 0.003464 -0.154658 0.987881
38.675000000 -2.096682 5.146758 2.439737 0.014789 0.004698 -0.157574 0.987385
38.680000000 -2.097675 5.148911 2.441956 0.016943 0.005970 -0.160466 0.986878
38.685000000 -2.098667 5.151057 2.444148 0.019072 0.007284 -0.163332 0.986360
38.690000000 -2.099656 5.153193 2.446310 0.021170 0.008645 -0.166173 0.985832
38.695000000 -2.100644 5.155320 2.448439 0.023234 0.010057 -0.168986 0.985293
38.700000000 -2.101629 5.157436 2.450532 0.025263 0.011524 -0.171772 0.984745
38.705000000 -2.102611 5.159541 2.452586 0.027256 0.013048 -0.174528 0.984188
38.710000000 -2.103590 5.161635 2.454598 0.029211 0.014632 -0.177253 0.983623
38.715000000 -2.104565 5.163715 2.456565 0.031129 0.016278 -0.179945 0.983049
38.720000000 -2.105536 5.165782 2.458484 0.033014 0.017988 -0.182603 0.982468
38.725000000 -2.106502 5.167835 2.460351 0.034870 0.019766 -0.185225 0.981878
38.730000000 -2.107463 5.169874 2.462163 0.036702 0.021615 -0.187809 0.981282
38.735000000 -2.108419 5.171897 2.463917 0.038519 0.023536 -0.190353 0.980677
38.740000000 -2.109369 5.173904 2.465610 0.040332 0.025535 -0.192855 0.980065
38.745000000 -2.110312 5.175895 2.467239 0.042158 0.027618 -0.195311 0.979446
38.750000000 -2.111249 5.177870 2.468803 0.044020 0.029796 -0.197718 0.978817
38.755000000 -2.112178 5.179826 2.470299 0.045941 0.032076 -0.200073 0.978178
38.760000000 -2.113099 5.181764 2.471726 0.047948 0.034471 -0.202373 0.977527
38.765000000 -2.114012 5.183683 2.473083 0.050067 0.036990 -0.204612 0.976862
38.770000000 -2.114916 5.185583 2.474369 0.052329 0.039644 -0.206787 0.976181
38.775000000 -2.115810 5.187461 2.475581 0.054757 0.042442 -0.208894 0.975481
38.780000000 -2.116693 5.189318 2.476721 0.057379 0.045394 -0.210927 0.974760
38.785000000 -2.117566 5.191152 2.477786 0.060222 0.048508 -0.212881 0.974013
38.790000000 -2.118426 5.192962 2.478777 0.063312 0.051796 -0.214751 0.973237
38.795000000 -2.119274 5.194746 2.479692 0.066671 0.055262 -0.216530 0.972428
38.800000000 -2.120108 5.196505 2.480533 0.070318 0.058915 -0.218214 0.971580
38.805000000 -2.120927 5.198235 2.481297 0.074271 0.062757 -0.219796 0.970688
38.810000000 -2.121731 5.199935 2.481985 0.078542 0.066794 -0.221269 0.969747
38.815000000 -2.122519 5.201604 2.482598 0.083141 0.071025 -0.222627 0.968752
38.820000000 -2.123289 5.203240 2.483134 0.088075 0.075451 -0.223863 0.967696
38.825000000 -2.124041 5.204839 2.483594 0.093342 0.080068 -0.224972 0.966573
38.830000000 -2.124773 5.206401 2.483979 0.098929 0.084868 -0.225948 0.965380
38.835000000 -2.125484 5.207923 2.484289 0.104812 0.089831 -0.226788 0.964112
38.840000000 -2.126172 5.209400 2.484525 0.110943 0.094920 -0.227496 0.962771
38.845000000 -2.126836 5.210832 2.484688 0.117259 0.100079 -0.228078 0.961361
38.850000000 -2.127476 5.212214 2.484780 0.123681 0.105238 -0.228548 0.959893
38.855000000 -2.128088 5.213544 2.484801 0.130117 0.110313 -0.228921 0.958382
38.860000000 -2.128672 5.214817 2.484753 0.136464 0.115215 -0.229215 0.956851
38.865000000 -2.129226 5.216031 2.484637 0.142617 0.119857 -0.229451 0.955325
38.870000000 -2.129748 5.217182 2.484455 0.148465 0.124151 -0.229651 0.953837
38.875000000 -2.130238 5.218266 2.484207 0.153899 0.128014 -0.229835 0.952420
38.880000000 -2.130693 5.219281 2.483897 0.158809 0.131368 -0.230026 0.951110
38.885000000 -2.131113 5.220223 2.483524 0.163090 0.134145 -0.230243 0.949945
38.890000000 -2.131497 5.221090 2.483092 0.166645 0.136284 -0.230504 0.948959
38.895000000 -2.131842 5.221878 2.482603 0.169386 0.137738 -0.230827 0.948185
38.900000000 -2.132150 5.222585 2.482058 0.171234 0.138471 -0.231223 0.947650
38.905000000 -2.132418 5.223209 2.481461 0.172129 0.138458 -0.231703 0.947373
38.910000000 -2.132647 5.223749 2.480814 0.172018 0.137688 -0.232272 0.947365
38.915000000 -2.132836 5.224204 2.480119 0.170868 0.136157 -0.232934 0.947632
38.920000000 -2.132985 5.224572 2.479380 0.168655 0.133871 -0.233689 0.948169
38.925000000 -2.133095 5.224855 2.478600 0.165373 0.130845 -0.234534 0.948960
38.930000000 -2.133166 5.225052 2.477783 0.161033 0.127104 -0.235462 0.949984
38.935000000 -2.133200 5.225165 2.476931 0.155663 0.122681 -0.236467 0.951211
38.940000000 -2.133196 5.225195 2.476047 0.149305 0.117618 -0.237537 0.952602
38.945000000 -2.133156 5.225146 2.475136 0.142019 0.111966 -0.238661 0.954115
38.950000000 -2.133081 5.225021 2.474200 0.133880 0.105781 -0.239826 0.955704
38.955000000 -2.132974 5.224823 2.473243 0.124972 0.099126 -0.241018 0.957322
38.960000000 -2.132836 5.224555 2.472269 0.115393 0.092068 -0.242224 0.958924
38.965000000 -2.132669 5.224224 2.471281 0.105248 0.084678 -0.243430 0.960466
38.970000000 -2.132474 5.223833 2.470282 0.094649 0.077032 -0.244625 0.961908
38.975000000 -2.132255 5.223388 2.469276 0.083714 0.069205 -0.245796 0.963217
38.980000000 -2.132013 5.222895 2.468266 0.072563 0.061277 -0.246933 0.964367
38.985000000 -2.131750 5.222360 2.467256 0.061317 0.053324 -0.248029 0.965338
38.990000000 -2.131469 5.221788 2.466248 0.050095 0.045425 -0.249077 0.966120
38.995000000 -2.131172 5.221186 2.465246 0.039012 0.037653 -0.250071 0.966708
39.000000000 -2.130862 5.220561 2.464251 0.028181 0.030081 -0.251009 0.967107
39.005000000 -2.130540 5.219917 2.463266 0.017706 0.022777 -0.251888 0.967326
39.010000000 -2.130209 5.219262 2.462292 0.007685 0.015803 -0.252711 0.967382
39.015000000 -2.129872 5.218600 2.461332 -0.001796 0.009218 -0.253477 0.967296
39.020000000 -2.129529 5.217939 2.460386 -0.010658 0.003073 -0.254190 0.967091
39.025000000 -2.129184 5.217282 2.459456 -0.018834 -0.002589 -0.254852 0.966793
39.030000000 -2.128837 5.216635 2.458543 -0.026268 -0.007728 -0.255468 0.966430
39.035000000 -2.128491 5.216003 2.457647 -0.032916 -0.012316 -0.256042 0.966027
39.040000000 -2.128146 5.215389 2.456768 -0.038744 -0.016330 -0.256577 0.965609
39.045000000 -2.127805 5.214797 2.455907 -0.043720 -0.019750 -0.257077 0.965199
39.050000000 -2.127468 5.214228 2.455054 -0.047678 -0.022476 -0.257532 0.964831
39.055000000 -2.127135 5.213685 2.454196 -0.050408 -0.024358 -0.257927 0.964541
39.060000000 -2.126807 5.213168 2.453324 -0.051770 -0.025262 -0.258250 0.964359
39.065000000 -2.126484 5.212675 2.452431 -0.051711 -0.025073 -0.258495 0.964302
39.070000000 -2.126165 5.212208 2.451511 -0.050244 -0.023699 -0.258658 0.964370
39.075000000 -2.125851 5.211764 2.450562 -0.047423 -0.021075 -0.258733 0.964554
39.080000000 -2.125541 5.211342 2.449581 -0.043321 -0.017171 -0.258714 0.964829
39.085000000 -2.125232 5.210940 2.448566 -0.038025 -0.011986 -0.258592 0.965163
39.090000000 -2.124925 5.210554 2.447517 -0.031631 -0.005554 -0.258359 0.965515
39.095000000 -2.124616 5.210182 2.446433 -0.024244 0.002064 -0.258004 0.965837
39.100000000 -2.124303 5.209820 2.445314 -0.015977 0.010781 -0.257517 0.966082
39.105000000 -2.123985 5.209462 2.444158 -0.006951 0.020487 -0.256888 0.966199
39.110000000 -2.123657 5.209106 2.442967 0.002709 0.031053 -0.256109 0.966145
39.115000000 -2.123318 5.208745 2.441739 0.012868 0.042334 -0.255176 0.965882
39.120000000 -2.122962 5.208374 2.440476 0.023388 0.054170 -0.254088 0.965380
39.125000000 -2.122587 5.207988 2.439176 0.034128 0.066396 -0.252848 0.964622
39.130000000 -2.122188 5.207581 2.437841 0.044946 0.078836 -0.251464 0.963603
39.135000000 -2.121762 5.207146 2.436470 0.055698 0.091315 -0.249948 0.962333
39.140000000 -2.121304 5.206680 2.435062 0.066246 0.103655 -0.248318 0.960836
39.145000000 -2.120811 5.206175 2.433618 0.076457 0.115687 -0.246594 0.959147
39.150000000 -2.120277 5.205625 2.432137 0.086202 0.127250 -0.244801 0.957313
39.155000000 -2.119700 5.205026 2.430619 0.095366 0.138192 -0.242966 0.955393
39.160000000 -2.119075 5.204373 2.429063 0.103841 0.148377 -0.241118 0.953448
39.165000000 -2.118398 5.203660 2.427467 0.111536 0.157683 -0.239286 0.951545
39.170000000 -2.117667 5.202884 2.425831 0.118368 0.166008 -0.237498 0.949750
39.175000000 -2.116879 5.202039 2.424155 0.124273 0.173269 -0.235782 0.948125
39.180000000 -2.116030 5.201124 2.422438 0.129200 0.179402 -0.234160 0.946727
39.185000000 -2.115118 5.200135 2.420678 0.133111 0.184363 -0.232655 0.945602
39.190000000 -2.114141 5.199069 2.418876 0.135983 0.188125 -0.231282 0.944789
39.195000000 -2.113098 5.197926 2.417031 0.137807 0.190678 -0.230055 0.944312
39.200000000 -2.111987 5.196703 2.415144 0.138584 0.192026 -0.228984 0.944186
39.205000000 -2.110808 5.195401 2.413215 0.138330 0.192189 -0.228072 0.944410
39.210000000 -2.109561 5.194019 2.411244 0.137070 0.191196 -0.227323 0.944976
39.215000000 -2.108245 5.192557 2.409232 0.134839 0.189083 -0.226735 0.945863
39.220000000 -2.106861 5.191017 2.407181 0.131680 0.185895 -0.226304 0.947043
39.225000000 -2.105409 5.189400 2.405091 0.127645 0.181684 -0.226024 0.948478
39.230000000 -2.103891 5.187709 2.402965 0.122793 0.176506 -0.225887 0.950128
39.235000000 -2.102308 5.185944 2.400804 0.117192 0.170428 -0.225885 0.951944
39.240000000 -2.100663 5.184111 2.398611 0.110912 0.163517 -0.226005 0.953877
39.245000000 -2.098956 5.182210 2.396388 0.104034 0.155849 -0.226238 0.955879
39.250000000 -2.097191 5.180247 2.394138 0.096636 0.147499 -0.226570 0.957899
39.255000000 -2.095369 5.178225 2.391864 0.088805 0.138552 -0.226991 0.959892
39.260000000 -2.093495 5.176147 2.389568 0.080626 0.129090 -0.227487 0.961813
39.265000000 -2.091570 5.174019 2.387253 0.072189 0.119204 -0.228047 0.963625
39.270000000 -2.089598 5.171845 2.384924 0.063582 0.108983 -0.228659 0.965295
39.275000000 -2.087583 5.169630 2.382582 0.054891 0.098519 -0.229314 0.966797
39.280000000 -2.085528 5.167378 2.380231 0.046203 0.087903 -0.230001 0.968111
39.285000000 -2.083437 5.165095 2.377873 0.037600 0.077225 -0.230712 0.969224
39.290000000 -2.081314 5.162785 2.375513 0.029159 0.066575 -0.231440 0.970130
39.295000000 -2.079162 5.160454 2.373153 0.020954 0.056039 -0.232178 0.970832
39.300000000 -2.076986 5.158106 2.370796 0.013051 0.045698 -0.232920 0.971334
39.305000000 -2.074789 5.155747 2.368444 0.005509 0.035629 -0.233664 0.971649
39.310000000 -2.072575 5.153381 2.366100 -0.001619 0.025901 -0.234404 0.971793
39.315000000 -2.070349 5.151013 2.363766 -0.008287 0.016580 -0.235140 0.971785
39.320000000 -2.068113 5.148647 2.361444 -0.014460 0.007722 -0.235868 0.971647
39.325000000 -2.065872 5.146288 2.359137 -0.020108 -0.000624 -0.236588 0.971402
39.330000000 -2.063629 5.143939 2.356847 -0.025209 -0.008416 -0.237300 0.971073
39.335000000 -2.061387 5.141604 2.354574 -0.029751 -0.015623 -0.238001 0.970683
39.340000000 -2.059150 5.139287 2.352321 -0.033728 -0.022222 -0.238692 0.970255
39.345000000 -2.056920 5.136990 2.350089 -0.037144 -0.028199 -0.239372 0.969807
39.350000000 -2.054700 5.134717 2.347880 -0.040008 -0.033548 -0.240040 0.969358
39.355000000 -2.052493 5.132469 2.345695 -0.042335 -0.038272 -0.240696 0.968921
39.360000000 -2.050300 5.130249 2.343536 -0.044148 -0.042381 -0.241338 0.968509
39.365000000 -2.048125 5.128057 2.341403 -0.045472 -0.045893 -0.241965 0.968132
39.370000000 -2.045968 5.125897 2.339299 -0.046341 -0.048834 -0.242576 0.967794
39.375000000 -2.043831 5.123767 2.337224 -0.046789 -0.051234 -0.243168 0.967500
39.380000000 -2.041715 5.121671 2.335180 -0.046856 -0.053132 -0.243739 0.967250
39.385000000 -2.039622 5.119606 2.333168 -0.046584 -0.054569 -0.244289 0.967044
39.390000000 -2.037552 5.117575 2.331189 -0.046014 -0.055590 -0.244815 0.966880
39.395000000 -2.035507 5.115577 2.329245 -0.045194 -0.056246 -0.245316 0.966754
39.400000000 -2.033486 5.113612 2.327336 -0.044167 -0.056588 -0.245789 0.966662
39.405000000 -2.031491 5.111679 2.325465 -0.042981 -0.056672 -0.246234 0.966597
39.410000000 -2.029521 5.109778 2.323632 -0.041682 -0.056552 -0.246649 0.966555
39.415000000 -2.027576 5.107908 2.321838 -0.040313 -0.056285 -0.247034 0.966530
39.420000000 -2.025657 5.106069 2.320085 -0.038919 -0.055925 -0.247388 0.966518
39.425000000 -2.023765 5.104260 2.318374 -0.037541 -0.055526 -0.247712 0.966512
39.430000000 -2.021898 5.102480 2.316706 -0.036217 -0.055139 -0.248006 0.966510
39.435000000 -2.020057 5.100728 2.315083 -0.034985 -0.054815 -0.248269 0.966506
39.440000000 -2.018242 5.099005 2.313505 -0.033875 -0.054597 -0.248504 0.966497
39.445000000 -2.016453 5.097309 2.311973 -0.032920 -0.054529 -0.248711 0.966481
39.450000000 -2.014691 5.095640 2.310489 -0.032142 -0.054646 -0.248891 0.966454
39.455000000 -2.012956 5.093997 2.309053 -0.031565 -0.054980 -0.249047 0.966414
39.460000000 -2.011247 5.092381 2.307667 -0.031203 -0.055554 -0.249178 0.966359
39.465000000 -2.009566 5.090790 2.306330 -0.031070 -0.056387 -0.249288 0.966287
39.470000000 -2.007912 5.089227 2.305043 -0.031171 -0.057491 -0.249378 0.966196
39.475000000 -2.006288 5.087690 2.303807 -0.031511 -0.058870 -0.249448 0.966083
39.480000000 -2.004693 5.086180 2.302622 -0.032089 -0.060526 -0.249502 0.965948
39.485000000 -2.003128 5.084697 2.301489 -0.032899 -0.062455 -0.249540 0.965788
39.490000000 -2.001594 5.083244 2.300407 -0.033935 -0.064647 -0.249563 0.965602
39.495000000 -2.000093 5.081819 2.299377 -0.035184 -0.067090 -0.249574 0.965388
39.500000000 -1.998626 5.080426 2.298399 -0.036633 -0.069764 -0.249572 0.965145
39.505000000 -1.997193 5.079064 2.297473 -0.038264 -0.072651 -0.249560 0.964872
39.510000000 -1.995798 5.077735 2.296600 -0.040061 -0.075727 -0.249538 0.964568
39.515000000 -1.994440 5.076441 2.295778 -0.042001 -0.078967 -0.249507 0.964234
39.520000000 -1.993122 5.075183 2.295008 -0.044065 -0.082343 -0.249468 0.963869
39.525000000 -1.991846 5.073964 2.294289 -0.046229 -0.085828 -0.249422 0.963475
39.530000000 -1.990612 5.072785 2.293623 -0.048468 -0.089391 -0.249371 0.963055
39.535000000 -1.989424 5.071647 2.293007 -0.050759 -0.092996 -0.249315 0.962610
39.540000000 -1.988282 5.070553 2.292442 -0.053072 -0.096608 -0.249257 0.962144
39.545000000 -1.987188 5.069505 2.291927 -0.055382 -0.100189 -0.249197 0.961663
39.550000000 -1.986144 5.068503 2.291460 -0.057660 -0.103700 -0.249139 0.961172
39.555000000 -1.985152 5.067551 2.291040 -0.059879 -0.107104 -0.249084 0.960677
39.560000000 -1.984212 5.066649 2.290668 -0.062012 -0.110361 -0.249034 0.960186
39.565000000 -1.983327 5.065800 2.290340 -0.064035 -0.113437 -0.248992 0.959706
39.570000000 -1.982497 5.065004 2.290056 -0.065923 -0.116297 -0.248960 0.959244
39.575000000 -1.981725 5.064264 2.289815 -0.067656 -0.118910 -0.248940 0.958808
39.580000000 -1.981010 5.063579 2.289615 -0.069213 -0.121249 -0.248935 0.958405
39.585000000 -1.980354 5.062952 2.289454 -0.070578 -0.123287 -0.248946 0.958042
39.590000000 -1.979757 5.062383 2.289332 -0.071735 -0.125005 -0.248976 0.957726
39.595000000 -1.979220 5.061873 2.289248 -0.072674 -0.126384 -0.249026 0.957461
39.600000000 -1.978744 5.061422 2.289198 -0.073385 -0.127410 -0.249096 0.957253
39.605000000 -1.978328 5.061031 2.289184 -0.073860 -0.128074 -0.249189 0.957103
39.610000000 -1.977972 5.060699 2.289202 -0.074094 -0.128364 -0.249304 0.957016
39.615000000 -1.977678 5.060427 2.289251 -0.074083 -0.128272 -0.249444 0.956993
39.620000000 -1.977442 5.060213 2.289329 -0.073821 -0.127790 -0.249607 0.957035
39.625000000 -1.977267 5.060059 2.289435 -0.073306 -0.126908 -0.249795 0.957143
39.630000000 -1.977149 5.059962 2.289566 -0.072535 -0.125620 -0.250008 0.957316
39.635000000 -1.977089 5.059921 2.289720 -0.071508 -0.123920 -0.250246 0.957553
39.640000000 -1.977084 5.059936 2.289896 -0.070225 -0.121802 -0.250508 0.957851
39.645000000 -1.977134 5.060004 2.290090 -0.068687 -0.119263 -0.250793 0.958207
39.650000000 -1.977237 5.060124 2.290300 -0.066897 -0.116304 -0.251101 0.958617
39.655000000 -1.977391 5.060295 2.290525 -0.064859 -0.112925 -0.251430 0.959075
39.660000000 -1.977594 5.060514 2.290762 -0.062579 -0.109129 -0.251778 0.959574
39.665000000 -1.977844 5.060779 2.291009 -0.060065 -0.104925 -0.252143 0.960108
39.670000000 -1.978138 5.061088 2.291265 -0.057326 -0.100320 -0.252522 0.960668
39.675000000 -1.978475 5.061439 2.291526 -0.054371 -0.095328 -0.252912 0.961245
39.680000000 -1.978852 5.061828 2.291792 -0.051213 -0.089963 -0.253310 0.961831
39.685000000 -1.979266 5.062254 2.292061 -0.047865 -0.084244 -0.253712 0.962415
39.690000000 -1.979714 5.062714 2.292331 -0.044343 -0.078195 -0.254114 0.962988
39.695000000 -1.980194 5.063205 2.292601 -0.040668 -0.071845 -0.254514 0.963539
39.700000000 -1.980704 5.063725 2.292869 -0.036860 -0.065230 -0.254906 0.964059
39.705000000 -1.981240 5.064270 2.293136 -0.032947 -0.058395 -0.255287 0.964538
39.710000000 -1.981799 5.064838 2.293401 -0.028956 -0.051385 -0.255654 0.964968
39.715000000 -1.982379 5.065426 2.293663 -0.024917 -0.044252 -0.256003 0.965341
39.720000000 -1.982977 5.066032 2.293923 -0.020860 -0.037051 -0.256331 0.965653
39.725000000 -1.983589 5.066652 2.294179 -0.016818 -0.029838 -0.256637 0.965901
39.730000000 -1.984213 5.067283 2.294433 -0.012820 -0.022667 -0.256919 0.966082
39.735000000 -1.984847 5.067923 2.294684 -0.008899 -0.015597 -0.257175 0.966198
39.740000000 -1.985486 5.068570 2.294933 -0.005084 -0.008681 -0.257406 0.966251
39.745000000 -1.986129 5.069220 2.295179 -0.001404 -0.001974 -0.257612 0.966245
39.750000000 -1.986773 5.069870 2.295422 0.002116 0.004476 -0.257794 0.966187
39.755000000 -1.987415 5.070520 2.295662 0.005450 0.010621 -0.257952 0.966084
39.760000000 -1.988052 5.071165 2.295901 0.008576 0.016419 -0.258088 0.965944
39.765000000 -1.988683 5.071804 2.296136 0.011476 0.021832 -0.258205 0.965775
39.770000000 -1.989305 5.072435 2.296369 0.014134 0.026826 -0.258304 0.965588
39.775000000 -1.989917 5.073056 2.296600 0.016535 0.031375 -0.258387 0.965390
39.780000000 -1.990515 5.073666 2.296827 0.018671 0.035455 -0.258457 0.965191
39.785000000 -1.991100 5.074262 2.297052 0.020534 0.039051 -0.258515 0.964999
39.790000000 -1.991668 5.074844 2.297275 0.022121 0.042154 -0.258563 0.964821
39.795000000 -1.992220 5.075409 2.297497 0.023435 0.044762 -0.258599 0.964662
39.800000000 -1.992753 5.075958 2.297718 0.024479 0.046877 -0.258625 0.964529
39.805000000 -1.993267 5.076490 2.297938 0.025260 0.048508 -0.258641 0.964424
39.810000000 -1.993761 5.077003 2.298159 0.025788 0.049668 -0.258646 0.964350
39.815000000 -1.994235 5.077497 2.298380 0.026076 0.050376 -0.258641 0.964307
39.820000000 -1.994688 5.077973 2.298602 0.026137 0.050654 -0.258625 0.964295
39.825000000 -1.995121 5.078430 2.298826 0.025989 0.050530 -0.258599 0.964312
39.830000000 -1.995532 5.078867 2.299052 0.025649 0.050032 -0.258563 0.964357
39.835000000 -1.995922 5.079286 2.299279 0.025137 0.049195 -0.258516 0.964426
39.840000000 -1.996293 5.079687 2.299508 0.024472 0.048052 -0.258458 0.964516
39.845000000 -1.996643 5.080069 2.299740 0.023677 0.046642 -0.258391 0.964623
39.850000000 -1.996974 5.080434 2.299975 0.022773 0.045002 -0.258313 0.964744
39.855000000 -1.997286 5.080783 2.300212 0.021781 0.043173 -0.258225 0.964874
39.860000000 -1.997580 5.081115 2.300453 0.020724 0.041194 -0.258127 0.965010
39.865000000 -1.997857 5.081432 2.300697 0.019624 0.039104 -0.258020 0.965148
39.870000000 -1.998118 5.081735 2.300944 0.018500 0.036943 -0.257905 0.965287
39.875000000 -1.998363 5.082024 2.301196 0.017374 0.034747 -0.257782 0.965422
39.880000000 -1.998594 5.082300 2.301450 0.016264 0.032552 -0.257651 0.965553
39.885000000 -1.998811 5.082564 2.301709 0.015187 0.030392 -0.257514 0.965677
39.890000000 -1.999016 5.082816 2.301972 0.014161 0.028298 -0.257372 0.965794
39.895000000 -1.999208 5.083059 2.302239 0.013200 0.026301 -0.257226 0.965903
39.900000000 -1.999390 5.083291 2.302510 0.012317 0.024426 -0.257077 0.966004
39.905000000 -1.999561 5.083515 2.302785 0.011524 0.022695 -0.256925 0.966096
39.910000000 -1.999723 5.083729 2.303065 0.010830 0.021130 -0.256771 0.966181
39.915000000 -1.999876 5.083936 2.303348 0.010244 0.019746 -0.256617 0.966257
39.920000000 -2.000021 5.084136 2.303636 0.009771 0.018558 -0.256464 0.966326
39.925000000 -2.000158 5.084328 2.303928 0.009416 0.017576 -0.256311 0.966389
39.930000000 -2.000288 5.084514 2.304225 0.009182 0.016806 -0.256160 0.966445
39.935000000 -2.000411 5.084693 2.304525 0.009068 0.016252 -0.256011 0.966495
39.940000000 -2.000528 5.084866 2.304829 0.009075 0.015916 -0.255865 0.966539
39.945000000 -2.000637 5.085032 2.305138 0.009200 0.015795 -0.255721 0.966578
39.950000000 -2.000741 5.085191 2.305450 0.009439 0.015885 -0.255580 0.966611
39.955000000 -2.000837 5.085344 2.305767 0.009788 0.016179 -0.255441 0.966640
39.960000000 -2.000928 5.085491 2.306087 0.010241 0.016666 -0.255304 0.966663
39.965000000 -2.001011 5.085630 2.306410 0.010789 0.017337 -0.255170 0.966681
39.970000000 -2.001088 5.085762 2.306738 0.011425 0.018176 -0.255037 0.966693
39.975000000 -2.001157 5.085886 2.307068 0.012141 0.019170 -0.254906 0.966700
39.980000000 -2.001218 5.086002 2.307402 0.012926 0.020302 -0.254775 0.966701
39.985000000 -2.001272 5.086109 2.307740 0.013771 0.021555 -0.254645 0.966696
39.990000000 -2.001317 5.086206 2.308080 0.014665 0.022912 -0.254514 0.966686
39.995000000 -2.001352 5.086294 2.308424 0.015599 0.024353 -0.254383 0.966671
40.000000000 -2.001378 5.086371 2.308770 0.016562 0.025860 -0.254250 0.966651
40.005000000 -2.001394 5.086437 2.309119 0.017543 0.027416 -0.254115 0.966626
40.010000000 -2.001398 5.086491 2.309471 0.018533 0.029001 -0.253977 0.966598
40.015000000 -2.001391 5.086532 2.309826 0.019522 0.030598 -0.253836 0.966566
40.020000000 -2.001372 5.086560 2.310182 0.020502 0.032190 -0.253691 0.966532
40.025000000 -2.001340 5.086575 2.310542 0.021462 0.033761 -0.253541 0.966497
40.030000000 -2.001295 5.086574 2.310903 0.022396 0.035294 -0.253387 0.966461
40.035000000 -2.001235 5.086559 2.311266 0.023296 0.036777 -0.253228 0.966427
40.040000000 -2.001160 5.086528 2.311632 0.024156 0.038197 -0.253062 0.966394
40.045000000 -2.001071 5.086480 2.311999 0.024970 0.039542 -0.252891 0.966364
40.050000000 -2.000965 5.086416 2.312368 0.025734 0.040803 -0.252712 0.966338
40.055000000 -2.000844 5.086334 2.312738 0.026442 0.041970 -0.252527 0.966318
40.060000000 -2.000705 5.086234 2.313110 0.027094 0.043039 -0.252333 0.966303
40.065000000 -2.000549 5.086115 2.313483 0.027686 0.044003 -0.252132 0.966295
40.070000000 -2.000376 5.085978 2.313857 0.028218 0.044860 -0.251921 0.966296
40.075000000 -2.000184 5.085822 2.314233 0.028688 0.045606 -0.251702 0.966304
40.080000000 -1.999975 5.085647 2.314609 0.029098 0.046243 -0.251473 0.966321
40.085000000 -1.999747 5.085452 2.314986 0.029448 0.046769 -0.251234 0.966347
40.090000000 -1.999500 5.085237 2.315364 0.029740 0.047189 -0.250985 0.966383
40.095000000 -1.999234 5.085001 2.315743 0.029977 0.047504 -0.250725 0.966427
40.100000000 -1.998949 5.084746 2.316122 0.030162 0.047721 -0.250454 0.966481
40.105000000 -1.998646 5.084470 2.316502 0.030299 0.047845 -0.250171 0.966544
40.110000000 -1.998323 5.084174 2.316883 0.030391 0.047882 -0.249876 0.966616
40.115000000 -1.997981 5.083857 2.317263 0.030443 0.047840 -0.249568 0.966696
40.120000000 -1.997620 5.083520 2.317645 0.030459 0.047727 -0.249247 0.966783
40.125000000 -1.997239 5.083163 2.318026 0.030445 0.047550 -0.248913 0.966879
40.130000000 -1.996840 5.082785 2.318408 0.030405 0.047320 -0.248565 0.966981
40.135000000 -1.996422 5.082387 2.318790 0.030345 0.047046 -0.248203 0.967089
40.140000000 -1.995985 5.081968 2.319173 0.030270 0.046736 -0.247827 0.967203
40.145000000 -1.995530 5.081530 2.319555 0.030185 0.046400 -0.247436 0.967322
40.150000000 -1.995056 5.081071 2.319938 0.030094 0.046048 -0.247030 0.967445
40.155000000 -1.994564 5.080592 2.320320 0.030004 0.045688 -0.246609 0.967572
40.160000000 -1.994054 5.080094 2.320703 0.029917 0.045329 -0.246173 0.967703
40.165000000 -1.993525 5.079576 2.321086 0.029840 0.044979 -0.245721 0.967837
40.170000000 -1.992979 5.079038 2.321469 0.029774 0.044645 -0.245254 0.967972
40.175000000 -1.992415 5.078480 2.321852 0.029725 0.044336 -0.244772 0.968110
40.180000000 -1.991834 5.077903 2.322234 0.029696 0.044058 -0.244273 0.968250
40.185000000 -1.991235 5.077306 2.322617 0.029691 0.043817 -0.243759 0.968390
40.190000000 -1.990619 5.076690 2.322999 0.029710 0.043618 -0.243229 0.968532
40.195000000 -1.989985 5.076054 2.323382 0.029757 0.043464 -0.242682 0.968675
40.200000000 -1.989335 5.075400 2.323764 0.029832 0.043360 -0.242120 0.968818
40.205000000 -1.988667 5.074725 2.324146 0.029938 0.043307 -0.241543 0.968961
40.210000000 -1.987982 5.074032 2.324527 0.030073 0.043308 -0.240950 0.969104
40.215000000 -1.987280 5.073318 2.324908 0.030240 0.043363 -0.240341 0.969248
40.220000000 -1.986561 5.072586 2.325289 0.030437 0.043473 -0.239717 0.969391
40.225000000 -1.985825 5.071833 2.325669 0.030665 0.043639 -0.239078 0.969534
40.230000000 -1.985071 5.071061 2.326049 0.030922 0.043857 -0.238424 0.969678
40.235000000 -1.984301 5.070269 2.326428 0.031208 0.044127 -0.237754 0.969820
40.240000000 -1.983513 5.069457 2.326807 0.031521 0.044445 -0.237071 0.969963
40.245000000 -1.982707 5.068625 2.327184 0.031859 0.044811 -0.236372 0.970106
40.250000000 -1.981884 5.067772 2.327561 0.032222 0.045222 -0.235658 0.970248
40.255000000 -1.981043 5.066899 2.327937 0.032608 0.045672 -0.234930 0.970391
40.260000000 -1.980183 5.066005 2.328313 0.033013 0.046160 -0.234188 0.970534
40.265000000 -1.979306 5.065090 2.328687 0.033437 0.046681 -0.233431 0.970676
40.270000000 -1.978410 5.064153 2.329060 0.033876 0.047230 -0.232660 0.970820
40.275000000 -1.977496 5.063195 2.329432 0.034329 0.047802 -0.231875 0.970964
40.280000000 -1.976563 5.062216 2.329803 0.034791 0.048391 -0.231076 0.971109
40.285000000 -1.975611 5.061214 2.330172 0.035260 0.048992 -0.230263 0.971255
40.290000000 -1.974639 5.060190 2.330540 0.035733 0.049598 -0.229437 0.971402
40.295000000 -1.973647 5.059143 2.330907 0.036206 0.050203 -0.228599 0.971551
40.300000000 -1.972636 5.058073 2.331272 0.036676 0.050802 -0.227747 0.971702
40.305000000 -1.971605 5.056980 2.331636 0.037139 0.051386 -0.226882 0.971856
40.310000000 -1.970553 5.055864 2.331998 0.037592 0.051950 -0.226006 0.972013
40.315000000 -1.969481 5.054724 2.332357 0.038032 0.052488 -0.225117 0.972173
40.320000000 -1.968388 5.053561 2.332716 0.038456 0.052993 -0.224218 0.972337
40.325000000 -1.967274 5.052373 2.333072 0.038860 0.053461 -0.223307 0.972505
40.330000000 -1.966139 5.051160 2.333426 0.039242 0.053886 -0.222386 0.972677
40.335000000 -1.964982 5.049924 2.333778 0.039600 0.054264 -0.221454 0.972854
40.340000000 -1.963804 5.048662 2.334127 0.039933 0.054593 -0.220511 0.973036
40.345000000 -1.962604 5.047375 2.334475 0.040238 0.054870 -0.219558 0.973224
40.350000000 -1.961383 5.046064 2.334820 0.040517 0.055094 -0.218595 0.973416
40.355000000 -1.960139 5.044727 2.335162 0.040767 0.055262 -0.217622 0.973614
40.360000000 -1.958873 5.043365 2.335503 0.040988 0.055374 -0.216638 0.973818
40.365000000 -1.957586 5.041978 2.335840 0.041181 0.055430 -0.215644 0.974027
40.370000000 -1.956276 5.040565 2.336175 0.041345 0.055431 -0.214640 0.974242
40.375000000 -1.954945 5.039126 2.336508 0.041481 0.055377 -0.213627 0.974462
40.380000000 -1.953591 5.037663 2.336838 0.041590 0.055270 -0.212603 0.974687
40.385000000 -1.952215 5.036173 2.337165 0.041671 0.055111 -0.211569 0.974918
40.390000000 -1.950817 5.034658 2.337489 0.041727 0.054903 -0.210526 0.975153
40.395000000 -1.949398 5.033118 2.337811 0.041758 0.054649 -0.209473 0.975393
40.400000000 -1.947957 5.031552 2.338130 0.041766 0.054352 -0.208410 0.975636
40.405000000 -1.946494 5.029960 2.338446 0.041753 0.054016 -0.207338 0.975884
40.410000000 -1.945010 5.028344 2.338759 0.041721 0.053644 -0.206256 0.976135
40.415000000 -1.943504 5.026702 2.339069 0.041673 0.053242 -0.205165 0.976389
40.420000000 -1.941977 5.025034 2.339377 0.041609 0.052813 -0.204063 0.976646
40.425000000 -1.940429 5.023342 2.339682 0.041533 0.052362 -0.202952 0.976905
40.430000000 -1.938860 5.021625 2.339983 0.041446 0.051893 -0.201830 0.977166
40.435000000 -1.937271 5.019883 2.340282 0.041352 0.051412 -0.200698 0.977429
40.440000000 -1.935661 5.018116 2.340578 0.041252 0.050922 -0.199556 0.977692
40.445000000 -1.934031 5.016325 2.340871 0.041149 0.050429 -0.198404 0.977957
40.450000000 -1.932381 5.014509 2.341161 0.041046 0.049937 -0.197241 0.978222
40.455000000 -1.930712 5.012669 2.341449 0.040945 0.049450 -0.196067 0.978486
40.460000000 -1.929022 5.010804 2.341733 0.040847 0.048972 -0.194884 0.978751
40.465000000 -1.927313 5.008916 2.342014 0.040754 0.048506 -0.193690 0.979015
40.470000000 -1.925585 5.007003 2.342293 0.040669 0.048056 -0.192486 0.979278
40.475000000 -1.923838 5.005067 2.342568 0.040592 0.047624 -0.191271 0.979540
40.480000000 -1.922072 5.003107 2.342841 0.040525 0.047212 -0.190047 0.979801
40.485000000 -1.920287 5.001123 2.343111 0.040468 0.046823 -0.188812 0.980061
40.490000000 -1.918483 4.999116 2.343378 0.040423 0.046457 -0.187567 0.980319
40.495000000 -1.916661 4.997085 2.343642 0.040390 0.046116 -0.186312 0.980576
40.500000000 -1.914821 4.995031 2.343902 0.040369 0.045801 -0.185048 0.980831
40.505000000 -1.912963 4.992953 2.344160 0.040361 0.045511 -0.183774 0.981085
40.510000000 -1.911087 4.990853 2.344415 0.040366 0.045248 -0.182490 0.981336
40.515000000 -1.909192 4.988728 2.344667 0.040383 0.045010 -0.181198 0.981586
40.520000000 -1.907280 4.986581 2.344916 0.040413 0.044797 -0.179897 0.981834
40.525000000 -1.905350 4.984411 2.345162 0.040457 0.044609 -0.178586 0.982080
40.530000000 -1.903402 4.982217 2.345404 0.040513 0.044446 -0.177267 0.982324
40.535000000 -1.901437 4.980000 2.345644 0.040582 0.044306 -0.175939 0.982566
40.540000000 -1.899454 4.977761 2.345880 0.040664 0.044188 -0.174603 0.982806
40.545000000 -1.897453 4.975498 2.346114 0.040758 0.044092 -0.173259 0.983044
40.550000000 -1.895435 4.973212 2.346344 0.040863 0.044015 -0.171906 0.983281
40.555000000 -1.893399 4.970903 2.346571 0.040979 0.043955 -0.170546 0.983515
40.560000000 -1.891346 4.968570 2.346794 0.041104 0.043909 -0.169179 0.983748
40.565000000 -1.889275 4.966215 2.347015 0.041237 0.043877 -0.167804 0.983980
40.570000000 -1.887187 4.963836 2.347232 0.041377 0.043854 -0.166423 0.984209
40.575000000 -1.885081 4.961434 2.347446 0.041522 0.043839 -0.165035 0.984438
40.580000000 -1.882957 4.959009 2.347657 0.041672 0.043830 -0.163640 0.984665
40.585000000 -1.880816 4.956560 2.347864 0.041826 0.043824 -0.162240 0.984890
40.590000000 -1.878658 4.954088 2.348068 0.041983 0.043821 -0.160833 0.985114
40.595000000 -1.876481 4.951593 2.348268 0.042142 0.043818 -0.159421 0.985337
40.600000000 -1.874288 4.949074 2.348465 0.042302 0.043812 -0.158004 0.985559
40.605000000 -1.872076 4.946532 2.348659 0.042462 0.043803 -0.156583 0.985779
40.610000000 -1.869847 4.943966 2.348849 0.042621 0.043789 -0.155157 0.985998
40.615000000 -1.867601 4.941377 2.349035 0.042778 0.043769 -0.153727 0.986216
40.620000000 -1.865336 4.938764 2.349218 0.042934 0.043741 -0.152293 0.986433
40.625000000 -1.863054 4.936127 2.349397 0.043087 0.043706 -0.150855 0.986649
40.630000000 -1.860755 4.933467 2.349573 0.043238 0.043661 -0.149413 0.986864
40.635000000 -1.858437 4.930782 2.349745 0.043385 0.043606 -0.147967 0.987078
40.640000000 -1.856102 4.928074 2.349914 0.043529 0.043542 -0.146518 0.987290
40.645000000 -1.853750 4.925343 2.350078 0.043668 0.043467 -0.145065 0.987502
40.650000000 -1.851380 4.922587 2.350239 0.043802 0.043381 -0.143609 0.987712
40.655000000 -1.848992 4.919808 2.350397 0.043931 0.043283 -0.142151 0.987922
40.660000000 -1.846586 4.917004 2.350550 0.044054 0.043173 -0.140691 0.988130
40.665000000 -1.844163 4.914177 2.350700 0.044171 0.043053 -0.139228 0.988337
40.670000000 -1.841723 4.911326 2.350846 0.044284 0.042922 -0.137763 0.988543
40.675000000 -1.839265 4.908450 2.350989 0.044391 0.042782 -0.136295 0.988748
40.680000000 -1.836790 4.905551 2.351127 0.044494 0.042634 -0.134825 0.988951
40.685000000 -1.834297 4.902628 2.351262 0.044593 0.042477 -0.133354 0.989153
40.690000000 -1.831787 4.899681 2.351392 0.044687 0.042313 -0.131881 0.989353
40.695000000 -1.829259 4.896710 2.351519 0.044777 0.042143 -0.130406 0.989552
40.700000000 -1.826715 4.893715 2.351642 0.044863 0.041967 -0.128929 0.989749
40.705000000 -1.824153 4.890696 2.351762 0.044947 0.041787 -0.127452 0.989944
40.710000000 -1.821574 4.887653 2.351877 0.045027 0.041604 -0.125973 0.990138
40.715000000 -1.818978 4.884586 2.351988 0.045105 0.041419 -0.124493 0.990329
40.720000000 -1.816365 4.881495 2.352096 0.045181 0.041232 -0.123012 0.990518
40.725000000 -1.813735 4.878380 2.352199 0.045255 0.041045 -0.121532 0.990706
40.730000000 -1.811088 4.875241 2.352299 0.045328 0.040859 -0.120050 0.990890
40.735000000 -1.808425 4.872079 2.352394 0.045401 0.040676 -0.118569 0.991073
40.740000000 -1.805744 4.868892 2.352486 0.045476 0.040496 -0.117088 0.991253
40.745000000 -1.803047 4.865681 2.352574 0.045551 0.040321 -0.115607 0.991430
40.750000000 -1.800334 4.862447 2.352658 0.045627 0.040151 -0.114127 0.991605
40.755000000 -1.797604 4.859188 2.352737 0.045706 0.039987 -0.112647 0.991777
40.760000000 -1.794857 4.855906 2.352813 0.045787 0.039829 -0.111169 0.991947
40.765000000 -1.792094 4.852599 2.352885 0.045870 0.039677 -0.109691 0.992114
40.770000000 -1.789314 4.849269 2.352953 0.045953 0.039530 -0.108215 0.992278
40.775000000 -1.786518 4.845915 2.353016 0.046037 0.039388 -0.106740 0.992439
40.780000000 -1.783706 4.842537 2.353076 0.046119 0.039248 -0.105266 0.992598
40.785000000 -1.780877 4.839135 2.353132 0.046200 0.039109 -0.103795 0.992755
40.790000000 -1.778032 4.835709 2.353183 0.046278 0.038971 -0.102325 0.992909
40.795000000 -1.775171 4.832259 2.353230 0.046351 0.038831 -0.100858 0.993062
40.800000000 -1.772294 4.828785 2.353274 0.046418 0.038687 -0.099393 0.993212
40.805000000 -1.769400 4.825288 2.353313 0.046478 0.038537 -0.097931 0.993360
40.810000000 -1.766491 4.821766 2.353348 0.046528 0.038380 -0.096472 0.993507
40.815000000 -1.763565 4.818220 2.353379 0.046568 0.038213 -0.095016 0.993651
40.820000000 -1.760624 4.814651 2.353405 0.046596 0.038034 -0.093563 0.993795
40.825000000 -1.757666 4.811058 2.353428 0.046611 0.037843 -0.092114 0.993937
40.830000000 -1.754693 4.807440 2.353446 0.046610 0.037636 -0.090669 0.994078
40.835000000 -1.751703 4.803800 2.353460 0.046594 0.037413 -0.089228 0.994217
40.840000000 -1.748698 4.800135 2.353469 0.046561 0.037171 -0.087792 0.994356
40.845000000 -1.745678 4.796447 2.353475 0.046511 0.036912 -0.086360 0.994493
40.850000000 -1.742642 4.792735 2.353476 0.046443 0.036633 -0.084934 0.994629
40.855000000 -1.739590 4.788999 2.353473 0.046358 0.036335 -0.083513 0.994764
40.860000000 -1.736523 4.785240 2.353465 0.046255 0.036018 -0.082096 0.994899
40.865000000 -1.733441 4.781458 2.353454 0.046136 0.035682 -0.080686 0.995032
40.870000000 -1.730344 4.777653 2.353438 0.045999 0.035327 -0.079281 0.995164
40.875000000 -1.727231 4.773824 2.353418 0.045846 0.034953 -0.077883 0.995294
40.880000000 -1.724104 4.769972 2.353393 0.045676 0.034561 -0.076491 0.995424
40.885000000 -1.720963 4.766097 2.353365 0.045490 0.034153 -0.075106 0.995552
40.890000000 -1.717807 4.762200 2.353332 0.045291 0.033728 -0.073727 0.995678
40.895000000 -1.714636 4.758280 2.353294 0.045078 0.033290 -0.072354 0.995804
40.900000000 -1.711451 4.754337 2.353253 0.044852 0.032845 -0.070988 0.995927
40.905000000 -1.708253 4.750372 2.353208 0.044613 0.032404 -0.069628 0.996048
40.910000000 -1.705040 4.746385 2.353159 0.044360 0.031979 -0.068274 0.996167
40.915000000 -1.701814 4.742375 2.353106 0.044095 0.031577 -0.066926 0.996283
40.920000000 -1.698574 4.738344 2.353050 0.043818 0.031206 -0.065583 0.996396
40.925000000 -1.695321 4.734291 2.352991 0.043530 0.030874 -0.064245 0.996506
40.930000000 -1.692055 4.730216 2.352928 0.043230 0.030583 -0.062912 0.996613
40.935000000 -1.688776 4.726120 2.352862 0.042918 0.030338 -0.061585 0.996717
40.940000000 -1.685483 4.722002 2.352792 0.042597 0.030141 -0.060263 0.996818
40.945000000 -1.682178 4.717864 2.352720 0.042265 0.029992 -0.058946 0.996915
40.950000000 -1.678859 4.713704 2.352644 0.041924 0.029891 -0.057635 0.997009
40.955000000 -1.675528 4.709524 2.352566 0.041574 0.029838 -0.056331 0.997100
40.960000000 -1.672184 4.705324 2.352484 0.041216 0.029831 -0.055032 0.997187
40.965000000 -1.668826 4.701103 2.352399 0.040851 0.029866 -0.053739 0.997272
40.970000000 -1.665456 4.696862 2.352311 0.040478 0.029939 -0.052454 0.997353
40.975000000 -1.662073 4.692601 2.352220 0.040099 0.030046 -0.051175 0.997432
40.980000000 -1.658676 4.688320 2.352126 0.039714 0.030183 -0.049905 0.997508
40.985000000 -1.655266 4.684020 2.352029 0.039324 0.030345 -0.048642 0.997580
40.990000000 -1.651843 4.679700 2.351929 0.038931 0.030527 -0.047388 0.997651
40.995000000 -1.648406 4.675362 2.351825 0.038537 0.030724 -0.046142 0.997718
41.000000000 -1.644955 4.671004 2.351718 0.038143 0.030932 -0.044904 0.997783
41.005000000 -1.641491 4.666628 2.351609 0.037750 0.031145 -0.043676 0.997846
41.010000000 -1.638013 4.662233 2.351495 0.037359 0.031357 -0.042458 0.997907
41.015000000 -1.634521 4.657821 2.351379 0.036969 0.031562 -0.041249 0.997966
41.020000000 -1.631015 4.653390 2.351259 0.036582 0.031755 -0.040050 0.998023
41.025000000 -1.627494 4.648941 2.351136 0.036198 0.031933 -0.038862 0.998078
41.030000000 -1.623959 4.644475 2.351010 0.035818 0.032090 -0.037685 0.998132
41.035000000 -1.620410 4.639991 2.350880 0.035444 0.032222 -0.036518 0.998184
41.040000000 -1.616846 4.635490 2.350747 0.035076 0.032328 -0.035363 0.998235
41.045000000 -1.613267 4.630972 2.350610 0.034716 0.032403 -0.034218 0.998286
41.050000000 -1.609674 4.626438 2.350470 0.034362 0.032446 -0.033086 0.998335
41.055000000 -1.606066 4.621886 2.350326 0.034016 0.032454 -0.031965 0.998383
41.060000000 -1.602443 4.617319 2.350178 0.033677 0.032425 -0.030857 0.998430
41.065000000 -1.598806 4.612735 2.350027 0.033346 0.032359 -0.029761 0.998476
41.070000000 -1.595154 4.608135 2.349873 0.033022 0.032254 -0.028678 0.998522
41.075000000 -1.591487 4.603519 2.349714 0.032707 0.032112 -0.027606 0.998567
41.080000000 -1.587805 4.598887 2.349552 0.032399 0.031931 -0.026548 0.998612
41.085000000 -1.584109 4.594240 2.349386 0.032097 0.031713 -0.025502 0.998656
41.090000000 -1.580399 4.589578 2.349217 0.031803 0.031460 -0.024469 0.998699
41.095000000 -1.576674 4.584901 2.349043 0.031515 0.031172 -0.023450 0.998742
41.100000000 -1.572934 4.580208 2.348866 0.031233 0.030853 -0.022443 0.998784
41.105000000 -1.569181 4.575501 2.348685 0.030958 0.030505 -0.021449 0.998825
41.110000000 -1.565414 4.570779 2.348500 0.030688 0.030130 -0.020469 0.998865
41.115000000 -1.561633 4.566042 2.348311 0.030424 0.029731 -0.019501 0.998904
41.120000000 -1.557838 4.561291 2.348118 0.030163 0.029310 -0.018547 0.998943
41.125000000 -1.554030 4.556526 2.347921 0.029906 0.028871 -0.017606 0.998981
41.130000000 -1.550209 4.551747 2.347720 0.029652 0.028417 -0.016679 0.999017
41.135000000 -1.546375 4.546954 2.347516 0.029399 0.027951 -0.015764 0.999053
41.140000000 -1.542528 4.542147 2.347307 0.029148 0.027476 -0.014863 0.999087
41.145000000 -1.538668 4.537326 2.347094 0.028899 0.026996 -0.013974 0.999120
41.150000000 -1.534796 4.532492 2.346877 0.028650 0.026514 -0.013099 0.999152
41.155000000 -1.530912 4.527644 2.346656 0.028402 0.026033 -0.012236 0.999183
41.160000000 -1.527016 4.522784 2.346431 0.028155 0.025555 -0.011387 0.999212
41.165000000 -1.523109 4.517910 2.346202 0.027907 0.025085 -0.010550 0.999240
41.170000000 -1.519190 4.513023 2.345968 0.027659 0.024624 -0.009726 0.999267
41.175000000 -1.515259 4.508124 2.345731 0.027411 0.024176 -0.008915 0.999292
41.180000000 -1.511318 4.503211 2.345489 0.027162 0.023741 -0.008117 0.999316
41.185000000 -1.507366 4.498287 2.345243 0.026912 0.023321 -0.007332 0.999339
41.190000000 -1.503403 4.493349 2.344993 0.026660 0.022919 -0.006560 0.999360
41.195000000 -1.499430 4.488400 2.344738 0.026406 0.022535 -0.005801 0.999380
41.200000000 -1.495447 4.483438 2.344480 0.026151 0.022169 -0.005055 0.999399
41.205000000 -1.491453 4.478465 2.344217 0.025893 0.021824 -0.004322 0.999417
41.210000000 -1.487450 4.473479 2.343949 0.025635 0.021500 -0.003602 0.999434
41.215000000 -1.483437 4.468482 2.343678 0.025375 0.021197 -0.002896 0.999449
41.220000000 -1.479414 4.463474 2.343401 0.025114 0.020915 -0.002203 0.999463
41.225000000 -1.475382 4.458453 2.343121 0.024851 0.020654 -0.001523 0.999477
41.230000000 -1.471340 4.453422 2.342836 0.024588 0.020412 -0.000856 0.999489
41.235000000 -1.467289 4.448379 2.342547 0.024322 0.020189 -0.000203 0.999500
41.240000000 -1.463229 4.443326 2.342253 0.024055 0.019983 0.000437 0.999511
41.245000000 -1.459160 4.438261 2.341955 0.023785 0.019794 0.001063 0.999521
41.250000000 -1.455081 4.433186 2.341652 0.023514 0.019620 0.001676 0.999530
41.255000000 -1.450994 4.428100 2.341345 0.023242 0.019459 0.002276 0.999538
41.260000000 -1.446898 4.423004 2.341033 0.022969 0.019311 0.002862 0.999546
41.265000000 -1.442794 4.417897 2.340717 0.022697 0.019174 0.003434 0.999553
41.270000000 -1.438680 4.412781 2.340396 0.022426 0.019046 0.003993 0.999559
41.275000000 -1.434558 4.407654 2.340070 0.022157 0.018925 0.004539 0.999565
41.280000000 -1.430428 4.402517 2.339740 0.021893 0.018810 0.005071 0.999570
41.285000000 -1.426289 4.397370 2.339405 0.021633 0.018700 0.005590 0.999575
41.290000000 -1.422141 4.392214 2.339066 0.021380 0.018593 0.006096 0.999580
41.295000000 -1.417985 4.387049 2.338722 0.021135 0.018487 0.006588 0.999584
41.300000000 -1.413821 4.381874 2.338373 0.020898 0.018381 0.007067 0.999588
41.305000000 -1.409648 4.376689 2.338020 0.020671 0.018272 0.007532 0.999591
41.310000000 -1.405467 4.371496 2.337662 0.020453 0.018159 0.007984 0.999594
41.315000000 -1.401278 4.366294 2.337300 0.020244 0.018040 0.008423 0.999597
41.320000000 -1.397080 4.361082 2.336933 0.020046 0.017914 0.008849 0.999599
41.325000000 -1.392875 4.355862 2.336562 0.019859 0.017779 0.009261 0.999602
41.330000000 -1.388662 4.350633 2.336186 0.019682 0.017634 0.009660 0.999604
41.335000000 -1.384440 4.345395 2.335805 0.019516 0.017479 0.010046 0.999606
41.340000000 -1.380211 4.340149 2.335420 0.019362 0.017312 0.010419 0.999608
41.345000000 -1.375974 4.334895 2.335030 0.019217 0.017133 0.010779 0.999610
41.350000000 -1.371729 4.329632 2.334635 0.019083 0.016941 0.011126 0.999612
41.355000000 -1.367476 4.324360 2.334237 0.018959 0.016736 0.011461 0.999614
41.360000000 -1.363216 4.319081 2.333833 0.018845 0.016519 0.011782 0.999616
41.365000000 -1.358948 4.313793 2.333425 0.018741 0.016290 0.012091 0.999619
41.370000000 -1.354674 4.308497 2.333013 0.018645 0.016047 0.012388 0.999621
41.375000000 -1.350392 4.303193 2.332596 0.018557 0.015792 0.012672 0.999623
41.380000000 -1.346102 4.297881 2.332174 0.018475 0.015525 0.012944 0.999625
41.385000000 -1.341806 4.292561 2.331748 0.018400 0.015247 0.013204 0.999627
41.390000000 -1.337503 4.287233 2.331318 0.018329 0.014958 0.013451 0.999630
41.395000000 -1.333194 4.281897 2.330883 0.018263 0.014660 0.013687 0.999632
41.400000000 -1.328878 4.276553 2.330444 0.018201 0.014353 0.013912 0.999635
41.405000000 -1.324555 4.271201 2.330000 0.018143 0.014039 0.014124 0.999637
41.410000000 -1.320226 4.265841 2.329552 0.018086 0.013719 0.014325 0.999640
41.415000000 -1.315891 4.260474 2.329100 0.018031 0.013393 0.014515 0.999642
41.420000000 -1.311550 4.255099 2.328643 0.017978 0.013065 0.014694 0.999645
41.425000000 -1.307204 4.249716 2.328182 0.017925 0.012735 0.014862 0.999648
41.430000000 -1.302852 4.244325 2.327716 0.017873 0.012403 0.015019 0.999651
41.435000000 -1.298494 4.238926 2.327246 0.017822 0.012073 0.015165 0.999653
41.440000000 -1.294131 4.233520 2.326772 0.017769 0.011744 0.015300 0.999656
41.445000000 -1.289763 4.228106 2.326293 0.017717 0.011419 0.015425 0.999659
41.450000000 -1.285390 4.222685 2.325810 0.017663 0.011099 0.015540 0.999662
41.455000000 -1.281012 4.217256 2.325323 0.017608 0.010783 0.015645 0.999664
41.460000000 -1.276630 4.211819 2.324831 0.017550 0.010473 0.015740 0.999667
41.465000000 -1.272243 4.206375 2.324336 0.017489 0.010170 0.015825 0.999670
41.470000000 -1.267851 4.200923 2.323835 0.017425 0.009873 0.015900 0.999673
41.475000000 -1.263456 4.195464 2.323331 0.017359 0.009585 0.015966 0.999676
41.480000000 -1.259056 4.189997 2.322822 0.017289 0.009305 0.016022 0.999679
41.485000000 -1.254652 4.184523 2.322310 0.017216 0.009034 0.016069 0.999682
41.490000000 -1.250245 4.179042 2.321793 0.017139 0.008770 0.016107 0.999685
41.495000000 -1.245833 4.173553 2.321271 0.017057 0.008515 0.016136 0.999688
41.500000000 -1.241419 4.168057 2.320746 0.016971 0.008268 0.016156 0.999691
41.505000000 -1.237001 4.162553 2.320216 0.016880 0.008029 0.016168 0.999695
41.510000000 -1.232579 4.157042 2.319683 0.016786 0.007799 0.016171 0.999698
41.515000000 -1.228154 4.151525 2.319145 0.016688 0.007576 0.016165 0.999701
41.520000000 -1.223726 4.146000 2.318603 0.016586 0.007361 0.016151 0.999705
41.525000000 -1.219296 4.140467 2.318056 0.016480 0.007153 0.016129 0.999709
41.530000000 -1.214862 4.134928 2.317506 0.016372 0.006951 0.016098 0.999712
41.535000000 -1.210425 4.129382 2.316952 0.016262 0.006757 0.016060 0.999716
41.540000000 -1.205986 4.123829 2.316393 0.016151 0.006569 0.016014 0.999720
41.545000000 -1.201544 4.118269 2.315831 0.016038 0.006388 0.015960 0.999724
41.550000000 -1.197100 4.112702 2.315264 0.015924 0.006210 0.015899 0.999728
41.555000000 -1.192653 4.107129 2.314694 0.015809 0.006038 0.015830 0.999731
41.560000000 -1.188204 4.101549 2.314119 0.015692 0.005868 0.015754 0.999736
41.565000000 -1.183753 4.095962 2.313540 0.015576 0.005702 0.015671 0.999740
41.570000000 -1.179299 4.090368 2.312957 0.015459 0.005538 0.015581 0.999744
41.575000000 -1.174844 4.084768 2.312371 0.015343 0.005376 0.015485 0.999748
41.580000000 -1.170386 4.079161 2.311780 0.015228 0.005217 0.015381 0.999752
41.585000000 -1.165926 4.073549 2.311185 0.015115 0.005058 0.015271 0.999756
41.590000000 -1.161465 4.067929 2.310586 0.015003 0.004900 0.015155 0.999761
41.595000000 -1.157002 4.062303 2.309984 0.014893 0.004743 0.015033 0.999765
41.600000000 -1.152537 4.056671 2.309377 0.014783 0.004584 0.014904 0.999769
41.605000000 -1.148070 4.051033 2.308766 0.014675 0.004423 0.014770 0.999773
41.610000000 -1.143602 4.045389 2.308152 0.014569 0.004262 0.014629 0.999778
41.615000000 -1.139133 4.039738 2.307534 0.014465 0.004099 0.014483 0.999782
41.620000000 -1.134662 4.034082 2.306911 0.014363 0.003934 0.014332 0.999786
41.625000000 -1.130189 4.028419 2.306285 0.014264 0.003767 0.014175 0.999791
41.630000000 -1.125716 4.022751 2.305655 0.014167 0.003597 0.014014 0.999795
41.635000000 -1.121241 4.017076 2.305021 0.014075 0.003424 0.013847 0.999799
41.640000000 -1.116766 4.011396 2.304384 0.013986 0.003248 0.013675 0.999803
41.645000000 -1.112289 4.005710 2.303743 0.013902 0.003068 0.013498 0.999808
41.650000000 -1.107812 4.000018 2.303098 0.013824 0.002885 0.013317 0.999812
41.655000000 -1.103334 3.994320 2.302449 0.013753 0.002699 0.013131 0.999816
41.660000000 -1.098855 3.988617 2.301797 0.013690 0.002508 0.012941 0.999819
41.665000000 -1.094375 3.982908 2.301141 0.013634 0.002313 0.012747 0.999823
41.670000000 -1.089895 3.977193 2.300482 0.013586 0.002114 0.012549 0.999827
41.675000000 -1.085415 3.971472 2.299820 0.013547 0.001911 0.012347 0.999830
41.680000000 -1.080934 3.965746 2.299154 0.013519 0.001704 0.012142 0.999833
41.685000000 -1.076453 3.960014 2.298485 0.013502 0.001493 0.011932 0.999837
41.690000000 -1.071972 3.954277 2.297812 0.013496 0.001279 0.011720 0.999839
41.695000000 -1.067492 3.948534 2.297137 0.013501 0.001061 0.011504 0.999842
41.700000000 -1.063011 3.942785 2.296459 0.013517 0.000840 0.011285 0.999845
41.705000000 -1.058530 3.937031 2.295777 0.013543 0.000615 0.011063 0.999847
41.710000000 -1.054050 3.931271 2.295093 0.013581 0.000387 0.010839 0.999849
41.715000000 -1.049570 3.925506 2.294405 0.013631 0.000157 0.010611 0.999851
41.720000000 -1.045091 3.919734 2.293715 0.013691 -0.000075 0.010382 0.999852
41.725000000 -1.040612 3.913957 2.293022 0.013761 -0.000310 0.010150 0.999854
41.730000000 -1.036135 3.908175 2.292327 0.013839 -0.000548 0.009916 0.999855
41.735000000 -1.031658 3.902386 2.291628 0.013926 -0.000787 0.009679 0.999856
41.740000000 -1.027182 3.896592 2.290928 0.014019 -0.001029 0.009441 0.999857
41.745000000 -1.022707 3.890792 2.290225 0.014120 -0.001272 0.009202 0.999857
41.750000000 -1.018234 3.884985 2.289519 0.014228 -0.001515 0.008961 0.999857
41.755000000 -1.013762 3.879173 2.288811 0.014343 -0.001759 0.008718 0.999858
41.760000000 -1.009291 3.873355 2.288101 0.014463 -0.002003 0.008474 0.999857
41.765000000 -1.004822 3.867531 2.287389 0.014588 -0.002246 0.008229 0.999857
41.770000000 -1.000355 3.861700 2.286674 0.014716 -0.002489 0.007982 0.999857
41.775000000 -0.995890 3.855863 2.285957 0.014848 -0.002730 0.007735 0.999856
41.780000000 -0.991427 3.850020 2.285239 0.014981 -0.002971 0.007487 0.999855
41.785000000 -0.986966 3.844171 2.284518 0.015116 -0.003210 0.007239 0.999854
41.790000000 -0.982507 3.838315 2.283796 0.015251 -0.003448 0.006990 0.999853
41.795000000 -0.978050 3.832453 2.283072 0.015385 -0.003685 0.006741 0.999852
41.800000000 -0.973596 3.826584 2.282346 0.015518 -0.003919 0.006491 0.999851
41.805000000 -0.969144 3.820709 2.281618 0.015649 -0.004153 0.006242 0.999849
41.810000000 -0.964696 3.814826 2.280889 0.015776 -0.004384 0.005992 0.999848
41.815000000 -0.960249 3.808937 2.280159 0.015900 -0.004614 0.005742 0.999846
41.820000000 -0.955806 3.803042 2.279427 0.016021 -0.004843 0.005493 0.999845
41.825000000 -0.951366 3.797139 2.278693 0.016137 -0.005069 0.005244 0.999843
41.830000000 -0.946929 3.791229 2.277958 0.016250 -0.005294 0.004995 0.999841
41.835000000 -0.942496 3.785313 2.277222 0.016357 -0.005517 0.004747 0.999840
41.840000000 -0.938065 3.779389 2.276485 0.016458 -0.005738 0.004500 0.999838
41.845000000 -0.933638 3.773458 2.275746 0.016554 -0.005958 0.004253 0.999836
41.850000000 -0.929215 3.767521 2.275007 0.016645 -0.006177 0.004007 0.999834
41.855000000 -0.924795 3.761576 2.274266 0.016731 -0.006395 0.003762 0.999832
41.860000000 -0.920380 3.755623 2.273525 0.016812 -0.006611 0.003518 0.999831
41.865000000 -0.915968 3.749664 2.272783 0.016888 -0.006826 0.003275 0.999829
41.870000000 -0.911560 3.743697 2.272039 0.016958 -0.007041 0.003034 0.999827
41.875000000 -0.907156 3.737723 2.271296 0.017025 -0.007254 0.002793 0.999825
41.880000000 -0.902757 3.731741 2.270551 0.017087 -0.007466 0.002554 0.999823
41.885000000 -0.898362 3.725752 2.269806 0.017147 -0.007677 0.002317 0.999821
41.890000000 -0.893971 3.719756 2.269060 0.017205 -0.007887 0.002081 0.999819
41.895000000 -0.889585 3.713752 2.268314 0.017260 -0.008096 0.001847 0.999817
41.900000000 -0.885203 3.707741 2.267567 0.017313 -0.008304 0.001615 0.999814
41.905000000 -0.880827 3.701722 2.266820 0.017363 -0.008512 0.001385 0.999812
41.910000000 -0.876455 3.695695 2.266073 0.017412 -0.008720 0.001156 0.999810
41.915000000 -0.872088 3.689662 2.265326 0.017459 -0.008927 0.000930 0.999807
41.920000000 -0.867726 3.683620 2.264578 0.017509 -0.009133 0.000706 0.999805
41.925000000 -0.863370 3.677571 2.263830 0.017561 -0.009338 0.000484 0.999802
41.930000000 -0.859018 3.671514 2.263082 0.017614 -0.009542 0.000264 0.999799
41.935000000 -0.854672 3.665450 2.262334 0.017668 -0.009746 0.000047 0.999796
41.940000000 -0.850332 3.659378 2.261587 0.017722 -0.009950 -0.000168 0.999793
41.945000000 -0.845997 3.653298 2.260839 0.017777 -0.010156 -0.000380 0.999790
41.950000000 -0.841668 3.647210 2.260091 0.017832 -0.010362 -0.000590 0.999787
41.955000000 -0.837345 3.641115 2.259344 0.017886 -0.010571 -0.000797 0.999784
41.960000000 -0.833027 3.635012 2.258598 0.017940 -0.010781 -0.001002 0.999780
41.965000000 -0.828716 3.628901 2.257851 0.017992 -0.010994 -0.001204 0.999777
41.970000000 -0.824410 3.622782 2.257105 0.018043 -0.011209 -0.001403 0.999773
41.975000000 -0.820111 3.616656 2.256360 0.018092 -0.011428 -0.001600 0.999770
41.980000000 -0.815818 3.610521 2.255615 0.018139 -0.011650 -0.001794 0.999766
41.985000000 -0.811532 3.604379 2.254871 0.018183 -0.011875 -0.001985 0.999762
41.990000000 -0.807252 3.598228 2.254128 0.018225 -0.012103 -0.002173 0.999758
41.995000000 -0.802979 3.592070 2.253385 0.018265 -0.012333 -0.002358 0.999754
42.000000000 -0.798713 3.585904 2.252643 0.018301 -0.012567 -0.002541 0.999750
42.005000000 -0.794454 3.579730 2.251903 0.018333 -0.012804 -0.002720 0.999746
42.010000000 -0.790201 3.573547 2.251163 0.018359 -0.013045 -0.002896 0.999742
42.015000000 -0.785956 3.567357 2.250424 0.018380 -0.013289 -0.003069 0.999738
42.020000000 -0.781718 3.561159 2.249686 0.018395 -0.013536 -0.003239 0.999734
42.025000000 -0.777487 3.554952 2.248949 0.018401 -0.013786 -0.003406 0.999730
42.030000000 -0.773264 3.548738 2.248214 0.018398 -0.014040 -0.003569 0.999726
42.035000000 -0.769049 3.542516 2.247480 0.018386 -0.014298 -0.003730 0.999722
42.040000000 -0.764841 3.536285 2.246747 0.018361 -0.014560 -0.003886 0.999718
42.045000000 -0.760642 3.530047 2.246015 0.018325 -0.014823 -0.004040 0.999714
42.050000000 -0.756450 3.523800 2.245284 0.018268 -0.015072 -0.004189 0.999711
42.055000000 -0.752266 3.517546 2.244554 0.018178 -0.015286 -0.004335 0.999709
42.060000000 -0.748091 3.511284 2.243824 0.018047 -0.015446 -0.004477 0.999708
42.065000000 -0.743924 3.505014 2.243093 0.017865 -0.015536 -0.004614 0.999709
42.070000000 -0.739765 3.498736 2.242362 0.017624 -0.015540 -0.004746 0.999713
42.075000000 -0.735615 3.492451 2.241631 0.017318 -0.015445 -0.004873 0.999719
42.080000000 -0.731473 3.486158 2.240898 0.016940 -0.015238 -0.004996 0.999728
42.085000000 -0.727339 3.479859 2.240164 0.016488 -0.014912 -0.005113 0.999740
42.090000000 -0.723213 3.473552 2.239428 0.015956 -0.014458 -0.005225 0.999755
42.095000000 -0.719095 3.467238 2.238691 0.015344 -0.013872 -0.005332 0.999772
42.100000000 -0.714984 3.460919 2.237952 0.014651 -0.013149 -0.005434 0.999791
42.105000000 -0.710880 3.454593 2.237212 0.013877 -0.012289 -0.005531 0.999813
42.110000000 -0.706783 3.448261 2.236470 0.013023 -0.011290 -0.005623 0.999836
42.115000000 -0.702692 3.441924 2.235726 0.012093 -0.010155 -0.005710 0.999859
42.120000000 -0.698607 3.435582 2.234979 0.011090 -0.008885 -0.005793 0.999882
42.125000000 -0.694527 3.429236 2.234231 0.010017 -0.007488 -0.005871 0.999905
42.130000000 -0.690451 3.422887 2.233481 0.008880 -0.005968 -0.005945 0.999925
42.135000000 -0.686379 3.416534 2.232729 0.007685 -0.004335 -0.006015 0.999943
42.140000000 -0.682310 3.410178 2.231975 0.006436 -0.002598 -0.006081 0.999957
42.145000000 -0.678242 3.403820 2.231219 0.005142 -0.000765 -0.006143 0.999968
42.150000000 -0.674176 3.397461 2.230461 0.003808 0.001153 -0.006202 0.999973
42.155000000 -0.670110 3.391101 2.229701 0.002443 0.003147 -0.006258 0.999972
42.160000000 -0.666043 3.384740 2.228939 0.001052 0.005205 -0.006311 0.999966
42.165000000 -0.661974 3.378381 2.228175 -0.000357 0.007315 -0.006362 0.999953
42.170000000 -0.657902 3.372022 2.227409 -0.001776 0.009466 -0.006411 0.999933
42.175000000 -0.653826 3.365666 2.226642 -0.003199 0.011648 -0.006457 0.999906
42.180000000 -0.649745 3.359312 2.225873 -0.004619 0.013851 -0.006502 0.999872
42.185000000 -0.645658 3.352961 2.225102 -0.006029 0.016063 -0.006546 0.999831
42.190000000 -0.641564 3.346614 2.224329 -0.007423 0.018274 -0.006588 0.999784
42.195000000 -0.637462 3.340272 2.223554 -0.008797 0.020475 -0.006629 0.999730
42.200000000 -0.633350 3.333935 2.222778 -0.010146 0.022654 -0.006670 0.999670
42.205000000 -0.629228 3.327603 2.222001 -0.011466 0.024805 -0.006710 0.999604
42.210000000 -0.625094 3.321279 2.221221 -0.012752 0.026920 -0.006750 0.999533
42.215000000 -0.620948 3.314962 2.220440 -0.014002 0.028992 -0.006790 0.999459
42.220000000 -0.616789 3.308652 2.219658 -0.015214 0.031014 -0.006829 0.999380
42.225000000 -0.612615 3.302351 2.218874 -0.016385 0.032982 -0.006869 0.999298
42.230000000 -0.608425 3.296058 2.218088 -0.017515 0.034891 -0.006909 0.999214
42.235000000 -0.604219 3.289775 2.217301 -0.018602 0.036738 -0.006949 0.999128
42.240000000 -0.599996 3.283503 2.216513 -0.019648 0.038517 -0.006990 0.999040
42.245000000 -0.595755 3.277240 2.215723 -0.020654 0.040227 -0.007031 0.998952
42.250000000 -0.591494 3.270989 2.214931 -0.021621 0.041866 -0.007072 0.998864
42.255000000 -0.587214 3.264749 2.214139 -0.022550 0.043433 -0.007114 0.998776
42.260000000 -0.582913 3.258521 2.213345 -0.023445 0.044926 -0.007156 0.998690
42.265000000 -0.578591 3.252305 2.212551 -0.024310 0.046342 -0.007198 0.998604
42.270000000 -0.574247 3.246102 2.211755 -0.025148 0.047681 -0.007240 0.998520
42.275000000 -0.569879 3.239913 2.210959 -0.025963 0.048941 -0.007282 0.998438
42.280000000 -0.565489 3.233737 2.210162 -0.026760 0.050122 -0.007323 0.998358
42.285000000 -0.561074 3.227575 2.209365 -0.027543 0.051226 -0.007364 0.998280
42.290000000 -0.556635 3.221427 2.208568 -0.028316 0.052254 -0.007405 0.998205
42.295000000 -0.552170 3.215294 2.207771 -0.029084 0.053207 -0.007444 0.998132
42.300000000 -0.547681 3.209177 2.206974 -0.029851 0.054087 -0.007482 0.998062
42.305000000 -0.543164 3.203074 2.206178 -0.030622 0.054896 -0.007519 0.997994
42.310000000 -0.538622 3.196988 2.205383 -0.031402 0.055637 -0.007555 0.997929
42.315000000 -0.534052 3.190918 2.204588 -0.032194 0.056311 -0.007589 0.997865
42.320000000 -0.529456 3.184865 2.203795 -0.033004 0.056922 -0.007621 0.997804
42.325000000 -0.524831 3.178829 2.203003 -0.033833 0.057473 -0.007651 0.997744
42.330000000 -0.520179 3.172811 2.202213 -0.034686 0.057968 -0.007679 0.997686
42.335000000 -0.515498 3.166811 2.201425 -0.035564 0.058412 -0.007705 0.997629
42.340000000 -0.510789 3.160829 2.200639 -0.036471 0.058809 -0.007729 0.997573
42.345000000 -0.506052 3.154866 2.199856 -0.037407 0.059163 -0.007750 0.997517
42.350000000 -0.501285 3.148923 2.199075 -0.038375 0.059481 -0.007770 0.997461
42.355000000 -0.496489 3.142999 2.198298 -0.039375 0.059766 -0.007788 0.997405
42.360000000 -0.491665 3.137096 2.197523 -0.040408 0.060022 -0.007803 0.997348
42.365000000 -0.486810 3.131214 2.196753 -0.041474 0.060253 -0.007817 0.997291
42.370000000 -0.481926 3.125354 2.195986 -0.042573 0.060465 -0.007829 0.997231
42.375000000 -0.477012 3.119516 2.195223 -0.043703 0.060662 -0.007839 0.997170
42.380000000 -0.472069 3.113700 2.194465 -0.044865 0.060849 -0.007848 0.997107
42.385000000 -0.467095 3.107908 2.193711 -0.046056 0.061030 -0.007855 0.997042
42.390000000 -0.462091 3.102140 2.192962 -0.047275 0.061207 -0.007862 0.996974
42.395000000 -0.457057 3.096396 2.192219 -0.048521 0.061385 -0.007867 0.996903
42.400000000 -0.451993 3.090677 2.191480 -0.049790 0.061568 -0.007872 0.996829
42.405000000 -0.446898 3.084985 2.190748 -0.051080 0.061758 -0.007876 0.996752
42.410000000 -0.441772 3.079319 2.190022 -0.052388 0.061959 -0.007880 0.996672
42.415000000 -0.436616 3.073680 2.189301 -0.053712 0.062171 -0.007884 0.996588
42.420000000 -0.431428 3.068070 2.188588 -0.055048 0.062397 -0.007888 0.996501
42.425000000 -0.426210 3.062488 2.187881 -0.056395 0.062638 -0.007893 0.996410
42.430000000 -0.420960 3.056935 2.187181 -0.057750 0.062896 -0.007898 0.996317
42.435000000 -0.415679 3.051413 2.186488 -0.059108 0.063172 -0.007904 0.996219
42.440000000 -0.410366 3.045921 2.185803 -0.060469 0.063468 -0.007911 0.996119
42.445000000 -0.405021 3.040462 2.185126 -0.061829 0.063786 -0.007919 0.996015
42.450000000 -0.399644 3.035034 2.184457 -0.063185 0.064124 -0.007928 0.995908
42.455000000 -0.394235 3.029640 2.183796 -0.064535 0.064483 -0.007939 0.995798
42.460000000 -0.388793 3.024279 2.183144 -0.065876 0.064863 -0.007951 0.995686
42.465000000 -0.383319 3.018953 2.182500 -0.067207 0.065263 -0.007965 0.995570
42.470000000 -0.377812 3.013662 2.181866 -0.068526 0.065681 -0.007980 0.995453
42.475000000 -0.372271 3.008407 2.181240 -0.069829 0.066116 -0.007997 0.995333
42.480000000 -0.366697 3.003188 2.180625 -0.071117 0.066565 -0.008015 0.995212
42.485000000 -0.361089 2.998007 2.180019 -0.072385 0.067023 -0.008035 0.995090
42.490000000 -0.355447 2.992864 2.179423 -0.073633 0.067487 -0.008056 0.994967
42.495000000 -0.349771 2.987760 2.178837 -0.074855 0.067947 -0.008077 0.994844
42.500000000 -0.344060 2.982695 2.178261 -0.076051 0.068398 -0.008097 0.994722
42.505000000 -0.338314 2.977671 2.177696 -0.077216 0.068829 -0.008117 0.994603
42.510000000 -0.332533 2.972686 2.177141 -0.078347 0.069234 -0.008135 0.994486
42.515000000 -0.326717 2.967744 2.176597 -0.079441 0.069603 -0.008151 0.994373
42.520000000 -0.320865 2.962843 2.176064 -0.080496 0.069929 -0.008164 0.994265
42.525000000 -0.314977 2.957984 2.175542 -0.081507 0.070202 -0.008172 0.994164
42.530000000 -0.309053 2.953169 2.175031 -0.082473 0.070415 -0.008176 0.994069
42.535000000 -0.303093 2.948397 2.174532 -0.083392 0.070559 -0.008175 0.993982
42.540000000 -0.297097 2.943669 2.174044 -0.084261 0.070628 -0.008166 0.993904
42.545000000 -0.291065 2.938986 2.173568 -0.085078 0.070617 -0.008152 0.993835
42.550000000 -0.284996 2.934348 2.173104 -0.085844 0.070519 -0.008129 0.993776
42.555000000 -0.278890 2.929755 2.172652 -0.086557 0.070333 -0.008098 0.993728
42.560000000 -0.272749 2.925208 2.172212 -0.087217 0.070053 -0.008059 0.993691
42.565000000 -0.266571 2.920708 2.171784 -0.087824 0.069677 -0.008010 0.993664
42.570000000 -0.260358 2.916254 2.171369 -0.088379 0.069205 -0.007952 0.993648
42.575000000 -0.254109 2.911847 2.170967 -0.088883 0.068634 -0.007885 0.993643
42.580000000 -0.247824 2.907487 2.170578 -0.089337 0.067966 -0.007807 0.993649
42.585000000 -0.241504 2.903175 2.170203 -0.089743 0.067202 -0.007720 0.993665
42.590000000 -0.235149 2.898910 2.169840 -0.090104 0.066345 -0.007622 0.993691
42.595000000 -0.228760 2.894694 2.169492 -0.090421 0.065399 -0.007515 0.993726
42.600000000 -0.222338 2.890525 2.169158 -0.090697 0.064368 -0.007398 0.993769
42.605000000 -0.215881 2.886405 2.168838 -0.090937 0.063258 -0.007271 0.993819
42.610000000 -0.209393 2.882334 2.168533 -0.091142 0.062075 -0.007136 0.993876
42.615000000 -0.202871 2.878312 2.168242 -0.091316 0.060825 -0.006993 0.993938
42.620000000 -0.196319 2.874338 2.167967 -0.091462 0.059516 -0.006842 0.994005
42.625000000 -0.189735 2.870413 2.167708 -0.091585 0.058155 -0.006683 0.994075
42.630000000 -0.183122 2.866538 2.167464 -0.091688 0.056749 -0.006518 0.994148
42.635000000 -0.176479 2.862711 2.167236 -0.091774 0.055305 -0.006347 0.994223
42.640000000 -0.169807 2.858934 2.167025 -0.091848 0.053832 -0.006170 0.994298
42.645000000 -0.163108 2.855206 2.166831 -0.091912 0.052339 -0.005989 0.994373
42.650000000 -0.156381 2.851528 2.166654 -0.091971 0.050833 -0.005804 0.994446
42.655000000 -0.149628 2.847900 2.166495 -0.092028 0.049323 -0.005617 0.994518
42.660000000 -0.142850 2.844321 2.166353 -0.092086 0.047817 -0.005427 0.994588
42.665000000 -0.136046 2.840792 2.166230 -0.092147 0.046321 -0.005236 0.994654
42.670000000 -0.129219 2.837313 2.166125 -0.092215 0.044843 -0.005045 0.994716
42.675000000 -0.122369 2.833883 2.166038 -0.092292 0.043390 -0.004854 0.994774
42.680000000 -0.115496 2.830504 2.165971 -0.092380 0.041967 -0.004664 0.994828
42.685000000 -0.108601 2.827175 2.165924 -0.092481 0.040579 -0.004475 0.994877
42.690000000 -0.101686 2.823896 2.165896 -0.092597 0.039231 -0.004289 0.994921
42.695000000 -0.094750 2.820668 2.165888 -0.092728 0.037927 -0.004106 0.994960
42.700000000 -0.087795 2.817489 2.165900 -0.092876 0.036668 -0.003925 0.994994
42.705000000 -0.080821 2.814362 2.165934 -0.093042 0.035459 -0.003749 0.995024
42.710000000 -0.073829 2.811285 2.165988 -0.093226 0.034300 -0.003577 0.995048
42.715000000 -0.066819 2.808259 2.166063 -0.093429 0.033195 -0.003409 0.995067
42.720000000 -0.059793 2.805284 2.166160 -0.093650 0.032142 -0.003246 0.995081
42.725000000 -0.052750 2.802360 2.166278 -0.093886 0.031143 -0.003088 0.995091
42.730000000 -0.045691 2.799488 2.166418 -0.094136 0.030195 -0.002935 0.995097
42.735000000 -0.038616 2.796667 2.166580 -0.094395 0.029295 -0.002787 0.995100
42.740000000 -0.031527 2.793898 2.166764 -0.094659 0.028439 -0.002644 0.995100
42.745000000 -0.024423 2.791180 2.166969 -0.094921 0.027626 -0.002506 0.995098
42.750000000 -0.017306 2.788514 2.167197 -0.095177 0.026850 -0.002372 0.995095
42.755000000 -0.010175 2.785901 2.167446 -0.095420 0.026106 -0.002243 0.995092
42.760000000 -0.003030 2.783339 2.167717 -0.095643 0.025389 -0.002117 0.995090
42.765000000 0.004126 2.780829 2.168009 -0.095840 0.024694 -0.001995 0.995088
42.770000000 0.011296 2.778372 2.168323 -0.096005 0.024013 -0.001876 0.995089
42.775000000 0.018477 2.775967 2.168658 -0.096131 0.023342 -0.001760 0.995093
42.780000000 0.025669 2.773615 2.169014 -0.096213 0.022675 -0.001646 0.995101
42.785000000 0.032873 2.771315 2.169391 -0.096246 0.022009 -0.001533 0.995113
42.790000000 0.040087 2.769067 2.169789 -0.096224 0.021336 -0.001422 0.995130
42.795000000 0.047312 2.766871 2.170207 -0.096145 0.020652 -0.001312 0.995152
42.800000000 0.054547 2.764728 2.170646 -0.096003 0.019953 -0.001202 0.995180
42.805000000 0.061792 2.762636 2.171105 -0.095797 0.019235 -0.001093 0.995214
42.810000000 0.069046 2.760597 2.171584 -0.095525 0.018495 -0.000984 0.995255
42.815000000 0.076308 2.758609 2.172082 -0.095185 0.017730 -0.000874 0.995301
42.820000000 0.083579 2.756673 2.172601 -0.094778 0.016937 -0.000764 0.995354
42.825000000 0.090858 2.754788 2.173139 -0.094303 0.016113 -0.000653 0.995413
42.830000000 0.098145 2.752954 2.173696 -0.093760 0.015258 -0.000542 0.995478
42.835000000 0.105438 2.751170 2.174273 -0.093153 0.014370 -0.000429 0.995548
42.840000000 0.112738 2.749437 2.174869 -0.092481 0.013447 -0.000315 0.995624
42.845000000 0.120044 2.747754 2.175484 -0.091750 0.012490 -0.000201 0.995704
42.850000000 0.127356 2.746119 2.176117 -0.090961 0.011499 -0.000085 0.995788
42.855000000 0.134672 2.744534 2.176770 -0.090120 0.010475 0.000032 0.995876
42.860000000 0.141993 2.742998 2.177441 -0.089231 0.009420 0.000149 0.995966
42.865000000 0.149318 2.741509 2.178130 -0.088299 0.008337 0.000267 0.996059
42.870000000 0.156646 2.740067 2.178838 -0.087328 0.007228 0.000385 0.996153
42.875000000 0.163977 2.738673 2.179565 -0.086326 0.006095 0.000503 0.996248
42.880000000 0.171309 2.737324 2.180309 -0.085297 0.004940 0.000621 0.996343
42.885000000 0.178643 2.736022 2.181072 -0.084247 0.003768 0.000739 0.996438
42.890000000 0.185978 2.734764 2.181853 -0.083181 0.002579 0.000855 0.996531
42.895000000 0.193313 2.733551 2.182652 -0.082105 0.001378 0.000970 0.996622
42.900000000 0.200648 2.732382 2.183469 -0.081024 0.000168 0.001084 0.996712
42.905000000 0.207981 2.731256 2.184303 -0.079944 -0.001049 0.001196 0.996798
42.910000000 0.215313 2.730173 2.185156 -0.078870 -0.002268 0.001306 0.996881
42.915000000 0.222642 2.729131 2.186026 -0.077807 -0.003486 0.001413 0.996961
42.920000000 0.229968 2.728132 2.186914 -0.076760 -0.004700 0.001517 0.997037
42.925000000 0.237290 2.727173 2.187819 -0.075734 -0.005907 0.001618 0.997109
42.930000000 0.244608 2.726254 2.188742 -0.074733 -0.007102 0.001716 0.997177
42.935000000 0.251921 2.725375 2.189682 -0.073759 -0.008285 0.001810 0.997240
42.940000000 0.259228 2.724536 2.190639 -0.072818 -0.009452 0.001899 0.997299
42.945000000 0.266529 2.723735 2.191614 -0.071910 -0.010602 0.001985 0.997353
42.950000000 0.273823 2.722972 2.192606 -0.071038 -0.011735 0.002066 0.997402
42.955000000 0.281110 2.722247 2.193615 -0.070203 -0.012849 0.002144 0.997448
42.960000000 0.288389 2.721559 2.194641 -0.069406 -0.013944 0.002216 0.997489
42.965000000 0.295659 2.720908 2.195684 -0.068647 -0.015020 0.002285 0.997525
42.970000000 0.302920 2.720293 2.196743 -0.067925 -0.016078 0.002349 0.997558
42.975000000 0.310171 2.719714 2.197819 -0.067237 -0.017119 0.002408 0.997587
42.980000000 0.317412 2.719171 2.198910 -0.066581 -0.018146 0.002464 0.997613
42.985000000 0.324642 2.718663 2.200018 -0.065952 -0.019162 0.002516 0.997636
42.990000000 0.331861 2.718189 2.201141 -0.065346 -0.020171 0.002564 0.997656
42.995000000 0.339068 2.717750 2.202279 -0.064757 -0.021176 0.002609 0.997673
43.000000000 0.346262 2.717345 2.203431 -0.064182 -0.022183 0.002651 0.997688
43.005000000 0.353444 2.716973 2.204599 -0.063613 -0.023194 0.002690 0.997701
43.010000000 0.360613 2.716635 2.205780 -0.063046 -0.024215 0.002727 0.997713
43.015000000 0.367767 2.716329 2.206974 -0.062476 -0.025250 0.002762 0.997723
43.020000000 0.374908 2.716056 2.208182 -0.061897 -0.026302 0.002795 0.997732
43.025000000 0.382033 2.715816 2.209403 -0.061305 -0.027377 0.002827 0.997740
43.030000000 0.389143 2.715607 2.210637 -0.060693 -0.028480 0.002858 0.997746
43.035000000 0.396237 2.715429 2.211882 -0.060057 -0.029613 0.002887 0.997751
43.040000000 0.403315 2.715283 2.213139 -0.059395 -0.030780 0.002917 0.997756
43.045000000 0.410375 2.715167 2.214407 -0.058701 -0.031985 0.002946 0.997759
43.050000000 0.417418 2.715082 2.215686 -0.057974 -0.033231 0.002975 0.997760
43.055000000 0.424442 2.715026 2.216975 -0.057210 -0.034520 0.003004 0.997761
43.060000000 0.431448 2.715000 2.218275 -0.056407 -0.035855 0.003033 0.997759
43.065000000 0.438433 2.715003 2.219584 -0.055564 -0.037237 0.003063 0.997756
43.070000000 0.445399 2.715034 2.220902 -0.054680 -0.038668 0.003093 0.997750
43.075000000 0.452344 2.715093 2.222229 -0.053756 -0.040148 0.003123 0.997742
43.080000000 0.459267 2.715179 2.223565 -0.052790 -0.041679 0.003153 0.997730
43.085000000 0.466167 2.715293 2.224909 -0.051785 -0.043259 0.003184 0.997716
43.090000000 0.473045 2.715432 2.226260 -0.050741 -0.044888 0.003214 0.997697
43.095000000 0.479898 2.715598 2.227619 -0.049660 -0.046566 0.003245 0.997675
43.100000000 0.486727 2.715788 2.228985 -0.048545 -0.048292 0.003275 0.997648
43.105000000 0.493530 2.716003 2.230357 -0.047397 -0.050063 0.003304 0.997615
43.110000000 0.500306 2.716242 2.231736 -0.046221 -0.051879 0.003333 0.997578
43.115000000 0.507055 2.716505 2.233121 -0.045020 -0.053735 0.003361 0.997534
43.120000000 0.513776 2.716789 2.234511 -0.043796 -0.055631 0.003387 0.997485
43.125000000 0.520468 2.717096 2.235907 -0.042553 -0.057564 0.003411 0.997429
43.130000000 0.527129 2.717425 2.237307 -0.041296 -0.059530 0.003434 0.997366
43.135000000 0.533760 2.717773 2.238712 -0.040028 -0.061527 0.003454 0.997296
43.140000000 0.540358 2.718142 2.240122 -0.038753 -0.063552 0.003472 0.997220
43.145000000 0.546924 2.718530 2.241535 -0.037475 -0.065601 0.003487 0.997136
43.150000000 0.553455 2.718937 2.242951 -0.036198 -0.067671 0.003498 0.997045
43.155000000 0.559952 2.719362 2.244371 -0.034921 -0.069755 0.003506 0.996947
43.160000000 0.566413 2.719804 2.245792 -0.033613 -0.071821 0.003508 0.996845
43.165000000 0.572838 2.720262 2.247210 -0.032235 -0.073829 0.003504 0.996744
43.170000000 0.579225 2.720736 2.248624 -0.030750 -0.075741 0.003493 0.996647
43.175000000 0.585575 2.721225 2.250032 -0.029133 -0.077523 0.003474 0.996559
43.180000000 0.591888 2.721727 2.251431 -0.027361 -0.079146 0.003447 0.996482
43.185000000 0.598161 2.722242 2.252821 -0.025418 -0.080583 0.003411 0.996418
43.190000000 0.604396 2.722769 2.254199 -0.023292 -0.081810 0.003366 0.996370
43.195000000 0.610591 2.723306 2.255565 -0.020977 -0.082809 0.003313 0.996339
43.200000000 0.616746 2.723854 2.256917 -0.018472 -0.083564 0.003251 0.996326
43.205000000 0.622862 2.724409 2.258254 -0.015782 -0.084064 0.003182 0.996330
43.210000000 0.628937 2.724972 2.259575 -0.012912 -0.084301 0.003104 0.996352
43.215000000 0.634973 2.725541 2.260880 -0.009876 -0.084272 0.003020 0.996389
43.220000000 0.640969 2.726113 2.262168 -0.006687 -0.083975 0.002928 0.996441
43.225000000 0.646926 2.726689 2.263438 -0.003362 -0.083414 0.002829 0.996505
43.230000000 0.652844 2.727266 2.264689 0.000079 -0.082593 0.002725 0.996580
43.235000000 0.658723 2.727843 2.265922 0.003613 -0.081523 0.002614 0.996661
43.240000000 0.664564 2.728418 2.267136 0.007220 -0.080213 0.002498 0.996748
43.245000000 0.670367 2.728990 2.268331 0.010874 -0.078677 0.002377 0.996838
43.250000000 0.676134 2.729556 2.269506 0.014550 -0.076932 0.002251 0.996928
43.255000000 0.681866 2.730116 2.270661 0.018225 -0.074995 0.002121 0.997015
43.260000000 0.687562 2.730667 2.271795 0.021874 -0.072886 0.001987 0.997098
43.265000000 0.693225 2.731209 2.272909 0.025472 -0.070624 0.001849 0.997176
43.270000000 0.698855 2.731738 2.274003 0.028998 -0.068233 0.001709 0.997246
43.275000000 0.704453 2.732255 2.275076 0.032428 -0.065733 0.001566 0.997309
43.280000000 0.710021 2.732756 2.276128 0.035744 -0.063148 0.001420 0.997363
43.285000000 0.715560 2.733241 2.277159 0.038926 -0.060500 0.001273 0.997408
43.290000000 0.721071 2.733709 2.278169 0.041958 -0.057813 0.001125 0.997445
43.295000000 0.726555 2.734158 2.279157 0.044824 -0.055108 0.000977 0.997473
43.300000000 0.732014 2.734586 2.280124 0.047512 -0.052407 0.000828 0.997495
43.305000000 0.737448 2.734993 2.281069 0.050013 -0.049732 0.000680 0.997509
43.310000000 0.742860 2.735377 2.281993 0.052318 -0.047101 0.000533 0.997519
43.315000000 0.748249 2.735738 2.282895 0.054423 -0.044533 0.000388 0.997524
43.320000000 0.753618 2.736074 2.283774 0.056324 -0.042045 0.000246 0.997527
43.325000000 0.758967 2.736384 2.284632 0.058023 -0.039650 0.000106 0.997528
43.330000000 0.764298 2.736669 2.285467 0.059520 -0.037364 -0.000029 0.997528
43.335000000 0.769611 2.736927 2.286279 0.060821 -0.035196 -0.000160 0.997528
43.340000000 0.774908 2.737157 2.287069 0.061933 -0.033155 -0.000285 0.997529
43.345000000 0.780190 2.737360 2.287836 0.062864 -0.031250 -0.000405 0.997533
43.350000000 0.785457 2.737535 2.288579 0.063623 -0.029487 -0.000518 0.997538
43.355000000 0.790710 2.737681 2.289300 0.064222 -0.027869 -0.000623 0.997546
43.360000000 0.795950 2.737799 2.289997 0.064675 -0.026398 -0.000720 0.997557
43.365000000 0.801177 2.737887 2.290670 0.064995 -0.025075 -0.000808 0.997570
43.370000000 0.806393 2.737947 2.291320 0.065197 -0.023897 -0.000888 0.997586
43.375000000 0.811598 2.737977 2.291946 0.065297 -0.022862 -0.000957 0.997604
43.380000000 0.816791 2.737979 2.292547 0.065310 -0.021966 -0.001015 0.997623
43.385000000 0.821974 2.737951 2.293125 0.065253 -0.021201 -0.001063 0.997643
43.390000000 0.827148 2.737894 2.293677 0.065145 -0.020560 -0.001099 0.997663
43.395000000 0.832311 2.737809 2.294205 0.065000 -0.020034 -0.001122 0.997683
43.400000000 0.837465 2.737694 2.294708 0.064837 -0.019614 -0.001133 0.997702
43.405000000 0.842610 2.737551 2.295186 0.064669 -0.019288 -0.001131 0.997720
43.410000000 0.847745 2.737379 2.295639 0.064514 -0.019047 -0.001115 0.997734
43.415000000 0.852872 2.737179 2.296066 0.064384 -0.018879 -0.001085 0.997746
43.420000000 0.857989 2.736950 2.296467 0.064294 -0.018772 -0.001042 0.997754
43.425000000 0.863098 2.736693 2.296843 0.064258 -0.018713 -0.000984 0.997757
43.430000000 0.868197 2.736408 2.297192 0.064287 -0.018690 -0.000911 0.997756
43.435000000 0.873288 2.736094 2.297514 0.064391 -0.018691 -0.000824 0.997749
43.440000000 0.878371 2.735753 2.297810 0.064580 -0.018704 -0.000721 0.997737
43.445000000 0.883444 2.735382 2.298078 0.064862 -0.018720 -0.000604 0.997718
43.450000000 0.888508 2.734984 2.298320 0.065241 -0.018728 -0.000473 0.997694
43.455000000 0.893564 2.734556 2.298533 0.065722 -0.018720 -0.000326 0.997662
43.460000000 0.898611 2.734100 2.298719 0.066308 -0.018686 -0.000165 0.997624
43.465000000 0.903649 2.733615 2.298877 0.067000 -0.018620 0.000010 0.997579
43.470000000 0.908679 2.733101 2.299007 0.067799 -0.018514 0.000199 0.997527
43.475000000 0.913700 2.732557 2.299108 0.068698 -0.018364 0.000402 0.997468
43.480000000 0.918712 2.731984 2.299181 0.069693 -0.018166 0.000617 0.997403
43.485000000 0.923716 2.731380 2.299225 0.070773 -0.017919 0.000846 0.997331
43.490000000 0.928712 2.730745 2.299240 0.071928 -0.017621 0.001086 0.997254
43.495000000 0.933699 2.730078 2.299226 0.073147 -0.017272 0.001338 0.997171
43.500000000 0.938679 2.729380 2.299184 0.074415 -0.016874 0.001601 0.997083
43.505000000 0.943650 2.728650 2.299113 0.075720 -0.016429 0.001874 0.996992
43.510000000 0.948614 2.727886 2.299013 0.077046 -0.015938 0.002156 0.996898
43.515000000 0.953570 2.727089 2.298885 0.078380 -0.015406 0.002448 0.996801
43.520000000 0.958519 2.726258 2.298728 0.079706 -0.014838 0.002747 0.996704
43.525000000 0.963462 2.725391 2.298542 0.081010 -0.014238 0.003053 0.996607
43.530000000 0.968397 2.724490 2.298327 0.082275 -0.013612 0.003366 0.996511
43.535000000 0.973327 2.723552 2.298084 0.083489 -0.012965 0.003685 0.996418
43.540000000 0.978250 2.722578 2.297813 0.084640 -0.012303 0.004010 0.996328
43.545000000 0.983167 2.721567 2.297513 0.085716 -0.011631 0.004339 0.996242
43.550000000 0.988079 2.720519 2.297186 0.086707 -0.010956 0.004673 0.996163
43.555000000 0.992986 2.719432 2.296830 0.087604 -0.010283 0.005011 0.996090
43.560000000 0.997888 2.718307 2.296446 0.088397 -0.009618 0.005352 0.996024
43.565000000 1.002785 2.717143 2.296034 0.089081 -0.008967 0.005696 0.995968
43.570000000 1.007678 2.715940 2.295594 0.089648 -0.008337 0.006043 0.995920
43.575000000 1.012567 2.714698 2.295127 0.090097 -0.007731 0.006392 0.995883
43.580000000 1.017452 2.713416 2.294632 0.090423 -0.007155 0.006743 0.995855
43.585000000 1.022334 2.712094 2.294111 0.090629 -0.006612 0.007097 0.995837
43.590000000 1.027213 2.710733 2.293562 0.090715 -0.006104 0.007453 0.995830
43.595000000 1.032089 2.709331 2.292986 0.090684 -0.005635 0.007811 0.995833
43.600000000 1.036962 2.707890 2.292383 0.090538 -0.005208 0.008171 0.995846
43.605000000 1.041833 2.706408 2.291754 0.090282 -0.004824 0.008533 0.995868
43.610000000 1.046701 2.704887 2.291099 0.089923 -0.004485 0.008899 0.995899
43.615000000 1.051567 2.703326 2.290417 0.089468 -0.004190 0.009267 0.995938
43.620000000 1.056431 2.701726 2.289709 0.088924 -0.003941 0.009638 0.995984
43.625000000 1.061293 2.700086 2.288976 0.088300 -0.003735 0.010013 0.996037
43.630000000 1.066153 2.698407 2.288217 0.087606 -0.003574 0.010392 0.996095
43.635000000 1.071012 2.696689 2.287433 0.086851 -0.003454 0.010775 0.996157
43.640000000 1.075869 2.694933 2.286624 0.086045 -0.003374 0.011163 0.996223
43.645000000 1.080724 2.693138 2.285789 0.085198 -0.003332 0.011557 0.996291
43.650000000 1.085578 2.691306 2.284931 0.084319 -0.003326 0.011957 0.996362
43.655000000 1.090430 2.689437 2.284048 0.083419 -0.003352 0.012362 0.996432
43.660000000 1.095281 2.687530 2.283141 0.082509 -0.003409 0.012774 0.996503
43.665000000 1.100129 2.685587 2.282209 0.081598 -0.003492 0.013194 0.996572
43.670000000 1.104977 2.683607 2.281255 0.080695 -0.003597 0.013621 0.996639
43.675000000 1.109822 2.681591 2.280276 0.079810 -0.003722 0.014056 0.996704
43.680000000 1.114666 2.679540 2.279275 0.078950 -0.003862 0.014499 0.996766
43.685000000 1.119508 2.677454 2.278250 0.078123 -0.004015 0.014951 0.996824
43.690000000 1.124348 2.675333 2.277203 0.077334 -0.004178 0.015412 0.996877
43.695000000 1.129187 2.673177 2.276133 0.076590 -0.004346 0.015883 0.996927
43.700000000 1.134023 2.670987 2.275040 0.075896 -0.004517 0.016363 0.996971
43.705000000 1.138857 2.668764 2.273926 0.075258 -0.004687 0.016854 0.997011
43.710000000 1.143690 2.666506 2.272789 0.074678 -0.004853 0.017354 0.997045
43.715000000 1.148520 2.664215 2.271630 0.074161 -0.005011 0.017866 0.997074
43.720000000 1.153348 2.661891 2.270450 0.073709 -0.005161 0.018388 0.997097
43.725000000 1.158173 2.659535 2.269248 0.073322 -0.005298 0.018920 0.997115
43.730000000 1.162996 2.657145 2.268025 0.073001 -0.005422 0.019464 0.997127
43.735000000 1.167817 2.654722 2.266780 0.072747 -0.005529 0.020018 0.997134
43.740000000 1.172635 2.652267 2.265515 0.072561 -0.005618 0.020583 0.997136
43.745000000 1.177451 2.649780 2.264228 0.072438 -0.005688 0.021160 0.997132
43.750000000 1.182265 2.647260 2.262920 0.072377 -0.005739 0.021747 0.997124
43.755000000 1.187076 2.644707 2.261592 0.072374 -0.005770 0.022345 0.997111
43.760000000 1.191885 2.642122 2.260243 0.072426 -0.005781 0.022954 0.997093
43.765000000 1.196691 2.639505 2.258873 0.072530 -0.005772 0.023573 0.997071
43.770000000 1.201494 2.636854 2.257483 0.072683 -0.005743 0.024203 0.997045
43.775000000 1.206296 2.634172 2.256073 0.072879 -0.005694 0.024843 0.997015
43.780000000 1.211095 2.631456 2.254642 0.073114 -0.005627 0.025493 0.996982
43.785000000 1.215891 2.628708 2.253191 0.073382 -0.005542 0.026153 0.996946
43.790000000 1.220686 2.625926 2.251720 0.073677 -0.005442 0.026822 0.996907
43.795000000 1.225478 2.623112 2.250230 0.073992 -0.005329 0.027500 0.996865
43.800000000 1.230268 2.620264 2.248719 0.074319 -0.005203 0.028187 0.996822
43.805000000 1.235056 2.617382 2.247189 0.074653 -0.005068 0.028882 0.996778
43.810000000 1.239843 2.614467 2.245640 0.074983 -0.004925 0.029586 0.996734
43.815000000 1.244627 2.611518 2.244072 0.075302 -0.004776 0.030298 0.996689
43.820000000 1.249410 2.608535 2.242485 0.075601 -0.004624 0.031017 0.996645
43.825000000 1.254191 2.605518 2.240879 0.075871 -0.004472 0.031744 0.996602
43.830000000 1.258970 2.602466 2.239256 0.076105 -0.004321 0.032477 0.996561
43.835000000 1.263748 2.599380 2.237614 0.076294 -0.004174 0.033218 0.996523
43.840000000 1.268525 2.596259 2.235955 0.076431 -0.004034 0.033966 0.996488
43.845000000 1.273300 2.593104 2.234279 0.076511 -0.003903 0.034719 0.996456
43.850000000 1.278074 2.589913 2.232585 0.076529 -0.003781 0.035479 0.996429
43.855000000 1.282847 2.586688 2.230875 0.076479 -0.003671 0.036245 0.996405
43.860000000 1.287619 2.583428 2.229149 0.076357 -0.003574 0.037017 0.996387
43.865000000 1.292390 2.580132 2.227407 0.076160 -0.003493 0.037793 0.996373
43.870000000 1.297161 2.576802 2.225650 0.075886 -0.003428 0.038575 0.996364
43.875000000 1.301930 2.573438 2.223877 0.075535 -0.003380 0.039362 0.996360
43.880000000 1.306698 2.570038 2.222090 0.075106 -0.003349 0.040154 0.996361
43.885000000 1.311466 2.566604 2.220289 0.074601 -0.003335 0.040950 0.996367
43.890000000 1.316233 2.563136 2.218473 0.074021 -0.003339 0.041752 0.996377
43.895000000 1.320999 2.559633 2.216644 0.073370 -0.003360 0.042558 0.996391
43.900000000 1.325765 2.556097 2.214802 0.072652 -0.003397 0.043369 0.996408
43.905000000 1.330530 2.552527 2.212947 0.071869 -0.003450 0.044185 0.996429
43.910000000 1.335293 2.548924 2.211080 0.071027 -0.003518 0.045006 0.996452
43.915000000 1.340057 2.545288 2.209201 0.070130 -0.003601 0.045831 0.996478
43.920000000 1.344819 2.541619 2.207310 0.069186 -0.003696 0.046661 0.996505
43.925000000 1.349580 2.537918 2.205408 0.068198 -0.003804 0.047496 0.996533
43.930000000 1.354341 2.534186 2.203496 0.067174 -0.003923 0.048335 0.996562
43.935000000 1.359100 2.530422 2.201573 0.066119 -0.004052 0.049179 0.996591
43.940000000 1.363859 2.526627 2.199641 0.065040 -0.004189 0.050027 0.996619
43.945000000 1.368616 2.522802 2.197699 0.063942 -0.004334 0.050880 0.996646
43.950000000 1.373373 2.518948 2.195748 0.062834 -0.004485 0.051738 0.996672
43.955000000 1.378128 2.515063 2.193789 0.061721 -0.004639 0.052600 0.996696
43.960000000 1.382881 2.511150 2.191822 0.060611 -0.004796 0.053467 0.996717
43.965000000 1.387634 2.507208 2.189846 0.059510 -0.004954 0.054339 0.996735
43.970000000 1.392385 2.503239 2.187864 0.058424 -0.005111 0.055215 0.996751
43.975000000 1.397134 2.499241 2.185874 0.057359 -0.005265 0.056096 0.996762
43.980000000 1.401881 2.495217 2.183878 0.056321 -0.005414 0.056982 0.996771
43.985000000 1.406627 2.491167 2.181876 0.055315 -0.005559 0.057872 0.996775
43.990000000 1.411371 2.487090 2.179868 0.054344 -0.005696 0.058768 0.996775
43.995000000 1.416113 2.482987 2.177854 0.053413 -0.005826 0.059668 0.996771
44.000000000 1.420854 2.478859 2.175835 0.052524 -0.005948 0.060572 0.996763
44.005000000 1.425592 2.474707 2.173812 0.051681 -0.006060 0.061481 0.996751
44.010000000 1.430328 2.470529 2.171784 0.050884 -0.006163 0.062395 0.996735
44.015000000 1.435062 2.466328 2.169753 0.050136 -0.006255 0.063312 0.996714
44.020000000 1.439794 2.462103 2.167717 0.049437 -0.006337 0.064234 0.996689
44.025000000 1.444524 2.457854 2.165679 0.048787 -0.006408 0.065161 0.996661
44.030000000 1.449251 2.453582 2.163637 0.048187 -0.006468 0.066091 0.996628
44.035000000 1.453976 2.449287 2.161593 0.047637 -0.006517 0.067026 0.996592
44.040000000 1.458699 2.444970 2.159546 0.047134 -0.006556 0.067964 0.996552
44.045000000 1.463420 2.440630 2.157498 0.046678 -0.006584 0.068906 0.996509
44.050000000 1.468138 2.436267 2.155448 0.046265 -0.006603 0.069852 0.996462
44.055000000 1.472854 2.431883 2.153396 0.045895 -0.006612 0.070802 0.996412
44.060000000 1.477568 2.427476 2.151344 0.045564 -0.006612 0.071755 0.996359
44.065000000 1.482279 2.423047 2.149290 0.045270 -0.006604 0.072711 0.996303
44.070000000 1.486988 2.418597 2.147236 0.045009 -0.006589 0.073670 0.996245
44.075000000 1.491695 2.414125 2.145182 0.044777 -0.006568 0.074632 0.996184
44.080000000 1.496399 2.409632 2.143128 0.044571 -0.006542 0.075596 0.996120
44.085000000 1.501101 2.405117 2.141075 0.044388 -0.006512 0.076563 0.996055
44.090000000 1.505801 2.400581 2.139022 0.044224 -0.006478 0.077532 0.995987
44.095000000 1.510499 2.396024 2.136970 0.044075 -0.006442 0.078503 0.995918
44.100000000 1.515194 2.391445 2.134920 0.043938 -0.006404 0.079476 0.995847
44.105000000 1.519888 2.386845 2.132871 0.043810 -0.006366 0.080451 0.995775
44.110000000 1.524579 2.382224 2.130823 0.043686 -0.006328 0.081427 0.995701
44.115000000 1.529269 2.377581 2.128778 0.043565 -0.006291 0.082404 0.995627
44.120000000 1.533956 2.372918 2.126735 0.043440 -0.006257 0.083382 0.995551
44.125000000 1.538641 2.368233 2.124695 0.043310 -0.006225 0.084360 0.995474
44.130000000 1.543324 2.363528 2.122657 0.043170 -0.006197 0.085340 0.995397
44.135000000 1.548006 2.358802 2.120623 0.043017 -0.006172 0.086319 0.995319
44.140000000 1.552685 2.354054 2.118592 0.042846 -0.006152 0.087300 0.995241
44.145000000 1.557363 2.349286 2.116564 0.042654 -0.006136 0.088280 0.995163
44.150000000 1.562038 2.344497 2.114540 0.042438 -0.006126 0.089261 0.995085
44.155000000 1.566712 2.339688 2.112520 0.042194 -0.006122 0.090242 0.995007
44.160000000 1.571384 2.334858 2.110504 0.041918 -0.006125 0.091223 0.994929
44.165000000 1.576054 2.330007 2.108492 0.041608 -0.006134 0.092203 0.994852
44.170000000 1.580723 2.325137 2.106485 0.041259 -0.006152 0.093183 0.994775
44.175000000 1.585389 2.320246 2.104483 0.040871 -0.006177 0.094162 0.994698
44.180000000 1.590054 2.315335 2.102486 0.040443 -0.006210 0.095141 0.994623
44.185000000 1.594716 2.310405 2.100494 0.039972 -0.006250 0.096119 0.994547
44.190000000 1.599377 2.305455 2.098508 0.039460 -0.006297 0.097097 0.994472
44.195000000 1.604036 2.300485 2.096527 0.038907 -0.006352 0.098074 0.994398
44.200000000 1.608693 2.295497 2.094553 0.038313 -0.006412 0.099051 0.994324
44.205000000 1.613347 2.290490 2.092584 0.037679 -0.006479 0.100027 0.994250
44.210000000 1.618000 2.285465 2.090622 0.037007 -0.006551 0.101003 0.994176
44.215000000 1.622651 2.280421 2.088667 0.036299 -0.006627 0.101978 0.994102
44.220000000 1.627299 2.275360 2.086718 0.035558 -0.006708 0.102952 0.994028
44.225000000 1.631945 2.270281 2.084777 0.034788 -0.006791 0.103926 0.993953
44.230000000 1.636589 2.265185 2.082843 0.033990 -0.006877 0.104899 0.993878
44.235000000 1.641231 2.260072 2.080916 0.033170 -0.006964 0.105871 0.993802
44.240000000 1.645870 2.254943 2.078998 0.032333 -0.007049 0.106843 0.993725
44.245000000 1.650507 2.249799 2.077089 0.031485 -0.007129 0.107814 0.993647
44.250000000 1.655140 2.244638 2.075189 0.030633 -0.007200 0.108784 0.993567
44.255000000 1.659772 2.239463 2.073299 0.029780 -0.007257 0.109754 0.993486
44.260000000 1.664400 2.234273 2.071420 0.028931 -0.007293 0.110724 0.993403
44.265000000 1.669026 2.229068 2.069552 0.028090 -0.007305 0.111693 0.993319
44.270000000 1.673649 2.223849 2.067695 0.027259 -0.007284 0.112663 0.993233
44.275000000 1.678269 2.218617 2.065851 0.026443 -0.007227 0.113632 0.993145
44.280000000 1.682886 2.213372 2.064019 0.025643 -0.007125 0.114600 0.993055
44.285000000 1.687500 2.208114 2.062200 0.024862 -0.006974 0.115569 0.992964
44.290000000 1.692112 2.202844 2.060395 0.024100 -0.006768 0.116537 0.992871
44.295000000 1.696721 2.197561 2.058604 0.023359 -0.006503 0.117505 0.992776
44.300000000 1.701327 2.192268 2.056826 0.022640 -0.006174 0.118472 0.992680
44.305000000 1.705930 2.186962 2.055064 0.021942 -0.005777 0.119439 0.992582
44.310000000 1.710532 2.181646 2.053316 0.021266 -0.005309 0.120404 0.992483
44.315000000 1.715131 2.176320 2.051584 0.020611 -0.004769 0.121369 0.992382
44.320000000 1.719728 2.170983 2.049868 0.019976 -0.004154 0.122331 0.992280
44.325000000 1.724324 2.165637 2.048168 0.019362 -0.003462 0.123292 0.992175
44.330000000 1.728918 2.160281 2.046484 0.018766 -0.002695 0.124250 0.992070
44.335000000 1.733511 2.154916 2.044817 0.018188 -0.001853 0.125206 0.991962
44.340000000 1.738104 2.149542 2.043167 0.017626 -0.000937 0.126158 0.991853
44.345000000 1.742697 2.144160 2.041535 0.017080 0.000053 0.127106 0.991742
44.350000000 1.747291 2.138770 2.039921 0.016550 0.001113 0.128051 0.991629
44.355000000 1.751885 2.133372 2.038325 0.016034 0.002242 0.128990 0.991514
44.360000000 1.756481 2.127966 2.036748 0.015530 0.003437 0.129925 0.991396
44.365000000 1.761079 2.122554 2.035190 0.015039 0.004693 0.130854 0.991277
44.370000000 1.765680 2.117135 2.033651 0.014557 0.006007 0.131776 0.991154
44.375000000 1.770284 2.111710 2.032131 0.014086 0.007373 0.132692 0.991030
44.380000000 1.774893 2.106278 2.030632 0.013623 0.008789 0.133601 0.990903
44.385000000 1.779506 2.100841 2.029153 0.013169 0.010249 0.134502 0.990773
44.390000000 1.784125 2.095399 2.027695 0.012723 0.011746 0.135394 0.990641
44.395000000 1.788750 2.089951 2.026258 0.012282 0.013275 0.136277 0.990506
44.400000000 1.793383 2.084499 2.024843 0.011847 0.014832 0.137150 0.990368
44.405000000 1.798023 2.079042 2.023449 0.011416 0.016409 0.138013 0.990229
44.410000000 1.802672 2.073582 2.022078 0.010988 0.018003 0.138865 0.990087
44.415000000 1.807331 2.068118 2.020728 0.010564 0.019607 0.139706 0.989943
44.420000000 1.812000 2.062651 2.019402 0.010143 0.021217 0.140534 0.989796
44.425000000 1.816681 2.057180 2.018099 0.009725 0.022829 0.141350 0.989649
44.430000000 1.821374 2.051707 2.016820 0.009309 0.024436 0.142153 0.989499
44.435000000 1.826080 2.046232 2.015564 0.008895 0.026036 0.142943 0.989348
44.440000000 1.830799 2.040755 2.014333 0.008483 0.027623 0.143718 0.989197
44.445000000 1.835534 2.035277 2.013126 0.008073 0.029194 0.144478 0.989044
44.450000000 1.840283 2.029797 2.011944 0.007665 0.030747 0.145223 0.988891
44.455000000 1.845049 2.024317 2.010788 0.007260 0.032279 0.145953 0.988738
44.460000000 1.849833 2.018836 2.009657 0.006858 0.033788 0.146666 0.988585
44.465000000 1.854634 2.013355 2.008552 0.006460 0.035271 0.147363 0.988432
44.470000000 1.859454 2.007874 2.007474 0.006065 0.036727 0.148043 0.988280
44.475000000 1.864293 2.002394 2.006422 0.005675 0.038155 0.148705 0.988129
44.480000000 1.869153 1.996915 2.005397 0.005290 0.039554 0.149349 0.987979
44.485000000 1.874033 1.991437 2.004399 0.004908 0.040922 0.149974 0.987830
44.490000000 1.878936 1.985960 2.003430 0.004532 0.042260 0.150581 0.987684
44.495000000 1.883861 1.980486 2.002488 0.004159 0.043566 0.151169 0.987539
44.500000000 1.888809 1.975013 2.001574 0.003791 0.044840 0.151737 0.987396
44.505000000 1.893780 1.969544 2.000689 0.003424 0.046078 0.152286 0.987256
44.510000000 1.898777 1.964077 1.999833 0.003058 0.047278 0.152814 0.987119
44.515000000 1.903798 1.958613 1.999006 0.002690 0.048438 0.153322 0.986985
44.520000000 1.908846 1.953153 1.998207 0.002318 0.049553 0.153809 0.986855
44.525000000 1.913919 1.947697 1.997438 0.001939 0.050622 0.154274 0.986728
44.530000000 1.919020 1.942245 1.996699 0.001552 0.051640 0.154719 0.986607
44.535000000 1.924148 1.936797 1.995989 0.001154 0.052607 0.155142 0.986490
44.540000000 1.929303 1.931354 1.995308 0.000745 0.053520 0.155543 0.986378
44.545000000 1.934488 1.925916 1.994658 0.000322 0.054378 0.155923 0.986271
44.550000000 1.939701 1.920484 1.994038 -0.000118 0.055178 0.156280 0.986170
44.555000000 1.944943 1.915057 1.993447 -0.000574 0.055920 0.156615 0.986075
44.560000000 1.950215 1.909636 1.992887 -0.001050 0.056602 0.156927 0.985986
44.565000000 1.955517 1.904222 1.992357 -0.001546 0.057226 0.157217 0.985903
44.570000000 1.960850 1.898814 1.991858 -0.002063 0.057790 0.157484 0.985827
44.575000000 1.966213 1.893414 1.991389 -0.002602 0.058295 0.157728 0.985757
44.580000000 1.971606 1.888021 1.990951 -0.003164 0.058742 0.157949 0.985693
44.585000000 1.977031 1.882635 1.990543 -0.003749 0.059132 0.158147 0.985636
44.590000000 1.982487 1.877258 1.990167 -0.004357 0.059469 0.158321 0.985586
44.595000000 1.987974 1.871890 1.989822 -0.004989 0.059753 0.158472 0.985541
44.600000000 1.993493 1.866530 1.989507 -0.005643 0.059990 0.158600 0.985503
44.605000000 1.999043 1.861180 1.989224 -0.006319 0.060181 0.158704 0.985470
44.610000000 2.004625 1.855839 1.988973 -0.007018 0.060329 0.158783 0.985444
44.615000000 2.010238 1.850508 1.988753 -0.007739 0.060439 0.158839 0.985422
44.620000000 2.015883 1.845188 1.988565 -0.008480 0.060512 0.158871 0.985407
44.625000000 2.021559 1.839879 1.988408 -0.009241 0.060553 0.158879 0.985396
44.630000000 2.027267 1.834581 1.988283 -0.010021 0.060566 0.158863 0.985390
44.635000000 2.033007 1.829295 1.988191 -0.010819 0.060555 0.158822 0.985389
44.640000000 2.038778 1.824021 1.988130 -0.011634 0.060523 0.158757 0.985392
44.645000000 2.044580 1.818760 1.988102 -0.012464 0.060474 0.158667 0.985400
44.650000000 2.050414 1.813512 1.988106 -0.013308 0.060411 0.158553 0.985411
44.655000000 2.056278 1.808278 1.988143 -0.014165 0.060341 0.158414 0.985426
44.660000000 2.062174 1.803058 1.988213 -0.015032 0.060265 0.158250 0.985444
44.665000000 2.068101 1.797852 1.988315 -0.015909 0.060188 0.158062 0.985465
44.670000000 2.074058 1.792661 1.988451 -0.016793 0.060112 0.157849 0.985489
44.675000000 2.080046 1.787486 1.988619 -0.017685 0.060040 0.157612 0.985516
44.680000000 2.086065 1.782326 1.988821 -0.018582 0.059975 0.157350 0.985545
44.685000000 2.092115 1.777184 1.989056 -0.019483 0.059918 0.157063 0.985577
44.690000000 2.098194 1.772058 1.989325 -0.020387 0.059871 0.156752 0.985611
44.695000000 2.104305 1.766949 1.989627 -0.021294 0.059837 0.156417 0.985647
44.700000000 2.110445 1.761859 1.989963 -0.022202 0.059816 0.156057 0.985685
44.705000000 2.116616 1.756787 1.990333 -0.023110 0.059811 0.155674 0.985725
44.710000000 2.122816 1.751734 1.990737 -0.024017 0.059821 0.155266 0.985767
44.715000000 2.129047 1.746700 1.991174 -0.024923 0.059847 0.154834 0.985811
44.720000000 2.135308 1.741687 1.991647 -0.025827 0.059889 0.154379 0.985857
44.725000000 2.141598 1.736694 1.992153 -0.026728 0.059949 0.153901 0.985904
44.730000000 2.147919 1.731721 1.992694 -0.027626 0.060026 0.153399 0.985953
44.735000000 2.154270 1.726771 1.993270 -0.028519 0.060121 0.152873 0.986003
44.740000000 2.160650 1.721842 1.993880 -0.029408 0.060232 0.152325 0.986055
44.745000000 2.167061 1.716935 1.994525 -0.030293 0.060357 0.151754 0.986109
44.750000000 2.173501 1.712052 1.995205 -0.031174 0.060489 0.151161 0.986164
44.755000000 2.179971 1.707192 1.995920 -0.032050 0.060626 0.150546 0.986222
44.760000000 2.186471 1.702356 1.996669 -0.032921 0.060760 0.149910 0.986282
44.765000000 2.193002 1.697544 1.997453 -0.033788 0.060888 0.149253 0.986344
44.770000000 2.199562 1.692757 1.998271 -0.034650 0.061002 0.148575 0.986409
44.775000000 2.206152 1.687995 1.999123 -0.035507 0.061097 0.147876 0.986478
44.780000000 2.212771 1.683259 2.000009 -0.036360 0.061166 0.147158 0.986550
44.785000000 2.219421 1.678549 2.000929 -0.037207 0.061205 0.146421 0.986626
44.790000000 2.226101 1.673866 2.001883 -0.038049 0.061206 0.145664 0.986706
44.795000000 2.232810 1.669210 2.002871 -0.038885 0.061164 0.144889 0.986790
44.800000000 2.239549 1.664581 2.003891 -0.039717 0.061074 0.144097 0.986878
44.805000000 2.246317 1.659980 2.004945 -0.040544 0.060931 0.143287 0.986971
44.810000000 2.253115 1.655408 2.006031 -0.041365 0.060731 0.142460 0.987069
44.815000000 2.259942 1.650863 2.007150 -0.042183 0.060469 0.141617 0.987172
44.820000000 2.266798 1.646348 2.008302 -0.042996 0.060142 0.140758 0.987280
44.825000000 2.273682 1.641863 2.009485 -0.043806 0.059749 0.139883 0.987392
44.830000000 2.280595 1.637407 2.010701 -0.044611 0.059286 0.138993 0.987510
44.835000000 2.287536 1.632981 2.011948 -0.045414 0.058754 0.138089 0.987632
44.840000000 2.294505 1.628586 2.013226 -0.046213 0.058154 0.137169 0.987759
44.845000000 2.301501 1.624221 2.014536 -0.047009 0.057485 0.136234 0.987890
44.850000000 2.308524 1.619888 2.015877 -0.047803 0.056750 0.135285 0.988024
44.855000000 2.315573 1.615586 2.017249 -0.048594 0.055952 0.134321 0.988163
44.860000000 2.322649 1.611316 2.018652 -0.049382 0.055092 0.133343 0.988305
44.865000000 2.329749 1.607078 2.020085 -0.050169 0.054174 0.132350 0.988449
44.870000000 2.336875 1.602872 2.021549 -0.050954 0.053200 0.131343 0.988596
44.875000000 2.344025 1.598699 2.023042 -0.051737 0.052176 0.130322 0.988745
44.880000000 2.351199 1.594559 2.024566 -0.052519 0.051105 0.129287 0.988896
44.885000000 2.358395 1.590453 2.026120 -0.053299 0.049991 0.128237 0.989048
44.890000000 2.365614 1.586380 2.027703 -0.054078 0.048839 0.127174 0.989200
44.895000000 2.372855 1.582341 2.029315 -0.054856 0.047656 0.126097 0.989353
44.900000000 2.380117 1.578336 2.030957 -0.055634 0.046447 0.125005 0.989506
44.905000000 2.387399 1.574366 2.032628 -0.056409 0.045217 0.123900 0.989658
44.910000000 2.394701 1.570431 2.034328 -0.057184 0.043972 0.122779 0.989809
44.915000000 2.402021 1.566531 2.036057 -0.057958 0.042717 0.121645 0.989959
44.920000000 2.409360 1.562666 2.037814 -0.058731 0.041457 0.120496 0.990107
44.925000000 2.416716 1.558837 2.039600 -0.059502 0.040198 0.119334 0.990254
44.930000000 2.424089 1.555043 2.041415 -0.060272 0.038943 0.118158 0.990399
44.935000000 2.431478 1.551287 2.043257 -0.061040 0.037698 0.116968 0.990541
44.940000000 2.438883 1.547566 2.045128 -0.061806 0.036465 0.115764 0.990681
44.945000000 2.446302 1.543883 2.047026 -0.062571 0.035250 0.114547 0.990819
44.950000000 2.453735 1.540236 2.048953 -0.063333 0.034057 0.113316 0.990953
44.955000000 2.461181 1.536628 2.050907 -0.064094 0.032889 0.112071 0.991085
44.960000000 2.468640 1.533056 2.052888 -0.064852 0.031749 0.110812 0.991215
44.965000000 2.476111 1.529523 2.054897 -0.065609 0.030641 0.109540 0.991341
44.970000000 2.483594 1.526029 2.056934 -0.066363 0.029565 0.108254 0.991465
44.975000000 2.491087 1.522573 2.058997 -0.067115 0.028524 0.106955 0.991586
44.980000000 2.498590 1.519156 2.061088 -0.067864 0.027520 0.105642 0.991704
44.985000000 2.506104 1.515778 2.063206 -0.068611 0.026553 0.104317 0.991819
44.990000000 2.513626 1.512440 2.065350 -0.069354 0.025620 0.102979 0.991932
44.995000000 2.521157 1.509142 2.067521 -0.070092 0.024721 0.101630 0.992042
45.000000000 2.528696 1.505884 2.069718 -0.070822 0.023852 0.100269 0.992150
45.005000000 2.536243 1.502667 2.071940 -0.071543 0.023012 0.098898 0.992256
45.010000000 2.543798 1.499490 2.074189 -0.072252 0.022197 0.097516 0.992360
45.015000000 2.551359 1.496354 2.076462 -0.072945 0.021401 0.096125 0.992462
45.020000000 2.558926 1.493260 2.078760 -0.073618 0.020620 0.094724 0.992564
45.025000000 2.566499 1.490207 2.081082 -0.074270 0.019848 0.093315 0.992664
45.030000000 2.574078 1.487196 2.083429 -0.074895 0.019081 0.091899 0.992764
45.035000000 2.581663 1.484227 2.085798 -0.075492 0.018311 0.090476 0.992864
45.040000000 2.589251 1.481301 2.088191 -0.076056 0.017533 0.089048 0.992965
45.045000000 2.596845 1.478416 2.090606 -0.076585 0.016741 0.087614 0.993065
45.050000000 2.604442 1.475574 2.093043 -0.077076 0.015928 0.086176 0.993166
45.055000000 2.612043 1.472775 2.095501 -0.077526 0.015091 0.084734 0.993268
45.060000000 2.619647 1.470019 2.097980 -0.077934 0.014224 0.083290 0.993371
45.065000000 2.627254 1.467305 2.100479 -0.078298 0.013323 0.081844 0.993475
45.070000000 2.634863 1.464635 2.102999 -0.078616 0.012386 0.080395 0.993581
45.075000000 2.642473 1.462007 2.105537 -0.078888 0.011411 0.078946 0.993687
45.080000000 2.650086 1.459422 2.108095 -0.079113 0.010393 0.077495 0.993795
45.085000000 2.657699 1.456881 2.110672 -0.079291 0.009331 0.076044 0.993903
45.090000000 2.665312 1.454382 2.113266 -0.079422 0.008226 0.074592 0.994012
45.095000000 2.672925 1.451926 2.115878 -0.079507 0.007076 0.073140 0.994122
45.100000000 2.680538 1.449513 2.118507 -0.079547 0.005882 0.071688 0.994233
45.105000000 2.688149 1.447143 2.121153 -0.079544 0.004643 0.070235 0.994343
45.110000000 2.695758 1.444815 2.123815 -0.079498 0.003360 0.068782 0.994454
45.115000000 2.703365 1.442530 2.126493 -0.079413 0.002035 0.067329 0.994563
45.120000000 2.710968 1.440287 2.129186 -0.079291 0.000670 0.065875 0.994672
45.125000000 2.718568 1.438086 2.131895 -0.079133 -0.000733 0.064421 0.994780
45.130000000 2.726163 1.435926 2.134618 -0.078944 -0.002173 0.062966 0.994886
45.135000000 2.733753 1.433809 2.137355 -0.078725 -0.003645 0.061511 0.994990
45.140000000 2.741338 1.431733 2.140106 -0.078480 -0.005149 0.060055 0.995092
45.145000000 2.748916 1.429698 2.142870 -0.078213 -0.006680 0.058599 0.995191
45.150000000 2.756486 1.427704 2.145648 -0.077925 -0.008236 0.057142 0.995286
45.155000000 2.764049 1.425751 2.148438 -0.077621 -0.009813 0.055684 0.995378
45.160000000 2.771603 1.423838 2.151240 -0.077303 -0.011409 0.054225 0.995467
45.165000000 2.779147 1.421966 2.154055 -0.076975 -0.013021 0.052765 0.995551
45.170000000 2.786681 1.420133 2.156881 -0.076639 -0.014646 0.051303 0.995630
45.175000000 2.794205 1.418340 2.159718 -0.076298 -0.016282 0.049840 0.995705
45.180000000 2.801716 1.416586 2.162566 -0.075957 -0.017925 0.048375 0.995776
45.185000000 2.809215 1.414872 2.165424 -0.075616 -0.019572 0.046908 0.995841
45.190000000 2.816701 1.413196 2.168293 -0.075279 -0.021223 0.045438 0.995901
45.195000000 2.824173 1.411559 2.171171 -0.074947 -0.022873 0.043967 0.995955
45.200000000 2.831629 1.409960 2.174059 -0.074624 -0.024522 0.042493 0.996004
45.205000000 2.839071 1.408399 2.176956 -0.074310 -0.026166 0.041016 0.996048
45.210000000 2.846496 1.406876 2.179862 -0.074009 -0.027805 0.039536 0.996086
45.215000000 2.853904 1.405391 2.182776 -0.073720 -0.029437 0.038054 0.996118
45.220000000 2.861294 1.403944 2.185699 -0.073444 -0.031062 0.036570 0.996144
45.225000000 2.868665 1.402533 2.188629 -0.073184 -0.032679 0.035083 0.996165
45.230000000 2.876018 1.401160 2.191567 -0.072938 -0.034286 0.033594 0.996181
45.235000000 2.883350 1.399823 2.194512 -0.072709 -0.035885 0.032103 0.996190
45.240000000 2.890661 1.398523 2.197463 -0.072493 -0.037475 0.030610 0.996194
45.245000000 2.897951 1.397260 2.200421 -0.072290 -0.039056 0.029116 0.996193
45.250000000 2.905219 1.396033 2.203386 -0.072096 -0.040629 0.027620 0.996187
45.255000000 2.912464 1.394843 2.206355 -0.071910 -0.042192 0.026123 0.996176
45.260000000 2.919685 1.393688 2.209331 -0.071725 -0.043747 0.024625 0.996160
45.265000000 2.926882 1.392570 2.212311 -0.071539 -0.045295 0.023127 0.996140
45.270000000 2.934054 1.391487 2.215295 -0.071345 -0.046835 0.021627 0.996117
45.275000000 2.941201 1.390440 2.218284 -0.071140 -0.048369 0.020127 0.996090
45.280000000 2.948321 1.389429 2.221276 -0.070918 -0.049897 0.018627 0.996059
45.285000000 2.955414 1.388453 2.224271 -0.070675 -0.051421 0.017128 0.996026
45.290000000 2.962479 1.387512 2.227270 -0.070404 -0.052941 0.015630 0.995990
45.295000000 2.969516 1.386606 2.230270 -0.070103 -0.054457 0.014133 0.995952
45.300000000 2.976525 1.385735 2.233273 -0.069767 -0.055972 0.012638 0.995912
45.305000000 2.983503 1.384899 2.236277 -0.069392 -0.057485 0.011145 0.995869
45.310000000 2.990451 1.384098 2.239283 -0.068974 -0.058999 0.009654 0.995826
45.315000000 2.997369 1.383330 2.242289 -0.068510 -0.060513 0.008165 0.995780
45.320000000 3.004254 1.382597 2.245296 -0.067999 -0.062028 0.006679 0.995733
45.325000000 3.011108 1.381898 2.248302 -0.067438 -0.063546 0.005195 0.995684
45.330000000 3.017928 1.381232 2.251309 -0.066826 -0.065066 0.003714 0.995634
45.335000000 3.024715 1.380599 2.254314 -0.066162 -0.066589 0.002236 0.995582
45.340000000 3.031468 1.379999 2.257319 -0.065447 -0.068116 0.000761 0.995528
45.345000000 3.038187 1.379431 2.260321 -0.064673 -0.069647 -0.000712 0.995473
45.350000000 3.044871 1.378894 2.263310 -0.063721 -0.071184 -0.002207 0.995423
45.355000000 3.051523 1.378386 2.266272 -0.062398 -0.072730 -0.003755 0.995391
45.360000000 3.058142 1.377904 2.269197 -0.060526 -0.074292 -0.005378 0.995384
45.365000000 3.064731 1.377447 2.272080 -0.057953 -0.075873 -0.007093 0.995407
45.370000000 3.071288 1.377013 2.274915 -0.054552 -0.077480 -0.008912 0.995460
45.375000000 3.077814 1.376602 2.277700 -0.050224 -0.079118 -0.010842 0.995540
45.380000000 3.084308 1.376210 2.280431 -0.044900 -0.080796 -0.012888 0.995635
45.385000000 3.090770 1.375837 2.283106 -0.038539 -0.082550 -0.015050 0.995728
45.390000000 3.097200 1.375478 2.285723 -0.031131 -0.084459 -0.017325 0.995790
45.395000000 3.103598 1.375132 2.288280 -0.022697 -0.086623 -0.019708 0.995788
45.400000000 3.109963 1.374794 2.290774 -0.013281 -0.089158 -0.022198 0.995682
45.405000000 3.116294 1.374463 2.293201 -0.002959 -0.092178 -0.024789 0.995430
45.410000000 3.122592 1.374133 2.295559 0.008175 -0.095772 -0.027482 0.994990
45.415000000 3.128855 1.373801 2.297844 0.020004 -0.100012 -0.030275 0.994324
45.420000000 3.135083 1.373463 2.300054 0.032392 -0.104954 -0.033170 0.993396
45.425000000 3.141273 1.373116 2.302186 0.045190 -0.110640 -0.036169 0.992174
45.430000000 3.147425 1.372755 2.304236 0.058236 -0.117089 -0.039274 0.990634
45.435000000 3.153537 1.372376 2.306203 0.071361 -0.124299 -0.042490 0.988763
45.440000000 3.159605 1.371975 2.308084 0.084387 -0.132247 -0.045819 0.986555
45.445000000 3.165629 1.371549 2.309877 0.097143 -0.140891 -0.049265 0.984015
45.450000000 3.171603 1.371094 2.311582 0.109481 -0.150207 -0.052837 0.981153
45.455000000 3.177524 1.370604 2.313202 0.121270 -0.160163 -0.056541 0.977980
45.460000000 3.183387 1.370076 2.314735 0.132376 -0.170710 -0.060384 0.974520
45.465000000 3.189189 1.369507 2.316183 0.142664 -0.181773 -0.064370 0.970805
45.470000000 3.194923 1.368892 2.317544 0.151996 -0.193263 -0.068504 0.966878
45.475000000 3.200585 1.368230 2.318818 0.160292 -0.205074 -0.072778 0.962785
45.480000000 3.206170 1.367516 2.320007 0.167533 -0.217091 -0.077173 0.958566
45.485000000 3.211670 1.366747 2.321111 0.173752 -0.229196 -0.081655 0.954260
45.490000000 3.217079 1.365922 2.322131 0.179014 -0.241264 -0.086182 0.949904
45.495000000 3.222390 1.365038 2.323069 0.183398 -0.253167 -0.090707 0.945539
45.500000000 3.227597 1.364093 2.323925 0.186999 -0.264779 -0.095176 0.941204
45.505000000 3.232693 1.363085 2.324699 0.189909 -0.275976 -0.099536 0.936944
45.510000000 3.237670 1.362014 2.325392 0.192226 -0.286642 -0.103731 0.932805
45.515000000 3.242522 1.360878 2.326005 0.194032 -0.296664 -0.107713 0.928838
45.520000000 3.247244 1.359677 2.326537 0.195399 -0.305939 -0.111435 0.925096
45.525000000 3.251829 1.358411 2.326988 0.196375 -0.314373 -0.114865 0.921636
45.530000000 3.256273 1.357079 2.327357 0.196994 -0.321883 -0.117977 0.918513
45.535000000 3.260571 1.355683 2.327644 0.197276 -0.328401 -0.120754 0.915780
45.540000000 3.264720 1.354222 2.327847 0.197229 -0.333867 -0.123188 0.913487
45.545000000 3.268718 1.352697 2.327966 0.196844 -0.338238 -0.125279 0.911675
45.550000000 3.272562 1.351110 2.327999 0.196100 -0.341482 -0.127039 0.910382
45.555000000 3.276251 1.349460 2.327946 0.194965 -0.343580 -0.128484 0.909633
45.560000000 3.279785 1.347750 2.327805 0.193410 -0.344528 -0.129635 0.909444
45.565000000 3.283165 1.345980 2.327575 0.191404 -0.344334 -0.130517 0.909815
45.570000000 3.286392 1.344151 2.327256 0.188916 -0.343017 -0.131155 0.910741
45.575000000 3.289466 1.342266 2.326848 0.185923 -0.340611 -0.131577 0.912198
45.580000000 3.292390 1.340325 2.326352 0.182406 -0.337158 -0.131809 0.914155
45.585000000 3.295166 1.338329 2.325768 0.178351 -0.332716 -0.131878 0.916569
45.590000000 3.297796 1.336281 2.325097 0.173757 -0.327351 -0.131807 0.919389
45.595000000 3.300283 1.334181 2.324341 0.168629 -0.321140 -0.131621 0.922556
45.600000000 3.302630 1.332031 2.323502 0.162985 -0.314167 -0.131337 0.926005
45.605000000 3.304839 1.329834 2.322582 0.156853 -0.306523 -0.130973 0.929670
45.610000000 3.306914 1.327590 2.321585 0.150268 -0.298305 -0.130544 0.933484
45.615000000 3.308858 1.325302 2.320513 0.143279 -0.289613 -0.130061 0.937379
45.620000000 3.310675 1.322972 2.319369 0.135941 -0.280547 -0.129533 0.941294
45.625000000 3.312368 1.320602 2.318158 0.128317 -0.271215 -0.128968 0.945169
45.630000000 3.313939 1.318193 2.316883 0.120478 -0.261719 -0.128370 0.948952
45.635000000 3.315394 1.315749 2.315547 0.112498 -0.252164 -0.127746 0.952596
45.640000000 3.316734 1.313272 2.314156 0.104456 -0.242646 -0.127097 0.956064
45.645000000 3.317965 1.310764 2.312713 0.096434 -0.233260 -0.126427 0.959326
45.650000000 3.319088 1.308227 2.311223 0.088513 -0.224093 -0.125738 0.962361
45.655000000 3.320109 1.305665 2.309688 0.080771 -0.215225 -0.125032 0.965154
45.660000000 3.321029 1.303079 2.308112 0.073287 -0.206725 -0.124311 0.967698
45.665000000 3.321853 1.300473 2.306500 0.066133 -0.198659 -0.123578 0.969995
45.670000000 3.322584 1.297849 2.304855 0.059376 -0.191077 -0.122835 0.972047
45.675000000 3.323224 1.295208 2.303180 0.053078 -0.184025 -0.122085 0.973865
45.680000000 3.323777 1.292555 2.301477 0.047291 -0.177537 -0.121332 0.975460
45.685000000 3.324245 1.289889 2.299750 0.042062 -0.171641 -0.120581 0.976847
45.690000000 3.324631 1.287215 2.298001 0.037426 -0.166354 -0.119835 0.978041
45.695000000 3.324937 1.284532 2.296232 0.033412 -0.161685 -0.119100 0.979059
45.700000000 3.325165 1.281843 2.294444 0.030035 -0.157631 -0.118381 0.979916
45.705000000 3.325317 1.279149 2.292641 0.027303 -0.154181 -0.117682 0.980629
45.710000000 3.325393 1.276451 2.290822 0.025213 -0.151313 -0.117008 0.981212
45.715000000 3.325397 1.273750 2.288989 0.023752 -0.148997 -0.116364 0.981680
45.720000000 3.325328 1.271046 2.287143 0.022898 -0.147197 -0.115754 0.982044
45.725000000 3.325187 1.268340 2.285285 0.022621 -0.145870 -0.115184 0.982315
45.730000000 3.324975 1.265631 2.283415 0.022883 -0.144968 -0.114658 0.982504
45.735000000 3.324692 1.262919 2.281534 0.023642 -0.144442 -0.114178 0.982619
45.740000000 3.324339 1.260204 2.279641 0.024848 -0.144238 -0.113751 0.982669
45.745000000 3.323915 1.257486 2.277737 0.026449 -0.144300 -0.113378 0.982661
45.750000000 3.323420 1.254763 2.275821 0.028386 -0.144570 -0.113062 0.982604
45.755000000 3.322855 1.252035 2.273894 0.030602 -0.144992 -0.112807 0.982505
45.760000000 3.322218 1.249300 2.271956 0.033037 -0.145507 -0.112615 0.982372
45.765000000 3.321510 1.246557 2.270005 0.035632 -0.146061 -0.112487 0.982213
45.770000000 3.320729 1.243806 2.268042 0.038326 -0.146597 -0.112424 0.982039
45.775000000 3.319877 1.241044 2.266066 0.041061 -0.147065 -0.112428 0.981858
45.780000000 3.318952 1.238272 2.264077 0.043784 -0.147413 -0.112497 0.981681
45.785000000 3.317955 1.235486 2.262075 0.046441 -0.147595 -0.112631 0.981516
45.790000000 3.316884 1.232687 2.260060 0.048983 -0.147567 -0.112829 0.981374
45.795000000 3.315741 1.229872 2.258030 0.051367 -0.147291 -0.113089 0.981263
45.800000000 3.314524 1.227042 2.255986 0.053552 -0.146734 -0.113409 0.981193
45.805000000 3.313236 1.224194 2.253928 0.055504 -0.145866 -0.113785 0.981170
45.810000000 3.311874 1.221328 2.251855 0.057194 -0.144665 -0.114214 0.981201
45.815000000 3.310441 1.218444 2.249767 0.058597 -0.143112 -0.114692 0.981291
45.820000000 3.308937 1.215539 2.247665 0.059694 -0.141194 -0.115213 0.981441
45.825000000 3.307363 1.212615 2.245548 0.060471 -0.138904 -0.115773 0.981655
45.830000000 3.305720 1.209670 2.243417 0.060917 -0.136238 -0.116366 0.981930
45.835000000 3.304009 1.206703 2.241271 0.061029 -0.133199 -0.116988 0.982266
45.840000000 3.302231 1.203716 2.239111 0.060808 -0.129796 -0.117632 0.982659
45.845000000 3.300388 1.200708 2.236938 0.060257 -0.126043 -0.118293 0.983102
45.850000000 3.298482 1.197678 2.234752 0.059385 -0.121955 -0.118965 0.983589
45.855000000 3.296516 1.194627 2.232554 0.058205 -0.117557 -0.119642 0.984113
45.860000000 3.294490 1.191556 2.230344 0.056730 -0.112871 -0.120319 0.984665
45.865000000 3.292407 1.188465 2.228123 0.054981 -0.107927 -0.120992 0.985236
45.870000000 3.290269 1.185354 2.225891 0.052975 -0.102755 -0.121656 0.985817
45.875000000 3.288080 1.182224 2.223651 0.050736 -0.097389 -0.122305 0.986399
45.880000000 3.285842 1.179076 2.221401 0.048287 -0.091862 -0.122938 0.986973
45.885000000 3.283557 1.175911 2.219144 0.045654 -0.086215 -0.123549 0.987531
45.890000000 3.281227 1.172729 2.216880 0.042865 -0.080485 -0.124137 0.988066
45.895000000 3.278857 1.169532 2.214611 0.039946 -0.074713 -0.124699 0.988571
45.900000000 3.276449 1.166320 2.212336 0.036927 -0.068941 -0.125233 0.989040
45.905000000 3.274006 1.163095 2.210057 0.033837 -0.063209 -0.125738 0.989469
45.910000000 3.271530 1.159858 2.207774 0.030703 -0.057556 -0.126213 0.989856
45.915000000 3.269025 1.156611 2.205489 0.027553 -0.052020 -0.126658 0.990198
45.920000000 3.266492 1.153353 2.203203 0.024413 -0.046637 -0.127073 0.990496
45.925000000 3.263936 1.150086 2.200915 0.021309 -0.041440 -0.127459 0.990749
45.930000000 3.261359 1.146813 2.198627 0.018263 -0.036458 -0.127815 0.990959
45.935000000 3.258763 1.143533 2.196338 0.015298 -0.031720 -0.128144 0.991130
45.940000000 3.256151 1.140247 2.194051 0.012436 -0.027248 -0.128447 0.991264
45.945000000 3.253525 1.136958 2.191765 0.009693 -0.023064 -0.128724 0.991365
45.950000000 3.250888 1.133666 2.189481 0.007087 -0.019183 -0.128978 0.991437
45.955000000 3.248240 1.130372 2.187198 0.004632 -0.015617 -0.129211 0.991483
45.960000000 3.245586 1.127077 2.184919 0.002338 -0.012375 -0.129425 0.991509
45.965000000 3.242925 1.123782 2.182642 0.000215 -0.009461 -0.129621 0.991518
45.970000000 3.240259 1.120488 2.180368 -0.001729 -0.006877 -0.129801 0.991515
45.975000000 3.237591 1.117195 2.178097 -0.003489 -0.004620 -0.129968 0.991501
45.980000000 3.234921 1.113905 2.175830 -0.005064 -0.002685 -0.130123 0.991481
45.985000000 3.232250 1.110618 2.173567 -0.006454 -0.001060 -0.130268 0.991457
45.990000000 3.229579 1.107334 2.171308 -0.007660 0.000265 -0.130405 0.991431
45.995000000 3.226910 1.104055 2.169053 -0.008689 0.001306 -0.130535 0.991405
46.000000000 3.224241 1.100780 2.166802 -0.009545 0.002079 -0.130661 0.991379
46.005000000 3.221575 1.097510 2.164556 -0.010237 0.002605 -0.130782 0.991355
46.010000000 3.218911 1.094245 2.162315 -0.010775 0.002905 -0.130902 0.991333
46.015000000 3.216249 1.090986 2.160078 -0.011168 0.003000 -0.131020 0.991312
46.020000000 3.213590 1.087732 2.157846 -0.011431 0.002913 -0.131138 0.991294
46.025000000 3.210933 1.084484 2.155619 -0.011575 0.002670 -0.131256 0.991277
46.030000000 3.208279 1.081242 2.153397 -0.011616 0.002294 -0.131376 0.991262
46.035000000 3.205626 1.078006 2.151181 -0.011567 0.001810 -0.131499 0.991247
46.040000000 3.202976 1.074776 2.148970 -0.011443 0.001243 -0.131624 0.991233
46.045000000 3.200327 1.071552 2.146764 -0.011261 0.000616 -0.131752 0.991219
46.050000000 3.197680 1.068334 2.144565 -0.011035 -0.000047 -0.131884 0.991204
46.055000000 3.195034 1.065121 2.142371 -0.010780 -0.000725 -0.132019 0.991188
46.060000000 3.192388 1.061915 2.140183 -0.010511 -0.001396 -0.132159 0.991172
46.065000000 3.189742 1.058714 2.138001 -0.010241 -0.002041 -0.132303 0.991154
46.070000000 3.187097 1.055518 2.135825 -0.009984 -0.002642 -0.132451 0.991136
46.075000000 3.184451 1.052328 2.133656 -0.009752 -0.003183 -0.132603 0.991116
46.080000000 3.181804 1.049144 2.131492 -0.009555 -0.003650 -0.132759 0.991096
46.085000000 3.179157 1.045964 2.129336 -0.009402 -0.004031 -0.132919 0.991074
46.090000000 3.176508 1.042790 2.127185 -0.009303 -0.004317 -0.133083 0.991052
46.095000000 3.173858 1.039622 2.125042 -0.009265 -0.004498 -0.133249 0.991029
46.100000000 3.171207 1.036458 2.122905 -0.009293 -0.004569 -0.133418 0.991006
46.105000000 3.168554 1.033300 2.120774 -0.009392 -0.004526 -0.133589 0.990982
46.110000000 3.165900 1.030147 2.118651 -0.009565 -0.004366 -0.133762 0.990958
46.115000000 3.163245 1.027000 2.116534 -0.009814 -0.004090 -0.133937 0.990933
46.120000000 3.160589 1.023857 2.114424 -0.010139 -0.003698 -0.134111 0.990908
46.125000000 3.157931 1.020721 2.112321 -0.010540 -0.003195 -0.134286 0.990881
46.130000000 3.155274 1.017591 2.110225 -0.011016 -0.002585 -0.134460 0.990854
46.135000000 3.152615 1.014466 2.108136 -0.011564 -0.001873 -0.134632 0.990826
46.140000000 3.149957 1.011348 2.106054 -0.012180 -0.001067 -0.134802 0.990797
46.145000000 3.147300 1.008236 2.103979 -0.012861 -0.000175 -0.134970 0.990766
46.150000000 3.144643 1.005130 2.101912 -0.013601 0.000794 -0.135134 0.990734
46.155000000 3.141989 1.002032 2.099852 -0.014394 0.001830 -0.135295 0.990699
46.160000000 3.139336 0.998942 2.097799 -0.015236 0.002922 -0.135450 0.990663
46.165000000 3.136686 0.995859 2.095753 -0.016119 0.004061 -0.135601 0.990624
46.170000000 3.134040 0.992784 2.093716 -0.017037 0.005235 -0.135746 0.990583
46.175000000 3.131397 0.989717 2.091685 -0.017983 0.006433 -0.135885 0.990541
46.180000000 3.128760 0.986660 2.089662 -0.018949 0.007644 -0.136017 0.990496
46.185000000 3.126127 0.983612 2.087647 -0.019929 0.008857 -0.136142 0.990449
46.190000000 3.123501 0.980573 2.085640 -0.020915 0.010061 -0.136261 0.990401
46.195000000 3.120882 0.977545 2.083640 -0.021901 0.011247 -0.136371 0.990352
46.200000000 3.118269 0.974527 2.081648 -0.022880 0.012406 -0.136474 0.990302
46.205000000 3.115665 0.971519 2.079665 -0.023846 0.013528 -0.136569 0.990251
46.210000000 3.113070 0.968524 2.077689 -0.024794 0.014606 -0.136656 0.990201
46.215000000 3.110484 0.965540 2.075721 -0.025718 0.015632 -0.136735 0.990150
46.220000000 3.107908 0.962568 2.073761 -0.026614 0.016602 -0.136805 0.990101
46.225000000 3.105342 0.959608 2.071809 -0.027477 0.017509 -0.136868 0.990053
46.230000000 3.102787 0.956662 2.069866 -0.028304 0.018350 -0.136923 0.990007
46.235000000 3.100244 0.953728 2.067931 -0.029092 0.019121 -0.136969 0.989963
46.240000000 3.097712 0.950809 2.066004 -0.029838 0.019821 -0.137008 0.989922
46.245000000 3.095193 0.947903 2.064085 -0.030541 0.020447 -0.137040 0.989883
46.250000000 3.092687 0.945011 2.062175 -0.031200 0.020999 -0.137064 0.989848
46.255000000 3.090193 0.942134 2.060274 -0.031816 0.021479 -0.137081 0.989816
46.260000000 3.087713 0.939272 2.058381 -0.032387 0.021889 -0.137091 0.989787
46.265000000 3.085246 0.936424 2.056497 -0.032917 0.022230 -0.137094 0.989761
46.270000000 3.082793 0.933592 2.054622 -0.033407 0.022506 -0.137091 0.989739
46.275000000 3.080354 0.930776 2.052756 -0.033859 0.022722 -0.137082 0.989720
46.280000000 3.077929 0.927975 2.050899 -0.034276 0.022882 -0.137068 0.989704
46.285000000 3.075518 0.925190 2.049051 -0.034662 0.022991 -0.137048 0.989691
46.290000000 3.073121 0.922422 2.047213 -0.035021 0.023055 -0.137023 0.989680
46.295000000 3.070739 0.919670 2.045384 -0.035356 0.023078 -0.136993 0.989672
46.300000000 3.068371 0.916934 2.043564 -0.035670 0.023069 -0.136959 0.989665
46.305000000 3.066017 0.914215 2.041754 -0.035969 0.023031 -0.136921 0.989661
46.310000000 3.063678 0.911513 2.039954 -0.036257 0.022972 -0.136880 0.989657
46.315000000 3.061353 0.908827 2.038164 -0.036537 0.022898 -0.136835 0.989655
46.320000000 3.059042 0.906159 2.036384 -0.036814 0.022815 -0.136787 0.989653
46.325000000 3.056746 0.903509 2.034615 -0.037092 0.022729 -0.136736 0.989652
46.330000000 3.054464 0.900875 2.032855 -0.037375 0.022645 -0.136683 0.989650
46.335000000 3.052197 0.898260 2.031107 -0.037667 0.022570 -0.136628 0.989649
46.340000000 3.049944 0.895662 2.029369 -0.037970 0.022508 -0.136572 0.989646
46.345000000 3.047705 0.893082 2.027642 -0.038288 0.022464 -0.136514 0.989643
46.350000000 3.045480 0.890520 2.025926 -0.038624 0.022443 -0.136454 0.989639
46.355000000 3.043270 0.887976 2.024221 -0.038980 0.022448 -0.136394 0.989633
46.360000000 3.041074 0.885451 2.022528 -0.039359 0.022483 -0.136333 0.989626
46.365000000 3.038893 0.882945 2.020846 -0.039761 0.022550 -0.136271 0.989616
46.370000000 3.036726 0.880458 2.019176 -0.040189 0.022653 -0.136210 0.989605
46.375000000 3.034573 0.877989 2.017518 -0.040643 0.022793 -0.136148 0.989592
46.380000000 3.032436 0.875540 2.015872 -0.041124 0.022972 -0.136086 0.989577
46.385000000 3.030313 0.873111 2.014238 -0.041632 0.023190 -0.136024 0.989559
46.390000000 3.028205 0.870702 2.012617 -0.042166 0.023448 -0.135963 0.989538
46.395000000 3.026112 0.868313 2.011008 -0.042727 0.023747 -0.135902 0.989516
46.400000000 3.024035 0.865944 2.009412 -0.043313 0.024084 -0.135842 0.989490
46.405000000 3.021973 0.863596 2.007829 -0.043923 0.024460 -0.135782 0.989462
46.410000000 3.019927 0.861268 2.006259 -0.044555 0.024873 -0.135724 0.989432
46.415000000 3.017897 0.858963 2.004703 -0.045209 0.025322 -0.135666 0.989399
46.420000000 3.015883 0.856679 2.003160 -0.045884 0.025806 -0.135608 0.989363
46.425000000 3.013886 0.854416 2.001631 -0.046580 0.026324 -0.135552 0.989324
46.430000000 3.011906 0.852177 2.000116 -0.047299 0.026878 -0.135497 0.989283
46.435000000 3.009944 0.849960 1.998616 -0.048044 0.027470 -0.135443 0.989238
46.440000000 3.007999 0.847766 1.997132 -0.048820 0.028102 -0.135391 0.989190
46.445000000 3.006073 0.845595 1.995665 -0.049630 0.028780 -0.135341 0.989137
46.450000000 3.004165 0.843449 1.994216 -0.050477 0.029539 -0.135296 0.989078
46.455000000 3.002277 0.841328 1.992788 -0.051363 0.030415 -0.135257 0.989011
46.460000000 3.000409 0.839232 1.991383 -0.052285 0.031443 -0.135227 0.988934
46.465000000 2.998562 0.837162 1.990002 -0.053240 0.032646 -0.135208 0.988847
46.470000000 2.996737 0.835118 1.988647 -0.054222 0.034042 -0.135201 0.988748
46.475000000 2.994934 0.833102 1.987319 -0.055224 0.035643 -0.135208 0.988635
46.480000000 2.993155 0.831113 1.986020 -0.056235 0.037453 -0.135228 0.988508
46.485000000 2.991401 0.829152 1.984749 -0.057247 0.039474 -0.135263 0.988367
46.490000000 2.989673 0.827219 1.983508 -0.058247 0.041699 -0.135312 0.988210
46.495000000 2.987972 0.825316 1.982297 -0.059223 0.044118 -0.135374 0.988039
46.500000000 2.986300 0.823442 1.981116 -0.060165 0.046717 -0.135450 0.987852
46.505000000 2.984658 0.821598 1.979966 -0.061059 0.049478 -0.135538 0.987650
46.510000000 2.983049 0.819783 1.978846 -0.061894 0.052380 -0.135637 0.987435
46.515000000 2.981473 0.818000 1.977757 -0.062660 0.055401 -0.135746 0.987207
46.520000000 2.979933 0.816246 1.976700 -0.063344 0.058514 -0.135865 0.986967
46.525000000 2.978430 0.814523 1.975672 -0.063938 0.061693 -0.135990 0.986718
46.530000000 2.976966 0.812831 1.974676 -0.064432 0.064911 -0.136122 0.986461
46.535000000 2.975543 0.811170 1.973709 -0.064820 0.068139 -0.136257 0.986199
46.540000000 2.974162 0.809540 1.972773 -0.065094 0.071349 -0.136396 0.985935
46.545000000 2.972826 0.807940 1.971866 -0.065249 0.074515 -0.136536 0.985671
46.550000000 2.971536 0.806370 1.970989 -0.065282 0.077608 -0.136675 0.985411
46.555000000 2.970294 0.804831 1.970140 -0.065191 0.080604 -0.136813 0.985158
46.560000000 2.969102 0.803321 1.969321 -0.064974 0.083480 -0.136947 0.984914
46.565000000 2.967960 0.801841 1.968529 -0.064631 0.086213 -0.137076 0.984683
46.570000000 2.966871 0.800390 1.967765 -0.064165 0.088784 -0.137199 0.984468
46.575000000 2.965836 0.798967 1.967029 -0.063578 0.091175 -0.137314 0.984271
46.580000000 2.964856 0.797573 1.966320 -0.062874 0.093373 -0.137421 0.984095
46.585000000 2.963932 0.796205 1.965637 -0.062059 0.095364 -0.137517 0.983943
46.590000000 2.963065 0.794865 1.964980 -0.061139 0.097139 -0.137603 0.983815
46.595000000 2.962256 0.793551 1.964350 -0.060122 0.098693 -0.137676 0.983712
46.600000000 2.961505 0.792262 1.963745 -0.059014 0.100021 -0.137737 0.983637
46.605000000 2.960814 0.790998 1.963165 -0.057824 0.101123 -0.137784 0.983588
46.610000000 2.960182 0.789757 1.962609 -0.056562 0.101999 -0.137817 0.983567
46.615000000 2.959611 0.788540 1.962079 -0.055237 0.102654 -0.137835 0.983571
46.620000000 2.959099 0.787345 1.961573 -0.053857 0.103092 -0.137838 0.983602
46.625000000 2.958648 0.786171 1.961090 -0.052434 0.103322 -0.137825 0.983656
46.630000000 2.958257 0.785019 1.960632 -0.050975 0.103354 -0.137795 0.983734
46.635000000 2.957926 0.783886 1.960197 -0.049492 0.103200 -0.137750 0.983832
46.640000000 2.957655 0.782772 1.959786 -0.047992 0.102875 -0.137689 0.983949
46.645000000 2.957443 0.781676 1.959398 -0.046487 0.102393 -0.137611 0.984082
46.650000000 2.957290 0.780598 1.959033 -0.044983 0.101771 -0.137518 0.984230
46.655000000 2.957196 0.779536 1.958691 -0.043491 0.101024 -0.137409 0.984389
46.660000000 2.957160 0.778491 1.958372 -0.042017 0.100171 -0.137285 0.984557
46.665000000 2.957181 0.777461 1.958076 -0.040569 0.099230 -0.137147 0.984733
46.670000000 2.957258 0.776445 1.957803 -0.039153 0.098219 -0.136994 0.984912
46.675000000 2.957392 0.775443 1.957552 -0.037776 0.097157 -0.136828 0.985095
46.680000000 2.957581 0.774454 1.957324 -0.036441 0.096059 -0.136650 0.985277
46.685000000 2.957824 0.773477 1.957119 -0.035155 0.094944 -0.136459 0.985459
46.690000000 2.958122 0.772512 1.956936 -0.033919 0.093827 -0.136258 0.985637
46.695000000 2.958472 0.771559 1.956776 -0.032738 0.092726 -0.136047 0.985810
46.700000000 2.958874 0.770617 1.956637 -0.031613 0.091653 -0.135827 0.985977
46.705000000 2.959328 0.769684 1.956521 -0.030545 0.090621 -0.135599 0.986138
46.710000000 2.959833 0.768762 1.956427 -0.029535 0.089642 -0.135365 0.986290
46.715000000 2.960389 0.767848 1.956355 -0.028582 0.088729 -0.135124 0.986434
46.720000000 2.960994 0.766944 1.956305 -0.027686 0.087890 -0.134879 0.986568
46.725000000 2.961648 0.766048 1.956277 -0.026846 0.087134 -0.134629 0.986692
46.730000000 2.962350 0.765160 1.956270 -0.026059 0.086467 -0.134377 0.986807
46.735000000 2.963101 0.764279 1.956285 -0.025322 0.085896 -0.134123 0.986910
46.740000000 2.963900 0.763406 1.956321 -0.024633 0.085424 -0.133869 0.987003
46.745000000 2.964746 0.762540 1.956379 -0.023988 0.085053 -0.133614 0.987086
46.750000000 2.965639 0.761681 1.956457 -0.023384 0.084784 -0.133360 0.987157
46.755000000 2.966579 0.760828 1.956557 -0.022817 0.084619 -0.133108 0.987219
46.760000000 2.967566 0.759981 1.956677 -0.022282 0.084555 -0.132858 0.987270
46.765000000 2.968600 0.759140 1.956818 -0.021776 0.084590 -0.132612 0.987312
46.770000000 2.969680 0.758305 1.956979 -0.021293 0.084720 -0.132370 0.987344
46.775000000 2.970807 0.757474 1.957161 -0.020830 0.084942 -0.132131 0.987366
46.780000000 2.971980 0.756649 1.957362 -0.020382 0.085249 -0.131898 0.987380
46.785000000 2.973200 0.755829 1.957584 -0.019945 0.085634 -0.131670 0.987386
46.790000000 2.974467 0.755013 1.957825 -0.019514 0.086090 -0.131448 0.987385
46.795000000 2.975781 0.754202 1.958085 -0.019086 0.086610 -0.131232 0.987377
46.800000000 2.977143 0.753395 1.958365 -0.018657 0.087186 -0.131022 0.987362
46.805000000 2.978551 0.752591 1.958663 -0.018224 0.087809 -0.130818 0.987342
46.810000000 2.980008 0.751791 1.958980 -0.017782 0.088470 -0.130621 0.987317
46.815000000 2.981512 0.750994 1.959316 -0.017331 0.089161 -0.130430 0.987288
46.820000000 2.983065 0.750200 1.959671 -0.016867 0.089873 -0.130246 0.987256
46.825000000 2.984667 0.749409 1.960043 -0.016387 0.090595 -0.130068 0.987222
46.830000000 2.986317 0.748621 1.960433 -0.015891 0.091318 -0.129896 0.987186
46.835000000 2.988017 0.747834 1.960841 -0.015377 0.092031 -0.129731 0.987149
46.840000000 2.989766 0.747049 1.961265 -0.014845 0.092723 -0.129571 0.987114
46.845000000 2.991566 0.746265 1.961707 -0.014292 0.093384 -0.129416 0.987080
46.850000000 2.993415 0.745483 1.962166 -0.013721 0.094007 -0.129267 0.987048
46.855000000 2.995314 0.744701 1.962641 -0.013129 0.094582 -0.129122 0.987020
46.860000000 2.997264 0.743920 1.963131 -0.012518 0.095100 -0.128981 0.986997
46.865000000 2.999265 0.743139 1.963638 -0.011889 0.095554 -0.128845 0.986979
46.870000000 3.001316 0.742358 1.964160 -0.011243 0.095937 -0.128712 0.986966
46.875000000 3.003419 0.741576 1.964698 -0.010580 0.096246 -0.128582 0.986961
46.880000000 3.005572 0.740793 1.965250 -0.009902 0.096474 -0.128455 0.986962
46.885000000 3.007777 0.740009 1.965817 -0.009211 0.096620 -0.128329 0.986971
46.890000000 3.010032 0.739223 1.966398 -0.008508 0.096680 -0.128206 0.986987
46.895000000 3.012338 0.738434 1.966994 -0.007796 0.096653 -0.128083 0.987012
46.900000000 3.014696 0.737644 1.967604 -0.007076 0.096540 -0.127962 0.987044
46.905000000 3.017103 0.736851 1.968227 -0.006349 0.096342 -0.127840 0.987084
46.910000000 3.019562 0.736054 1.968864 -0.005618 0.096062 -0.127719 0.987131
46.915000000 3.022070 0.735254 1.969514 -0.004885 0.095701 -0.127597 0.987186
46.920000000 3.024628 0.734450 1.970178 -0.004152 0.095265 -0.127474 0.987248
46.925000000 3.027236 0.733642 1.970854 -0.003421 0.094756 -0.127350 0.987315
46.930000000 3.029894 0.732830 1.971544 -0.002692 0.094180 -0.127225 0.987389
46.935000000 3.032600 0.732013 1.972246 -0.001969 0.093542 -0.127098 0.987468
46.940000000 3.035354 0.731190 1.972960 -0.001253 0.092848 -0.126968 0.987551
46.945000000 3.038157 0.730362 1.973687 -0.000544 0.092105 -0.126837 0.987638
46.950000000 3.041007 0.729528 1.974426 0.000154 0.091319 -0.126703 0.987728
46.955000000 3.043904 0.728688 1.975178 0.000842 0.090496 -0.126567 0.987821
46.960000000 3.046848 0.727842 1.975941 0.001519 0.089646 -0.126428 0.987916
46.965000000 3.049837 0.726989 1.976716 0.002183 0.088775 -0.126286 0.988011
46.970000000 3.052872 0.726129 1.977503 0.002835 0.087890 -0.126142 0.988107
46.975000000 3.055952 0.725262 1.978302 0.003474 0.086999 -0.125995 0.988203
46.980000000 3.059077 0.724388 1.979112 0.004100 0.086108 -0.125845 0.988297
46.985000000 3.062245 0.723506 1.979934 0.004712 0.085225 -0.125693 0.988391
46.990000000 3.065456 0.722616 1.980767 0.005311 0.084355 -0.125538 0.988482
46.995000000 3.068711 0.721718 1.981611 0.005898 0.083506 -0.125381 0.988571
47.000000000 3.072007 0.720811 1.982467 0.006471 0.082680 -0.125221 0.988657
47.005000000 3.075346 0.719896 1.983333 0.007032 0.081884 -0.125060 0.988739
47.010000000 3.078726 0.718971 1.984211 0.007581 0.081122 -0.124897 0.988819
47.015000000 3.082147 0.718038 1.985099 0.008119 0.080398 -0.124733 0.988894
47.020000000 3.085608 0.717096 1.985998 0.008648 0.079715 -0.124567 0.988966
47.025000000 3.089109 0.716144 1.986908 0.009167 0.079077 -0.124400 0.989034
47.030000000 3.092650 0.715182 1.987828 0.009678 0.078487 -0.124233 0.989097
47.035000000 3.096230 0.714210 1.988759 0.010181 0.077944 -0.124065 0.989156
47.040000000 3.099849 0.713228 1.989700 0.010678 0.077449 -0.123897 0.989210
47.045000000 3.103507 0.712236 1.990651 0.011170 0.077002 -0.123729 0.989261
47.050000000 3.107203 0.711233 1.991613 0.011657 0.076603 -0.123561 0.989307
47.055000000 3.110938 0.710220 1.992584 0.012141 0.076251 -0.123395 0.989349
47.060000000 3.114710 0.709195 1.993565 0.012622 0.075945 -0.123229 0.989388
47.065000000 3.118520 0.708160 1.994556 0.013101 0.075683 -0.123065 0.989422
47.070000000 3.122367 0.707113 1.995556 0.013580 0.075464 -0.122902 0.989452
47.075000000 3.126252 0.706054 1.996566 0.014059 0.075285 -0.122741 0.989479
47.080000000 3.130173 0.704983 1.997585 0.014540 0.075143 -0.122582 0.989503
47.085000000 3.134132 0.703901 1.998613 0.015022 0.075035 -0.122426 0.989523
47.090000000 3.138128 0.702806 1.999650 0.015507 0.074961 -0.122272 0.989540
47.095000000 3.142160 0.701699 2.000697 0.015996 0.074915 -0.122121 0.989555
47.100000000 3.146229 0.700579 2.001752 0.016488 0.074894 -0.121972 0.989566
47.105000000 3.150335 0.699445 2.002816 0.016984 0.074893 -0.121827 0.989576
47.110000000 3.154478 0.698299 2.003888 0.017484 0.074911 -0.121686 0.989583
47.115000000 3.158657 0.697139 2.004969 0.017989 0.074942 -0.121547 0.989589
47.120000000 3.162873 0.695966 2.006058 0.018499 0.074986 -0.121412 0.989593
47.125000000 3.167125 0.694779 2.007155 0.019014 0.075039 -0.121281 0.989595
47.130000000 3.171414 0.693577 2.008261 0.019534 0.075098 -0.121154 0.989596
47.135000000 3.175739 0.692361 2.009374 0.020060 0.075162 -0.121030 0.989596
47.140000000 3.180100 0.691130 2.010495 0.020590 0.075227 -0.120910 0.989595
47.145000000 3.184498 0.689884 2.011624 0.021126 0.075289 -0.120794 0.989593
47.150000000 3.188933 0.688623 2.012761 0.021666 0.075348 -0.120681 0.989590
47.155000000 3.193404 0.687347 2.013905 0.022210 0.075400 -0.120573 0.989588
47.160000000 3.197911 0.686054 2.015056 0.022757 0.075443 -0.120468 0.989585
47.165000000 3.202454 0.684746 2.016215 0.023307 0.075477 -0.120368 0.989582
47.170000000 3.207034 0.683421 2.017380 0.023860 0.075499 -0.120271 0.989578
47.175000000 3.211650 0.682080 2.018553 0.024415 0.075509 -0.120178 0.989576
47.180000000 3.216302 0.680722 2.019733 0.024971 0.075506 -0.120088 0.989573
47.185000000 3.220990 0.679347 2.020919 0.025528 0.075491 -0.120002 0.989570
47.190000000 3.225715 0.677955 2.022113 0.026084 0.075461 -0.119920 0.989568
47.195000000 3.230475 0.676544 2.023313 0.026636 0.075415 -0.119842 0.989566
47.200000000 3.235272 0.675116 2.024519 0.027184 0.075349 -0.119767 0.989565
47.205000000 3.240104 0.673670 2.025731 0.027723 0.075261 -0.119695 0.989566
47.210000000 3.244971 0.672206 2.026950 0.028253 0.075151 -0.119628 0.989567
47.215000000 3.249875 0.670722 2.028175 0.028770 0.075017 -0.119564 0.989570
47.220000000 3.254814 0.669220 2.029406 0.029273 0.074858 -0.119504 0.989575
47.225000000 3.259788 0.667699 2.030643 0.029758 0.074674 -0.119448 0.989581
47.230000000 3.264798 0.666158 2.031885 0.030225 0.074465 -0.119395 0.989589
47.235000000 3.269842 0.664598 2.033133 0.030670 0.074229 -0.119346 0.989599
47.240000000 3.274922 0.663018 2.034387 0.031092 0.073966 -0.119301 0.989611
47.245000000 3.280036 0.661418 2.035646 0.031489 0.073674 -0.119260 0.989625
47.250000000 3.285185 0.659798 2.036911 0.031858 0.073356 -0.119223 0.989641
47.255000000 3.290368 0.658158 2.038181 0.032200 0.073010 -0.119191 0.989660
47.260000000 3.295585 0.656497 2.039456 0.032512 0.072637 -0.119162 0.989680
47.265000000 3.300836 0.654816 2.040736 0.032794 0.072238 -0.119138 0.989703
47.270000000 3.306120 0.653114 2.042021 0.033044 0.071813 -0.119118 0.989728
47.275000000 3.311438 0.651392 2.043311 0.033264 0.071362 -0.119103 0.989755
47.280000000 3.316789 0.649649 2.044606 0.033451 0.070886 -0.119092 0.989784
47.285000000 3.322173 0.647885 2.045905 0.033608 0.070387 -0.119086 0.989816
47.290000000 3.327590 0.646100 2.047209 0.033733 0.069865 -0.119085 0.989848
47.295000000 3.333038 0.644294 2.048518 0.033828 0.069322 -0.119088 0.989883
47.300000000 3.338519 0.642467 2.049831 0.033894 0.068762 -0.119097 0.989919
47.305000000 3.344032 0.640620 2.051148 0.033933 0.068188 -0.119111 0.989955
47.310000000 3.349575 0.638751 2.052470 0.033947 0.067602 -0.119130 0.989993
47.315000000 3.355150 0.636862 2.053796 0.033936 0.067007 -0.119153 0.990031
47.320000000 3.360756 0.634952 2.055126 0.033903 0.066403 -0.119183 0.990069
47.325000000 3.366392 0.633022 2.056461 0.033849 0.065793 -0.119217 0.990107
47.330000000 3.372058 0.631070 2.057799 0.033777 0.065179 -0.119257 0.990146
47.335000000 3.377753 0.629099 2.059142 0.033689 0.064564 -0.119302 0.990184
47.340000000 3.383479 0.627106 2.060488 0.033588 0.063953 -0.119353 0.990221
47.345000000 3.389233 0.625094 2.061839 0.033475 0.063346 -0.119409 0.990257
47.350000000 3.395016 0.623061 2.063193 0.033353 0.062745 -0.119470 0.990292
47.355000000 3.400828 0.621008 2.064551 0.033224 0.062152 -0.119537 0.990325
47.360000000 3.406667 0.618935 2.065913 0.033090 0.061571 -0.119610 0.990357
47.365000000 3.412535 0.616843 2.067279 0.032954 0.061002 -0.119688 0.990388
47.370000000 3.418430 0.614730 2.068648 0.032817 0.060447 -0.119772 0.990416
47.375000000 3.424353 0.612598 2.070022 0.032682 0.059908 -0.119862 0.990442
47.380000000 3.430303 0.610446 2.071398 0.032550 0.059386 -0.119957 0.990467
47.385000000 3.436279 0.608274 2.072778 0.032423 0.058882 -0.120057 0.990489
47.390000000 3.442282 0.606084 2.074162 0.032302 0.058396 -0.120164 0.990509
47.395000000 3.448311 0.603874 2.075549 0.032189 0.057931 -0.120275 0.990526
47.400000000 3.454366 0.601644 2.076940 0.032085 0.057487 -0.120393 0.990541
47.405000000 3.460447 0.599396 2.078334 0.031992 0.057065 -0.120515 0.990553
47.410000000 3.466554 0.597129 2.079731 0.031910 0.056665 -0.120643 0.990564
47.415000000 3.472686 0.594842 2.081132 0.031839 0.056287 -0.120777 0.990571
47.420000000 3.478843 0.592537 2.082535 0.031781 0.055932 -0.120915 0.990576
47.425000000 3.485025 0.590213 2.083942 0.031736 0.055598 -0.121059 0.990579
47.430000000 3.491231 0.587870 2.085352 0.031703 0.055285 -0.121209 0.990579
47.435000000 3.497463 0.585509 2.086765 0.031682 0.054993 -0.121363 0.990577
47.440000000 3.503718 0.583128 2.088181 0.031674 0.054720 -0.121523 0.990573
47.445000000 3.509998 0.580729 2.089600 0.031677 0.054465 -0.121688 0.990567
47.450000000 3.516303 0.578312 2.091022 0.031692 0.054228 -0.121858 0.990558
47.455000000 3.522631 0.575875 2.092446 0.031717 0.054006 -0.122033 0.990548
47.460000000 3.528983 0.573420 2.093873 0.031752 0.053797 -0.122214 0.990536
47.465000000 3.535358 0.570947 2.095303 0.031795 0.053600 -0.122399 0.990522
47.470000000 3.541758 0.568455 2.096736 0.031845 0.053412 -0.122590 0.990507
47.475000000 3.548181 0.565944 2.098170 0.031902 0.053233 -0.122786 0.990491
47.480000000 3.554627 0.563414 2.099608 0.031964 0.053061 -0.122986 0.990473
47.485000000 3.561097 0.560866 2.101047 0.032030 0.052894 -0.123193 0.990454
47.490000000 3.567590 0.558299 2.102489 0.032100 0.052732 -0.123404 0.990434
47.495000000 3.574106 0.555713 2.103933 0.032171 0.052573 -0.123620 0.990414
47.500000000 3.580644 0.553109 2.105380 0.032245 0.052417 -0.123842 0.990392
47.505000000 3.587206 0.550486 2.106828 0.032318 0.052262 -0.124069 0.990369
47.510000000 3.593791 0.547844 2.108279 0.032392 0.052110 -0.124301 0.990346
47.515000000 3.600398 0.545183 2.109731 0.032465 0.051957 -0.124539 0.990321
47.520000000 3.607028 0.542503 2.111185 0.032535 0.051805 -0.124781 0.990297
47.525000000 3.613680 0.539805 2.112642 0.032603 0.051651 -0.125029 0.990271
47.530000000 3.620355 0.537087 2.114100 0.032668 0.051496 -0.125283 0.990245
47.535000000 3.627052 0.534351 2.115559 0.032729 0.051340 -0.125541 0.990218
47.540000000 3.633771 0.531596 2.117021 0.032787 0.051184 -0.125805 0.990191
47.545000000 3.640512 0.528822 2.118484 0.032840 0.051027 -0.126075 0.990163
47.550000000 3.647276 0.526029 2.119948 0.032889 0.050870 -0.126350 0.990134
47.555000000 3.654061 0.523217 2.121415 0.032932 0.050711 -0.126631 0.990105
47.560000000 3.660868 0.520386 2.122882 0.032964 0.050546 -0.126917 0.990076
47.565000000 3.667697 0.517536 2.124351 0.032973 0.050367 -0.127210 0.990047
47.570000000 3.674547 0.514667 2.125821 0.032952 0.050168 -0.127509 0.990020
47.575000000 3.681419 0.511780 2.127292 0.032891 0.049941 -0.127814 0.989994
47.580000000 3.688312 0.508873 2.128765 0.032783 0.049679 -0.128127 0.989970
47.585000000 3.695226 0.505948 2.130238 0.032622 0.049376 -0.128448 0.989949
47.590000000 3.702162 0.503004 2.131713 0.032402 0.049024 -0.128776 0.989931
47.595000000 3.709118 0.500041 2.133189 0.032120 0.048620 -0.129113 0.989916
47.600000000 3.716095 0.497060 2.134666 0.031772 0.048157 -0.129458 0.989905
47.605000000 3.723092 0.494061 2.136144 0.031357 0.047633 -0.129812 0.989897
47.610000000 3.730110 0.491043 2.137624 0.030873 0.047045 -0.130175 0.989893
47.615000000 3.737147 0.488008 2.139105 0.030322 0.046390 -0.130546 0.989892
47.620000000 3.744204 0.484956 2.140588 0.029704 0.045666 -0.130928 0.989894
47.625000000 3.751281 0.481886 2.142072 0.029022 0.044873 -0.131318 0.989899
47.630000000 3.758377 0.478800 2.143559 0.028279 0.044013 -0.131718 0.989906
47.635000000 3.765491 0.475698 2.145047 0.027478 0.043087 -0.132128 0.989914
47.640000000 3.772623 0.472579 2.146538 0.026625 0.042098 -0.132548 0.989924
47.645000000 3.779773 0.469445 2.148031 0.025724 0.041048 -0.132977 0.989935
47.650000000 3.786941 0.466297 2.149527 0.024781 0.039941 -0.133417 0.989945
47.655000000 3.794125 0.463134 2.151026 0.023802 0.038780 -0.133865 0.989954
47.660000000 3.801326 0.459957 2.152528 0.022793 0.037569 -0.134324 0.989963
47.665000000 3.808542 0.456767 2.154032 0.021760 0.036315 -0.134793 0.989969
47.670000000 3.815774 0.453564 2.155541 0.020711 0.035023 -0.135271 0.989973
47.675000000 3.823020 0.450350 2.157053 0.019651 0.033699 -0.135759 0.989974
47.680000000 3.830281 0.447124 2.158568 0.018587 0.032346 -0.136256 0.989971
47.685000000 3.837555 0.443887 2.160088 0.017525 0.030973 -0.136763 0.989964
47.690000000 3.844842 0.440639 2.161613 0.016472 0.029584 -0.137279 0.989954
47.695000000 3.852141 0.437382 2.163141 0.015433 0.028187 -0.137804 0.989938
47.700000000 3.859451 0.434117 2.164675 0.014414 0.026786 -0.138338 0.989918
47.705000000 3.866773 0.430842 2.166213 0.013419 0.025388 -0.138882 0.989893
47.710000000 3.874105 0.427560 2.167757 0.012454 0.023999 -0.139435 0.989862
47.715000000 3.881447 0.424270 2.169306 0.011522 0.022625 -0.139997 0.989826
47.720000000 3.888798 0.420974 2.170860 0.010627 0.021270 -0.140568 0.989785
47.725000000 3.896158 0.417672 2.172421 0.009772 0.019939 -0.141149 0.989739
47.730000000 3.903525 0.414364 2.173987 0.008959 0.018634 -0.141738 0.989688
47.735000000 3.910900 0.411050 2.175560 0.008190 0.017361 -0.142337 0.989632
47.740000000 3.918282 0.407732 2.177139 0.007466 0.016124 -0.142944 0.989571
47.745000000 3.925669 0.404410 2.178725 0.006789 0.014924 -0.143561 0.989506
47.750000000 3.933063 0.401083 2.180317 0.006158 0.013763 -0.144187 0.989436
47.755000000 3.940461 0.397753 2.181917 0.005573 0.012645 -0.144822 0.989361
47.760000000 3.947864 0.394421 2.183523 0.005033 0.011570 -0.145466 0.989283
47.765000000 3.955272 0.391085 2.185137 0.004537 0.010540 -0.146119 0.989201
47.770000000 3.962682 0.387747 2.186759 0.004083 0.009555 -0.146781 0.989114
47.775000000 3.970096 0.384406 2.188389 0.003670 0.008616 -0.147453 0.989025
47.780000000 3.977513 0.381064 2.190026 0.003295 0.007722 -0.148134 0.988932
47.785000000 3.984932 0.377720 2.191671 0.002956 0.006873 -0.148825 0.988835
47.790000000 3.992353 0.374375 2.193325 0.002649 0.006067 -0.149525 0.988736
47.795000000 3.999775 0.371029 2.194987 0.002371 0.005301 -0.150235 0.988633
47.800000000 4.007199 0.367681 2.196658 0.002118 0.004574 -0.150955 0.988528
47.805000000 4.014623 0.364333 2.198338 0.001888 0.003882 -0.151685 0.988419
47.810000000 4.022048 0.360984 2.200026 0.001676 0.003223 -0.152424 0.988308
47.815000000 4.029473 0.357635 2.201724 0.001480 0.002595 -0.153174 0.988195
47.820000000 4.036898 0.354285 2.203431 0.001295 0.001993 -0.153933 0.988078
47.825000000 4.044322 0.350935 2.205147 0.001119 0.001417 -0.154703 0.987959
47.830000000 4.051746 0.347585 2.206873 0.000949 0.000863 -0.155483 0.987838
47.835000000 4.059169 0.344235 2.208608 0.000785 0.000326 -0.156273 0.987714
47.840000000 4.066590 0.340885 2.210352 0.000625 -0.000195 -0.157074 0.987587
47.845000000 4.074010 0.337536 2.212107 0.000470 -0.000705 -0.157886 0.987457
47.850000000 4.081428 0.334187 2.213870 0.000320 -0.001205 -0.158708 0.987325
47.855000000 4.088845 0.330838 2.215643 0.000177 -0.001698 -0.159542 0.987190
47.860000000 4.096259 0.327491 2.217425 0.000042 -0.002187 -0.160387 0.987052
47.865000000 4.103670 0.324144 2.219217 -0.000082 -0.002675 -0.161243 0.986911
47.870000000 4.111079 0.320797 2.221017 -0.000195 -0.003164 -0.162110 0.986768
47.875000000 4.118485 0.317452 2.222826 -0.000294 -0.003657 -0.162988 0.986621
47.880000000 4.125888 0.314108 2.224643 -0.000377 -0.004158 -0.163878 0.986472
47.885000000 4.133288 0.310765 2.226469 -0.000441 -0.004667 -0.164778 0.986319
47.890000000 4.140684 0.307423 2.228302 -0.000484 -0.005187 -0.165691 0.986164
47.895000000 4.148076 0.304083 2.230144 -0.000504 -0.005719 -0.166614 0.986005
47.900000000 4.155464 0.300743 2.231993 -0.000497 -0.006262 -0.167550 0.985844
47.905000000 4.162847 0.297405 2.233850 -0.000463 -0.006819 -0.168497 0.985678
47.910000000 4.170226 0.294069 2.235714 -0.000400 -0.007389 -0.169456 0.985510
47.915000000 4.177600 0.290734 2.237585 -0.000305 -0.007973 -0.170426 0.985338
47.920000000 4.184968 0.287400 2.239462 -0.000178 -0.008573 -0.171408 0.985163
47.925000000 4.192331 0.284068 2.241346 -0.000018 -0.009187 -0.172401 0.984984
47.930000000 4.199688 0.280738 2.243236 0.000175 -0.009815 -0.173406 0.984802
47.935000000 4.207039 0.277408 2.245132 0.000403 -0.010456 -0.174422 0.984615
47.940000000 4.214383 0.274080 2.247034 0.000665 -0.011110 -0.175448 0.984426
47.945000000 4.221721 0.270753 2.248941 0.000961 -0.011775 -0.176486 0.984232
47.950000000 4.229051 0.267428 2.250853 0.001290 -0.012449 -0.177535 0.984035
47.955000000 4.236374 0.264103 2.252770 0.001653 -0.013133 -0.178594 0.983834
47.960000000 4.243688 0.260779 2.254692 0.002047 -0.013823 -0.179664 0.983629
47.965000000 4.250995 0.257457 2.256618 0.002472 -0.014519 -0.180745 0.983420
47.970000000 4.258293 0.254135 2.258548 0.002926 -0.015220 -0.181835 0.983207
47.975000000 4.265582 0.250813 2.260481 0.003408 -0.015924 -0.182936 0.982990
47.980000000 4.272861 0.247492 2.262419 0.003917 -0.016629 -0.184048 0.982769
47.985000000 4.280130 0.244171 2.264360 0.004449 -0.017333 -0.185170 0.982544
47.990000000 4.287390 0.240850 2.266304 0.005004 -0.018035 -0.186302 0.982314
47.995000000 4.294639 0.237529 2.268250 0.005579 -0.018734 -0.187444 0.982081
48.000000000 4.301876 0.234207 2.270200 0.006173 -0.019429 -0.188596 0.981843
48.005000000 4.309103 0.230885 2.272151 0.006783 -0.020118 -0.189758 0.981601
48.010000000 4.316318 0.227562 2.274105 0.007408 -0.020802 -0.190930 0.981355
48.015000000 4.323521 0.224238 2.276060 0.008043 -0.021478 -0.192112 0.981105
48.020000000 4.330711 0.220913 2.278017 0.008689 -0.022148 -0.193304 0.980850
48.025000000 4.337888 0.217586 2.279976 0.009341 -0.022811 -0.194505 0.980592
48.030000000 4.345053 0.214257 2.281935 0.009999 -0.023467 -0.195715 0.980329
48.035000000 4.352203 0.210927 2.283895 0.010660 -0.024117 -0.196935 0.980062
48.040000000 4.359340 0.207594 2.285856 0.011322 -0.024761 -0.198164 0.979791
48.045000000 4.366462 0.204259 2.287817 0.011982 -0.025401 -0.199401 0.979515
48.050000000 4.373570 0.200921 2.289779 0.012640 -0.026038 -0.200647 0.979236
48.055000000 4.380663 0.197580 2.291740 0.013292 -0.026673 -0.201901 0.978952
48.060000000 4.387740 0.194236 2.293700 0.013938 -0.027307 -0.203163 0.978665
48.065000000 4.394802 0.190889 2.295660 0.014577 -0.027940 -0.204434 0.978373
48.070000000 4.401847 0.187538 2.297619 0.015208 -0.028573 -0.205712 0.978077
48.075000000 4.408876 0.184183 2.299577 0.015830 -0.029207 -0.206997 0.977777
48.080000000 4.415888 0.180824 2.301534 0.016443 -0.029844 -0.208291 0.977473
48.085000000 4.422883 0.177461 2.303489 0.017046 -0.030483 -0.209591 0.977165
48.090000000 4.429861 0.174093 2.305442 0.017639 -0.031126 -0.210898 0.976853
48.095000000 4.436821 0.170721 2.307393 0.018223 -0.031774 -0.212213 0.976537
48.100000000 4.443762 0.167344 2.309341 0.018797 -0.032427 -0.213534 0.976216
48.105000000 4.450685 0.163962 2.311287 0.019362 -0.033087 -0.214861 0.975892
48.110000000 4.457589 0.160575 2.313230 0.019918 -0.033754 -0.216195 0.975563
48.115000000 4.464473 0.157183 2.315171 0.020467 -0.034427 -0.217535 0.975230
48.120000000 4.471338 0.153785 2.317107 0.021009 -0.035105 -0.218881 0.974893
48.125000000 4.478183 0.150381 2.319041 0.021547 -0.035786 -0.220233 0.974552
48.130000000 4.485008 0.146972 2.320970 0.022081 -0.036469 -0.221590 0.974208
48.135000000 4.491812 0.143557 2.322895 0.022614 -0.037149 -0.222951 0.973859
48.140000000 4.498594 0.140135 2.324816 0.023148 -0.037824 -0.224317 0.973507
48.145000000 4.505356 0.136708 2.326731 0.023685 -0.038491 -0.225688 0.973151
48.150000000 4.512095 0.133274 2.328642 0.024227 -0.039146 -0.227062 0.972792
48.155000000 4.518812 0.129834 2.330547 0.024775 -0.039786 -0.228439 0.972429
48.160000000 4.525507 0.126387 2.332447 0.025332 -0.040409 -0.229819 0.972064
48.165000000 4.532179 0.122933 2.334341 0.025899 -0.041010 -0.231202 0.971696
48.170000000 4.538828 0.119472 2.336228 0.026478 -0.041587 -0.232588 0.971325
48.175000000 4.545453 0.116004 2.338108 0.027071 -0.042138 -0.233975 0.970952
48.180000000 4.552055 0.112529 2.339982 0.027679 -0.042658 -0.235363 0.970576
48.185000000 4.558633 0.109046 2.341848 0.028303 -0.043147 -0.236753 0.970199
48.190000000 4.565186 0.105556 2.343707 0.028945 -0.043603 -0.238144 0.969819
48.195000000 4.571714 0.102058 2.345558 0.029605 -0.044023 -0.239534 0.969437
48.200000000 4.578218 0.098551 2.347400 0.030284 -0.044406 -0.240926 0.969054
48.205000000 4.584697 0.095037 2.349234 0.030983 -0.044751 -0.242317 0.968669
48.210000000 4.591150 0.091513 2.351059 0.031703 -0.045057 -0.243709 0.968282
48.215000000 4.597578 0.087981 2.352874 0.032445 -0.045323 -0.245100 0.967894
48.220000000 4.603981 0.084440 2.354680 0.033207 -0.045550 -0.246491 0.967504
48.225000000 4.610357 0.080890 2.356476 0.033989 -0.045739 -0.247880 0.967113
48.230000000 4.616708 0.077330 2.358262 0.034791 -0.045890 -0.249269 0.966721
48.235000000 4.623032 0.073760 2.360038 0.035612 -0.046005 -0.250656 0.966326
48.240000000 4.629330 0.070180 2.361802 0.036452 -0.046085 -0.252042 0.965931
48.245000000 4.635602 0.066589 2.363555 0.037310 -0.046131 -0.253427 0.965533
48.250000000 4.641848 0.062988 2.365297 0.038184 -0.046146 -0.254810 0.965134
48.255000000 4.648067 0.059375 2.367026 0.039074 -0.046133 -0.256192 0.964733
48.260000000 4.654259 0.055750 2.368744 0.039978 -0.046094 -0.257573 0.964331
48.265000000 4.660424 0.052114 2.370448 0.040896 -0.046030 -0.258952 0.963926
48.270000000 4.666563 0.048465 2.372140 0.041825 -0.045946 -0.260330 0.963518
48.275000000 4.672675 0.044804 2.373819 0.042766 -0.045843 -0.261707 0.963109
48.280000000 4.678760 0.041129 2.375484 0.043716 -0.045724 -0.263082 0.962697
48.285000000 4.684819 0.037442 2.377136 0.044674 -0.045593 -0.264456 0.962283
48.290000000 4.690850 0.033740 2.378773 0.045637 -0.045453 -0.265828 0.961866
48.295000000 4.696854 0.030024 2.380395 0.046603 -0.045307 -0.267198 0.961447
48.300000000 4.702832 0.026293 2.382003 0.047571 -0.045158 -0.268567 0.961025
48.305000000 4.708782 0.022548 2.383595 0.048540 -0.045010 -0.269933 0.960601
48.310000000 4.714705 0.018787 2.385172 0.049508 -0.044863 -0.271298 0.960174
48.315000000 4.720602 0.015010 2.386734 0.050475 -0.044721 -0.272661 0.959744
48.320000000 4.726471 0.011217 2.388278 0.051439 -0.044587 -0.274022 0.959311
48.325000000 4.732313 0.007407 2.389807 0.052399 -0.044462 -0.275381 0.958876
48.330000000 4.738127 0.003581 2.391318 0.053352 -0.044350 -0.276738 0.958438
48.335000000 4.743914 -0.000263 2.392813 0.054299 -0.044250 -0.278093 0.957997
48.340000000 4.749674 -0.004125 2.394289 0.055238 -0.044167 -0.279446 0.957553
48.345000000 4.755407 -0.008004 2.395748 0.056170 -0.044099 -0.280796 0.957107
48.350000000 4.761112 -0.011902 2.397189 0.057094 -0.044049 -0.282144 0.956658
48.355000000 4.766789 -0.015819 2.398611 0.058010 -0.044016 -0.283490 0.956207
48.360000000 4.772439 -0.019755 2.400014 0.058917 -0.044001 -0.284832 0.955753
48.365000000 4.778061 -0.023710 2.401398 0.059816 -0.044005 -0.286172 0.955296
48.370000000 4.783655 -0.027685 2.402763 0.060707 -0.044027 -0.287508 0.954838
48.375000000 4.789221 -0.031680 2.404108 0.061590 -0.044067 -0.288841 0.954377
48.380000000 4.794759 -0.035696 2.405432 0.062466 -0.044124 -0.290170 0.953914
48.385000000 4.800269 -0.039732 2.406736 0.063335 -0.044199 -0.291495 0.953450
48.390000000 4.805751 -0.043789 2.408019 0.064196 -0.044290 -0.292816 0.952983
48.395000000 4.811203 -0.047868 2.409280 0.065048 -0.044397 -0.294133 0.952514
48.400000000 4.816628 -0.051968 2.410521 0.065889 -0.044519 -0.295446 0.952044
48.405000000 4.822023 -0.056089 2.411739 0.066716 -0.044656 -0.296754 0.951573
48.410000000 4.827389 -0.060233 2.412936 0.067523 -0.044807 -0.298059 0.951102
48.415000000 4.832727 -0.064400 2.414111 0.068306 -0.044971 -0.299359 0.950629
48.420000000 4.838034 -0.068589 2.415263 0.069060 -0.045147 -0.300655 0.950157
48.425000000 4.843312 -0.072801 2.416393 0.069780 -0.045335 -0.301946 0.949686
48.430000000 4.848561 -0.077036 2.417501 0.070459 -0.045533 -0.303234 0.949216
48.435000000 4.853779 -0.081294 2.418586 0.071091 -0.045741 -0.304518 0.948748
48.440000000 4.858968 -0.085576 2.419648 0.071672 -0.045959 -0.305798 0.948282
48.445000000 4.864126 -0.089882 2.420687 0.072196 -0.046185 -0.307074 0.947819
48.450000000 4.869253 -0.094212 2.421703 0.072658 -0.046420 -0.308346 0.947359
48.455000000 4.874350 -0.098565 2.422697 0.073053 -0.046661 -0.309616 0.946902
48.460000000 4.879416 -0.102943 2.423667 0.073377 -0.046910 -0.310882 0.946450
48.465000000 4.884450 -0.107344 2.424614 0.073628 -0.047165 -0.312144 0.946002
48.470000000 4.889454 -0.111770 2.425538 0.073802 -0.047425 -0.313403 0.945559
48.475000000 4.894426 -0.116220 2.426439 0.073898 -0.047691 -0.314659 0.945121
48.480000000 4.899366 -0.120694 2.427316 0.073914 -0.047961 -0.315911 0.944689
48.485000000 4.904275 -0.125192 2.428171 0.073852 -0.048235 -0.317160 0.944261
48.490000000 4.909152 -0.129714 2.429002 0.073713 -0.048513 -0.318405 0.943838
48.495000000 4.913997 -0.134260 2.429809 0.073498 -0.048793 -0.319647 0.943421
48.500000000 4.918810 -0.138830 2.430594 0.073208 -0.049075 -0.320885 0.943008
48.505000000 4.923591 -0.143422 2.431355 0.072847 -0.049360 -0.322119 0.942601
48.510000000 4.928340 -0.148038 2.432093 0.072419 -0.049646 -0.323349 0.942197
48.515000000 4.933056 -0.152677 2.432808 0.071928 -0.049934 -0.324574 0.941799
48.520000000 4.937739 -0.157338 2.433500 0.071377 -0.050223 -0.325795 0.941404
48.525000000 4.942391 -0.162022 2.434168 0.070772 -0.050514 -0.327010 0.941012
48.530000000 4.947009 -0.166728 2.434814 0.070118 -0.050806 -0.328221 0.940624
48.535000000 4.951595 -0.171455 2.435436 0.069419 -0.051100 -0.329425 0.940239
48.540000000 4.956149 -0.176203 2.436035 0.068681 -0.051396 -0.330623 0.939856
48.545000000 4.960669 -0.180972 2.436612 0.067911 -0.051693 -0.331815 0.939476
48.550000000 4.965157 -0.185761 2.437165 0.067114 -0.051992 -0.333001 0.939097
48.555000000 4.969613 -0.190571 2.437696 0.066298 -0.052294 -0.334179 0.938720
48.560000000 4.974035 -0.195400 2.438204 0.065466 -0.052597 -0.335349 0.938344
48.565000000 4.978424 -0.200248 2.438689 0.064626 -0.052903 -0.336512 0.937968
48.570000000 4.982781 -0.205114 2.439151 0.063783 -0.053211 -0.337666 0.937594
48.575000000 4.987105 -0.209999 2.439590 0.062942 -0.053523 -0.338812 0.937219
48.580000000 4.991396 -0.214902 2.440007 0.062108 -0.053837 -0.339949 0.936845
48.585000000 4.995654 -0.219822 2.440402 0.061284 -0.054155 -0.341078 0.936471
48.590000000 4.999879 -0.224758 2.440774 0.060475 -0.054478 -0.342197 0.936096
48.595000000 5.004071 -0.229712 2.441124 0.059684 -0.054805 -0.343306 0.935722
48.600000000 5.008230 -0.234681 2.441451 0.058915 -0.055136 -0.344406 0.935347
48.605000000 5.012356 -0.239666 2.441756 0.058171 -0.055472 -0.345496 0.934971
48.610000000 5.016449 -0.244666 2.442039 0.057456 -0.055812 -0.346576 0.934596
48.615000000 5.020509 -0.249681 2.442299 0.056771 -0.056157 -0.347645 0.934220
48.620000000 5.024536 -0.254710 2.442537 0.056118 -0.056506 -0.348705 0.933843
48.625000000 5.028529 -0.259754 2.442753 0.055499 -0.056859 -0.349755 0.933466
48.630000000 5.032489 -0.264811 2.442947 0.054916 -0.057217 -0.350793 0.933089
48.635000000 5.036416 -0.269882 2.443119 0.054367 -0.057580 -0.351822 0.932711
48.640000000 5.040309 -0.274965 2.443268 0.053852 -0.057957 -0.352841 0.932333
48.645000000 5.044169 -0.280062 2.443394 0.053372 -0.058356 -0.353850 0.931953
48.650000000 5.047995 -0.285170 2.443495 0.052926 -0.058783 -0.354850 0.931571
48.655000000 5.051788 -0.290291 2.443573 0.052515 -0.059235 -0.355841 0.931188
48.660000000 5.055548 -0.295423 2.443626 0.052142 -0.059709 -0.356822 0.930803
48.665000000 5.059274 -0.300567 2.443654 0.051805 -0.060198 -0.357794 0.930417
48.670000000 5.062966 -0.305722 2.443658 0.051506 -0.060692 -0.358756 0.930031
48.675000000 5.066624 -0.310888 2.443638 0.051247 -0.061180 -0.359707 0.929646
48.680000000 5.070248 -0.316065 2.443592 0.051030 -0.061647 -0.360647 0.929263
48.685000000 5.073837 -0.321252 2.443523 0.050854 -0.062078 -0.361574 0.928883
48.690000000 5.077392 -0.326450 2.443429 0.050722 -0.062460 -0.362489 0.928508
48.695000000 5.080912 -0.331658 2.443311 0.050632 -0.062778 -0.363391 0.928139
48.700000000 5.084398 -0.336876 2.443170 0.050585 -0.063014 -0.364278 0.927778
48.705000000 5.087848 -0.342104 2.443006 0.050582 -0.063155 -0.365149 0.927426
48.710000000 5.091263 -0.347343 2.442819 0.050623 -0.063185 -0.366005 0.927084
48.715000000 5.094643 -0.352591 2.442609 0.050708 -0.063090 -0.366844 0.926755
48.720000000 5.097987 -0.357849 2.442378 0.050836 -0.062858 -0.367664 0.926438
48.725000000 5.101296 -0.363118 2.442125 0.051008 -0.062479 -0.368466 0.926136
48.730000000 5.104570 -0.368397 2.441851 0.051221 -0.061942 -0.369247 0.925849
48.735000000 5.107809 -0.373686 2.441556 0.051475 -0.061241 -0.370008 0.925578
48.740000000 5.111013 -0.378986 2.441242 0.051767 -0.060372 -0.370746 0.925323
48.745000000 5.114182 -0.384297 2.440908 0.052096 -0.059330 -0.371461 0.925085
48.750000000 5.117316 -0.389619 2.440555 0.052460 -0.058113 -0.372151 0.924865
48.755000000 5.120417 -0.394953 2.440183 0.052858 -0.056722 -0.372815 0.924661
48.760000000 5.123484 -0.400299 2.439794 0.053287 -0.055158 -0.373453 0.924473
48.765000000 5.126517 -0.405658 2.439388 0.053746 -0.053426 -0.374063 0.924302
48.770000000 5.129518 -0.411029 2.438966 0.054233 -0.051531 -0.374644 0.924146
48.775000000 5.132488 -0.416414 2.438527 0.054745 -0.049480 -0.375194 0.924004
48.780000000 5.135426 -0.421814 2.438074 0.055280 -0.047283 -0.375713 0.923877
48.785000000 5.138333 -0.427228 2.437605 0.055837 -0.044948 -0.376199 0.923762
48.790000000 5.141211 -0.432657 2.437123 0.056410 -0.042490 -0.376652 0.923659
48.795000000 5.144061 -0.438103 2.436627 0.057000 -0.039919 -0.377071 0.923566
48.800000000 5.146882 -0.443566 2.436119 0.057603 -0.037250 -0.377455 0.923484
48.805000000 5.149677 -0.449046 2.435599 0.058217 -0.034497 -0.377803 0.923410
48.810000000 5.152446 -0.454545 2.435067 0.058839 -0.031674 -0.378115 0.923344
48.815000000 5.155190 -0.460063 2.434525 0.059467 -0.028797 -0.378390 0.923285
48.820000000 5.157911 -0.465601 2.433973 0.060099 -0.025881 -0.378628 0.923233
48.825000000 5.160609 -0.471161 2.433411 0.060734 -0.022940 -0.378828 0.923187
48.830000000 5.163285 -0.476742 2.432841 0.061366 -0.019992 -0.378991 0.923147
48.835000000 5.165942 -0.482346 2.432263 0.061992 -0.017053 -0.379117 0.923113
48.840000000 5.168579 -0.487973 2.431678 0.062605 -0.014139 -0.379206 0.923084
48.845000000 5.171198 -0.493625 2.431086 0.063199 -0.011266 -0.379259 0.923061
48.850000000 5.173800 -0.499302 2.430488 0.063765 -0.008450 -0.379276 0.923045
48.855000000 5.176386 -0.505005 2.429884 0.064296 -0.005706 -0.379260 0.923036
48.860000000 5.178957 -0.510736 2.429276 0.064785 -0.003048 -0.379209 0.923035
48.865000000 5.181515 -0.516494 2.428664 0.065223 -0.000490 -0.379127 0.923043
48.870000000 5.184060 -0.522280 2.428048 0.065602 0.001956 -0.379013 0.923061
48.875000000 5.186594 -0.528096 2.427430 0.065914 0.004279 -0.378869 0.923090
48.880000000 5.189117 -0.533941 2.426809 0.066152 0.006469 -0.378696 0.923132
48.885000000 5.191630 -0.539817 2.426188 0.066309 0.008519 -0.378495 0.923186
48.890000000 5.194134 -0.545724 2.425565 0.066378 0.010423 -0.378267 0.923255
48.895000000 5.196631 -0.551662 2.424942 0.066357 0.012175 -0.378013 0.923339
48.900000000 5.199120 -0.557632 2.424319 0.066240 0.013773 -0.377734 0.923439
48.905000000 5.201603 -0.563635 2.423697 0.066025 0.015216 -0.377431 0.923556
48.910000000 5.204079 -0.569669 2.423077 0.065708 0.016502 -0.377104 0.923690
48.915000000 5.206551 -0.575736 2.422460 0.065290 0.017634 -0.376756 0.923841
48.920000000 5.209018 -0.581836 2.421845 0.064770 0.018614 -0.376385 0.924009
48.925000000 5.211482 -0.587969 2.421233 0.064149 0.019448 -0.375992 0.924195
48.930000000 5.213942 -0.594134 2.420626 0.063429 0.020141 -0.375580 0.924398
48.935000000 5.216398 -0.600331 2.420024 0.062613 0.020698 -0.375147 0.924617
48.940000000 5.218853 -0.606561 2.419428 0.061704 0.021127 -0.374694 0.924852
48.945000000 5.221305 -0.612823 2.418837 0.060706 0.021438 -0.374223 0.925101
48.950000000 5.223755 -0.619117 2.418254 0.059625 0.021639 -0.373733 0.925365
48.955000000 5.226204 -0.625442 2.417678 0.058467 0.021741 -0.373224 0.925642
48.960000000 5.228651 -0.631797 2.417110 0.057239 0.021755 -0.372698 0.925930
48.965000000 5.231098 -0.638183 2.416551 0.055949 0.021692 -0.372155 0.926229
48.970000000 5.233544 -0.644599 2.416002 0.054604 0.021565 -0.371594 0.926537
48.975000000 5.235989 -0.651044 2.415464 0.053214 0.021384 -0.371017 0.926853
48.980000000 5.238434 -0.657518 2.414937 0.051786 0.021163 -0.370425 0.927176
48.985000000 5.240879 -0.664020 2.414422 0.050331 0.020911 -0.369817 0.927505
48.990000000 5.243324 -0.670549 2.413920 0.048855 0.020641 -0.369195 0.927838
48.995000000 5.245769 -0.677104 2.413432 0.047368 0.020363 -0.368559 0.928174
49.000000000 5.248214 -0.683686 2.412958 0.045880 0.020088 -0.367910 0.928512
49.005000000 5.250660 -0.690292 2.412499 0.044397 0.019825 -0.367249 0.928851
49.010000000 5.253107 -0.696923 2.412056 0.042927 0.019583 -0.366578 0.929190
49.015000000 5.255554 -0.703578 2.411630 0.041477 0.019368 -0.365897 0.929529
49.020000000 5.258003 -0.710256 2.411221 0.040052 0.019186 -0.365208 0.929866
49.025000000 5.260453 -0.716956 2.410831 0.038657 0.019042 -0.364513 0.930201
49.030000000 5.262905 -0.723678 2.410458 0.037296 0.018938 -0.363813 0.930532
49.035000000 5.265358 -0.730420 2.410106 0.035972 0.018876 -0.363109 0.930861
49.040000000 5.267814 -0.737184 2.409772 0.034688 0.018854 -0.362403 0.931185
49.045000000 5.270271 -0.743967 2.409459 0.033444 0.018873 -0.361697 0.931504
49.050000000 5.272732 -0.750769 2.409166 0.032243 0.018929 -0.360993 0.931819
49.055000000 5.275195 -0.757589 2.408894 0.031083 0.019019 -0.360291 0.932128
49.060000000 5.277661 -0.764428 2.408644 0.029964 0.019140 -0.359595 0.932431
49.065000000 5.280130 -0.771285 2.408415 0.028884 0.019287 -0.358905 0.932728
49.070000000 5.282604 -0.778158 2.408208 0.027843 0.019454 -0.358223 0.933018
49.075000000 5.285081 -0.785048 2.408023 0.026839 0.019637 -0.357552 0.933301
49.080000000 5.287562 -0.791954 2.407861 0.025867 0.019830 -0.356891 0.933577
49.085000000 5.290048 -0.798876 2.407722 0.024926 0.020026 -0.356244 0.933846
49.090000000 5.292539 -0.805813 2.407606 0.024012 0.020219 -0.355612 0.934107
49.095000000 5.295035 -0.812765 2.407513 0.023120 0.020402 -0.354996 0.934359
49.100000000 5.297537 -0.819731 2.407443 0.022247 0.020569 -0.354397 0.934604
49.105000000 5.300044 -0.826712 2.407398 0.021390 0.020716 -0.353818 0.934840
49.110000000 5.302558 -0.833706 2.407376 0.020545 0.020837 -0.353260 0.935068
49.115000000 5.305077 -0.840713 2.407379 0.019711 0.020928 -0.352723 0.935286
49.120000000 5.307603 -0.847733 2.407405 0.018882 0.020984 -0.352210 0.935495
49.125000000 5.310135 -0.854765 2.407457 0.018056 0.021002 -0.351721 0.935695
49.130000000 5.312675 -0.861810 2.407533 0.017229 0.020978 -0.351258 0.935885
49.135000000 5.315221 -0.868866 2.407635 0.016398 0.020909 -0.350821 0.936065
49.140000000 5.317774 -0.875933 2.407761 0.015561 0.020794 -0.350413 0.936235
49.145000000 5.320335 -0.883010 2.407913 0.014715 0.020631 -0.350033 0.936395
49.150000000 5.322902 -0.890098 2.408090 0.013859 0.020420 -0.349682 0.936543
49.155000000 5.325477 -0.897196 2.408293 0.012992 0.020160 -0.349362 0.936681
49.160000000 5.328060 -0.904303 2.408522 0.012110 0.019852 -0.349074 0.936807
49.165000000 5.330649 -0.911419 2.408778 0.011215 0.019498 -0.348817 0.936921
49.170000000 5.333247 -0.918543 2.409059 0.010304 0.019098 -0.348593 0.937023
49.175000000 5.335851 -0.925675 2.409367 0.009378 0.018656 -0.348403 0.937112
49.180000000 5.338463 -0.932814 2.409702 0.008436 0.018172 -0.348246 0.937189
49.185000000 5.341082 -0.939959 2.410064 0.007479 0.017649 -0.348124 0.937252
49.190000000 5.343708 -0.947111 2.410453 0.006506 0.017092 -0.348037 0.937302
49.195000000 5.346341 -0.954267 2.410869 0.005520 0.016504 -0.347985 0.937339
49.200000000 5.348982 -0.961429 2.411312 0.004522 0.015889 -0.347969 0.937360
49.205000000 5.351629 -0.968595 2.411784 0.003513 0.015251 -0.347989 0.937368
49.210000000 5.354283 -0.975764 2.412283 0.002493 0.014594 -0.348046 0.937360
49.215000000 5.356943 -0.982936 2.412810 0.001464 0.013922 -0.348140 0.937338
49.220000000 5.359610 -0.990111 2.413364 0.000423 0.013235 -0.348270 0.937301
49.225000000 5.362283 -0.997286 2.413946 -0.000629 0.012537 -0.348438 0.937248
49.230000000 5.364962 -1.004463 2.414555 -0.001694 0.011830 -0.348643 0.937179
49.235000000 5.367647 -1.011640 2.415192 -0.002773 0.011116 -0.348886 0.937095
49.240000000 5.370338 -1.018817 2.415855 -0.003870 0.010396 -0.349166 0.936995
49.245000000 5.373034 -1.025992 2.416545 -0.004984 0.009669 -0.349484 0.936879
49.250000000 5.375736 -1.033165 2.417262 -0.006121 0.008938 -0.349839 0.936747
49.255000000 5.378443 -1.040336 2.418004 -0.007280 0.008201 -0.350232 0.936599
49.260000000 5.381155 -1.047503 2.418772 -0.008466 0.007459 -0.350663 0.936434
49.265000000 5.383872 -1.054667 2.419565 -0.009680 0.006712 -0.351130 0.936252
49.270000000 5.386594 -1.061825 2.420383 -0.010925 0.005959 -0.351635 0.936054
49.275000000 5.389320 -1.068978 2.421226 -0.012203 0.005200 -0.352177 0.935840
49.280000000 5.392051 -1.076124 2.422092 -0.013517 0.004433 -0.352754 0.935608
49.285000000 5.394786 -1.083264 2.422982 -0.014868 0.003657 -0.353368 0.935359
49.290000000 5.397526 -1.090395 2.423895 -0.016260 0.002870 -0.354018 0.935093
49.295000000 5.400269 -1.097518 2.424831 -0.017693 0.002073 -0.354703 0.934809
49.300000000 5.403017 -1.104631 2.425790 -0.019171 0.001263 -0.355423 0.934508
49.305000000 5.405768 -1.111733 2.426770 -0.020693 0.000439 -0.356178 0.934189
49.310000000 5.408523 -1.118824 2.427772 -0.022262 -0.000401 -0.356967 0.933852
49.315000000 5.411282 -1.125903 2.428795 -0.023877 -0.001256 -0.357790 0.933496
49.320000000 5.414044 -1.132968 2.429838 -0.025539 -0.002129 -0.358646 0.933122
49.325000000 5.416810 -1.140019 2.430902 -0.027248 -0.003019 -0.359535 0.932729
49.330000000 5.419578 -1.147055 2.431985 -0.029004 -0.003930 -0.360457 0.932317
49.335000000 5.422350 -1.154075 2.433088 -0.030806 -0.004860 -0.361410 0.931885
49.340000000 5.425125 -1.161077 2.434210 -0.032654 -0.005811 -0.362395 0.931434
49.345000000 5.427903 -1.168061 2.435350 -0.034545 -0.006783 -0.363409 0.930964
49.350000000 5.430683 -1.175025 2.436509 -0.036480 -0.007777 -0.364454 0.930474
49.355000000 5.433467 -1.181969 2.437686 -0.038456 -0.008794 -0.365528 0.929964
49.360000000 5.436253 -1.188892 2.438879 -0.040472 -0.009835 -0.366631 0.929434
49.365000000 5.439041 -1.195791 2.440090 -0.042526 -0.010899 -0.367760 0.928884
49.370000000 5.441832 -1.202666 2.441318 -0.044616 -0.011988 -0.368917 0.928313
49.375000000 5.444626 -1.209517 2.442561 -0.046739 -0.013102 -0.370099 0.927723
49.380000000 5.447421 -1.216340 2.443820 -0.048894 -0.014240 -0.371307 0.927112
49.385000000 5.450219 -1.223136 2.445095 -0.051078 -0.015404 -0.372539 0.926482
49.390000000 5.453019 -1.229904 2.446385 -0.053287 -0.016591 -0.373795 0.925831
49.395000000 5.455821 -1.236641 2.447689 -0.055518 -0.017803 -0.375074 0.925159
49.400000000 5.458624 -1.243346 2.449007 -0.057767 -0.019040 -0.376376 0.924468
49.405000000 5.461430 -1.250019 2.450339 -0.060028 -0.020303 -0.377700 0.923757
49.410000000 5.464237 -1.256658 2.451685 -0.062297 -0.021594 -0.379046 0.923026
49.415000000 5.467045 -1.263262 2.453043 -0.064567 -0.022913 -0.380413 0.922276
49.420000000 5.469855 -1.269829 2.454413 -0.066832 -0.024264 -0.381801 0.921506
49.425000000 5.472666 -1.276358 2.455795 -0.069086 -0.025647 -0.383210 0.920717
49.430000000 5.475477 -1.282848 2.457188 -0.071321 -0.027064 -0.384639 0.919910
49.435000000 5.478290 -1.289298 2.458592 -0.073533 -0.028517 -0.386089 0.919084
49.440000000 5.481104 -1.295706 2.460005 -0.075713 -0.030008 -0.387559 0.918240
49.445000000 5.483918 -1.302071 2.461428 -0.077857 -0.031536 -0.389049 0.917379
49.450000000 5.486732 -1.308393 2.462860 -0.079957 -0.033105 -0.390558 0.916501
49.455000000 5.489546 -1.314668 2.464301 -0.082009 -0.034714 -0.392087 0.915607
49.460000000 5.492360 -1.320897 2.465749 -0.084008 -0.036365 -0.393636 0.914697
49.465000000 5.495174 -1.327078 2.467204 -0.085950 -0.038058 -0.395204 0.913771
49.470000000 5.497987 -1.333211 2.468666 -0.087831 -0.039795 -0.396792 0.912830
49.475000000 5.500798 -1.339293 2.470134 -0.089648 -0.041575 -0.398400 0.911873
49.480000000 5.503608 -1.345324 2.471608 -0.091400 -0.043399 -0.400028 0.910901
49.485000000 5.506416 -1.351303 2.473087 -0.093083 -0.045265 -0.401676 0.909914
49.490000000 5.509222 -1.357228 2.474570 -0.094697 -0.047172 -0.403344 0.908912
49.495000000 5.512025 -1.363098 2.476057 -0.096241 -0.049121 -0.405032 0.907895
49.500000000 5.514824 -1.368914 2.477548 -0.097715 -0.051109 -0.406742 0.906863
49.505000000 5.517620 -1.374672 2.479041 -0.099121 -0.053135 -0.408472 0.905816
49.510000000 5.520412 -1.380373 2.480537 -0.100459 -0.055198 -0.410223 0.904753
49.515000000 5.523198 -1.386016 2.482034 -0.101731 -0.057296 -0.411996 0.903674
49.520000000 5.525980 -1.391599 2.483533 -0.102940 -0.059427 -0.413791 0.902579
49.525000000 5.528755 -1.397122 2.485033 -0.104088 -0.061590 -0.415608 0.901467
49.530000000 5.531524 -1.402584 2.486534 -0.105180 -0.063783 -0.417449 0.900336
49.535000000 5.534285 -1.407984 2.488034 -0.106218 -0.066002 -0.419313 0.899187
49.540000000 5.537039 -1.413320 2.489533 -0.107206 -0.068246 -0.421201 0.898020
49.545000000 5.539784 -1.418593 2.491032 -0.108147 -0.070511 -0.423112 0.896832
49.550000000 5.542520 -1.423801 2.492529 -0.109046 -0.072796 -0.425048 0.895625
49.555000000 5.545246 -1.428944 2.494024 -0.109907 -0.075099 -0.427008 0.894396
49.560000000 5.547962 -1.434020 2.495517 -0.110733 -0.077418 -0.428994 0.893146
49.565000000 5.550666 -1.439029 2.497006 -0.111530 -0.079750 -0.431004 0.891872
49.570000000 5.553358 -1.443970 2.498492 -0.112301 -0.082093 -0.433041 0.890575
49.575000000 5.556038 -1.448842 2.499975 -0.113050 -0.084446 -0.435103 0.889254
49.580000000 5.558705 -1.453645 2.501452 -0.113779 -0.086806 -0.437193 0.887909
49.585000000 5.561357 -1.458377 2.502925 -0.114490 -0.089169 -0.439309 0.886538
49.590000000 5.563995 -1.463039 2.504393 -0.115180 -0.091530 -0.441453 0.885141
49.595000000 5.566617 -1.467628 2.505855 -0.115846 -0.093885 -0.443626 0.883720
49.600000000 5.569223 -1.472145 2.507311 -0.116482 -0.096228 -0.445830 0.882274
49.605000000 5.571812 -1.476589 2.508759 -0.117085 -0.098552 -0.448064 0.880805
49.610000000 5.574384 -1.480959 2.510200 -0.117647 -0.100852 -0.450331 0.879312
49.615000000 5.576938 -1.485253 2.511634 -0.118160 -0.103122 -0.452631 0.877798
49.620000000 5.579473 -1.489473 2.513059 -0.118617 -0.105355 -0.454967 0.876262
49.625000000 5.581988 -1.493616 2.514475 -0.119010 -0.107546 -0.457339 0.874707
49.630000000 5.584484 -1.497682 2.515882 -0.119331 -0.109689 -0.459748 0.873132
49.635000000 5.586959 -1.501671 2.517278 -0.119572 -0.111779 -0.462196 0.871541
49.640000000 5.589413 -1.505583 2.518665 -0.119725 -0.113811 -0.464683 0.869933
49.645000000 5.591845 -1.509416 2.520040 -0.119784 -0.115780 -0.467210 0.868310
49.650000000 5.594255 -1.513170 2.521404 -0.119742 -0.117684 -0.469776 0.866673
49.655000000 5.596642 -1.516846 2.522756 -0.119593 -0.119518 -0.472383 0.865025
49.660000000 5.599005 -1.520441 2.524096 -0.119332 -0.121280 -0.475029 0.863364
49.665000000 5.601345 -1.523958 2.525424 -0.118957 -0.122969 -0.477716 0.861693
49.670000000 5.603660 -1.527394 2.526738 -0.118465 -0.124584 -0.480443 0.860011
49.675000000 5.605950 -1.530750 2.528038 -0.117855 -0.126127 -0.483210 0.858319
49.680000000 5.608214 -1.534026 2.529325 -0.117124 -0.127596 -0.486016 0.856615
49.685000000 5.610453 -1.537222 2.530598 -0.116275 -0.128994 -0.488861 0.854901
49.690000000 5.612665 -1.540338 2.531856 -0.115309 -0.130322 -0.491745 0.853175
49.695000000 5.614850 -1.543374 2.533100 -0.114229 -0.131583 -0.494664 0.851437
49.700000000 5.617008 -1.546330 2.534328 -0.113037 -0.132777 -0.497619 0.849687
49.705000000 5.619138 -1.549206 2.535541 -0.111738 -0.133908 -0.500606 0.847925
49.710000000 5.621240 -1.552003 2.536738 -0.110337 -0.134978 -0.503625 0.846149
49.715000000 5.623312 -1.554721 2.537919 -0.108839 -0.135993 -0.506674 0.844359
49.720000000 5.625356 -1.557360 2.539085 -0.107252 -0.136955 -0.509751 0.842552
49.725000000 5.627370 -1.559921 2.540234 -0.105582 -0.137869 -0.512855 0.840728
49.730000000 5.629353 -1.562405 2.541366 -0.103837 -0.138741 -0.515984 0.838886
49.735000000 5.631306 -1.564810 2.542482 -0.102026 -0.139575 -0.519135 0.837024
49.740000000 5.633228 -1.567139 2.543581 -0.100156 -0.140377 -0.522307 0.835140
49.745000000 5.635118 -1.569392 2.544663 -0.098238 -0.141150 -0.525498 0.833233
49.750000000 5.636975 -1.571568 2.545727 -0.096256 -0.141864 -0.528707 0.831311
49.755000000 5.638801 -1.573671 2.546773 -0.094178 -0.142459 -0.531938 0.829384
49.760000000 5.640594 -1.575699 2.547798 -0.091969 -0.142872 -0.535193 0.827465
49.765000000 5.642354 -1.577654 2.548803 -0.089602 -0.143052 -0.538473 0.825563
49.770000000 5.644080 -1.579538 2.549787 -0.087054 -0.142950 -0.541780 0.823687
49.775000000 5.645773 -1.581351 2.550748 -0.084306 -0.142527 -0.545114 0.821845
49.780000000 5.647433 -1.583094 2.551687 -0.081343 -0.141746 -0.548474 0.820041
49.785000000 5.649058 -1.584770 2.552603 -0.078158 -0.140581 -0.551858 0.818279
49.790000000 5.650650 -1.586379 2.553497 -0.074746 -0.139012 -0.555263 0.816561
49.795000000 5.652208 -1.587923 2.554368 -0.071109 -0.137024 -0.558684 0.814887
49.800000000 5.653732 -1.589404 2.555216 -0.067251 -0.134611 -0.562117 0.813254
49.805000000 5.655223 -1.590825 2.556042 -0.063183 -0.131772 -0.565556 0.811659
49.810000000 5.656681 -1.592186 2.556847 -0.058918 -0.128511 -0.568994 0.810098
49.815000000 5.658105 -1.593491 2.557630 -0.054472 -0.124838 -0.572425 0.808565
49.820000000 5.659497 -1.594742 2.558392 -0.049866 -0.120770 -0.575842 0.807053
49.825000000 5.660856 -1.595942 2.559135 -0.045123 -0.116327 -0.579237 0.805553
49.830000000 5.662184 -1.597093 2.559859 -0.040268 -0.111534 -0.582604 0.804059
49.835000000 5.663482 -1.598199 2.560564 -0.035329 -0.106422 -0.585936 0.802562
49.840000000 5.664748 -1.599262 2.561253 -0.030335 -0.101021 -0.589226 0.801054
49.845000000 5.665985 -1.600286 2.561925 -0.025317 -0.095370 -0.592468 0.799528
49.850000000 5.667194 -1.601274 2.562582 -0.020305 -0.089506 -0.595657 0.797978
49.855000000 5.668374 -1.602229 2.563226 -0.015330 -0.083468 -0.598788 0.796399
49.860000000 5.669527 -1.603155 2.563856 -0.010424 -0.077299 -0.601857 0.794785
49.865000000 5.670654 -1.604055 2.564474 -0.005615 -0.071039 -0.604864 0.793134
49.870000000 5.671757 -1.604932 2.565082 -0.000932 -0.064729 -0.607806 0.791442
49.875000000 5.672835 -1.605790 2.565680 0.003597 -0.058412 -0.610684 0.789709
49.880000000 5.673889 -1.606633 2.566268 0.007948 -0.052125 -0.613496 0.787935
49.885000000 5.674923 -1.607463 2.566849 0.012098 -0.045910 -0.616246 0.786121
49.890000000 5.675935 -1.608285 2.567422 0.016027 -0.039801 -0.618935 0.784269
49.895000000 5.676927 -1.609100 2.567989 0.019717 -0.033835 -0.621566 0.782383
49.900000000 5.677901 -1.609913 2.568551 0.023153 -0.028042 -0.624141 0.780465
49.905000000 5.678857 -1.610726 2.569107 0.026324 -0.022453 -0.626665 0.778521
49.910000000 5.679797 -1.611542 2.569659 0.029221 -0.017093 -0.629140 0.776554
49.915000000 5.680721 -1.612364 2.570208 0.031838 -0.011985 -0.631573 0.774570
49.920000000 5.681631 -1.613194 2.570753 0.034174 -0.007146 -0.633965 0.772573
49.925000000 5.682528 -1.614035 2.571296 0.036229 -0.002593 -0.636322 0.770568
49.930000000 5.683413 -1.614888 2.571836 0.038008 0.001663 -0.638647 0.768559
49.935000000 5.684286 -1.615756 2.572375 0.039516 0.005613 -0.640944 0.766549
49.940000000 5.685149 -1.616641 2.572912 0.040763 0.009254 -0.643216 0.764543
49.945000000 5.686003 -1.617544 2.573448 0.041760 0.012584 -0.645465 0.762544
49.950000000 5.686848 -1.618466 2.573984 0.042521 0.015605 -0.647694 0.760553
49.955000000 5.687685 -1.619410 2.574519 0.043061 0.018321 -0.649904 0.758574
49.960000000 5.688516 -1.620375 2.575055 0.043397 0.020741 -0.652097 0.756608
49.965000000 5.689340 -1.621363 2.575590 0.043548 0.022875 -0.654274 0.754656
49.970000000 5.690158 -1.622374 2.576127 0.043533 0.024735 -0.656434 0.752720
49.975000000 5.690972 -1.623410 2.576664 0.043371 0.026336 -0.658577 0.750800
49.980000000 5.691781 -1.624471 2.577203 0.043083 0.027695 -0.660704 0.748897
49.985000000 5.692587 -1.625557 2.577743 0.042691 0.028831 -0.662814 0.747010
49.990000000 5.693388 -1.626667 2.578285 0.042215 0.029764 -0.664907 0.745138
49.995000000 5.694187 -1.627804 2.578830 0.041677 0.030515 -0.666980 0.743283
50.000000000 5.694984 -1.628966 2.579376 0.041095 0.031107 -0.669033 0.741443
50.005000000 5.695778 -1.630153 2.579926 0.040488 0.031559 -0.671066 0.739619
50.010000000 5.696570 -1.631366 2.580479 0.039875 0.031896 -0.673076 0.737809
50.015000000 5.697361 -1.632605 2.581035 0.039273 0.032138 -0.675062 0.736014
50.020000000 5.698150 -1.633868 2.581595 0.038696 0.032309 -0.677024 0.734232
50.025000000 5.698938 -1.635157 2.582159 0.038161 0.032430 -0.678960 0.732465
50.030000000 5.699724 -1.636471 2.582727 0.037678 0.032522 -0.680870 0.730711
50.035000000 5.700510 -1.637809 2.583300 0.037259 0.032604 -0.682752 0.728971
50.040000000 5.701295 -1.639173 2.583877 0.036914 0.032696 -0.684604 0.727245
50.045000000 5.702079 -1.640561 2.584460 0.036651 0.032815 -0.686427 0.725533
50.050000000 5.702862 -1.641974 2.585048 0.036476 0.032976 -0.688220 0.723834
50.055000000 5.703645 -1.643412 2.585641 0.036393 0.033196 -0.689981 0.722150
50.060000000 5.704427 -1.644874 2.586241 0.036406 0.033486 -0.691710 0.720480
50.065000000 5.705209 -1.646361 2.586846 0.036516 0.033859 -0.693406 0.718825
50.070000000 5.705990 -1.647874 2.587458 0.036723 0.034323 -0.695068 0.717185
50.075000000 5.706770 -1.649411 2.588077 0.037025 0.034884 -0.696696 0.715560
50.080000000 5.707550 -1.650975 2.588702 0.037418 0.035546 -0.698290 0.713952
50.085000000 5.708330 -1.652564 2.589333 0.037898 0.036312 -0.699849 0.712360
50.090000000 5.709109 -1.654180 2.589972 0.038460 0.037180 -0.701372 0.710785
50.095000000 5.709888 -1.655823 2.590617 0.039096 0.038147 -0.702861 0.709227
50.100000000 5.710667 -1.657494 2.591269 0.039799 0.039210 -0.704314 0.707686
50.105000000 5.711446 -1.659192 2.591927 0.040561 0.040361 -0.705733 0.706163
50.110000000 5.712224 -1.660920 2.592593 0.041371 0.041591 -0.707117 0.704659
50.115000000 5.713003 -1.662677 2.593265 0.042220 0.042893 -0.708467 0.703173
50.120000000 5.713781 -1.664465 2.593943 0.043098 0.044255 -0.709783 0.701707
50.125000000 5.714560 -1.666284 2.594628 0.043996 0.045667 -0.711066 0.700260
50.130000000 5.715339 -1.668135 2.595319 0.044903 0.047117 -0.712316 0.698834
50.135000000 5.716119 -1.670019 2.596017 0.045810 0.048593 -0.713536 0.697429
50.140000000 5.716899 -1.671936 2.596720 0.046706 0.050083 -0.714724 0.696046
50.145000000 5.717679 -1.673888 2.597430 0.047583 0.051573 -0.715883 0.694685
50.150000000 5.718461 -1.675876 2.598145 0.048432 0.053052 -0.717014 0.693347
50.155000000 5.719244 -1.677899 2.598865 0.049245 0.054508 -0.718118 0.692034
50.160000000 5.720028 -1.679960 2.599591 0.050014 0.055929 -0.719196 0.690744
50.165000000 5.720813 -1.682058 2.600322 0.050734 0.057306 -0.720249 0.689480
50.170000000 5.721599 -1.684195 2.601058 0.051399 0.058628 -0.721280 0.688242
50.175000000 5.722388 -1.686371 2.601799 0.052004 0.059887 -0.722288 0.687029
50.180000000 5.723178 -1.688587 2.602544 0.052548 0.061077 -0.723276 0.685843
50.185000000 5.723969 -1.690844 2.603294 0.053026 0.062190 -0.724245 0.684683
50.190000000 5.724763 -1.693141 2.604048 0.053438 0.063221 -0.725195 0.683550
50.195000000 5.725560 -1.695480 2.604806 0.053783 0.064166 -0.726127 0.682444
50.200000000 5.726358 -1.697861 2.605568 0.054063 0.065024 -0.727043 0.681364
50.205000000 5.727159 -1.700284 2.606334 0.054278 0.065791 -0.727944 0.680311
50.210000000 5.727963 -1.702750 2.607104 0.054430 0.066468 -0.728830 0.679284
50.215000000 5.728769 -1.705259 2.607877 0.054522 0.067054 -0.729702 0.678282
50.220000000 5.729578 -1.707812 2.608654 0.054558 0.067551 -0.730560 0.677306
50.225000000 5.730390 -1.710407 2.609434 0.054542 0.067962 -0.731404 0.676354
50.230000000 5.731205 -1.713047 2.610217 0.054477 0.068288 -0.732235 0.675426
50.235000000 5.732024 -1.715729 2.611003 0.054369 0.068533 -0.733054 0.674521
50.240000000 5.732845 -1.718456 2.611793 0.054222 0.068702 -0.733860 0.673640
50.245000000 5.733670 -1.721226 2.612585 0.054043 0.068800 -0.734652 0.672779
50.250000000 5.734497 -1.724040 2.613380 0.053837 0.068834 -0.735432 0.671940
50.255000000 5.735329 -1.726897 2.614177 0.053610 0.068811 -0.736199 0.671120
50.260000000 5.736163 -1.729798 2.614978 0.053367 0.068737 -0.736952 0.670319
50.265000000 5.737001 -1.732742 2.615780 0.053116 0.068619 -0.737693 0.669537
50.270000000 5.737842 -1.735729 2.616586 0.052860 0.068464 -0.738419 0.668772
50.275000000 5.738686 -1.738759 2.617394 0.052607 0.068281 -0.739131 0.668023
50.280000000 5.739534 -1.741832 2.618204 0.052361 0.068077 -0.739829 0.667290
50.285000000 5.740385 -1.744948 2.619017 0.052128 0.067860 -0.740513 0.666572
50.290000000 5.741240 -1.748106 2.619832 0.051912 0.067636 -0.741182 0.665868
50.295000000 5.742097 -1.751306 2.620649 0.051718 0.067414 -0.741835 0.665177
50.300000000 5.742958 -1.754549 2.621469 0.051550 0.067202 -0.742473 0.664500
50.305000000 5.743822 -1.757834 2.622291 0.051411 0.067005 -0.743096 0.663834
50.310000000 5.744689 -1.761160 2.623115 0.051306 0.066831 -0.743702 0.663180
50.315000000 5.745559 -1.764529 2.623941 0.051236 0.066685 -0.744293 0.662538
50.320000000 5.746432 -1.767939 2.624769 0.051203 0.066572 -0.744867 0.661906
50.325000000 5.747308 -1.771390 2.625600 0.051209 0.066498 -0.745425 0.661285
50.330000000 5.748187 -1.774884 2.626432 0.051256 0.066466 -0.745966 0.660674
50.335000000 5.749068 -1.778419 2.627266 0.051343 0.066480 -0.746491 0.660073
50.340000000 5.749953 -1.781995 2.628102 0.051471 0.066542 -0.746999 0.659481
50.345000000 5.750840 -1.785613 2.628940 0.051639 0.066654 -0.747490 0.658900
50.350000000 5.751729 -1.789273 2.629779 0.051846 0.066817 -0.747965 0.658328
50.355000000 5.752621 -1.792974 2.630620 0.052089 0.067030 -0.748423 0.657766
50.360000000 5.753516 -1.796718 2.631463 0.052366 0.067293 -0.748865 0.657214
50.365000000 5.754413 -1.800504 2.632307 0.052675 0.067603 -0.749291 0.656673
50.370000000 5.755312 -1.804332 2.633152 0.053012 0.067960 -0.749700 0.656141
50.375000000 5.756214 -1.808202 2.633999 0.053376 0.068362 -0.750093 0.655620
50.380000000 5.757118 -1.812116 2.634846 0.053763 0.068806 -0.750471 0.655110
50.385000000 5.758024 -1.816072 2.635695 0.054171 0.069292 -0.750832 0.654611
50.390000000 5.758932 -1.820072 2.636544 0.054597 0.069815 -0.751178 0.654122
50.395000000 5.759843 -1.824116 2.637394 0.055038 0.070374 -0.751509 0.653645
50.400000000 5.760756 -1.828204 2.638245 0.055491 0.070965 -0.751825 0.653180
50.405000000 5.761671 -1.832336 2.639097 0.055951 0.071583 -0.752126 0.652727
50.410000000 5.762589 -1.836513 2.639948 0.056415 0.072225 -0.752412 0.652286
50.415000000 5.763509 -1.840735 2.640800 0.056878 0.072883 -0.752685 0.651858
50.420000000 5.764431 -1.845002 2.641652 0.057332 0.073550 -0.752944 0.651443
50.425000000 5.765355 -1.849316 2.642504 0.057772 0.074218 -0.753191 0.651044
50.430000000 5.766282 -1.853675 2.643355 0.058192 0.074878 -0.753425 0.650659
50.435000000 5.767210 -1.858081 2.644205 0.058585 0.075524 -0.753648 0.650291
50.440000000 5.768142 -1.862534 2.645055 0.058946 0.076147 -0.753860 0.649940
50.445000000 5.769075 -1.867034 2.645902 0.059269 0.076739 -0.754062 0.649606
50.450000000 5.770012 -1.871582 2.646749 0.059549 0.077295 -0.754255 0.649291
50.455000000 5.770950 -1.876177 2.647593 0.059781 0.077806 -0.754438 0.648996
50.460000000 5.771892 -1.880820 2.648435 0.059961 0.078266 -0.754613 0.648721
50.465000000 5.772835 -1.885510 2.649274 0.060084 0.078670 -0.754780 0.648466
50.470000000 5.773782 -1.890250 2.650111 0.060148 0.079011 -0.754939 0.648234
50.475000000 5.774731 -1.895037 2.650945 0.060150 0.079286 -0.755091 0.648023
50.480000000 5.775684 -1.899873 2.651775 0.060087 0.079489 -0.755236 0.647835
50.485000000 5.776639 -1.904756 2.652602 0.059959 0.079619 -0.755374 0.647670
50.490000000 5.777597 -1.909689 2.653425 0.059764 0.079673 -0.755505 0.647528
50.495000000 5.778558 -1.914669 2.654243 0.059504 0.079650 -0.755629 0.647410
50.500000000 5.779522 -1.919697 2.655058 0.059178 0.079550 -0.755747 0.647315
50.505000000 5.780490 -1.924773 2.655867 0.058789 0.079373 -0.755856 0.647244
50.510000000 5.781461 -1.929896 2.656672 0.058339 0.079122 -0.755958 0.647196
50.515000000 5.782435 -1.935067 2.657472 0.057833 0.078801 -0.756052 0.647172
50.520000000 5.783413 -1.940285 2.658267 0.057273 0.078413 -0.756136 0.647170
50.525000000 5.784394 -1.945549 2.659056 0.056664 0.077963 -0.756211 0.647191
50.530000000 5.785379 -1.950859 2.659839 0.056011 0.077456 -0.756275 0.647233
50.535000000 5.786367 -1.956215 2.660617 0.055318 0.076896 -0.756329 0.647297
50.540000000 5.787359 -1.961616 2.661389 0.054590 0.076288 -0.756370 0.647383
50.545000000 5.788355 -1.967061 2.662154 0.053832 0.075638 -0.756399 0.647488
50.550000000 5.789355 -1.972551 2.662914 0.053049 0.074951 -0.756415 0.647614
50.555000000 5.790359 -1.978085 2.663666 0.052246 0.074235 -0.756417 0.647760
50.560000000 5.791367 -1.983661 2.664413 0.051430 0.073495 -0.756405 0.647924
50.565000000 5.792379 -1.989280 2.665152 0.050604 0.072738 -0.756377 0.648107
50.570000000 5.793395 -1.994940 2.665884 0.049774 0.071969 -0.756333 0.648308
50.575000000 5.794416 -2.000642 2.666610 0.048946 0.071195 -0.756273 0.648527
50.580000000 5.795440 -2.006384 2.667328 0.048123 0.070423 -0.756196 0.648763
50.585000000 5.796469 -2.012167 2.668039 0.047311 0.069658 -0.756101 0.649016
50.590000000 5.797503 -2.017989 2.668742 0.046514 0.068905 -0.755988 0.649285
50.595000000 5.798541 -2.023850 2.669437 0.045735 0.068170 -0.755856 0.649571
50.600000000 5.799583 -2.029749 2.670125 0.044978 0.067456 -0.755706 0.649873
50.605000000 5.800630 -2.035686 2.670805 0.044246 0.066768 -0.755537 0.650191
50.610000000 5.801682 -2.041661 2.671476 0.043540 0.066109 -0.755349 0.650524
50.615000000 5.802739 -2.047672 2.672139 0.042864 0.065484 -0.755142 0.650873
50.620000000 5.803800 -2.053719 2.672794 0.042218 0.064892 -0.754915 0.651237
50.625000000 5.804866 -2.059802 2.673440 0.041604 0.064337 -0.754669 0.651617
50.630000000 5.805937 -2.065921 2.674077 0.041024 0.063822 -0.754403 0.652013
50.635000000 5.807013 -2.072075 2.674706 0.040477 0.063347 -0.754117 0.652423
50.640000000 5.808094 -2.078263 2.675325 0.039964 0.062913 -0.753812 0.652849
50.645000000 5.809180 -2.084485 2.675934 0.039485 0.062521 -0.753488 0.653290
50.650000000 5.810271 -2.090742 2.676534 0.039039 0.062169 -0.753144 0.653747
50.655000000 5.811368 -2.097032 2.677125 0.038624 0.061857 -0.752781 0.654219
50.660000000 5.812469 -2.103355 2.677705 0.038239 0.061584 -0.752399 0.654707
50.665000000 5.813576 -2.109711 2.678275 0.037883 0.061347 -0.751998 0.655211
50.670000000 5.814689 -2.116100 2.678835 0.037554 0.061146 -0.751577 0.655730
50.675000000 5.815806 -2.122522 2.679384 0.037250 0.060978 -0.751138 0.656266
50.680000000 5.816930 -2.128976 2.679923 0.036969 0.060840 -0.750681 0.656818
50.685000000 5.818059 -2.135462 2.680450 0.036708 0.060730 -0.750206 0.657386
50.690000000 5.819194 -2.141980 2.680966 0.036466 0.060646 -0.749712 0.657970
50.695000000 5.820334 -2.148530 2.681471 0.036240 0.060584 -0.749201 0.658570
50.700000000 5.821480 -2.155112 2.681965 0.036027 0.060542 -0.748672 0.659187
50.705000000 5.822633 -2.161726 2.682446 0.035826 0.060517 -0.748126 0.659820
50.710000000 5.823791 -2.168371 2.682916 0.035636 0.060509 -0.747562 0.660469
50.715000000 5.824955 -2.175047 2.683373 0.035453 0.060513 -0.746981 0.661136
50.720000000 5.826126 -2.181755 2.683818 0.035277 0.060528 -0.746383 0.661819
50.725000000 5.827303 -2.188494 2.684250 0.035104 0.060551 -0.745769 0.662518
50.730000000 5.828486 -2.195264 2.684670 0.034933 0.060578 -0.745137 0.663235
50.735000000 5.829676 -2.202065 2.685076 0.034761 0.060606 -0.744489 0.663968
50.740000000 5.830872 -2.208897 2.685469 0.034584 0.060633 -0.743825 0.664719
50.745000000 5.832075 -2.215760 2.685848 0.034400 0.060653 -0.743145 0.665487
50.750000000 5.833285 -2.222654 2.686214 0.034203 0.060660 -0.742449 0.666273
50.755000000 5.834501 -2.229578 2.686566 0.033989 0.060651 -0.741738 0.667077
50.760000000 5.835724 -2.236533 2.686904 0.033754 0.060618 -0.741011 0.667899
50.765000000 5.836955 -2.243518 2.687227 0.033493 0.060558 -0.740269 0.668739
50.770000000 5.838192 -2.250533 2.687536 0.033202 0.060466 -0.739513 0.669599
50.775000000 5.839437 -2.257579 2.687830 0.032878 0.060336 -0.738742 0.670477
50.780000000 5.840689 -2.264654 2.688109 0.032515 0.060164 -0.737957 0.671374
50.785000000 5.841949 -2.271759 2.688373 0.032111 0.059946 -0.737157 0.672290
50.790000000 5.843216 -2.278894 2.688622 0.031664 0.059679 -0.736344 0.673226
50.795000000 5.844491 -2.286058 2.688856 0.031169 0.059360 -0.735517 0.674180
50.800000000 5.845773 -2.293250 2.689074 0.030625 0.058985 -0.734677 0.675153
50.805000000 5.847063 -2.300471 2.689276 0.030030 0.058553 -0.733824 0.676145
50.810000000 5.848361 -2.307720 2.689462 0.029384 0.058063 -0.732957 0.677155
50.815000000 5.849668 -2.314997 2.689633 0.028685 0.057513 -0.732078 0.678183
50.820000000 5.850982 -2.322301 2.689787 0.027933 0.056904 -0.731185 0.679228
50.825000000 5.852304 -2.329632 2.689925 0.027130 0.056237 -0.730279 0.680289
50.830000000 5.853635 -2.336989 2.690047 0.026275 0.055512 -0.729360 0.681368
50.835000000 5.854974 -2.344372 2.690152 0.025371 0.054733 -0.728427 0.682462
50.840000000 5.856322 -2.351780 2.690240 0.024419 0.053902 -0.727481 0.683571
50.845000000 5.857678 -2.359213 2.690312 0.023423 0.053021 -0.726521 0.684695
50.850000000 5.859043 -2.366669 2.690367 0.022389 0.052089 -0.725547 0.685833
50.855000000 5.860416 -2.374149 2.690406 0.021327 0.051098 -0.724559 0.686985
50.860000000 5.861799 -2.381651 2.690430 0.020243 0.050043 -0.723558 0.688149
50.865000000 5.863190 -2.389176 2.690438 0.019148 0.048922 -0.722543 0.689327
50.870000000 5.864591 -2.396721 2.690430 0.018047 0.047732 -0.721515 0.690516
50.875000000 5.866000 -2.404287 2.690407 0.016950 0.046474 -0.720472 0.691717
50.880000000 5.867418 -2.411873 2.690370 0.015861 0.045150 -0.719416 0.692929
50.885000000 5.868845 -2.419477 2.690317 0.014788 0.043760 -0.718345 0.694151
50.890000000 5.870282 -2.427099 2.690249 0.013735 0.042309 -0.717261 0.695383
50.895000000 5.871727 -2.434739 2.690167 0.012705 0.040799 -0.716163 0.696624
50.900000000 5.873180 -2.442395 2.690071 0.011702 0.039236 -0.715050 0.697873
50.905000000 5.874643 -2.450066 2.689960 0.010730 0.037626 -0.713924 0.699129
50.910000000 5.876113 -2.457752 2.689834 0.009791 0.035976 -0.712784 0.700392
50.915000000 5.877592 -2.465452 2.689694 0.008887 0.034293 -0.711631 0.701660
50.920000000 5.879079 -2.473165 2.689540 0.008018 0.032585 -0.710463 0.702934
50.925000000 5.880573 -2.480890 2.689371 0.007186 0.030860 -0.709282 0.704212
50.930000000 5.882075 -2.488625 2.689187 0.006391 0.029126 -0.708088 0.705494
50.935000000 5.883584 -2.496371 2.688990 0.005631 0.027390 -0.706881 0.706780
50.940000000 5.885100 -2.504127 2.688777 0.004906 0.025660 -0.705660 0.708069
50.945000000 5.886622 -2.511891 2.688551 0.004213 0.023943 -0.704428 0.709359
50.950000000 5.888151 -2.519663 2.688310 0.003549 0.022246 -0.703183 0.710652
50.955000000 5.889686 -2.527442 2.688054 0.002914 0.020575 -0.701927 0.711946
50.960000000 5.891226 -2.535228 2.687784 0.002303 0.018937 -0.700659 0.713241
50.965000000 5.892771 -2.543019 2.687499 0.001714 0.017338 -0.699382 0.714536
50.970000000 5.894321 -2.550814 2.687199 0.001145 0.015782 -0.698094 0.715831
50.975000000 5.895876 -2.558614 2.686885 0.000591 0.014274 -0.696797 0.717126
50.980000000 5.897435 -2.566418 2.686556 0.000050 0.012818 -0.695491 0.718420
50.985000000 5.898998 -2.574224 2.686212 -0.000482 0.011417 -0.694178 0.719712
50.990000000 5.900565 -2.582032 2.685853 -0.001007 0.010074 -0.692858 0.721003
50.995000000 5.902135 -2.589842 2.685479 -0.001528 0.008792 -0.691531 0.722291
51.000000000 5.903708 -2.597652 2.685090 -0.002047 0.007573 -0.690199 0.723577
51.005000000 5.905284 -2.605464 2.684686 -0.002567 0.006418 -0.688861 0.724860
51.010000000 5.906863 -2.613274 2.684266 -0.003091 0.005327 -0.687519 0.726141
51.015000000 5.908444 -2.621085 2.683831 -0.003619 0.004300 -0.686172 0.727418
51.020000000 5.910027 -2.628894 2.683381 -0.004154 0.003336 -0.684822 0.728691
51.025000000 5.911613 -2.636701 2.682915 -0.004697 0.002435 -0.683468 0.729961
51.030000000 5.913201 -2.644506 2.682433 -0.005250 0.001592 -0.682113 0.731226
51.035000000 5.914791 -2.652309 2.681936 -0.005814 0.000806 -0.680756 0.732487
51.040000000 5.916382 -2.660108 2.681423 -0.006390 0.000073 -0.679397 0.733743
51.045000000 5.917975 -2.667904 2.680893 -0.006979 -0.000609 -0.678037 0.734994
51.050000000 5.919570 -2.675696 2.680348 -0.007581 -0.001245 -0.676678 0.736239
51.055000000 5.921167 -2.683484 2.679787 -0.008195 -0.001837 -0.675318 0.737479
51.060000000 5.922765 -2.691267 2.679209 -0.008821 -0.002390 -0.673959 0.738713
51.065000000 5.924365 -2.699045 2.678615 -0.009458 -0.002907 -0.672600 0.739940
51.070000000 5.925966 -2.706818 2.678004 -0.010107 -0.003394 -0.671243 0.741161
51.075000000 5.927569 -2.714585 2.677377 -0.010766 -0.003855 -0.669887 0.742375
51.080000000 5.929174 -2.722346 2.676733 -0.011436 -0.004295 -0.668532 0.743583
51.085000000 5.930781 -2.730100 2.676073 -0.012113 -0.004717 -0.667180 0.744783
51.090000000 5.932389 -2.737847 2.675395 -0.012798 -0.005125 -0.665829 0.745977
51.095000000 5.933999 -2.745587 2.674701 -0.013488 -0.005523 -0.664481 0.747163
51.100000000 5.935612 -2.753320 2.673989 -0.014181 -0.005913 -0.663136 0.748341
51.105000000 5.937226 -2.761044 2.673261 -0.014877 -0.006301 -0.661794 0.749512
51.110000000 5.938842 -2.768760 2.672515 -0.015573 -0.006688 -0.660454 0.750675
51.115000000 5.940460 -2.776468 2.671751 -0.016270 -0.007079 -0.659118 0.751830
51.120000000 5.942081 -2.784166 2.670971 -0.016964 -0.007474 -0.657785 0.752978
51.125000000 5.943704 -2.791855 2.670172 -0.017655 -0.007872 -0.656456 0.754117
51.130000000 5.945329 -2.799535 2.669357 -0.018341 -0.008274 -0.655130 0.755248
51.135000000 5.946956 -2.807204 2.668524 -0.019021 -0.008676 -0.653808 0.756372
51.140000000 5.948586 -2.814863 2.667674 -0.019695 -0.009076 -0.652490 0.757487
51.145000000 5.950219 -2.822511 2.666807 -0.020361 -0.009472 -0.651177 0.758593
51.150000000 5.951853 -2.830147 2.665924 -0.021019 -0.009859 -0.649869 0.759692
51.155000000 5.953491 -2.837773 2.665024 -0.021668 -0.010233 -0.648566 0.760781
51.160000000 5.955131 -2.845386 2.664107 -0.022308 -0.010590 -0.647268 0.761862
51.165000000 5.956773 -2.852987 2.663175 -0.022938 -0.010924 -0.645976 0.762934
51.170000000 5.958419 -2.860576 2.662226 -0.023559 -0.011232 -0.644690 0.763998
51.175000000 5.960067 -2.868151 2.661262 -0.024170 -0.011507 -0.643410 0.765054
51.180000000 5.961718 -2.875714 2.660283 -0.024772 -0.011747 -0.642136 0.766100
51.185000000 5.963371 -2.883263 2.659289 -0.025364 -0.011946 -0.640869 0.767138
51.190000000 5.965028 -2.890798 2.658279 -0.025946 -0.012101 -0.639610 0.768166
51.195000000 5.966688 -2.898319 2.657256 -0.026519 -0.012208 -0.638358 0.769186
51.200000000 5.968351 -2.905826 2.656218 -0.027083 -0.012263 -0.637114 0.770196
51.205000000 5.970018 -2.913318 2.655166 -0.027639 -0.012264 -0.635877 0.771198
51.210000000 5.971687 -2.920796 2.654101 -0.028186 -0.012209 -0.634649 0.772190
51.215000000 5.973361 -2.928258 2.653022 -0.028726 -0.012096 -0.633429 0.773173
51.220000000 5.975038 -2.935706 2.651930 -0.029260 -0.011924 -0.632218 0.774146
51.225000000 5.976720 -2.943138 2.650826 -0.029787 -0.011693 -0.631015 0.775110
51.230000000 5.978406 -2.950555 2.649709 -0.030310 -0.011405 -0.629821 0.776065
51.235000000 5.980096 -2.957956 2.648580 -0.030828 -0.011059 -0.628637 0.777009
51.240000000 5.981791 -2.965342 2.647440 -0.031343 -0.010659 -0.627461 0.777944
51.245000000 5.983491 -2.972711 2.646288 -0.031855 -0.010206 -0.626295 0.778868
51.250000000 5.985196 -2.980065 2.645125 -0.032366 -0.009702 -0.625138 0.779782
51.255000000 5.986907 -2.987403 2.643951 -0.032876 -0.009152 -0.623991 0.780686
51.260000000 5.988624 -2.994725 2.642767 -0.033386 -0.008557 -0.622853 0.781579
51.265000000 5.990347 -3.002031 2.641573 -0.033895 -0.007921 -0.621725 0.782462
51.270000000 5.992078 -3.009321 2.640368 -0.034406 -0.007249 -0.620606 0.783334
51.275000000 5.993815 -3.016595 2.639155 -0.034918 -0.006545 -0.619497 0.784195
51.280000000 5.995560 -3.023853 2.637932 -0.035431 -0.005812 -0.618397 0.785045
51.285000000 5.997312 -3.031094 2.636700 -0.035946 -0.005055 -0.617307 0.785884
51.290000000 5.999073 -3.038320 2.635460 -0.036463 -0.004279 -0.616228 0.786712
51.295000000 6.000843 -3.045530 2.634212 -0.036983 -0.003488 -0.615158 0.787528
51.300000000 6.002622 -3.052723 2.632955 -0.037505 -0.002687 -0.614099 0.788333
51.305000000 6.004411 -3.059901 2.631691 -0.038030 -0.001880 -0.613049 0.789127
51.310000000 6.006210 -3.067062 2.630420 -0.038558 -0.001072 -0.612010 0.789909
51.315000000 6.008019 -3.074208 2.629141 -0.039089 -0.000269 -0.610981 0.790679
51.320000000 6.009840 -3.081337 2.627856 -0.039623 0.000527 -0.609963 0.791438
51.325000000 6.011671 -3.088451 2.626564 -0.040160 0.001312 -0.608956 0.792186
51.330000000 6.013515 -3.095548 2.625266 -0.040700 0.002084 -0.607959 0.792922
51.335000000 6.015371 -3.102630 2.623963 -0.041242 0.002839 -0.606973 0.793647
51.340000000 6.017240 -3.109695 2.622653 -0.041786 0.003576 -0.605998 0.794360
51.345000000 6.019123 -3.116745 2.621339 -0.042332 0.004291 -0.605035 0.795061
51.350000000 6.021019 -3.123778 2.620019 -0.042879 0.004984 -0.604083 0.795752
51.355000000 6.022929 -3.130795 2.618695 -0.043428 0.005653 -0.603142 0.796431
51.360000000 6.024853 -3.137796 2.617366 -0.043978 0.006296 -0.602213 0.797099
51.365000000 6.026793 -3.144781 2.616033 -0.044529 0.006911 -0.601295 0.797755
51.370000000 6.028747 -3.151749 2.614696 -0.045080 0.007498 -0.600390 0.798400
51.375000000 6.030718 -3.158701 2.613356 -0.045632 0.008057 -0.599497 0.799034
51.380000000 6.032705 -3.165637 2.612012 -0.046184 0.008586 -0.598617 0.799657
51.385000000 6.034708 -3.172556 2.610665 -0.046736 0.009086 -0.597749 0.800269
51.390000000 6.036727 -3.179458 2.609315 -0.047287 0.009560 -0.596893 0.800869
51.395000000 6.038764 -3.186344 2.607962 -0.047838 0.010009 -0.596050 0.801458
51.400000000 6.040819 -3.193213 2.606607 -0.048389 0.010435 -0.595220 0.802037
51.405000000 6.042891 -3.200064 2.605251 -0.048939 0.010842 -0.594402 0.802604
51.410000000 6.044982 -3.206899 2.603892 -0.049489 0.011233 -0.593598 0.803160
51.415000000 6.047091 -3.213716 2.602532 -0.050038 0.011611 -0.592807 0.803705
51.420000000 6.049219 -3.220516 2.601170 -0.050586 0.011980 -0.592029 0.804239
51.425000000 6.051365 -3.227299 2.599807 -0.051134 0.012345 -0.591264 0.804761
51.430000000 6.053531 -3.234063 2.598443 -0.051681 0.012708 -0.590513 0.805271
51.435000000 6.055717 -3.240810 2.597078 -0.052228 0.013074 -0.589775 0.805771
51.440000000 6.057923 -3.247539 2.595713 -0.052776 0.013446 -0.589051 0.806258
51.445000000 6.060149 -3.254250 2.594348 -0.053323 0.013828 -0.588341 0.806734
51.450000000 6.062396 -3.260943 2.592983 -0.053871 0.014225 -0.587644 0.807199
51.455000000 6.064664 -3.267617 2.591617 -0.054421 0.014641 -0.586961 0.807651
51.460000000 6.066953 -3.274273 2.590252 -0.054971 0.015080 -0.586292 0.808092
51.465000000 6.069263 -3.280910 2.588888 -0.055522 0.015545 -0.585636 0.808521
51.470000000 6.071596 -3.287528 2.587524 -0.056075 0.016039 -0.584994 0.808938
51.475000000 6.073951 -3.294128 2.586162 -0.056630 0.016564 -0.584365 0.809343
51.480000000 6.076328 -3.300708 2.584800 -0.057186 0.017121 -0.583749 0.809737
51.485000000 6.078729 -3.307270 2.583440 -0.057743 0.017712 -0.583147 0.810118
51.490000000 6.081153 -3.313812 2.582081 -0.058303 0.018339 -0.582558 0.810488
51.495000000 6.083601 -3.320335 2.580725 -0.058864 0.019001 -0.581983 0.810845
51.500000000 6.086073 -3.326839 2.579370 -0.059427 0.019698 -0.581420 0.811191
51.505000000 6.088570 -3.333324 2.578017 -0.059991 0.020428 -0.580871 0.811525
51.510000000 6.091093 -3.339789 2.576666 -0.060557 0.021193 -0.580334 0.811847
51.515000000 6.093641 -3.346235 2.575318 -0.061125 0.021990 -0.579810 0.812158
51.520000000 6.096215 -3.352662 2.573973 -0.061694 0.022819 -0.579298 0.812457
51.525000000 6.098816 -3.359069 2.572631 -0.062265 0.023679 -0.578799 0.812745
51.530000000 6.101445 -3.365456 2.571292 -0.062837 0.024566 -0.578311 0.813022
51.535000000 6.104101 -3.371824 2.569956 -0.063410 0.025479 -0.577836 0.813287
51.540000000 6.106786 -3.378173 2.568623 -0.063985 0.026413 -0.577372 0.813542
51.545000000 6.109499 -3.384502 2.567295 -0.064560 0.027367 -0.576919 0.813786
51.550000000 6.112243 -3.390812 2.565970 -0.065135 0.028336 -0.576478 0.814019
51.555000000 6.115016 -3.397103 2.564649 -0.065711 0.029317 -0.576048 0.814243
51.560000000 6.117820 -3.403374 2.563332 -0.066286 0.030307 -0.575629 0.814456
51.565000000 6.120655 -3.409625 2.562020 -0.066861 0.031304 -0.575221 0.814660
51.570000000 6.123522 -3.415857 2.560712 -0.067436 0.032302 -0.574823 0.814854
51.575000000 6.126421 -3.422070 2.559410 -0.068010 0.033300 -0.574436 0.815039
51.580000000 6.129354 -3.428264 2.558112 -0.068583 0.034294 -0.574059 0.815216
51.585000000 6.132320 -3.434438 2.556819 -0.069154 0.035279 -0.573692 0.815384
51.590000000 6.135320 -3.440593 2.555532 -0.069724 0.036252 -0.573336 0.815543
51.595000000 6.138355 -3.446729 2.554250 -0.070292 0.037212 -0.572989 0.815695
51.600000000 6.141426 -3.452846 2.552974 -0.070858 0.038156 -0.572652 0.815839
51.605000000 6.144533 -3.458943 2.551704 -0.071422 0.039082 -0.572325 0.815975
51.610000000 6.147676 -3.465022 2.550441 -0.071984 0.039989 -0.572007 0.816105
51.615000000 6.150856 -3.471081 2.549183 -0.072544 0.040874 -0.571699 0.816227
51.620000000 6.154074 -3.477120 2.547932 -0.073102 0.041739 -0.571400 0.816343
51.625000000 6.157331 -3.483141 2.546688 -0.073658 0.042581 -0.571110 0.816452
51.630000000 6.160626 -3.489142 2.545451 -0.074212 0.043399 -0.570830 0.816555
51.635000000 6.163960 -3.495125 2.544221 -0.074764 0.044193 -0.570559 0.816652
51.640000000 6.167334 -3.501087 2.542998 -0.075313 0.044961 -0.570297 0.816742
51.645000000 6.170749 -3.507031 2.541782 -0.075859 0.045704 -0.570044 0.816827
51.650000000 6.174205 -3.512955 2.540575 -0.076403 0.046421 -0.569800 0.816906
51.655000000 6.177702 -3.518860 2.539375 -0.076944 0.047115 -0.569564 0.816980
51.660000000 6.181240 -3.524745 2.538184 -0.077483 0.047785 -0.569338 0.817048
51.665000000 6.184821 -3.530611 2.537001 -0.078019 0.048433 -0.569120 0.817111
51.670000000 6.188445 -3.536458 2.535826 -0.078550 0.049056 -0.568911 0.817168
51.675000000 6.192112 -3.542284 2.534660 -0.079074 0.049655 -0.568710 0.817221
51.680000000 6.195823 -3.548091 2.533503 -0.079587 0.050225 -0.568519 0.817270
51.685000000 6.199578 -3.553879 2.532354 -0.080086 0.050766 -0.568336 0.817314
51.690000000 6.203377 -3.559646 2.531215 -0.080566 0.051273 -0.568163 0.817356
51.695000000 6.207221 -3.565394 2.530084 -0.081024 0.051743 -0.567999 0.817395
51.700000000 6.211110 -3.571122 2.528963 -0.081454 0.052171 -0.567844 0.817433
51.705000000 6.215045 -3.576829 2.527851 -0.081852 0.052555 -0.567699 0.817469
51.710000000 6.219025 -3.582517 2.526748 -0.082213 0.052891 -0.567564 0.817505
51.715000000 6.223051 -3.588184 2.525654 -0.082533 0.053175 -0.567439 0.817541
51.720000000 6.227124 -3.593831 2.524570 -0.082808 0.053402 -0.567324 0.817579
51.725000000 6.231243 -3.599458 2.523495 -0.083033 0.053570 -0.567219 0.817618
51.730000000 6.235408 -3.605065 2.522429 -0.083206 0.053675 -0.567124 0.817659
51.735000000 6.239621 -3.610651 2.521373 -0.083324 0.053716 -0.567039 0.817703
51.740000000 6.243879 -3.616217 2.520326 -0.083385 0.053692 -0.566965 0.817750
51.745000000 6.248185 -3.621762 2.519289 -0.083387 0.053601 -0.566900 0.817800
51.750000000 6.252537 -3.627287 2.518262 -0.083329 0.053445 -0.566846 0.817854
51.755000000 6.256936 -3.632791 2.517244 -0.083211 0.053224 -0.566802 0.817911
51.760000000 6.261382 -3.638275 2.516236 -0.083032 0.052936 -0.566767 0.817972
51.765000000 6.265873 -3.643738 2.515238 -0.082794 0.052583 -0.566742 0.818036
51.770000000 6.270411 -3.649181 2.514250 -0.082497 0.052166 -0.566726 0.818104
51.775000000 6.274995 -3.654603 2.513272 -0.082143 0.051689 -0.566719 0.818175
51.780000000 6.279624 -3.660004 2.512304 -0.081735 0.051153 -0.566720 0.818249
51.785000000 6.284298 -3.665385 2.511346 -0.081275 0.050563 -0.566729 0.818325
51.790000000 6.289017 -3.670746 2.510399 -0.080768 0.049925 -0.566746 0.818403
51.795000000 6.293780 -3.676086 2.509463 -0.080216 0.049241 -0.566770 0.818482
51.800000000 6.298588 -3.681405 2.508538 -0.079625 0.048518 -0.566801 0.818561
51.805000000 6.303438 -3.686704 2.507623 -0.078998 0.047759 -0.566838 0.818641
51.810000000 6.308332 -3.691982 2.506719 -0.078340 0.046969 -0.566881 0.818720
51.815000000 6.313268 -3.697240 2.505827 -0.077655 0.046152 -0.566929 0.818799
51.820000000 6.318246 -3.702478 2.504946 -0.076947 0.045313 -0.566982 0.818875
51.825000000 6.323266 -3.707695 2.504077 -0.076223 0.044457 -0.567040 0.818950
51.830000000 6.328326 -3.712893 2.503219 -0.075485 0.043588 -0.567101 0.819023
51.835000000 6.333426 -3.718070 2.502374 -0.074741 0.042711 -0.567167 0.819092
51.840000000 6.338566 -3.723226 2.501540 -0.073993 0.041832 -0.567235 0.819158
51.845000000 6.343745 -3.728363 2.500719 -0.073246 0.040954 -0.567306 0.819220
51.850000000 6.348962 -3.733480 2.499910 -0.072505 0.040082 -0.567380 0.819278
51.855000000 6.354218 -3.738577 2.499114 -0.071774 0.039221 -0.567456 0.819331
51.860000000 6.359510 -3.743653 2.498330 -0.071056 0.038376 -0.567534 0.819380
51.865000000 6.364839 -3.748710 2.497560 -0.070356 0.037548 -0.567614 0.819423
51.870000000 6.370204 -3.753748 2.496802 -0.069676 0.036742 -0.567695 0.819462
51.875000000 6.375605 -3.758765 2.496058 -0.069019 0.035959 -0.567778 0.819495
51.880000000 6.381041 -3.763763 2.495328 -0.068387 0.035202 -0.567862 0.819523
51.885000000 6.386512 -3.768740 2.494611 -0.067783 0.034473 -0.567946 0.819545
51.890000000 6.392016 -3.773699 2.493908 -0.067207 0.033773 -0.568032 0.819563
51.895000000 6.397554 -3.778637 2.493219 -0.066661 0.033102 -0.568118 0.819575
51.900000000 6.403126 -3.783557 2.492544 -0.066146 0.032462 -0.568204 0.819582
51.905000000 6.408730 -3.788456 2.491883 -0.065663 0.031854 -0.568291 0.819585
51.910000000 6.414367 -3.793336 2.491237 -0.065212 0.031277 -0.568378 0.819582
51.915000000 6.420035 -3.798197 2.490606 -0.064792 0.030732 -0.568466 0.819576
51.920000000 6.425735 -3.803038 2.489989 -0.064403 0.030218 -0.568553 0.819565
51.925000000 6.431467 -3.807859 2.489387 -0.064045 0.029732 -0.568641 0.819550
51.930000000 6.437229 -3.812661 2.488799 -0.063715 0.029273 -0.568728 0.819531
51.935000000 6.443022 -3.817444 2.488227 -0.063412 0.028839 -0.568816 0.819510
51.940000000 6.448846 -3.822207 2.487670 -0.063134 0.028425 -0.568902 0.819485
51.945000000 6.454700 -3.826950 2.487129 -0.062878 0.028028 -0.568989 0.819458
51.950000000 6.460584 -3.831675 2.486602 -0.062640 0.027640 -0.569075 0.819430
51.955000000 6.466497 -3.836379 2.486091 -0.062418 0.027255 -0.569161 0.819400
51.960000000 6.472440 -3.841064 2.485595 -0.062205 0.026862 -0.569246 0.819370
51.965000000 6.478412 -3.845730 2.485114 -0.061998 0.026452 -0.569330 0.819341
51.970000000 6.484413 -3.850376 2.484649 -0.061791 0.026015 -0.569414 0.819312
51.975000000 6.490443 -3.855002 2.484198 -0.061581 0.025541 -0.569497 0.819286
51.980000000 6.496501 -3.859609 2.483763 -0.061361 0.025022 -0.569578 0.819261
51.985000000 6.502587 -3.864196 2.483342 -0.061129 0.024447 -0.569659 0.819240
51.990000000 6.508701 -3.868764 2.482937 -0.060879 0.023808 -0.569739 0.819222
51.995000000 6.514843 -3.873312 2.482546 -0.060609 0.023098 -0.569817 0.819208
52.000000000 6.521011 -3.877839 2.482170 -0.060314 0.022308 -0.569894 0.819198
52.005000000 6.527206 -3.882347 2.481809 -0.059991 0.021432 -0.569970 0.819192
52.010000000 6.533427 -3.886835 2.481462 -0.059637 0.020465 -0.570044 0.819191
52.015000000 6.539674 -3.891302 2.481130 -0.059251 0.019401 -0.570117 0.819195
52.020000000 6.545945 -3.895749 2.480812 -0.058830 0.018236 -0.570187 0.819203
52.025000000 6.552241 -3.900176 2.480509 -0.058373 0.016969 -0.570256 0.819215
52.030000000 6.558560 -3.904582 2.480219 -0.057878 0.015596 -0.570322 0.819231
52.035000000 6.564903 -3.908967 2.479944 -0.057347 0.014119 -0.570387 0.819250
52.040000000 6.571267 -3.913331 2.479684 -0.056779 0.012540 -0.570448 0.819273
52.045000000 6.577653 -3.917674 2.479437 -0.056175 0.010861 -0.570507 0.819297
52.050000000 6.584058 -3.921995 2.479204 -0.055537 0.009085 -0.570563 0.819323
52.055000000 6.590484 -3.926295 2.478985 -0.054867 0.007218 -0.570616 0.819350
52.060000000 6.596927 -3.930572 2.478781 -0.054166 0.005266 -0.570667 0.819377
52.065000000 6.603388 -3.934827 2.478590 -0.053438 0.003235 -0.570713 0.819402
52.070000000 6.609865 -3.939060 2.478413 -0.052686 0.001130 -0.570757 0.819426
52.075000000 6.616357 -3.943269 2.478250 -0.051912 -0.001039 -0.570798 0.819447
52.080000000 6.622863 -3.947456 2.478101 -0.051121 -0.003263 -0.570835 0.819465
52.085000000 6.629382 -3.951619 2.477966 -0.050316 -0.005535 -0.570869 0.819479
52.090000000 6.635912 -3.955758 2.477845 -0.049501 -0.007844 -0.570900 0.819488
52.095000000 6.642452 -3.959873 2.477738 -0.048680 -0.010181 -0.570928 0.819492
52.100000000 6.649002 -3.963964 2.477644 -0.047857 -0.012539 -0.570954 0.819490
52.105000000 6.655559 -3.968029 2.477565 -0.047035 -0.014907 -0.570977 0.819482
52.110000000 6.662123 -3.972070 2.477499 -0.046218 -0.017278 -0.570998 0.819467
52.115000000 6.668692 -3.976085 2.477447 -0.045411 -0.019641 -0.571017 0.819446
52.120000000 6.675265 -3.980074 2.477409 -0.044616 -0.021989 -0.571035 0.819417
52.125000000 6.681841 -3.984037 2.477385 -0.043837 -0.024312 -0.571052 0.819382
52.130000000 6.688419 -3.987973 2.477374 -0.043077 -0.026603 -0.571069 0.819340
52.135000000 6.694996 -3.991883 2.477378 -0.042339 -0.028856 -0.571085 0.819291
52.140000000 6.701573 -3.995765 2.477394 -0.041627 -0.031064 -0.571101 0.819235
52.145000000 6.708148 -3.999619 2.477425 -0.040941 -0.033221 -0.571117 0.819173
52.150000000 6.714720 -4.003446 2.477469 -0.040285 -0.035322 -0.571135 0.819106
52.155000000 6.721288 -4.007244 2.477527 -0.039661 -0.037391 -0.571155 0.819031
52.160000000 6.727851 -4.011014 2.477593 -0.039071 -0.039642 -0.571183 0.818933
52.165000000 6.734407 -4.014756 2.477665 -0.038495 -0.042325 -0.571228 0.818795
52.170000000 6.740956 -4.018469 2.477741 -0.037894 -0.045631 -0.571295 0.818599
52.175000000 6.747497 -4.022153 2.477818 -0.037219 -0.049697 -0.571385 0.818330
52.180000000 6.754026 -4.025808 2.477897 -0.036414 -0.054616 -0.571498 0.817974
52.185000000 6.760542 -4.029431 2.477979 -0.035429 -0.060444 -0.571631 0.817514
52.190000000 6.767043 -4.033022 2.478063 -0.034216 -0.067204 -0.571775 0.816937
52.195000000 6.773525 -4.036579 2.478151 -0.032740 -0.074892 -0.571923 0.816225
52.200000000 6.779984 -4.040100 2.478243 -0.030973 -0.083481 -0.572063 0.815362
52.205000000 6.786417 -4.043583 2.478340 -0.028901 -0.092922 -0.572182 0.814333
52.210000000 6.792818 -4.047027 2.478442 -0.026518 -0.103148 -0.572267 0.813122
52.215000000 6.799183 -4.050429 2.478549 -0.023831 -0.114077 -0.572306 0.811717
52.220000000 6.805506 -4.053786 2.478663 -0.020855 -0.125613 -0.572288 0.810107
52.225000000 6.811782 -4.057097 2.478782 -0.017611 -0.137647 -0.572204 0.808286
52.230000000 6.818004 -4.060359 2.478906 -0.014129 -0.150061 -0.572048 0.806253
52.235000000 6.824166 -4.063570 2.479035 -0.010442 -0.162732 -0.571817 0.804012
52.240000000 6.830261 -4.066727 2.479168 -0.006588 -0.175529 -0.571513 0.801573
52.245000000 6.836283 -4.069827 2.479303 -0.002619 -0.188305 -0.571144 0.798955
52.250000000 6.842228 -4.072871 2.479431 0.001251 -0.200691 -0.570756 0.796215
52.255000000 6.848094 -4.075859 2.479537 0.004789 -0.212233 -0.570420 0.793445
52.260000000 6.853879 -4.078792 2.479614 0.007878 -0.222573 -0.570190 0.790748
52.265000000 6.859579 -4.081668 2.479653 0.010482 -0.231434 -0.570112 0.788226
52.270000000 6.865193 -4.084488 2.479650 0.012613 -0.238608 -0.570217 0.785977
52.275000000 6.870718 -4.087250 2.479602 0.014312 -0.243936 -0.570527 0.784085
52.280000000 6.876153 -4.089955 2.479506 0.015629 -0.247306 -0.571053 0.782620
52.285000000 6.881497 -4.092601 2.479361 0.016612 -0.248640 -0.571796 0.781634
52.290000000 6.886750 -4.095190 2.479165 0.017300 -0.247891 -0.572752 0.781157
52.295000000 6.891913 -4.097722 2.478917 0.017718 -0.245038 -0.573909 0.781198
52.300000000 6.896986 -4.100198 2.478618 0.017886 -0.240093 -0.575245 0.781747
52.305000000 6.901971 -4.102619 2.478268 0.017829 -0.233104 -0.576725 0.782773
52.310000000 6.906872 -4.104987 2.477868 0.017568 -0.224148 -0.578308 0.784225
52.315000000 6.911690 -4.107304 2.477421 0.017111 -0.213323 -0.579949 0.786040
52.320000000 6.916430 -4.109572 2.476928 0.016462 -0.200750 -0.581599 0.788144
52.325000000 6.921095 -4.111794 2.476392 0.015618 -0.186570 -0.583205 0.790455
52.330000000 6.925690 -4.113974 2.475816 0.014575 -0.170945 -0.584718 0.792887
52.335000000 6.930222 -4.116114 2.475204 0.013328 -0.154053 -0.586088 0.795356
52.340000000 6.934694 -4.118218 2.474560 0.011875 -0.136089 -0.587268 0.797781
52.345000000 6.939114 -4.120290 2.473886 0.010218 -0.117264 -0.588219 0.800089
52.350000000 6.943489 -4.122334 2.473188 0.008364 -0.097795 -0.588908 0.802218
52.355000000 6.947825 -4.124355 2.472470 0.006323 -0.077909 -0.589309 0.804117
52.360000000 6.952129 -4.126357 2.471734 0.004115 -0.057836 -0.589410 0.805751
52.365000000 6.956411 -4.128345 2.470986 0.001763 -0.037803 -0.589206 0.807096
52.370000000 6.960677 -4.130322 2.470228 -0.000704 -0.018034 -0.588703 0.808148
52.375000000 6.964936 -4.132293 2.469464 -0.003250 0.001256 -0.587919 0.808913
52.380000000 6.969196 -4.134264 2.468696 -0.005838 0.019863 -0.586880 0.809410
52.385000000 6.973464 -4.136238 2.467928 -0.008427 0.037602 -0.585620 0.809669
52.390000000 6.977750 -4.138219 2.467161 -0.010974 0.054302 -0.584180 0.809731
52.395000000 6.982061 -4.140211 2.466396 -0.013436 0.069814 -0.582606 0.809639
52.400000000 6.986403 -4.142218 2.465635 -0.015770 0.084010 -0.580946 0.809441
52.405000000 6.990784 -4.144242 2.464879 -0.017936 0.096787 -0.579248 0.809186
52.410000000 6.995210 -4.146288 2.464128 -0.019894 0.108061 -0.577560 0.808920
52.415000000 6.999686 -4.148358 2.463381 -0.021610 0.117774 -0.575926 0.808685
52.420000000 7.004217 -4.150453 2.462640 -0.023055 0.125891 -0.574385 0.808518
52.425000000 7.008807 -4.152575 2.461905 -0.024202 0.132395 -0.572972 0.808449
52.430000000 7.013459 -4.154727 2.461174 -0.025033 0.137292 -0.571712 0.808498
52.435000000 7.018176 -4.156909 2.460448 -0.025533 0.140607 -0.570627 0.808680
52.440000000 7.022959 -4.159121 2.459728 -0.025696 0.142381 -0.569728 0.808998
52.445000000 7.027809 -4.161365 2.459012 -0.025519 0.142674 -0.569021 0.809449
52.450000000 7.032727 -4.163640 2.458302 -0.025009 0.141557 -0.568506 0.810023
52.455000000 7.037711 -4.165946 2.457598 -0.024176 0.139116 -0.568174 0.810704
52.460000000 7.042762 -4.168283 2.456900 -0.023036 0.135447 -0.568014 0.811470
52.465000000 7.047876 -4.170650 2.456210 -0.021612 0.130658 -0.568011 0.812296
52.470000000 7.053051 -4.173047 2.455527 -0.019930 0.124861 -0.568145 0.813157
52.475000000 7.058285 -4.175473 2.454854 -0.018019 0.118179 -0.568396 0.814024
52.480000000 7.063575 -4.177925 2.454191 -0.015913 0.110734 -0.568743 0.814872
52.485000000 7.068916 -4.180404 2.453540 -0.013648 0.102655 -0.569166 0.815675
52.490000000 7.074304 -4.182907 2.452901 -0.011261 0.094074 -0.569645 0.816411
52.495000000 7.079736 -4.185433 2.452277 -0.008790 0.085120 -0.570162 0.817063
52.500000000 7.085206 -4.187981 2.451667 -0.006272 0.075921 -0.570703 0.817616
52.505000000 7.090711 -4.190549 2.451075 -0.003746 0.066604 -0.571253 0.818059
52.510000000 7.096244 -4.193135 2.450500 -0.001248 0.057290 -0.571804 0.818387
52.515000000 7.101803 -4.195737 2.449943 0.001189 0.048095 -0.572348 0.818598
52.520000000 7.107381 -4.198354 2.449406 0.003533 0.039129 -0.572882 0.818696
52.525000000 7.112974 -4.200985 2.448889 0.005755 0.030493 -0.573403 0.818686
52.530000000 7.118578 -4.203626 2.448393 0.007830 0.022277 -0.573912 0.818576
52.535000000 7.124189 -4.206278 2.447918 0.009735 0.014563 -0.574411 0.818379
52.540000000 7.129803 -4.208938 2.447465 0.011454 0.007422 -0.574903 0.818108
52.545000000 7.135415 -4.211605 2.447033 0.012971 0.000916 -0.575392 0.817774
52.550000000 7.141023 -4.214278 2.446624 0.014275 -0.004907 -0.575883 0.817393
52.555000000 7.146624 -4.216955 2.446236 0.015360 -0.010008 -0.576379 0.816977
52.560000000 7.152215 -4.219635 2.445870 0.016222 -0.014363 -0.576884 0.816539
52.565000000 7.157794 -4.222318 2.445526 0.016860 -0.017954 -0.577401 0.816089
52.570000000 7.163359 -4.225002 2.445203 0.017278 -0.020777 -0.577932 0.815637
52.575000000 7.168910 -4.227686 2.444902 0.017481 -0.022836 -0.578479 0.815190
52.580000000 7.174444 -4.230371 2.444622 0.017476 -0.024147 -0.579041 0.814753
52.585000000 7.179961 -4.233056 2.444363 0.017274 -0.024731 -0.579618 0.814330
52.590000000 7.185462 -4.235740 2.444124 0.016886 -0.024623 -0.580207 0.813921
52.595000000 7.190946 -4.238424 2.443906 0.016327 -0.023861 -0.580807 0.813528
52.600000000 7.196414 -4.241107 2.443709 0.015609 -0.022490 -0.581413 0.813148
52.605000000 7.201867 -4.243790 2.443532 0.014749 -0.020562 -0.582022 0.812779
52.610000000 7.207306 -4.246472 2.443375 0.013764 -0.018134 -0.582630 0.812418
52.615000000 7.212732 -4.249154 2.443237 0.012669 -0.015266 -0.583234 0.812062
52.620000000 7.218147 -4.251836 2.443120 0.011483 -0.012020 -0.583829 0.811706
52.625000000 7.223552 -4.254520 2.443023 0.010221 -0.008461 -0.584413 0.811348
52.630000000 7.228950 -4.257205 2.442946 0.008900 -0.004653 -0.584982 0.810984
52.635000000 7.234342 -4.259891 2.442888 0.007537 -0.000663 -0.585535 0.810612
52.640000000 7.239731 -4.262581 2.442850 0.006147 0.003443 -0.586070 0.810230
52.645000000 7.245119 -4.265274 2.442831 0.004747 0.007603 -0.586587 0.809837
52.650000000 7.250508 -4.267971 2.442832 0.003350 0.011755 -0.587085 0.809433
52.655000000 7.255901 -4.270672 2.442852 0.001972 0.015843 -0.587566 0.809019
52.660000000 7.261299 -4.273379 2.442891 0.000627 0.019810 -0.588031 0.808595
52.665000000 7.266704 -4.276093 2.442948 -0.000672 0.023609 -0.588482 0.808165
52.670000000 7.272119 -4.278812 2.443023 -0.001913 0.027194 -0.588922 0.807730
52.675000000 7.277545 -4.281539 2.443117 -0.003083 0.030525 -0.589353 0.807293
52.680000000 7.282985 -4.284274 2.443228 -0.004172 0.033566 -0.589779 0.806856
52.685000000 7.288439 -4.287017 2.443356 -0.005170 0.036288 -0.590202 0.806423
52.690000000 7.293909 -4.289769 2.443500 -0.006070 0.038667 -0.590625 0.805997
52.695000000 7.299397 -4.292530 2.443661 -0.006864 0.040685 -0.591050 0.805579
52.700000000 7.304904 -4.295300 2.443837 -0.007546 0.042328 -0.591482 0.805171
52.705000000 7.310430 -4.298080 2.444028 -0.008114 0.043591 -0.591921 0.804776
52.710000000 7.315976 -4.300870 2.444235 -0.008563 0.044472 -0.592369 0.804393
52.715000000 7.321542 -4.303669 2.444455 -0.008892 0.044973 -0.592827 0.804024
52.720000000 7.327130 -4.306478 2.444689 -0.009101 0.045104 -0.593297 0.803667
52.725000000 7.332738 -4.309296 2.444937 -0.009191 0.044876 -0.593779 0.803323
52.730000000 7.338367 -4.312125 2.445197 -0.009165 0.044306 -0.594272 0.802991
52.735000000 7.344016 -4.314962 2.445471 -0.009025 0.043413 -0.594777 0.802667
52.740000000 7.349686 -4.317809 2.445756 -0.008776 0.042224 -0.595293 0.802351
52.745000000 7.355374 -4.320665 2.446053 -0.008424 0.040762 -0.595819 0.802040
52.750000000 7.361082 -4.323529 2.446362 -0.007974 0.039055 -0.596354 0.801732
52.755000000 7.366807 -4.326402 2.446682 -0.007435 0.037134 -0.596896 0.801424
52.760000000 7.372549 -4.329283 2.447012 -0.006813 0.035030 -0.597446 0.801115
52.765000000 7.378307 -4.332171 2.447354 -0.006117 0.032776 -0.598001 0.800802
52.770000000 7.384079 -4.335066 2.447705 -0.005356 0.030402 -0.598560 0.800483
52.775000000 7.389864 -4.337968 2.448067 -0.004538 0.027944 -0.599123 0.800156
52.780000000 7.395661 -4.340877 2.448438 -0.003674 0.025432 -0.599688 0.799821
52.785000000 7.401470 -4.343791 2.448818 -0.002772 0.022898 -0.600255 0.799476
52.790000000 7.407287 -4.346711 2.449208 -0.001842 0.020371 -0.600823 0.799120
52.795000000 7.413112 -4.349635 2.449606 -0.000892 0.017879 -0.601392 0.798754
52.800000000 7.418944 -4.352565 2.450013 0.000068 0.015448 -0.601961 0.798376
52.805000000 7.424782 -4.355499 2.450428 0.001031 0.013105 -0.602530 0.797988
52.810000000 7.430624 -4.358436 2.450851 0.001987 0.010870 -0.603100 0.797589
52.815000000 7.436468 -4.361378 2.451282 0.002931 0.008766 -0.603671 0.797180
52.820000000 7.442315 -4.364323 2.451719 0.003855 0.006809 -0.604243 0.796762
52.825000000 7.448162 -4.367271 2.452164 0.004753 0.005013 -0.604816 0.796335
52.830000000 7.454009 -4.370222 2.452615 0.005620 0.003391 -0.605391 0.795901
52.835000000 7.459855 -4.373176 2.453073 0.006450 0.001951 -0.605969 0.795460
52.840000000 7.465699 -4.376133 2.453536 0.007240 0.000701 -0.606549 0.795013
52.845000000 7.471540 -4.379092 2.454005 0.007986 -0.000357 -0.607131 0.794562
52.850000000 7.477377 -4.382054 2.454479 0.008686 -0.001221 -0.607716 0.794106
52.855000000 7.483211 -4.385019 2.454958 0.009337 -0.001894 -0.608304 0.793647
52.860000000 7.489040 -4.387986 2.455441 0.009940 -0.002378 -0.608895 0.793185
52.865000000 7.494865 -4.390957 2.455929 0.010492 -0.002681 -0.609489 0.792721
52.870000000 7.500684 -4.393930 2.456420 0.010996 -0.002809 -0.610085 0.792255
52.875000000 7.506498 -4.396906 2.456915 0.011451 -0.002772 -0.610684 0.791787
52.880000000 7.512307 -4.399886 2.457413 0.011859 -0.002581 -0.611285 0.791317
52.885000000 7.518110 -4.402869 2.457914 0.012222 -0.002249 -0.611889 0.790846
52.890000000 7.523908 -4.405855 2.458417 0.012542 -0.001791 -0.612494 0.790374
52.895000000 7.529701 -4.408846 2.458922 0.012823 -0.001219 -0.613100 0.789900
52.900000000 7.535488 -4.411840 2.459429 0.013068 -0.000551 -0.613707 0.789425
52.905000000 7.541271 -4.414840 2.459937 0.013280 0.000198 -0.614315 0.788949
52.910000000 7.547048 -4.417844 2.460447 0.013463 0.001013 -0.614924 0.788471
52.915000000 7.552821 -4.420853 2.460957 0.013621 0.001876 -0.615533 0.787992
52.920000000 7.558590 -4.423868 2.461468 0.013758 0.002772 -0.616141 0.787511
52.925000000 7.564355 -4.426888 2.461979 0.013879 0.003685 -0.616749 0.787029
52.930000000 7.570117 -4.429914 2.462489 0.013988 0.004599 -0.617357 0.786545
52.935000000 7.575875 -4.432947 2.463000 0.014089 0.005500 -0.617964 0.786061
52.940000000 7.581630 -4.435986 2.463509 0.014185 0.006374 -0.618570 0.785576
52.945000000 7.587383 -4.439033 2.464017 0.014282 0.007211 -0.619175 0.785090
52.950000000 7.593133 -4.442086 2.464524 0.014382 0.007997 -0.619779 0.784604
52.955000000 7.598881 -4.445147 2.465030 0.014489 0.008725 -0.620382 0.784117
52.960000000 7.604627 -4.448216 2.465533 0.014608 0.009384 -0.620985 0.783630
52.965000000 7.610372 -4.451293 2.466034 0.014739 0.009968 -0.621586 0.783144
52.970000000 7.616115 -4.454378 2.466532 0.014888 0.010470 -0.622187 0.782657
52.975000000 7.621857 -4.457471 2.467027 0.015055 0.010887 -0.622787 0.782171
52.980000000 7.627598 -4.460573 2.467519 0.015244 0.011214 -0.623386 0.781685
52.985000000 7.633337 -4.463683 2.468007 0.015456 0.011449 -0.623984 0.781200
52.990000000 7.639075 -4.466803 2.468492 0.015692 0.011591 -0.624582 0.780716
52.995000000 7.644812 -4.469931 2.468972 0.015954 0.011642 -0.625178 0.780232
53.000000000 7.650548 -4.473068 2.469448 0.016243 0.011601 -0.625773 0.779750
53.005000000 7.656282 -4.476215 2.469919 0.016559 0.011473 -0.626367 0.779268
53.010000000 7.662015 -4.479371 2.470386 0.016902 0.011260 -0.626960 0.778787
53.015000000 7.667747 -4.482536 2.470846 0.017271 0.010967 -0.627551 0.778306
53.020000000 7.673476 -4.485710 2.471302 0.017667 0.010600 -0.628141 0.777827
53.025000000 7.679203 -4.488894 2.471751 0.018089 0.010166 -0.628728 0.777348
53.030000000 7.684928 -4.492087 2.472195 0.018535 0.009670 -0.629313 0.776870
53.035000000 7.690649 -4.495289 2.472632 0.019005 0.009122 -0.629897 0.776393
53.040000000 7.696368 -4.498501 2.473062 0.019497 0.008529 -0.630477 0.775916
53.045000000 7.702083 -4.501722 2.473485 0.020009 0.007899 -0.631055 0.775439
53.050000000 7.707795 -4.504952 2.473901 0.020541 0.007240 -0.631631 0.774963
53.055000000 7.713501 -4.508191 2.474310 0.021089 0.006561 -0.632204 0.774487
53.060000000 7.719204 -4.511440 2.474711 0.021652 0.005870 -0.632774 0.774012
53.065000000 7.724901 -4.514698 2.475104 0.022227 0.005173 -0.633341 0.773536
53.070000000 7.730592 -4.517966 2.475488 0.022812 0.004478 -0.633906 0.773061
53.075000000 7.736278 -4.521243 2.475865 0.023404 0.003792 -0.634467 0.772586
53.080000000 7.741956 -4.524528 2.476232 0.024000 0.003122 -0.635026 0.772112
53.085000000 7.747629 -4.527823 2.476591 0.024599 0.002474 -0.635582 0.771638
53.090000000 7.753293 -4.531128 2.476941 0.025197 0.001852 -0.636135 0.771164
53.095000000 7.758950 -4.534442 2.477281 0.025791 0.001262 -0.636685 0.770691
53.100000000 7.764599 -4.537764 2.477612 0.026381 0.000709 -0.637233 0.770219
53.105000000 7.770240 -4.541097 2.477933 0.026962 0.000193 -0.637779 0.769748
53.110000000 7.775872 -4.544438 2.478244 0.027533 -0.000281 -0.638322 0.769277
53.115000000 7.781494 -4.547789 2.478545 0.028093 -0.000712 -0.638863 0.768807
53.120000000 7.787107 -4.551150 2.478835 0.028639 -0.001099 -0.639401 0.768339
53.125000000 7.792710 -4.554520 2.479115 0.029169 -0.001443 -0.639938 0.767871
53.130000000 7.798303 -4.557900 2.479385 0.029683 -0.001742 -0.640473 0.767405
53.135000000 7.803886 -4.561289 2.479643 0.030180 -0.001997 -0.641006 0.766940
53.140000000 7.809458 -4.564688 2.479891 0.030658 -0.002208 -0.641538 0.766475
53.145000000 7.815020 -4.568097 2.480127 0.031118 -0.002377 -0.642068 0.766012
53.150000000 7.820570 -4.571516 2.480352 0.031558 -0.002507 -0.642597 0.765550
53.155000000 7.826109 -4.574945 2.480565 0.031979 -0.002598 -0.643125 0.765088
53.160000000 7.831637 -4.578384 2.480766 0.032381 -0.002654 -0.643653 0.764628
53.165000000 7.837153 -4.581834 2.480955 0.032765 -0.002678 -0.644179 0.764168
53.170000000 7.842658 -4.585294 2.481133 0.033131 -0.002671 -0.644704 0.763709
53.175000000 7.848151 -4.588764 2.481297 0.033479 -0.002638 -0.645230 0.763250
53.180000000 7.853632 -4.592246 2.481450 0.033812 -0.002582 -0.645754 0.762792
53.185000000 7.859102 -4.595737 2.481589 0.034128 -0.002508 -0.646278 0.762334
53.190000000 7.864559 -4.599240 2.481716 0.034431 -0.002419 -0.646802 0.761876
53.195000000 7.870005 -4.602754 2.481830 0.034720 -0.002321 -0.647326 0.761419
53.200000000 7.875438 -4.606279 2.481931 0.034998 -0.002216 -0.647849 0.760961
53.205000000 7.880860 -4.609815 2.482018 0.035265 -0.002108 -0.648373 0.760503
53.210000000 7.886269 -4.613362 2.482092 0.035524 -0.002001 -0.648897 0.760044
53.215000000 7.891666 -4.616921 2.482153 0.035776 -0.001897 -0.649420 0.759585
53.220000000 7.897051 -4.620491 2.482199 0.036023 -0.001800 -0.649945 0.759125
53.225000000 7.902423 -4.624073 2.482232 0.036266 -0.001712 -0.650469 0.758664
53.230000000 7.907784 -4.627667 2.482250 0.036507 -0.001637 -0.650994 0.758203
53.235000000 7.913132 -4.631273 2.482255 0.036747 -0.001575 -0.651519 0.757740
53.240000000 7.918467 -4.634890 2.482245 0.036987 -0.001529 -0.652045 0.757276
53.245000000 7.923790 -4.638520 2.482220 0.037230 -0.001500 -0.652571 0.756811
53.250000000 7.929101 -4.642161 2.482181 0.037476 -0.001488 -0.653098 0.756344
53.255000000 7.934399 -4.645815 2.482127 0.037727 -0.001495 -0.653625 0.755876
53.260000000 7.939685 -4.649481 2.482058 0.037983 -0.001521 -0.654153 0.755406
53.265000000 7.944957 -4.653159 2.481974 0.038247 -0.001566 -0.654681 0.754935
53.270000000 7.950217 -4.656850 2.481874 0.038518 -0.001628 -0.655210 0.754462
53.275000000 7.955464 -4.660553 2.481759 0.038798 -0.001708 -0.655739 0.753988
53.280000000 7.960698 -4.664268 2.481629 0.039087 -0.001805 -0.656269 0.753512
53.285000000 7.965919 -4.667996 2.481483 0.039386 -0.001918 -0.656799 0.753034
53.290000000 7.971126 -4.671736 2.481321 0.039695 -0.002046 -0.657330 0.752554
53.295000000 7.976320 -4.675489 2.481143 0.040014 -0.002189 -0.657861 0.752072
53.300000000 7.981501 -4.679255 2.480948 0.040343 -0.002345 -0.658393 0.751589
53.305000000 7.986667 -4.683033 2.480738 0.040682 -0.002513 -0.658924 0.751104
53.310000000 7.991820 -4.686824 2.480511 0.041031 -0.002690 -0.659457 0.750617
53.315000000 7.996959 -4.690628 2.480267 0.041390 -0.002875 -0.659990 0.750128
53.320000000 8.002083 -4.694445 2.480007 0.041757 -0.003068 -0.660523 0.749638
53.325000000 8.007194 -4.698274 2.479730 0.042133 -0.003266 -0.661056 0.749145
53.330000000 8.012289 -4.702117 2.479436 0.042516 -0.003469 -0.661590 0.748651
53.335000000 8.017370 -4.705973 2.479125 0.042907 -0.003673 -0.662124 0.748156
53.340000000 8.022436 -4.709841 2.478796 0.043304 -0.003877 -0.662659 0.747658
53.345000000 8.027486 -4.713723 2.478450 0.043707 -0.004079 -0.663194 0.747159
53.350000000 8.032522 -4.717618 2.478087 0.044116 -0.004278 -0.663729 0.746659
53.355000000 8.037541 -4.721526 2.477705 0.044528 -0.004473 -0.664265 0.746156
53.360000000 8.042545 -4.725447 2.477306 0.044944 -0.004662 -0.664802 0.745652
53.365000000 8.047534 -4.729382 2.476890 0.045363 -0.004845 -0.665339 0.745146
53.370000000 8.052506 -4.733330 2.476455 0.045783 -0.005019 -0.665877 0.744638
53.375000000 8.057461 -4.737291 2.476001 0.046204 -0.005185 -0.666416 0.744129
53.380000000 8.062401 -4.741266 2.475530 0.046624 -0.005342 -0.666956 0.743618
53.385000000 8.067323 -4.745255 2.475040 0.047044 -0.005489 -0.667497 0.743105
53.390000000 8.072229 -4.749257 2.474531 0.047462 -0.005628 -0.668038 0.742590
53.395000000 8.077118 -4.753273 2.474004 0.047876 -0.005757 -0.668581 0.742074
53.400000000 8.081990 -4.757303 2.473458 0.048288 -0.005877 -0.669125 0.741556
53.405000000 8.086844 -4.761347 2.472893 0.048695 -0.005986 -0.669671 0.741036
53.410000000 8.091681 -4.765405 2.472309 0.049098 -0.006086 -0.670218 0.740513
53.415000000 8.096500 -4.769477 2.471706 0.049496 -0.006176 -0.670767 0.739989
53.420000000 8.101301 -4.773564 2.471083 0.049889 -0.006257 -0.671318 0.739462
53.425000000 8.106085 -4.777664 2.470442 0.050276 -0.006329 -0.671870 0.738934
53.430000000 8.110850 -4.781779 2.469780 0.050658 -0.006392 -0.672425 0.738402
53.435000000 8.115597 -4.785908 2.469099 0.051034 -0.006446 -0.672981 0.737868
53.440000000 8.120326 -4.790052 2.468398 0.051405 -0.006491 -0.673541 0.737332
53.445000000 8.125036 -4.794211 2.467677 0.051771 -0.006528 -0.674102 0.736793
53.450000000 8.129727 -4.798384 2.466936 0.052131 -0.006559 -0.674667 0.736250
53.455000000 8.134400 -4.802572 2.466175 0.052486 -0.006581 -0.675233 0.735705
53.460000000 8.139054 -4.806775 2.465394 0.052835 -0.006595 -0.675803 0.735156
53.465000000 8.143689 -4.810993 2.464593 0.053178 -0.006598 -0.676376 0.734604
53.470000000 8.148305 -4.815226 2.463771 0.053511 -0.006589 -0.676953 0.734049
53.475000000 8.152902 -4.819474 2.462929 0.053834 -0.006567 -0.677532 0.733491
53.480000000 8.157479 -4.823737 2.462066 0.054144 -0.006527 -0.678116 0.732929
53.485000000 8.162037 -4.828016 2.461183 0.054438 -0.006467 -0.678703 0.732363
53.490000000 8.166576 -4.832310 2.460280 0.054715 -0.006383 -0.679296 0.731794
53.495000000 8.171095 -4.836620 2.459357 0.054972 -0.006271 -0.679892 0.731222
53.500000000 8.175594 -4.840945 2.458413 0.055207 -0.006129 -0.680494 0.730645
53.505000000 8.180074 -4.845286 2.457449 0.055417 -0.005953 -0.681101 0.730065
53.510000000 8.184534 -4.849643 2.456465 0.055601 -0.005740 -0.681713 0.729481
53.515000000 8.188974 -4.854016 2.455461 0.055755 -0.005489 -0.682331 0.728893
53.520000000 8.193395 -4.858405 2.454437 0.055879 -0.005196 -0.682955 0.728301
53.525000000 8.197796 -4.862811 2.453393 0.055970 -0.004859 -0.683585 0.727705
53.530000000 8.202178 -4.867233 2.452329 0.056027 -0.004478 -0.684222 0.727105
53.535000000 8.206540 -4.871671 2.451245 0.056050 -0.004052 -0.684866 0.726499
53.540000000 8.210883 -4.876126 2.450142 0.056037 -0.003580 -0.685516 0.725889
53.545000000 8.215206 -4.880597 2.449019 0.055989 -0.003063 -0.686173 0.725274
53.550000000 8.219511 -4.885086 2.447877 0.055904 -0.002501 -0.686837 0.724654
53.555000000 8.223796 -4.889591 2.446716 0.055783 -0.001895 -0.687509 0.724028
53.560000000 8.228063 -4.894114 2.445535 0.055627 -0.001247 -0.688188 0.723396
53.565000000 8.232312 -4.898654 2.444336 0.055437 -0.000557 -0.688874 0.722758
53.570000000 8.236542 -4.903211 2.443117 0.055213 0.000172 -0.689568 0.722113
53.575000000 8.240755 -4.907786 2.441880 0.054958 0.000937 -0.690269 0.721462
53.580000000 8.244950 -4.912379 2.440624 0.054673 0.001735 -0.690978 0.720804
53.585000000 8.249128 -4.916989 2.439349 0.054360 0.002564 -0.691694 0.720137
53.590000000 8.253289 -4.921618 2.438056 0.054022 0.003423 -0.692418 0.719463
53.595000000 8.257433 -4.926265 2.436745 0.053661 0.004308 -0.693150 0.718780
53.600000000 8.261562 -4.930930 2.435415 0.053279 0.005216 -0.693890 0.718088
53.605000000 8.265674 -4.935613 2.434068 0.052880 0.006142 -0.694638 0.717387
53.610000000 8.269771 -4.940316 2.432703 0.052466 0.007084 -0.695393 0.716676
53.615000000 8.273854 -4.945037 2.431320 0.052039 0.008037 -0.696157 0.715956
53.620000000 8.277921 -4.949777 2.429919 0.051603 0.008999 -0.696929 0.715224
53.625000000 8.281975 -4.954536 2.428501 0.051159 0.009966 -0.697709 0.714483
53.630000000 8.286015 -4.959314 2.427066 0.050711 0.010934 -0.698497 0.713730
53.635000000 8.290042 -4.964112 2.425613 0.050261 0.011899 -0.699294 0.712966
53.640000000 8.294056 -4.968929 2.424143 0.049812 0.012860 -0.700098 0.712191
53.645000000 8.298058 -4.973766 2.422657 0.049366 0.013812 -0.700911 0.711405
53.650000000 8.302047 -4.978623 2.421154 0.048924 0.014751 -0.701731 0.710607
53.655000000 8.306026 -4.983500 2.419634 0.048490 0.015676 -0.702559 0.709798
53.660000000 8.309993 -4.988397 2.418097 0.048064 0.016586 -0.703396 0.708977
53.665000000 8.313949 -4.993315 2.416544 0.047650 0.017479 -0.704241 0.708145
53.670000000 8.317896 -4.998253 2.414975 0.047248 0.018352 -0.705094 0.707300
53.675000000 8.321832 -5.003211 2.413390 0.046859 0.019205 -0.705955 0.706444
53.680000000 8.325758 -5.008191 2.411789 0.046485 0.020038 -0.706825 0.705575
53.685000000 8.329676 -5.013191 2.410172 0.046126 0.020849 -0.707703 0.704694
53.690000000 8.333585 -5.018212 2.408539 0.045784 0.021641 -0.708590 0.703801
53.695000000 8.337485 -5.023255 2.406890 0.045459 0.022411 -0.709485 0.702896
53.700000000 8.341377 -5.028319 2.405226 0.045151 0.023160 -0.710389 0.701978
53.705000000 8.345261 -5.033404 2.403546 0.044859 0.023889 -0.711301 0.701048
53.710000000 8.349138 -5.038511 2.401851 0.044584 0.024598 -0.712222 0.700105
53.715000000 8.353007 -5.043640 2.400141 0.044324 0.025287 -0.713151 0.699150
53.720000000 8.356870 -5.048791 2.398416 0.044081 0.025957 -0.714089 0.698183
53.725000000 8.360725 -5.053963 2.396675 0.043851 0.026609 -0.715036 0.697204
53.730000000 8.364574 -5.059158 2.394920 0.043636 0.027245 -0.715991 0.696212
53.735000000 8.368417 -5.064376 2.393150 0.043433 0.027865 -0.716954 0.695208
53.740000000 8.372254 -5.069616 2.391365 0.043242 0.028473 -0.717926 0.694192
53.745000000 8.376085 -5.074878 2.389566 0.043063 0.029070 -0.718905 0.693163
53.750000000 8.379911 -5.080163 2.387752 0.042893 0.029658 -0.719893 0.692123
53.755000000 8.383731 -5.085471 2.385924 0.042732 0.030238 -0.720889 0.691071
53.760000000 8.387546 -5.090802 2.384081 0.042578 0.030812 -0.721893 0.690006
53.765000000 8.391356 -5.096156 2.382225 0.042430 0.031380 -0.722905 0.688929
53.770000000 8.395161 -5.101534 2.380354 0.042287 0.031944 -0.723925 0.687840
53.775000000 8.398962 -5.106935 2.378469 0.042146 0.032504 -0.724952 0.686740
53.780000000 8.402758 -5.112360 2.376571 0.042006 0.033061 -0.725987 0.685628
53.785000000 8.406550 -5.117808 2.374658 0.041866 0.033615 -0.727029 0.684504
53.790000000 8.410338 -5.123280 2.372732 0.041724 0.034167 -0.728079 0.683369
53.795000000 8.414123 -5.128776 2.370793 0.041580 0.034720 -0.729136 0.682222
53.800000000 8.417903 -5.134297 2.368839 0.041434 0.035276 -0.730200 0.681063
53.805000000 8.421680 -5.139842 2.366873 0.041284 0.035835 -0.731271 0.679893
53.810000000 8.425454 -5.145411 2.364893 0.041128 0.036396 -0.732350 0.678710
53.815000000 8.429225 -5.151005 2.362900 0.040968 0.036961 -0.733435 0.677517
53.820000000 8.432993 -5.156623 2.360894 0.040801 0.037532 -0.734527 0.676311
53.825000000 8.436758 -5.162266 2.358875 0.040628 0.038108 -0.735627 0.675093
53.830000000 8.440520 -5.167935 2.356843 0.040449 0.038691 -0.736733 0.673863
53.835000000 8.444281 -5.173629 2.354798 0.040262 0.039280 -0.737847 0.672621
53.840000000 8.448039 -5.179347 2.352740 0.040068 0.039874 -0.738967 0.671366
53.845000000 8.451795 -5.185092 2.350669 0.039867 0.040474 -0.740093 0.670100
53.850000000 8.455549 -5.190862 2.348586 0.039659 0.041079 -0.741227 0.668822
53.855000000 8.459302 -5.196658 2.346491 0.039443 0.041688 -0.742367 0.667531
53.860000000 8.463054 -5.202479 2.344383 0.039219 0.042301 -0.743514 0.666228
53.865000000 8.466805 -5.208327 2.342263 0.038988 0.042914 -0.744668 0.664912
53.870000000 8.470555 -5.214201 2.340130 0.038750 0.043523 -0.745828 0.663585
53.875000000 8.474304 -5.220101 2.337986 0.038503 0.044125 -0.746996 0.662244
53.880000000 8.478053 -5.226028 2.335829 0.038248 0.044713 -0.748171 0.660892
53.885000000 8.481802 -5.231981 2.333661 0.037983 0.045280 -0.749353 0.659527
53.890000000 8.485551 -5.237961 2.331480 0.037709 0.045816 -0.750543 0.658152
53.895000000 8.489300 -5.243968 2.329288 0.037424 0.046315 -0.751741 0.656765
53.900000000 8.493049 -5.250002 2.327085 0.037127 0.046769 -0.752946 0.655368
53.905000000 8.496800 -5.256063 2.324870 0.036819 0.047170 -0.754159 0.653960
53.910000000 8.500551 -5.262151 2.322644 0.036497 0.047510 -0.755379 0.652543
53.915000000 8.504303 -5.268266 2.320406 0.036163 0.047781 -0.756608 0.651117
53.920000000 8.508056 -5.274408 2.318158 0.035815 0.047977 -0.757845 0.649682
53.925000000 8.511810 -5.280577 2.315899 0.035454 0.048093 -0.759089 0.648239
53.930000000 8.515566 -5.286774 2.313629 0.035079 0.048124 -0.760342 0.646787
53.935000000 8.519324 -5.292997 2.311348 0.034692 0.048067 -0.761603 0.645327
53.940000000 8.523083 -5.299247 2.309057 0.034291 0.047917 -0.762871 0.643860
53.945000000 8.526843 -5.305524 2.306755 0.033878 0.047673 -0.764146 0.642386
53.950000000 8.530605 -5.311827 2.304444 0.033454 0.047334 -0.765429 0.640905
53.955000000 8.534369 -5.318156 2.302122 0.033020 0.046899 -0.766717 0.639417
53.960000000 8.538134 -5.324512 2.299791 0.032575 0.046370 -0.768013 0.637922
53.965000000 8.541901 -5.330893 2.297450 0.032123 0.045747 -0.769314 0.636421
53.970000000 8.545669 -5.337299 2.295100 0.031663 0.045032 -0.770620 0.634913
53.975000000 8.549439 -5.343730 2.292740 0.031197 0.044230 -0.771930 0.633399
53.980000000 8.553210 -5.350186 2.290372 0.030727 0.043344 -0.773245 0.631877
53.985000000 8.556982 -5.356666 2.287994 0.030254 0.042380 -0.774563 0.630349
53.990000000 8.560754 -5.363169 2.285608 0.029781 0.041344 -0.775884 0.628815
53.995000000 8.564528 -5.369695 2.283214 0.029308 0.040241 -0.777206 0.627274
54.000000000 8.568302 -5.376244 2.280811 0.028838 0.039078 -0.778529 0.625727
54.005000000 8.572077 -5.382814 2.278400 0.028372 0.037863 -0.779851 0.624174
54.010000000 8.575851 -5.389406 2.275981 0.027911 0.036602 -0.781174 0.622614
54.015000000 8.579625 -5.396019 2.273555 0.027458 0.035303 -0.782495 0.621048
54.020000000 8.583399 -5.402652 2.271121 0.027015 0.033974 -0.783815 0.619476
54.025000000 8.587172 -5.409305 2.268680 0.026583 0.032624 -0.785132 0.617897
54.030000000 8.590944 -5.415976 2.266232 0.026162 0.031258 -0.786447 0.616311
54.035000000 8.594715 -5.422666 2.263778 0.025756 0.029885 -0.787759 0.614719
54.040000000 8.598484 -5.429373 2.261316 0.025364 0.028513 -0.789067 0.613120
54.045000000 8.602252 -5.436097 2.258849 0.024988 0.027147 -0.790371 0.611516
54.050000000 8.606017 -5.442838 2.256375 0.024629 0.025794 -0.791671 0.609906
54.055000000 8.609780 -5.449594 2.253895 0.024286 0.024458 -0.792966 0.608290
54.060000000 8.613540 -5.456366 2.251410 0.023961 0.023145 -0.794256 0.606670
54.065000000 8.617297 -5.463152 2.248919 0.023654 0.021861 -0.795540 0.605044
54.070000000 8.621050 -5.469953 2.246422 0.023366 0.020609 -0.796819 0.603414
54.075000000 8.624800 -5.476767 2.243921 0.023095 0.019393 -0.798093 0.601780
54.080000000 8.628546 -5.483593 2.241414 0.022843 0.018218 -0.799360 0.600142
54.085000000 8.632288 -5.490432 2.238903 0.022609 0.017087 -0.800621 0.598500
54.090000000 8.636025 -5.497283 2.236387 0.022393 0.016002 -0.801877 0.596855
54.095000000 8.639758 -5.504145 2.233866 0.022195 0.014963 -0.803126 0.595208
54.100000000 8.643486 -5.511019 2.231342 0.022013 0.013972 -0.804368 0.593559
54.105000000 8.647208 -5.517902 2.228813 0.021846 0.013029 -0.805604 0.591908
54.110000000 8.650925 -5.524796 2.226280 0.021696 0.012135 -0.806833 0.590256
54.115000000 8.654637 -5.531700 2.223744 0.021559 0.011289 -0.808056 0.588603
54.120000000 8.658342 -5.538613 2.221204 0.021436 0.010489 -0.809272 0.586949
54.125000000 8.662042 -5.545534 2.218661 0.021325 0.009734 -0.810482 0.585295
54.130000000 8.665735 -5.552465 2.216114 0.021226 0.009022 -0.811684 0.583641
54.135000000 8.669422 -5.559403 2.213564 0.021136 0.008350 -0.812880 0.581988
54.140000000 8.673102 -5.566350 2.211012 0.021055 0.007715 -0.814068 0.580337
54.145000000 8.676775 -5.573305 2.208456 0.020981 0.007114 -0.815249 0.578687
54.150000000 8.680442 -5.580266 2.205898 0.020914 0.006544 -0.816422 0.577040
54.155000000 8.684101 -5.587235 2.203338 0.020853 0.006003 -0.817587 0.575396
54.160000000 8.687753 -5.594211 2.200775 0.020795 0.005485 -0.818745 0.573754
54.165000000 8.691398 -5.601194 2.198210 0.020741 0.004988 -0.819895 0.572117
54.170000000 8.695035 -5.608183 2.195643 0.020690 0.004508 -0.821036 0.570484
54.175000000 8.698664 -5.615179 2.193074 0.020639 0.004042 -0.822169 0.568855
54.180000000 8.702286 -5.622180 2.190504 0.020590 0.003586 -0.823292 0.567232
54.185000000 8.705900 -5.629188 2.187932 0.020541 0.003139 -0.824408 0.565615
54.190000000 8.709506 -5.636201 2.185358 0.020492 0.002697 -0.825514 0.564004
54.195000000 8.713103 -5.643220 2.182784 0.020442 0.002257 -0.826610 0.562399
54.200000000 8.716692 -5.650243 2.180208 0.020391 0.001815 -0.827697 0.560801
54.205000000 8.720273 -5.657272 2.177631 0.020337 0.001369 -0.828774 0.559211
54.210000000 8.723846 -5.664306 2.175054 0.020281 0.000914 -0.829841 0.557630
54.215000000 8.727410 -5.671344 2.172476 0.020223 0.000449 -0.830897 0.556058
54.220000000 8.730965 -5.678387 2.169897 0.020162 -0.000028 -0.831943 0.554495
54.225000000 8.734511 -5.685434 2.167318 0.020098 -0.000519 -0.832976 0.552943
54.230000000 8.738048 -5.692485 2.164739 0.020031 -0.001025 -0.833999 0.551402
54.235000000 8.741576 -5.699540 2.162159 0.019963 -0.001547 -0.835009 0.549872
54.240000000 8.745095 -5.706598 2.159580 0.019892 -0.002085 -0.836007 0.548353
54.245000000 8.748605 -5.713659 2.157001 0.019819 -0.002640 -0.836993 0.546848
54.250000000 8.752105 -5.720723 2.154423 0.019746 -0.003210 -0.837966 0.545355
54.255000000 8.755595 -5.727790 2.151845 0.019672 -0.003796 -0.838926 0.543877
54.260000000 8.759076 -5.734860 2.149268 0.019597 -0.004397 -0.839873 0.542412
54.265000000 8.762547 -5.741931 2.146691 0.019523 -0.005012 -0.840806 0.540961
54.270000000 8.766008 -5.749005 2.144116 0.019450 -0.005641 -0.841725 0.539526
54.275000000 8.769458 -5.756080 2.141541 0.019378 -0.006283 -0.842630 0.538107
54.280000000 8.772899 -5.763156 2.138968 0.019305 -0.006942 -0.843521 0.536704
54.285000000 8.776328 -5.770233 2.136397 0.019234 -0.007617 -0.844397 0.535318
54.290000000 8.779748 -5.777311 2.133827 0.019162 -0.008311 -0.845259 0.533949
54.295000000 8.783156 -5.784389 2.131258 0.019089 -0.009025 -0.846105 0.532597
54.300000000 8.786553 -5.791467 2.128692 0.019016 -0.009759 -0.846937 0.531263
54.305000000 8.789940 -5.798545 2.126128 0.018942 -0.010514 -0.847754 0.529946
54.310000000 8.793315 -5.805622 2.123566 0.018866 -0.011292 -0.848557 0.528648
54.315000000 8.796678 -5.812698 2.121006 0.018788 -0.012093 -0.849343 0.527367
54.320000000 8.800030 -5.819773 2.118449 0.018708 -0.012918 -0.850115 0.526106
54.325000000 8.803370 -5.826845 2.115895 0.018625 -0.013767 -0.850871 0.524864
54.330000000 8.806698 -5.833916 2.113344 0.018539 -0.014641 -0.851612 0.523640
54.335000000 8.810014 -5.840984 2.110796 0.018450 -0.015539 -0.852337 0.522437
54.340000000 8.813317 -5.848048 2.108251 0.018358 -0.016462 -0.853046 0.521253
54.345000000 8.816608 -5.855110 2.105709 0.018261 -0.017410 -0.853739 0.520089
54.350000000 8.819886 -5.862167 2.103171 0.018155 -0.018375 -0.854417 0.518946
54.355000000 8.823150 -5.869220 2.100637 0.018027 -0.019344 -0.855078 0.517824
54.360000000 8.826402 -5.876268 2.098106 0.017869 -0.020302 -0.855725 0.516724
54.365000000 8.829640 -5.883311 2.095579 0.017672 -0.021237 -0.856357 0.515645
54.370000000 8.832865 -5.890348 2.093056 0.017431 -0.022138 -0.856974 0.514589
54.375000000 8.836076 -5.897379 2.090536 0.017141 -0.022993 -0.857577 0.513556
54.380000000 8.839273 -5.904404 2.088019 0.016802 -0.023794 -0.858165 0.512546
54.385000000 8.842456 -5.911421 2.085506 0.016411 -0.024533 -0.858740 0.511560
54.390000000 8.845626 -5.918430 2.082997 0.015970 -0.025204 -0.859301 0.510599
54.395000000 8.848782 -5.925432 2.080491 0.015479 -0.025803 -0.859849 0.509662
54.400000000 8.851924 -5.932425 2.077988 0.014944 -0.026323 -0.860382 0.508750
54.405000000 8.855052 -5.939410 2.075488 0.014368 -0.026763 -0.860902 0.507863
54.410000000 8.858168 -5.946386 2.072992 0.013757 -0.027120 -0.861408 0.507002
54.415000000 8.861269 -5.953352 2.070499 0.013117 -0.027390 -0.861900 0.506167
54.420000000 8.864358 -5.960308 2.068008 0.012455 -0.027574 -0.862379 0.505359
54.425000000 8.867434 -5.967255 2.065521 0.011777 -0.027673 -0.862843 0.504576
54.430000000 8.870498 -5.974192 2.063036 0.011091 -0.027691 -0.863293 0.503820
54.435000000 8.873549 -5.981118 2.060554 0.010404 -0.027631 -0.863729 0.503090
54.440000000 8.876589 -5.988034 2.058075 0.009722 -0.027500 -0.864151 0.502387
54.445000000 8.879616 -5.994940 2.055598 0.009053 -0.027302 -0.864558 0.501709
54.450000000 8.882633 -6.001834 2.053123 0.008403 -0.027043 -0.864950 0.501058
54.455000000 8.885639 -6.008718 2.050651 0.007779 -0.026731 -0.865327 0.500434
54.460000000 8.888635 -6.015592 2.048182 -0.007187 0.026373 0.865689 -0.499835
54.465000000 8.891620 -6.022455 2.045714 -0.006631 0.025977 0.866036 -0.499263
54.470000000 8.894596 -6.029307 2.043249 -0.006117 0.025552 0.866367 -0.498716
54.475000000 8.897562 -6.036148 2.040786 -0.005649 0.025103 0.866683 -0.498196
54.480000000 8.900519 -6.042979 2.038325 -0.005232 0.024639 0.866983 -0.497701
54.485000000 8.903467 -6.049799 2.035865 -0.004867 0.024167 0.867267 -0.497232
54.490000000 8.906407 -6.056610 2.033408 -0.004558 0.023694 0.867536 -0.496788
54.495000000 8.909338 -6.063410 2.030952 -0.004305 0.023227 0.867790 -0.496370
54.500000000 8.912262 -6.070200 2.028498 -0.004111 0.022773 0.868028 -0.495976
54.505000000 8.915177 -6.076980 2.026046 -0.003975 0.022336 0.868250 -0.495608
54.510000000 8.918085 -6.083750 2.023595 -0.003897 0.021923 0.868457 -0.495264
54.515000000 8.920986 -6.090511 2.021145 -0.003876 0.021538 0.868649 -0.494945
54.520000000 8.923879 -6.097262 2.018697 -0.003910 0.021185 0.868825 -0.494650
54.525000000 8.926764 -6.104004 2.016249 -0.003998 0.020868 0.868987 -0.494379
54.530000000 8.929643 -6.110737 2.013803 -0.004137 0.020590 0.869134 -0.494131
54.535000000 8.932514 -6.117461 2.011358 -0.004324 0.020352 0.869266 -0.493907
54.540000000 8.935378 -6.124177 2.008914 -0.004555 0.020157 0.869383 -0.493706
54.545000000 8.938234 -6.130884 2.006470 -0.004827 0.020005 0.869487 -0.493528
54.550000000 8.941084 -6.137582 2.004027 -0.005136 0.019898 0.869576 -0.493372
54.555000000 8.943925 -6.144272 2.001585 -0.005477 0.019834 0.869651 -0.493239
54.560000000 8.946759 -6.150953 1.999143 -0.005845 0.019815 0.869712 -0.493127
54.565000000 8.949586 -6.157627 1.996702 -0.006237 0.019838 0.869760 -0.493037
54.570000000 8.952404 -6.164292 1.994260 -0.006646 0.019905 0.869794 -0.492969
54.575000000 8.955215 -6.170949 1.991819 -0.007068 0.020013 0.869815 -0.492921
54.580000000 8.958016 -6.177599 1.989378 -0.007499 0.020160 0.869823 -0.492895
54.585000000 8.960810 -6.184240 1.986938 -0.007934 0.020343 0.869819 -0.492888
54.590000000 8.963595 -6.190874 1.984497 -0.008369 0.020560 0.869801 -0.492902
54.595000000 8.966370 -6.197500 1.982055 -0.008799 0.020808 0.869772 -0.492936
54.600000000 8.969137 -6.204118 1.979614 -0.009220 0.021083 0.869731 -0.492990
54.605000000 8.971894 -6.210728 1.977172 -0.009630 0.021382 0.869678 -0.493063
54.610000000 8.974641 -6.217331 1.974730 -0.010024 0.021702 0.869613 -0.493155
54.615000000 8.977378 -6.223925 1.972287 -0.010401 0.022038 0.869537 -0.493267
54.620000000 8.980106 -6.230512 1.969844 -0.010757 0.022386 0.869449 -0.493397
54.625000000 8.982822 -6.237090 1.967399 -0.011090 0.022742 0.869351 -0.493547
54.630000000 8.985528 -6.243661 1.964954 -0.011400 0.023102 0.869242 -0.493715
54.635000000 8.988224 -6.250223 1.962508 -0.011683 0.023463 0.869122 -0.493902
54.640000000 8.990908 -6.256777 1.960060 -0.011940 0.023822 0.868992 -0.494107
54.645000000 8.993581 -6.263323 1.957612 -0.012169 0.024175 0.868852 -0.494331
54.650000000 8.996242 -6.269861 1.955162 -0.012370 0.024521 0.868702 -0.494573
54.655000000 8.998892 -6.276390 1.952711 -0.012543 0.024856 0.868542 -0.494832
54.660000000 9.001531 -6.282910 1.950258 -0.012689 0.025179 0.868373 -0.495110
54.665000000 9.004157 -6.289422 1.947804 -0.012809 0.025487 0.868193 -0.495405
54.670000000 9.006771 -6.295925 1.945348 -0.012907 0.025778 0.868005 -0.495719
54.675000000 9.009374 -6.302419 1.942891 -0.012985 0.026050 0.867806 -0.496049
54.680000000 9.011964 -6.308905 1.940432 -0.013047 0.026303 0.867599 -0.496397
54.685000000 9.014542 -6.315381 1.937972 -0.013097 0.026534 0.867382 -0.496762
54.690000000 9.017107 -6.321848 1.935510 -0.013139 0.026744 0.867156 -0.497145
54.695000000 9.019660 -6.328307 1.933047 -0.013179 0.026931 0.866921 -0.497544
54.700000000 9.022200 -6.334755 1.930583 -0.013223 0.027094 0.866676 -0.497960
54.705000000 9.024728 -6.341195 1.928117 -0.013275 0.027233 0.866421 -0.498393
54.710000000 9.027243 -6.347625 1.925651 -0.013341 0.027348 0.866158 -0.498844
54.715000000 9.029746 -6.354046 1.923183 -0.013424 0.027440 0.865885 -0.499310
54.720000000 9.032235 -6.360458 1.920714 -0.013532 0.027508 0.865602 -0.499794
54.725000000 9.034712 -6.366860 1.918245 0.013666 -0.027555 -0.865309 0.500294
54.730000000 9.037176 -6.373253 1.915775 0.013832 -0.027581 -0.865007 0.500810
54.735000000 9.039627 -6.379637 1.913304 0.014033 -0.027587 -0.864695 0.501343
54.740000000 9.042065 -6.386011 1.910833 0.014271 -0.027576 -0.864373 0.501891
54.745000000 9.044490 -6.392376 1.908362 0.014550 -0.027549 -0.864042 0.502455
54.750000000 9.046901 -6.398732 1.905891 0.014871 -0.027509 -0.863701 0.503034
54.755000000 9.049299 -6.405079 1.903419 0.015236 -0.027457 -0.863349 0.503629
54.760000000 9.051683 -6.411418 1.900948 0.015645 -0.027395 -0.862988 0.504238
54.765000000 9.054053 -6.417747 1.898477 0.016099 -0.027327 -0.862617 0.504862
54.770000000 9.056410 -6.424068 1.896007 0.016598 -0.027255 -0.862236 0.505500
54.775000000 9.058752 -6.430381 1.893537 0.017141 -0.027179 -0.861845 0.506152
54.780000000 9.061080 -6.436685 1.891068 0.017728 -0.027102 -0.861444 0.506818
54.785000000 9.063393 -6.442981 1.888600 0.018357 -0.027026 -0.861033 0.507498
54.790000000 9.065691 -6.449270 1.886133 0.019026 -0.026952 -0.860612 0.508191
54.795000000 9.067974 -6.455550 1.883668 0.019733 -0.026882 -0.860181 0.508897
54.800000000 9.070242 -6.461824 1.881203 0.020475 -0.026819 -0.859740 0.509616
54.805000000 9.072493 -6.468090 1.878741 0.021250 -0.026762 -0.859289 0.510348
54.810000000 9.074729 -6.474349 1.876280 0.022054 -0.026713 -0.858828 0.511091
54.815000000 9.076948 -6.480602 1.873821 0.022883 -0.026673 -0.858358 0.511847
54.820000000 9.079150 -6.486847 1.871364 0.023736 -0.026643 -0.857877 0.512614
54.825000000 9.081336 -6.493087 1.868909 0.024607 -0.026624 -0.857388 0.513393
54.830000000 9.083503 -6.499321 1.866456 0.025493 -0.026616 -0.856888 0.514183
54.835000000 9.085653 -6.505549 1.864006 0.026390 -0.026622 -0.856380 0.514984
54.840000000 9.087784 -6.511771 1.861559 0.027294 -0.026640 -0.855862 0.515796
54.845000000 9.089897 -6.517988 1.859114 0.028201 -0.026671 -0.855336 0.516618
54.850000000 9.091990 -6.524200 1.856672 0.029108 -0.026717 -0.854801 0.517450
54.855000000 9.094064 -6.530408 1.854234 0.030010 -0.026775 -0.854257 0.518293
54.860000000 9.096118 -6.536610 1.851799 0.030904 -0.026848 -0.853705 0.519145
54.865000000 9.098151 -6.542809 1.849367 0.031788 -0.026934 -0.853145 0.520007
54.870000000 9.100164 -6.549003 1.846939 0.032659 -0.027033 -0.852578 0.520878
54.875000000 9.102155 -6.555193 1.844514 0.033513 -0.027144 -0.852002 0.521759
54.880000000 9.104125 -6.561380 1.842093 0.034349 -0.027266 -0.851419 0.522649
54.885000000 9.106072 -6.567563 1.839677 0.035165 -0.027399 -0.850829 0.523548
54.890000000 9.107998 -6.573742 1.837264 0.035960 -0.027542 -0.850231 0.524457
54.895000000 9.109900 -6.579918 1.834856 0.036732 -0.027693 -0.849627 0.525375
54.900000000 9.111779 -6.586092 1.832453 0.037479 -0.027853 -0.849015 0.526301
54.905000000 9.113635 -6.592262 1.830054 0.038201 -0.028020 -0.848397 0.527237
54.910000000 9.115467 -6.598430 1.827660 0.038896 -0.028194 -0.847772 0.528181
54.915000000 9.117274 -6.604595 1.825271 0.039566 -0.028373 -0.847141 0.529133
54.920000000 9.119057 -6.610758 1.822887 0.040209 -0.028557 -0.846503 0.530094
54.925000000 9.120815 -6.616918 1.820508 0.040826 -0.028745 -0.845860 0.531064
54.930000000 9.122547 -6.623076 1.818135 0.041416 -0.028937 -0.845210 0.532041
54.935000000 9.124254 -6.629232 1.815768 0.041980 -0.029131 -0.844555 0.533025
54.940000000 9.125935 -6.635386 1.813406 0.042519 -0.029328 -0.843895 0.534017
54.945000000 9.127590 -6.641537 1.811050 0.043034 -0.029526 -0.843229 0.535016
54.950000000 9.129218 -6.647687 1.808700 0.043527 -0.029723 -0.842557 0.536022
54.955000000 9.130819 -6.653836 1.806357 0.044000 -0.029920 -0.841880 0.537035
54.960000000 9.132393 -6.659982 1.804020 0.044454 -0.030115 -0.841198 0.538055
54.965000000 9.133940 -6.666127 1.801689 0.044890 -0.030308 -0.840510 0.539081
54.970000000 9.135460 -6.672271 1.799366 0.045312 -0.030499 -0.839818 0.540114
54.975000000 9.136951 -6.678413 1.797049 0.045719 -0.030687 -0.839119 0.541153
54.980000000 9.138414 -6.684553 1.794739 0.046114 -0.030872 -0.838416 0.542199
54.985000000 9.139850 -6.690693 1.792436 0.046496 -0.031050 -0.837707 0.543250
54.990000000 9.141256 -6.696830 1.790141 0.046864 -0.031221 -0.836994 0.544308
54.995000000 9.142634 -6.702967 1.787854 0.047216 -0.031380 -0.836275 0.545371
55.000000000 9.143983 -6.709103 1.785573 0.047550 -0.031523 -0.835552 0.546441
55.005000000 9.145302 -6.715237 1.783301 0.047863 -0.031648 -0.834825 0.547517
55.010000000 9.146592 -6.721371 1.781036 0.048150 -0.031749 -0.834094 0.548599
55.015000000 9.147853 -6.727504 1.778780 0.048408 -0.031824 -0.833360 0.549686
55.020000000 9.149084 -6.733635 1.776531 0.048631 -0.031867 -0.832623 0.550780
55.025000000 9.150286 -6.739766 1.774291 0.048817 -0.031876 -0.831884 0.551879
55.030000000 9.151457 -6.745897 1.772059 0.048959 -0.031847 -0.831143 0.552983
55.035000000 9.152599 -6.752026 1.769835 0.049054 -0.031777 -0.830400 0.554093
55.040000000 9.153711 -6.758156 1.767620 0.049096 -0.031664 -0.829657 0.555208
55.045000000 9.154792 -6.764285 1.765414 0.049082 -0.031505 -0.828913 0.556328
55.050000000 9.155844 -6.770413 1.763216 0.049010 -0.031297 -0.828169 0.557454
55.055000000 9.156866 -6.776542 1.761028 0.048876 -0.031038 -0.827424 0.558585
55.060000000 9.157859 -6.782670 1.758848 0.048677 -0.030728 -0.826679 0.559722
55.065000000 9.158821 -6.788799 1.756678 0.048414 -0.030365 -0.825934 0.560863
55.070000000 9.159755 -6.794928 1.754517 0.048086 -0.029949 -0.825188 0.562010
55.075000000 9.160659 -6.801057 1.752365 0.047692 -0.029479 -0.824443 0.563161
55.080000000 9.161535 -6.807186 1.750223 0.047233 -0.028957 -0.823697 0.564317
55.085000000 9.162382 -6.813316 1.748091 0.046711 -0.028385 -0.822950 0.565478
55.090000000 9.163202 -6.819447 1.745968 0.046127 -0.027763 -0.822203 0.566642
55.095000000 9.163993 -6.825579 1.743856 0.045484 -0.027095 -0.821455 0.567810
55.100000000 9.164757 -6.831711 1.741754 0.044784 -0.026382 -0.820706 0.568981
55.105000000 9.165495 -6.837845 1.739663 0.044030 -0.025629 -0.819956 0.570156
55.110000000 9.166207 -6.843980 1.737582 0.043227 -0.024838 -0.819203 0.571332
55.115000000 9.166892 -6.850116 1.735512 0.042379 -0.024013 -0.818448 0.572512
55.120000000 9.167553 -6.856254 1.733453 0.041489 -0.023157 -0.817691 0.573693
55.125000000 9.168190 -6.862393 1.731406 0.040563 -0.022276 -0.816931 0.574875
55.130000000 9.168803 -6.868534 1.729369 0.039605 -0.021374 -0.816168 0.576059
55.135000000 9.169392 -6.874677 1.727345 0.038622 -0.020453 -0.815402 0.577244
55.140000000 9.169960 -6.880822 1.725332 0.037619 -0.019520 -0.814631 0.578429
55.145000000 9.170505 -6.886970 1.723331 0.036601 -0.018577 -0.813857 0.579614
55.150000000 9.171030 -6.893119 1.721342 0.035574 -0.017628 -0.813078 0.580800
55.155000000 9.171534 -6.899271 1.719366 0.034542 -0.016677 -0.812294 0.581985
55.160000000 9.172019 -6.905425 1.717402 0.033512 -0.015728 -0.811505 0.583171
55.165000000 9.172485 -6.911583 1.715451 0.032486 -0.014786 -0.810712 0.584356
55.170000000 9.172932 -6.917742 1.713513 0.031471 -0.013852 -0.809913 0.585541
55.175000000 9.173362 -6.923905 1.711588 0.030471 -0.012931 -0.809108 0.586726
55.180000000 9.173776 -6.930071 1.709677 0.029490 -0.012024 -0.808298 0.587911
55.185000000 9.174173 -6.936240 1.707779 0.028531 -0.011134 -0.807482 0.589096
55.190000000 9.174555 -6.942412 1.705895 0.027598 -0.010264 -0.806661 0.590281
55.195000000 9.174923 -6.948587 1.704025 0.026693 -0.009415 -0.805833 0.591466
55.200000000 9.175276 -6.954765 1.702170 0.025819 -0.008588 -0.805000 0.592651
55.205000000 9.175615 -6.960948 1.700328 0.024979 -0.007785 -0.804160 0.593836
55.210000000 9.175942 -6.967133 1.698501 0.024174 -0.007006 -0.803315 0.595022
55.215000000 9.176256 -6.973323 1.696689 0.023406 -0.006252 -0.802465 0.596208
55.220000000 9.176559 -6.979516 1.694892 0.022675 -0.005522 -0.801608 0.597394
55.225000000 9.176851 -6.985713 1.693110 0.021982 -0.004818 -0.800746 0.598581
55.230000000 9.177131 -6.991914 1.691343 0.021326 -0.004140 -0.799879 0.599768
55.235000000 9.177402 -6.998119 1.689592 0.020707 -0.003486 -0.799006 0.600956
55.240000000 9.177663 -7.004329 1.687856 0.020123 -0.002857 -0.798129 0.602144
55.245000000 9.177914 -7.010542 1.686136 0.019574 -0.002252 -0.797246 0.603333
55.250000000 9.178156 -7.016760 1.684432 0.019057 -0.001670 -0.796359 0.604522
55.255000000 9.178390 -7.022983 1.682744 0.018572 -0.001110 -0.795467 0.605711
55.260000000 9.178616 -7.029209 1.681072 0.018114 -0.000570 -0.794571 0.606901
55.265000000 9.178835 -7.035441 1.679417 0.017684 -0.000051 -0.793671 0.608091
55.270000000 9.179045 -7.041677 1.677778 0.017278 0.000452 -0.792766 0.609281
55.275000000 9.179249 -7.047919 1.676156 0.016895 0.000938 -0.791858 0.610471
55.280000000 9.179446 -7.054165 1.674551 0.016530 0.001410 -0.790946 0.611661
55.285000000 9.179637 -7.060416 1.672963 0.016183 0.001870 -0.790030 0.612851
55.290000000 9.179821 -7.066672 1.671392 0.015849 0.002318 -0.789112 0.614041
55.295000000 9.179999 -7.072933 1.669839 0.015527 0.002756 -0.788189 0.615231
55.300000000 9.180172 -7.079200 1.668303 0.015213 0.003188 -0.787264 0.616421
55.305000000 9.180340 -7.085472 1.666785 0.014905 0.003613 -0.786335 0.617610
55.310000000 9.180503 -7.091750 1.665285 0.014600 0.004034 -0.785404 0.618799
55.315000000 9.180661 -7.098033 1.663803 0.014296 0.004452 -0.784469 0.619987
55.320000000 9.180814 -7.104321 1.662339 0.013988 0.004869 -0.783532 0.621174
55.325000000 9.180964 -7.110616 1.660894 0.013675 0.005286 -0.782593 0.622361
55.330000000 9.181109 -7.116916 1.659466 0.013354 0.005705 -0.781651 0.623547
55.335000000 9.181251 -7.123222 1.658058 0.013023 0.006127 -0.780707 0.624732
55.340000000 9.181389 -7.129534 1.656668 0.012680 0.006555 -0.779761 0.625915
55.345000000 9.181524 -7.135852 1.655297 0.012323 0.006988 -0.778812 0.627098
55.350000000 9.181657 -7.142176 1.653945 0.011950 0.007428 -0.777861 0.628279
55.355000000 9.181787 -7.148506 1.652612 0.011561 0.007877 -0.776908 0.629458
55.360000000 9.181914 -7.154843 1.651299 0.011153 0.008333 -0.775954 0.630636
55.365000000 9.182041 -7.161185 1.650005 0.010727 0.008799 -0.774997 0.631812
55.370000000 9.182165 -7.167534 1.648731 0.010281 0.009273 -0.774039 0.632986
55.375000000 9.182289 -7.173889 1.647476 0.009816 0.009755 -0.773080 0.634158
55.380000000 9.182411 -7.180251 1.646241 0.009330 0.010246 -0.772119 0.635327
55.385000000 9.182534 -7.186619 1.645027 0.008826 0.010746 -0.771156 0.636494
55.390000000 9.182656 -7.192994 1.643832 0.008303 0.011254 -0.770192 0.637658
55.395000000 9.182779 -7.199375 1.642658 0.007763 0.011771 -0.769227 0.638820
55.400000000 9.182902 -7.205763 1.641504 0.007206 0.012295 -0.768261 0.639978
55.405000000 9.183027 -7.212157 1.640371 0.006633 0.012826 -0.767293 0.641134
55.410000000 9.183153 -7.218558 1.639259 0.006046 0.013362 -0.766324 0.642287
55.415000000 9.183282 -7.224966 1.638167 0.005447 0.013904 -0.765353 0.643437
55.420000000 9.183413 -7.231380 1.637097 0.004836 0.014452 -0.764382 0.644584
55.425000000 9.183547 -7.237800 1.636047 0.004217 0.015005 -0.763409 0.645728
55.430000000 9.183684 -7.244228 1.635019 0.003590 0.015561 -0.762435 0.646868
55.435000000 9.183825 -7.250662 1.634013 0.002957 0.016120 -0.761460 0.648005
55.440000000 9.183971 -7.257103 1.633028 0.002320 0.016680 -0.760484 0.649138
55.445000000 9.184121 -7.263550 1.632065 0.001680 0.017240 -0.759508 0.650268
55.450000000 9.184277 -7.270004 1.631123 0.001039 0.017799 -0.758531 0.651394
55.455000000 9.184439 -7.276465 1.630204 0.000399 0.018358 -0.757553 0.652516
55.460000000 9.184606 -7.282932 1.629306 -0.000240 0.018916 -0.756574 0.653634
55.465000000 9.184781 -7.289406 1.628431 -0.000875 0.019472 -0.755595 0.654749
55.470000000 9.184962 -7.295887 1.627579 -0.001505 0.020027 -0.754615 0.655861
55.475000000 9.185152 -7.302375 1.626749 -0.002129 0.020581 -0.753634 0.656968
55.480000000 9.185349 -7.308869 1.625941 -0.002746 0.021132 -0.752653 0.658072
55.485000000 9.185555 -7.315369 1.625157 -0.003354 0.021680 -0.751672 0.659172
55.490000000 9.185769 -7.321876 1.624396 -0.003953 0.022228 -0.750690 0.660269
55.495000000 9.185994 -7.328390 1.623657 -0.004542 0.022774 -0.749708 0.661362
55.500000000 9.186228 -7.334911 1.622942 -0.005121 0.023317 -0.748725 0.662450
55.505000000 9.186472 -7.341438 1.622251 -0.005688 0.023859 -0.747743 0.663535
55.510000000 9.186728 -7.347972 1.621582 -0.006245 0.024400 -0.746760 0.664616
55.515000000 9.186994 -7.354512 1.620938 -0.006790 0.024939 -0.745778 0.665693
55.520000000 9.187272 -7.361060 1.620317 -0.007324 0.025478 -0.744795 0.666766
55.525000000 9.187562 -7.367613 1.619721 -0.007847 0.026016 -0.743813 0.667835
55.530000000 9.187865 -7.374174 1.619148 -0.008359 0.026554 -0.742830 0.668901
55.535000000 9.188180 -7.380741 1.618600 -0.008861 0.027093 -0.741848 0.669962
55.540000000 9.188509 -7.387315 1.618077 -0.009354 0.027630 -0.740866 0.671019
55.545000000 9.188852 -7.393896 1.617577 -0.009839 0.028168 -0.739885 0.672071
55.550000000 9.189208 -7.400483 1.617103 -0.010316 0.028705 -0.738904 0.673120
55.555000000 9.189580 -7.407077 1.616653 -0.010786 0.029242 -0.737924 0.674164
55.560000000 9.189966 -7.413678 1.616228 -0.011251 0.029779 -0.736944 0.675203
55.565000000 9.190367 -7.420286 1.615828 -0.011710 0.030317 -0.735965 0.676239
55.570000000 9.190784 -7.426900 1.615453 -0.012165 0.030856 -0.734987 0.677270
55.575000000 9.191217 -7.433522 1.615104 -0.012617 0.031397 -0.734010 0.678296
55.580000000 9.191667 -7.440150 1.614780 -0.013065 0.031940 -0.733033 0.679317
55.585000000 9.192134 -7.446785 1.614482 -0.013513 0.032485 -0.732057 0.680334
55.590000000 9.192618 -7.453428 1.614210 -0.013960 0.033032 -0.731082 0.681346
55.595000000 9.193120 -7.460077 1.613963 -0.014407 0.033580 -0.730108 0.682354
55.600000000 9.193639 -7.466733 1.613743 -0.014857 0.034129 -0.729135 0.683357
55.605000000 9.194178 -7.473397 1.613548 -0.015308 0.034681 -0.728163 0.684355
55.610000000 9.194735 -7.480067 1.613380 -0.015763 0.035234 -0.727192 0.685348
55.615000000 9.195312 -7.486745 1.613238 -0.016221 0.035788 -0.726222 0.686337
55.620000000 9.195908 -7.493429 1.613123 -0.016683 0.036342 -0.725253 0.687320
55.625000000 9.196524 -7.500121 1.613034 -0.017150 0.036896 -0.724286 0.688298
55.630000000 9.197161 -7.506820 1.612972 -0.017622 0.037447 -0.723320 0.689272
55.635000000 9.197819 -7.513526 1.612936 -0.018098 0.037992 -0.722356 0.690240
55.640000000 9.198498 -7.520239 1.612927 -0.018579 0.038530 -0.721393 0.691204
55.645000000 9.199199 -7.526960 1.612944 -0.019064 0.039056 -0.720432 0.692163
55.650000000 9.199923 -7.533688 1.612988 -0.019554 0.039567 -0.719472 0.693118
55.655000000 9.200668 -7.540422 1.613058 -0.020049 0.040059 -0.718513 0.694069
55.660000000 9.201437 -7.547164 1.613155 -0.020547 0.040525 -0.717556 0.695017
55.665000000 9.202228 -7.553913 1.613277 -0.021050 0.040963 -0.716601 0.695961
55.670000000 9.203044 -7.560669 1.613425 -0.021556 0.041369 -0.715649 0.696901
55.675000000 9.203883 -7.567432 1.613599 -0.022065 0.041738 -0.714698 0.697838
55.680000000 9.204747 -7.574202 1.613798 -0.022576 0.042068 -0.713749 0.698772
55.685000000 9.205635 -7.580978 1.614023 -0.023090 0.042354 -0.712803 0.699703
55.690000000 9.206548 -7.587762 1.614273 -0.023605 0.042594 -0.711859 0.700632
55.695000000 9.207487 -7.594551 1.614548 -0.024120 0.042787 -0.710917 0.701559
55.700000000 9.208451 -7.601347 1.614848 -0.024635 0.042932 -0.709977 0.702483
55.705000000 9.209440 -7.608149 1.615173 -0.025150 0.043028 -0.709039 0.703406
55.710000000 9.210456 -7.614957 1.615523 -0.025664 0.043072 -0.708104 0.704326
55.715000000 9.211497 -7.621771 1.615896 -0.026176 0.043066 -0.707170 0.705245
55.720000000 9.212565 -7.628590 1.616294 -0.026685 0.043009 -0.706239 0.706162
55.725000000 9.213660 -7.635415 1.616716 -0.027192 0.042902 -0.705311 0.707076
55.730000000 9.214781 -7.642244 1.617162 -0.027696 0.042746 -0.704385 0.707988
55.735000000 9.215929 -7.649078 1.617631 -0.028197 0.042542 -0.703461 0.708899
55.740000000 9.217103 -7.655916 1.618124 -0.028695 0.042292 -0.702540 0.709806
55.745000000 9.218305 -7.662759 1.618639 -0.029188 0.042000 -0.701622 0.710712
55.750000000 9.219534 -7.669605 1.619179 -0.029678 0.041666 -0.700705 0.711614
55.755000000 9.220789 -7.676454 1.619741 -0.030163 0.041296 -0.699792 0.712514
55.760000000 9.222072 -7.683306 1.620325 -0.030644 0.040892 -0.698881 0.713410
55.765000000 9.223382 -7.690161 1.620933 -0.031121 0.040458 -0.697973 0.714303
55.770000000 9.224718 -7.697018 1.621563 -0.031593 0.039997 -0.697067 0.715192
55.775000000 9.226082 -7.703877 1.622215 -0.032062 0.039513 -0.696164 0.716077
55.780000000 9.227473 -7.710737 1.622889 -0.032527 0.039009 -0.695264 0.716958
55.785000000 9.228891 -7.717599 1.623585 -0.032989 0.038491 -0.694366 0.717834
55.790000000 9.230335 -7.724461 1.624303 -0.033447 0.037961 -0.693471 0.718706
55.795000000 9.231807 -7.731323 1.625043 -0.033903 0.037423 -0.692579 0.719573
55.800000000 9.233305 -7.738184 1.625804 -0.034357 0.036880 -0.691689 0.720434
55.805000000 9.234830 -7.745046 1.626587 -0.034809 0.036334 -0.690803 0.721291
55.810000000 9.236382 -7.751906 1.627391 -0.035260 0.035791 -0.689919 0.722141
55.815000000 9.237960 -7.758764 1.628215 -0.035710 0.035252 -0.689038 0.722986
55.820000000 9.239565 -7.765621 1.629061 -0.036160 0.034722 -0.688159 0.723826
55.825000000 9.241197 -7.772476 1.629928 -0.036610 0.034202 -0.687284 0.724659
55.830000000 9.242855 -7.779327 1.630815 -0.037060 0.033695 -0.686412 0.725486
55.835000000 9.244539 -7.786176 1.631723 -0.037512 0.033203 -0.685543 0.726306
55.840000000 9.246250 -7.793021 1.632651 -0.037965 0.032728 -0.684678 0.727120
55.845000000 9.247987 -7.799863 1.633599 -0.038419 0.032272 -0.683815 0.727928
55.850000000 9.249751 -7.806700 1.634568 -0.038876 0.031837 -0.682956 0.728729
55.855000000 9.251540 -7.813533 1.635557 -0.039335 0.031423 -0.682101 0.729523
55.860000000 9.253356 -7.820361 1.636565 -0.039797 0.031030 -0.681249 0.730311
55.865000000 9.255198 -7.827183 1.637593 -0.040262 0.030658 -0.680400 0.731092
55.870000000 9.257067 -7.834000 1.638641 -0.040731 0.030309 -0.679554 0.731866
55.875000000 9.258961 -7.840811 1.639708 -0.041203 0.029980 -0.678712 0.732634
55.880000000 9.260882 -7.847616 1.640794 -0.041680 0.029674 -0.677874 0.733396
55.885000000 9.262829 -7.854414 1.641900 -0.042160 0.029388 -0.677039 0.734151
55.890000000 9.264803 -7.861205 1.643025 -0.042644 0.029123 -0.676207 0.734899
55.895000000 9.266803 -7.867989 1.644169 -0.043132 0.028877 -0.675380 0.735641
55.900000000 9.268829 -7.874765 1.645331 -0.043625 0.028649 -0.674555 0.736377
55.905000000 9.270882 -7.881533 1.646513 -0.044121 0.028436 -0.673735 0.737107
55.910000000 9.272962 -7.888294 1.647712 -0.044622 0.028238 -0.672918 0.737830
55.915000000 9.275068 -7.895045 1.648931 -0.045127 0.028052 -0.672105 0.738547
55.920000000 9.277201 -7.901789 1.650167 -0.045635 0.027877 -0.671295 0.739259
55.925000000 9.279361 -7.908523 1.651422 -0.046148 0.027711 -0.670489 0.739964
55.930000000 9.281547 -7.915247 1.652695 -0.046664 0.027552 -0.669687 0.740663
55.935000000 9.283761 -7.921963 1.653986 -0.047183 0.027397 -0.668889 0.741357
55.940000000 9.286002 -7.928668 1.655294 -0.047704 0.027244 -0.668095 0.742045
55.945000000 9.288270 -7.935363 1.656620 -0.048228 0.027089 -0.667306 0.742727
55.950000000 9.290566 -7.942048 1.657963 -0.048751 0.026924 -0.666520 0.743404
55.955000000 9.292888 -7.948722 1.659324 -0.049272 0.026745 -0.665739 0.744075
55.960000000 9.295239 -7.955385 1.660701 -0.049789 0.026541 -0.664963 0.744743
55.965000000 9.297616 -7.962037 1.662094 -0.050299 0.026305 -0.664190 0.745406
55.970000000 9.300021 -7.968677 1.663503 -0.050801 0.026027 -0.663422 0.746065
55.975000000 9.302454 -7.975306 1.664927 -0.051292 0.025698 -0.662658 0.746721
55.980000000 9.304914 -7.981922 1.666367 -0.051768 0.025309 -0.661899 0.747375
55.985000000 9.307402 -7.988526 1.667821 -0.052229 0.024851 -0.661144 0.748026
55.990000000 9.309917 -7.995116 1.669289 -0.052672 0.024314 -0.660394 0.748675
55.995000000 9.312459 -8.001694 1.670771 -0.053094 0.023692 -0.659648 0.749323
56.000000000 9.315029 -8.008258 1.672267 -0.053495 0.022977 -0.658906 0.749969
56.005000000 9.317625 -8.014808 1.673775 -0.053873 0.022164 -0.658169 0.750613
56.010000000 9.320248 -8.021343 1.675295 -0.054227 0.021247 -0.657436 0.751257
56.015000000 9.322897 -8.027864 1.676827 -0.054555 0.020222 -0.656707 0.751898
56.020000000 9.325572 -8.034369 1.678370 -0.054859 0.019084 -0.655982 0.752538
56.025000000 9.328273 -8.040859 1.679925 -0.055138 0.017833 -0.655261 0.753176
56.030000000 9.330999 -8.047332 1.681490 -0.055392 0.016466 -0.654544 0.753812
56.035000000 9.333750 -8.053788 1.683065 -0.055622 0.014986 -0.653830 0.754445
56.040000000 9.336524 -8.060226 1.684649 -0.055829 0.013391 -0.653120 0.755075
56.045000000 9.339322 -8.066646 1.686242 -0.056014 0.011684 -0.652413 0.755700
56.050000000 9.342143 -8.073048 1.687845 -0.056180 0.009869 -0.651709 0.756321
56.055000000 9.344986 -8.079430 1.689455 -0.056328 0.007950 -0.651008 0.756937
56.060000000 9.347850 -8.085792 1.691074 -0.056460 0.005932 -0.650309 0.757546
56.065000000 9.350735 -8.092134 1.692700 -0.056579 0.003822 -0.649612 0.758148
56.070000000 9.353639 -8.098453 1.694333 -0.056688 0.001627 -0.648918 0.758742
56.075000000 9.356562 -8.104751 1.695973 -0.056789 -0.000646 -0.648226 0.759327
56.080000000 9.359504 -8.111025 1.697619 -0.056885 -0.002990 -0.647536 0.759902
56.085000000 9.362462 -8.117276 1.699271 -0.056979 -0.005395 -0.646849 0.760468
56.090000000 9.365436 -8.123502 1.700929 -0.057075 -0.007854 -0.646163 0.761021
56.095000000 9.368426 -8.129702 1.702592 -0.057174 -0.010358 -0.645481 0.761563
56.100000000 9.371430 -8.135877 1.704259 -0.057280 -0.012898 -0.644800 0.762093
56.105000000 9.374446 -8.142024 1.705932 -0.057395 -0.015465 -0.644123 0.762609
56.110000000 9.377476 -8.148143 1.707608 -0.057523 -0.018051 -0.643448 0.763112
56.115000000 9.380516 -8.154233 1.709288 -0.057666 -0.020647 -0.642777 0.763601
56.120000000 9.383566 -8.160294 1.710972 -0.057825 -0.023245 -0.642110 0.764075
56.125000000 9.386626 -8.166324 1.712658 -0.058004 -0.025836 -0.641447 0.764535
56.130000000 9.389694 -8.172323 1.714348 -0.058205 -0.028413 -0.640789 0.764980
56.135000000 9.392769 -8.178290 1.716040 -0.058428 -0.030968 -0.640136 0.765411
56.140000000 9.395851 -8.184223 1.717733 -0.058676 -0.033496 -0.639488 0.765827
56.145000000 9.398938 -8.190123 1.719429 -0.058950 -0.035991 -0.638846 0.766228
56.150000000 9.402030 -8.195987 1.721125 -0.059251 -0.038447 -0.638211 0.766615
56.155000000 9.405126 -8.201816 1.722823 -0.059579 -0.040860 -0.637582 0.766988
56.160000000 9.408224 -8.207608 1.724521 -0.059935 -0.043227 -0.636960 0.767347
56.165000000 9.411324 -8.213363 1.726220 -0.060318 -0.045544 -0.636346 0.767692
56.170000000 9.414426 -8.219080 1.727918 -0.060730 -0.047809 -0.635739 0.768025
56.175000000 9.417528 -8.224758 1.729616 -0.061169 -0.050020 -0.635140 0.768344
56.180000000 9.420630 -8.230396 1.731313 -0.061634 -0.052177 -0.634550 0.768652
56.185000000 9.423731 -8.235993 1.733009 -0.062126 -0.054279 -0.633967 0.768947
56.190000000 9.426830 -8.241549 1.734704 -0.062644 -0.056327 -0.633393 0.769231
56.195000000 9.429927 -8.247062 1.736396 -0.063186 -0.058321 -0.632826 0.769504
56.200000000 9.433021 -8.252533 1.738087 -0.063752 -0.060263 -0.632268 0.769767
56.205000000 9.436112 -8.257959 1.739775 -0.064338 -0.062156 -0.631717 0.770020
56.210000000 9.439199 -8.263341 1.741460 -0.064945 -0.064003 -0.631174 0.770263
56.215000000 9.442281 -8.268678 1.743142 -0.065570 -0.065805 -0.630638 0.770497
56.220000000 9.445358 -8.273969 1.744820 -0.066210 -0.067567 -0.630109 0.770723
56.225000000 9.448430 -8.279213 1.746494 -0.066865 -0.069292 -0.629587 0.770939
56.230000000 9.451496 -8.284410 1.748165 -0.067531 -0.070984 -0.629072 0.771148
56.235000000 9.454555 -8.289558 1.749830 -0.068207 -0.072646 -0.628562 0.771349
56.240000000 9.457607 -8.294657 1.751491 -0.068891 -0.074285 -0.628058 0.771543
56.245000000 9.460652 -8.299707 1.753146 -0.069580 -0.075904 -0.627559 0.771730
56.250000000 9.463690 -8.304707 1.754796 -0.070274 -0.077507 -0.627065 0.771909
56.255000000 9.466719 -8.309655 1.756440 -0.070969 -0.079100 -0.626575 0.772082
56.260000000 9.469740 -8.314552 1.758078 -0.071663 -0.080686 -0.626089 0.772248
56.265000000 9.472752 -8.319396 1.759709 -0.072352 -0.082268 -0.625607 0.772408
56.270000000 9.475754 -8.324187 1.761332 -0.073032 -0.083847 -0.625128 0.772561
56.275000000 9.478747 -8.328925 1.762949 -0.073698 -0.085426 -0.624653 0.772709
56.280000000 9.481730 -8.333608 1.764558 -0.074345 -0.087006 -0.624181 0.772853
56.285000000 9.484702 -8.338236 1.766159 -0.074967 -0.088586 -0.623713 0.772991
56.290000000 9.487663 -8.342808 1.767751 -0.075558 -0.090167 -0.623248 0.773125
56.295000000 9.490613 -8.347324 1.769335 -0.076112 -0.091749 -0.622788 0.773256
56.300000000 9.493551 -8.351783 1.770910 -0.076623 -0.093329 -0.622332 0.773383
56.305000000 9.496477 -8.356184 1.772475 -0.077085 -0.094907 -0.621880 0.773508
56.310000000 9.499390 -8.360528 1.774030 -0.077493 -0.096481 -0.621434 0.773631
56.315000000 9.502290 -8.364812 1.775575 -0.077842 -0.098050 -0.620994 0.773753
56.320000000 9.505176 -8.369037 1.777110 -0.078127 -0.099612 -0.620560 0.773873
56.325000000 9.508048 -8.373203 1.778634 -0.078345 -0.101165 -0.620132 0.773993
56.330000000 9.510905 -8.377308 1.780146 -0.078492 -0.102708 -0.619711 0.774111
56.335000000 9.513747 -8.381353 1.781647 -0.078567 -0.104239 -0.619297 0.774230
56.340000000 9.516573 -8.385337 1.783136 -0.078568 -0.105755 -0.618892 0.774349
56.345000000 9.519383 -8.389259 1.784613 -0.078492 -0.107256 -0.618495 0.774467
56.350000000 9.522176 -8.393119 1.786077 -0.078341 -0.108739 -0.618107 0.774585
56.355000000 9.524951 -8.396917 1.787528 -0.078113 -0.110204 -0.617728 0.774704
56.360000000 9.527708 -8.400653 1.788967 -0.077810 -0.111648 -0.617359 0.774822
56.365000000 9.530447 -8.404327 1.790391 -0.077433 -0.113071 -0.617000 0.774939
56.370000000 9.533166 -8.407937 1.791802 -0.076983 -0.114471 -0.616651 0.775056
56.375000000 9.535864 -8.411484 1.793199 -0.076464 -0.115849 -0.616313 0.775171
56.380000000 9.538542 -8.414969 1.794582 -0.075879 -0.117204 -0.615986 0.775285
56.385000000 9.541199 -8.418390 1.795949 -0.075231 -0.118537 -0.615670 0.775396
56.390000000 9.543833 -8.421747 1.797302 -0.074524 -0.119848 -0.615365 0.775505
56.395000000 9.546444 -8.425042 1.798640 -0.073764 -0.121139 -0.615071 0.775611
56.400000000 9.549032 -8.428273 1.799962 -0.072956 -0.122408 -0.614788 0.775712
56.405000000 9.551596 -8.431440 1.801268 -0.072103 -0.123660 -0.614517 0.775808
56.410000000 9.554135 -8.434544 1.802559 -0.071212 -0.124894 -0.614256 0.775900
56.415000000 9.556648 -8.437585 1.803833 -0.070289 -0.126112 -0.614006 0.775984
56.420000000 9.559135 -8.440562 1.805091 -0.069337 -0.127315 -0.613767 0.776063
56.425000000 9.561595 -8.443476 1.806332 -0.068364 -0.128505 -0.613539 0.776133
56.430000000 9.564027 -8.446327 1.807556 -0.067372 -0.129682 -0.613321 0.776196
56.435000000 9.566430 -8.449115 1.808763 -0.066369 -0.130850 -0.613114 0.776251
56.440000000 9.568804 -8.451840 1.809952 -0.065351 -0.132007 -0.612917 0.776297
56.445000000 9.571149 -8.454503 1.811124 -0.064314 -0.133150 -0.612731 0.776335
56.450000000 9.573463 -8.457102 1.812276 -0.063247 -0.134269 -0.612556 0.776368
56.455000000 9.575745 -8.459640 1.813409 -0.062139 -0.135345 -0.612394 0.776398
56.460000000 9.577996 -8.462115 1.814523 -0.060977 -0.136355 -0.612246 0.776431
56.465000000 9.580215 -8.464528 1.815617 -0.059748 -0.137274 -0.612112 0.776469
56.470000000 9.582400 -8.466880 1.816690 -0.058438 -0.138070 -0.611996 0.776520
56.475000000 9.584552 -8.469170 1.817741 -0.057035 -0.138714 -0.611897 0.776587
56.480000000 9.586669 -8.471400 1.818772 -0.055525 -0.139171 -0.611818 0.776677
56.485000000 9.588752 -8.473570 1.819781 -0.053895 -0.139410 -0.611760 0.776795
56.490000000 9.590799 -8.475680 1.820768 -0.052135 -0.139399 -0.611723 0.776945
56.495000000 9.592810 -8.477731 1.821732 -0.050236 -0.139110 -0.611709 0.777134
56.500000000 9.594785 -8.479725 1.822674 -0.048189 -0.138514 -0.611717 0.777364
56.505000000 9.596724 -8.481661 1.823593 -0.045989 -0.137586 -0.611746 0.777638
56.510000000 9.598626 -8.483542 1.824490 -0.043630 -0.136303 -0.611797 0.777961
56.515000000 9.600491 -8.485368 1.825364 -0.041110 -0.134650 -0.611866 0.778331
56.520000000 9.602319 -8.487140 1.826216 -0.038432 -0.132613 -0.611953 0.778750
56.525000000 9.604109 -8.488861 1.827045 -0.035596 -0.130184 -0.612053 0.779215
56.530000000 9.605863 -8.490533 1.827853 -0.032607 -0.127357 -0.612163 0.779726
56.535000000 9.607580 -8.492156 1.828639 -0.029471 -0.124132 -0.612281 0.780279
56.540000000 9.609260 -8.493733 1.829404 -0.026195 -0.120512 -0.612400 0.780869
56.545000000 9.610904 -8.495266 1.830148 -0.022791 -0.116504 -0.612516 0.781493
56.550000000 9.612512 -8.496759 1.830873 -0.019269 -0.112123 -0.612625 0.782143
56.555000000 9.614085 -8.498212 1.831579 -0.015644 -0.107384 -0.612722 0.782813
56.560000000 9.615623 -8.499628 1.832266 -0.011929 -0.102307 -0.612800 0.783497
56.565000000 9.617127 -8.501011 1.832936 -0.008141 -0.096917 -0.612855 0.784187
56.570000000 9.618598 -8.502364 1.833589 -0.004298 -0.091239 -0.612883 0.784877
56.575000000 9.620037 -8.503689 1.834227 -0.000417 -0.085305 -0.612879 0.785558
56.580000000 9.621445 -8.504988 1.834850 0.003484 -0.079146 -0.612840 0.786226
56.585000000 9.622822 -8.506267 1.835459 0.007385 -0.072796 -0.612763 0.786872
56.590000000 9.624170 -8.507527 1.836056 0.011269 -0.066291 -0.612645 0.787493
56.595000000 9.625490 -8.508772 1.836642 0.015117 -0.059668 -0.612484 0.788083
56.600000000 9.626783 -8.510006 1.837217 0.018912 -0.052961 -0.612280 0.788638
56.605000000 9.628051 -8.511231 1.837782 0.022639 -0.046209 -0.612033 0.789156
56.610000000 9.629295 -8.512451 1.838339 0.026283 -0.039447 -0.611743 0.789635
56.615000000 9.630517 -8.513669 1.838888 0.029830 -0.032710 -0.611413 0.790073
56.620000000 9.631717 -8.514889 1.839431 0.033270 -0.026029 -0.611043 0.790469
56.625000000 9.632897 -8.516114 1.839968 0.036594 -0.019435 -0.610637 0.790826
56.630000000 9.634060 -8.517347 1.840501 0.039795 -0.012958 -0.610198 0.791143
56.635000000 9.635205 -8.518592 1.841029 0.042868 -0.006621 -0.609728 0.791423
56.640000000 9.636335 -8.519851 1.841554 0.045810 -0.000447 -0.609232 0.791667
56.645000000 9.637452 -8.521128 1.842077 0.048621 0.005545 -0.608714 0.791879
56.650000000 9.638556 -8.522425 1.842599 0.051303 0.011338 -0.608177 0.792061
56.655000000 9.639649 -8.523745 1.843120 0.053858 0.016920 -0.607624 0.792216
56.660000000 9.640732 -8.525091 1.843640 0.056292 0.022281 -0.607060 0.792347
56.665000000 9.641807 -8.526466 1.844162 0.058611 0.027414 -0.606487 0.792456
56.670000000 9.642876 -8.527873 1.844684 0.060824 0.032315 -0.605909 0.792547
56.675000000 9.643938 -8.529313 1.845209 0.062940 0.036986 -0.605327 0.792622
56.680000000 9.644997 -8.530789 1.845736 0.064971 0.041429 -0.604745 0.792683
56.685000000 9.646051 -8.532304 1.846266 0.066928 0.045650 -0.604163 0.792732
56.690000000 9.647104 -8.533860 1.846800 0.068822 0.049656 -0.603583 0.792770
56.695000000 9.648156 -8.535458 1.847339 0.070665 0.053457 -0.603006 0.792800
56.700000000 9.649207 -8.537101 1.847882 0.072466 0.057058 -0.602433 0.792822
56.705000000 9.650259 -8.538790 1.848431 0.074229 0.060466 -0.601864 0.792839
56.710000000 9.651313 -8.540529 1.848986 0.075958 0.063684 -0.601301 0.792850
56.715000000 9.652369 -8.542317 1.849546 0.077653 0.066713 -0.600744 0.792860
56.720000000 9.653428 -8.544158 1.850113 0.079311 0.069553 -0.600193 0.792868
56.725000000 9.654491 -8.546053 1.850686 0.080929 0.072203 -0.599650 0.792879
56.730000000 9.655559 -8.548003 1.851265 0.082500 0.074663 -0.599116 0.792893
56.735000000 9.656632 -8.550009 1.851850 0.084018 0.076929 -0.598592 0.792913
56.740000000 9.657710 -8.552074 1.852441 0.085474 0.079001 -0.598078 0.792941
56.745000000 9.658794 -8.554198 1.853039 0.086862 0.080878 -0.597574 0.792981
56.750000000 9.659884 -8.556382 1.853642 0.088172 0.082560 -0.597081 0.793034
56.755000000 9.660980 -8.558628 1.854252 0.089397 0.084045 -0.596600 0.793104
56.760000000 9.662084 -8.560936 1.854866 0.090526 0.085334 -0.596130 0.793191
56.765000000 9.663195 -8.563308 1.855486 0.091553 0.086427 -0.595672 0.793299
56.770000000 9.664312 -8.565744 1.856112 0.092470 0.087326 -0.595225 0.793430
56.775000000 9.665437 -8.568244 1.856742 0.093270 0.088035 -0.594789 0.793584
56.780000000 9.666570 -8.570810 1.857378 0.093946 0.088557 -0.594364 0.793765
56.785000000 9.667710 -8.573441 1.858018 0.094495 0.088897 -0.593949 0.793973
56.790000000 9.668857 -8.576139 1.858662 0.094911 0.089059 -0.593543 0.794208
56.795000000 9.670012 -8.578902 1.859311 0.095192 0.089050 -0.593145 0.794473
56.800000000 9.671174 -8.581731 1.859964 0.095336 0.088876 -0.592755 0.794767
56.805000000 9.672343 -8.584627 1.860622 0.095341 0.088547 -0.592369 0.795090
56.810000000 9.673519 -8.587588 1.861283 0.095209 0.088071 -0.591988 0.795442
56.815000000 9.674702 -8.590616 1.861948 0.094941 0.087457 -0.591610 0.795824
56.820000000 9.675892 -8.593708 1.862616 0.094541 0.086715 -0.591233 0.796233
56.825000000 9.677089 -8.596866 1.863289 0.094012 0.085857 -0.590855 0.796669
56.830000000 9.678292 -8.600088 1.863965 0.093362 0.084894 -0.590474 0.797131
56.835000000 9.679502 -8.603374 1.864645 0.092595 0.083838 -0.590089 0.797617
56.840000000 9.680718 -8.606723 1.865329 0.091719 0.082700 -0.589698 0.798126
56.845000000 9.681939 -8.610134 1.866016 0.090741 0.081491 -0.589299 0.798657
56.850000000 9.683167 -8.613607 1.866708 0.089671 0.080224 -0.588890 0.799207
56.855000000 9.684400 -8.617140 1.867403 0.088517 0.078910 -0.588471 0.799775
56.860000000 9.685639 -8.620734 1.868101 0.087288 0.077560 -0.588039 0.800359
56.865000000 9.686884 -8.624386 1.868804 0.085995 0.076185 -0.587593 0.800959
56.870000000 9.688133 -8.628096 1.869511 0.084649 0.074796 -0.587133 0.801570
56.875000000 9.689388 -8.631863 1.870222 0.083259 0.073403 -0.586656 0.802193
56.880000000 9.690648 -8.635686 1.870937 0.081835 0.072014 -0.586163 0.802826
56.885000000 9.691913 -8.639564 1.871657 0.080389 0.070640 -0.585651 0.803468
56.890000000 9.693182 -8.643496 1.872381 0.078928 0.069287 -0.585121 0.804116
56.895000000 9.694456 -8.647480 1.873109 0.077464 0.067963 -0.584572 0.804771
56.900000000 9.695735 -8.651516 1.873842 0.076004 0.066674 -0.584004 0.805430
56.905000000 9.697019 -8.655603 1.874579 0.074559 0.065427 -0.583415 0.806094
56.910000000 9.698307 -8.659740 1.875321 0.073137 0.064226 -0.582807 0.806761
56.915000000 9.699600 -8.663925 1.876068 0.071745 0.063075 -0.582178 0.807430
56.920000000 9.700897 -8.668158 1.876820 0.070388 0.061977 -0.581530 0.808101
56.925000000 9.702199 -8.672438 1.877576 0.069074 0.060934 -0.580862 0.808774
56.930000000 9.703505 -8.676764 1.878338 0.067808 0.059947 -0.580174 0.809448
56.935000000 9.704816 -8.681136 1.879104 0.066595 0.059018 -0.579468 0.810123
56.940000000 9.706132 -8.685551 1.879875 0.065436 0.058144 -0.578743 0.810798
56.945000000 9.707452 -8.690011 1.880651 0.064336 0.057327 -0.578000 0.811475
56.950000000 9.708777 -8.694513 1.881432 0.063296 0.056563 -0.577239 0.812151
56.955000000 9.710106 -8.699057 1.882218 0.062318 0.055851 -0.576460 0.812829
56.960000000 9.711440 -8.703643 1.883009 0.061401 0.055187 -0.575665 0.813508
56.965000000 9.712779 -8.708270 1.883805 0.060542 0.054566 -0.574853 0.814188
56.970000000 9.714122 -8.712938 1.884606 0.059740 0.053984 -0.574025 0.814869
56.975000000 9.715470 -8.717645 1.885411 0.058992 0.053433 -0.573183 0.815553
56.980000000 9.716823 -8.722391 1.886221 0.058292 0.052909 -0.572326 0.816239
56.985000000 9.718181 -8.727177 1.887035 0.057637 0.052405 -0.571455 0.816928
56.990000000 9.719543 -8.732001 1.887853 0.057020 0.051914 -0.570571 0.817620
56.995000000 9.720911 -8.736863 1.888676 0.056436 0.051429 -0.569676 0.818315
57.000000000 9.722283 -8.741762 1.889503 0.055878 0.050943 -0.568768 0.819015
57.005000000 9.723661 -8.746699 1.890333 0.055340 0.050449 -0.567850 0.819719
57.010000000 9.725043 -8.751672 1.891168 0.054817 0.049943 -0.566921 0.820427
57.015000000 9.726429 -8.756681 1.892006 0.054303 0.049419 -0.565982 0.821141
57.020000000 9.727821 -8.761727 1.892847 0.053793 0.048872 -0.565033 0.821861
57.025000000 9.729218 -8.766808 1.893692 0.053282 0.048298 -0.564075 0.822586
57.030000000 9.730619 -8.771924 1.894540 0.052765 0.047694 -0.563107 0.823318
57.035000000 9.732024 -8.777075 1.895392 0.052236 0.047056 -0.562130 0.824055
57.040000000 9.733435 -8.782260 1.896246 0.051691 0.046380 -0.561144 0.824800
57.045000000 9.734850 -8.787479 1.897103 0.051127 0.045666 -0.560150 0.825550
57.050000000 9.736269 -8.792731 1.897963 0.050538 0.044910 -0.559147 0.826307
57.055000000 9.737692 -8.798016 1.898825 0.049924 0.044113 -0.558136 0.827071
57.060000000 9.739120 -8.803334 1.899690 0.049280 0.043273 -0.557116 0.827841
57.065000000 9.740551 -8.808683 1.900558 0.048604 0.042392 -0.556088 0.828617
57.070000000 9.741987 -8.814063 1.901427 0.047895 0.041468 -0.555051 0.829400
57.075000000 9.743426 -8.819474 1.902299 0.047153 0.040505 -0.554006 0.830189
57.080000000 9.744868 -8.824915 1.903173 0.046376 0.039504 -0.552952 0.830983
57.085000000 9.746315 -8.830386 1.904049 0.045564 0.038467 -0.551890 0.831782
57.090000000 9.747764 -8.835885 1.904926 0.044720 0.037398 -0.550818 0.832587
57.095000000 9.749216 -8.841413 1.905806 0.043843 0.036300 -0.549738 0.833396
57.100000000 9.750672 -8.846967 1.906687 0.042936 0.035176 -0.548648 0.834209
57.105000000 9.752130 -8.852549 1.907570 0.042000 0.034030 -0.547549 0.835026
57.110000000 9.753590 -8.858156 1.908455 0.041037 0.032866 -0.546442 0.835845
57.115000000 9.755053 -8.863789 1.909341 0.040051 0.031689 -0.545325 0.836667
57.120000000 9.756518 -8.869446 1.910228 0.039045 0.030503 -0.544199 0.837492
57.125000000 9.757985 -8.875127 1.911117 0.038022 0.029313 -0.543063 0.838318
57.130000000 9.759453 -8.880831 1.912007 0.036984 0.028122 -0.541918 0.839146
57.135000000 9.760923 -8.886557 1.912899 0.035936 0.026935 -0.540763 0.839976
57.140000000 9.762395 -8.892304 1.913792 0.034881 0.025756 -0.539598 0.840806
57.145000000 9.763868 -8.898072 1.914685 0.033823 0.024589 -0.538424 0.841636
57.150000000 9.765342 -8.903860 1.915580 0.032763 0.023436 -0.537240 0.842467
57.155000000 9.766816 -8.909667 1.916476 0.031707 0.022301 -0.536048 0.843297
57.160000000 9.768292 -8.915493 1.917373 0.030656 0.021188 -0.534845 0.844128
57.165000000 9.769768 -8.921336 1.918271 0.029615 0.020098 -0.533634 0.844958
57.170000000 9.771244 -8.927196 1.919170 0.028585 0.019035 -0.532414 0.845787
57.175000000 9.772721 -8.933072 1.920069 0.027571 0.018000 -0.531185 0.846616
57.180000000 9.774197 -8.938963 1.920969 0.026574 0.016996 -0.529948 0.847443
57.185000000 9.775674 -8.944870 1.921870 0.025598 0.016023 -0.528703 0.848270
57.190000000 9.777150 -8.950790 1.922771 0.024645 0.015084 -0.527450 0.849095
57.195000000 9.778627 -8.956724 1.923672 0.023717 0.014179 -0.526189 0.849918
57.200000000 9.780102 -8.962670 1.924574 0.022816 0.013309 -0.524921 0.850741
57.205000000 9.781578 -8.968629 1.925477 0.021945 0.012474 -0.523647 0.851562
57.210000000 9.783052 -8.974600 1.926379 0.021104 0.011675 -0.522365 0.852381
57.215000000 9.784526 -8.980581 1.927282 0.020295 0.010913 -0.521077 0.853199
57.220000000 9.785999 -8.986573 1.928185 0.019519 0.010186 -0.519783 0.854015
57.225000000 9.787471 -8.992575 1.929087 0.018777 0.009496 -0.518484 0.854829
57.230000000 9.788942 -8.998586 1.929990 0.018070 0.008840 -0.517179 0.855641
57.235000000 9.790413 -9.004606 1.930892 0.017398 0.008220 -0.515870 0.856451
57.240000000 9.791881 -9.010635 1.931794 0.016761 0.007635 -0.514556 0.857259
57.245000000 9.793349 -9.016672 1.932695 0.016160 0.007084 -0.513238 0.858065
57.250000000 9.794816 -9.022717 1.933596 0.015595 0.006566 -0.511916 0.858869
57.255000000 9.796281 -9.028770 1.934496 0.015066 0.006080 -0.510592 0.859670
57.260000000 9.797744 -9.034829 1.935395 0.014572 0.005626 -0.509264 0.860469
57.265000000 9.799207 -9.040895 1.936294 0.014112 0.005202 -0.507933 0.861265
57.270000000 9.800667 -9.046967 1.937191 0.013686 0.004808 -0.506601 0.862059
57.275000000 9.802126 -9.053046 1.938087 0.013293 0.004441 -0.505266 0.862850
57.280000000 9.803584 -9.059130 1.938982 0.012931 0.004100 -0.503930 0.863638
57.285000000 9.805040 -9.065220 1.939876 0.012598 0.003784 -0.502592 0.864424
57.290000000 9.806494 -9.071316 1.940768 0.012294 0.003490 -0.501254 0.865206
57.295000000 9.807947 -9.077416 1.941658 0.012016 0.003218 -0.499914 0.865985
57.300000000 9.809397 -9.083522 1.942547 0.011762 0.002964 -0.498575 0.866762
57.305000000 9.810846 -9.089632 1.943434 0.011531 0.002728 -0.497236 0.867534
57.310000000 9.812293 -9.095747 1.944319 0.011321 0.002508 -0.495898 0.868303
57.315000000 9.813738 -9.101867 1.945202 0.011129 0.002301 -0.494561 0.869069
57.320000000 9.815182 -9.107991 1.946083 0.010954 0.002106 -0.493225 0.869830
57.325000000 9.816623 -9.114120 1.946961 0.010793 0.001922 -0.491891 0.870588
57.330000000 9.818062 -9.120252 1.947837 0.010643 0.001746 -0.490558 0.871342
57.335000000 9.819500 -9.126389 1.948711 0.010504 0.001577 -0.489228 0.872091
57.340000000 9.820935 -9.132530 1.949582 0.010374 0.001413 -0.487901 0.872836
57.345000000 9.822368 -9.138674 1.950450 0.010250 0.001253 -0.486577 0.873577
57.350000000 9.823800 -9.144823 1.951315 0.010131 0.001097 -0.485255 0.874313
57.355000000 9.825229 -9.150975 1.952177 0.010015 0.000941 -0.483938 0.875045
57.360000000 9.826656 -9.157130 1.953036 0.009898 0.000785 -0.482624 0.875771
57.365000000 9.828081 -9.163290 1.953891 0.009781 0.000628 -0.481315 0.876493
57.370000000 9.829503 -9.169452 1.954744 0.009661 0.000468 -0.480011 0.877209
57.375000000 9.830923 -9.175618 1.955592 0.009538 0.000305 -0.478711 0.877921
57.380000000 9.832341 -9.181787 1.956437 0.009411 0.000139 -0.477417 0.878627
57.385000000 9.833757 -9.187960 1.957279 0.009279 -0.000031 -0.476128 0.879327
57.390000000 9.835171 -9.194135 1.958116 0.009141 -0.000205 -0.474845 0.880022
57.395000000 9.836582 -9.200314 1.958950 0.008996 -0.000384 -0.473568 0.880711
57.400000000 9.837990 -9.206495 1.959780 0.008842 -0.000568 -0.472297 0.881395
57.405000000 9.839396 -9.212679 1.960605 0.008681 -0.000758 -0.471034 0.882072
57.410000000 9.840800 -9.218866 1.961426 0.008511 -0.000953 -0.469777 0.882744
57.415000000 9.842201 -9.225056 1.962242 0.008333 -0.001152 -0.468526 0.883409
57.420000000 9.843600 -9.231247 1.963054 0.008148 -0.001356 -0.467284 0.884069
57.425000000 9.844996 -9.237442 1.963862 0.007955 -0.001564 -0.466048 0.884722
57.430000000 9.846389 -9.243638 1.964664 0.007754 -0.001776 -0.464821 0.885369
57.435000000 9.847780 -9.249836 1.965462 0.007547 -0.001991 -0.463601 0.886010
57.440000000 9.849168 -9.256036 1.966255 0.007334 -0.002208 -0.462390 0.886644
57.445000000 9.850553 -9.262238 1.967042 0.007116 -0.002426 -0.461187 0.887271
57.450000000 9.851935 -9.268442 1.967824 0.006894 -0.002645 -0.459992 0.887892
57.455000000 9.853315 -9.274647 1.968601 0.006668 -0.002865 -0.458807 0.888506
57.460000000 9.854691 -9.280854 1.969373 0.006437 -0.003086 -0.457631 0.889113
57.465000000 9.856065 -9.287061 1.970139 0.006201 -0.003308 -0.456465 0.889714
57.470000000 9.857436 -9.293270 1.970899 0.005958 -0.003532 -0.455308 0.890307
57.475000000 9.858803 -9.299480 1.971654 0.005709 -0.003758 -0.454162 0.890893
57.480000000 9.860168 -9.305690 1.972402 0.005450 -0.003988 -0.453026 0.891472
57.485000000 9.861530 -9.311901 1.973145 0.005180 -0.004223 -0.451901 0.892043
57.490000000 9.862888 -9.318112 1.973881 0.004897 -0.004464 -0.450786 0.892607
57.495000000 9.864244 -9.324324 1.974611 0.004600 -0.004713 -0.449683 0.893164
57.500000000 9.865596 -9.330536 1.975335 0.004286 -0.004971 -0.448591 0.893713
57.505000000 9.866945 -9.336748 1.976053 0.003955 -0.005238 -0.447511 0.894254
57.510000000 9.868291 -9.342959 1.976764 0.003604 -0.005517 -0.446443 0.894788
57.515000000 9.869633 -9.349170 1.977468 0.003232 -0.005807 -0.445387 0.895313
57.520000000 9.870972 -9.355380 1.978165 0.002839 -0.006112 -0.444344 0.895831
57.525000000 9.872308 -9.361589 1.978856 0.002422 -0.006429 -0.443313 0.896340
57.530000000 9.873640 -9.367798 1.979539 0.001981 -0.006762 -0.442295 0.896842
57.535000000 9.874969 -9.374004 1.980215 0.001516 -0.007110 -0.441291 0.897335
57.540000000 9.876294 -9.380209 1.980885 0.001025 -0.007474 -0.440300 0.897819
57.545000000 9.877615 -9.386412 1.981546 0.000508 -0.007855 -0.439323 0.898295
57.550000000 9.878933 -9.392613 1.982201 -0.000035 -0.008252 -0.438360 0.898762
57.555000000 9.880247 -9.398811 1.982848 -0.000602 -0.008665 -0.437411 0.899220
57.560000000 9.881558 -9.405006 1.983487 -0.001192 -0.009093 -0.436476 0.899669
57.565000000 9.882865 -9.411198 1.984119 -0.001806 -0.009537 -0.435556 0.900109
57.570000000 9.884167 -9.417386 1.984742 -0.002443 -0.009995 -0.434650 0.900541
57.575000000 9.885466 -9.423570 1.985358 -0.003101 -0.010467 -0.433759 0.900963
57.580000000 9.886761 -9.429750 1.985966 -0.003779 -0.010953 -0.432883 0.901376
57.585000000 9.888052 -9.435926 1.986566 -0.004476 -0.011451 -0.432021 0.901780
57.590000000 9.889338 -9.442096 1.987157 -0.005190 -0.011960 -0.431175 0.902174
57.595000000 9.890620 -9.448260 1.987740 -0.005921 -0.012480 -0.430344 0.902559
57.600000000 9.891898 -9.454419 1.988315 -0.006667 -0.013010 -0.429528 0.902935
57.605000000 9.893172 -9.460572 1.988881 -0.007425 -0.013548 -0.428728 0.903301
57.610000000 9.894441 -9.466717 1.989438 -0.008194 -0.014092 -0.427944 0.903658
57.615000000 9.895706 -9.472856 1.989987 -0.008972 -0.014643 -0.427175 0.904006
57.620000000 9.896966 -9.478986 1.990526 -0.009758 -0.015198 -0.426421 0.904344
57.625000000 9.898221 -9.485109 1.991057 -0.010550 -0.015756 -0.425684 0.904673
57.630000000 9.899472 -9.491223 1.991579 -0.011347 -0.016316 -0.424963 0.904992
57.635000000 9.900717 -9.497329 1.992091 -0.012147 -0.016878 -0.424258 0.905302
57.640000000 9.901958 -9.503425 1.992595 -0.012949 -0.017440 -0.423570 0.905603
57.645000000 9.903194 -9.509511 1.993089 -0.013751 -0.018002 -0.422898 0.905894
57.650000000 9.904424 -9.515586 1.993573 -0.014554 -0.018562 -0.422243 0.906176
57.655000000 9.905649 -9.521651 1.994048 -0.015355 -0.019120 -0.421605 0.906448
57.660000000 9.906870 -9.527705 1.994514 -0.016153 -0.019675 -0.420984 0.906711
57.665000000 9.908084 -9.533747 1.994969 -0.016949 -0.020226 -0.420380 0.906965
57.670000000 9.909293 -9.539777 1.995415 -0.017740 -0.020773 -0.419793 0.907209
57.675000000 9.910497 -9.545795 1.995851 -0.018526 -0.021315 -0.419223 0.907444
57.680000000 9.911695 -9.551799 1.996276 -0.019308 -0.021852 -0.418672 0.907669
57.685000000 9.912887 -9.557791 1.996692 -0.020084 -0.022385 -0.418138 0.907886
57.690000000 9.914074 -9.563768 1.997097 -0.020856 -0.022912 -0.417621 0.908093
57.695000000 9.915255 -9.569731 1.997492 -0.021622 -0.023434 -0.417123 0.908291
57.700000000 9.916430 -9.575680 1.997877 -0.022384 -0.023951 -0.416642 0.908479
57.705000000 9.917598 -9.581614 1.998251 -0.023140 -0.024463 -0.416180 0.908658
57.710000000 9.918761 -9.587532 1.998614 -0.023893 -0.024971 -0.415736 0.908828
57.715000000 9.919918 -9.593434 1.998967 -0.024645 -0.025475 -0.415310 0.908989
57.720000000 9.921068 -9.599320 1.999309 -0.025399 -0.025978 -0.414903 0.909140
57.725000000 9.922212 -9.605189 1.999641 -0.026160 -0.026481 -0.414514 0.909281
57.730000000 9.923350 -9.611041 1.999962 -0.026931 -0.026987 -0.414143 0.909413
57.735000000 9.924481 -9.616876 2.000272 -0.027719 -0.027497 -0.413790 0.909535
57.740000000 9.925606 -9.622693 2.000572 -0.028530 -0.028014 -0.413455 0.909646
57.745000000 9.926724 -9.628491 2.000862 -0.029368 -0.028542 -0.413138 0.909747
57.750000000 9.927835 -9.634270 2.001141 -0.030242 -0.029083 -0.412838 0.909838
57.755000000 9.928940 -9.640030 2.001411 -0.031157 -0.029640 -0.412556 0.909917
57.760000000 9.930038 -9.645770 2.001670 -0.032119 -0.030215 -0.412290 0.909985
57.765000000 9.931129 -9.651489 2.001920 -0.033132 -0.030812 -0.412042 0.910041
57.770000000 9.932213 -9.657188 2.002160 -0.034204 -0.031432 -0.411810 0.910085
57.775000000 9.933290 -9.662865 2.002390 -0.035336 -0.032078 -0.411595 0.910117
57.780000000 9.934360 -9.668520 2.002611 -0.036534 -0.032751 -0.411395 0.910136
57.785000000 9.935423 -9.674151 2.002823 -0.037801 -0.033453 -0.411210 0.910142
57.790000000 9.936478 -9.679760 2.003026 -0.039138 -0.034185 -0.411041 0.910134
57.795000000 9.937527 -9.685344 2.003220 -0.040548 -0.034947 -0.410887 0.910114
57.800000000 9.938568 -9.690903 2.003405 -0.042032 -0.035742 -0.410747 0.910079
57.805000000 9.939601 -9.696436 2.003582 -0.043591 -0.036569 -0.410620 0.910029
57.810000000 9.940627 -9.701942 2.003750 -0.045225 -0.037427 -0.410508 0.909966
57.815000000 9.941646 -9.707421 2.003910 -0.046933 -0.038318 -0.410408 0.909887
57.820000000 9.942657 -9.712871 2.004062 -0.048714 -0.039241 -0.410322 0.909793
57.825000000 9.943660 -9.718291 2.004206 -0.050566 -0.040195 -0.410248 0.909684
57.830000000 9.944656 -9.723681 2.004342 -0.052486 -0.041179 -0.410186 0.909559
57.835000000 9.945644 -9.729039 2.004471 -0.054472 -0.042192 -0.410135 0.909418
57.840000000 9.946624 -9.734365 2.004592 -0.056519 -0.043232 -0.410097 0.909262
57.845000000 9.947596 -9.739656 2.004707 -0.058623 -0.044298 -0.410069 0.909090
57.850000000 9.948561 -9.744913 2.004814 -0.060780 -0.045388 -0.410052 0.908902
57.855000000 9.949517 -9.750133 2.004914 -0.062985 -0.046500 -0.410046 0.908698
57.860000000 9.950465 -9.755316 2.005008 -0.065233 -0.047631 -0.410051 0.908479
57.865000000 9.951406 -9.760460 2.005094 -0.067518 -0.048780 -0.410065 0.908245
57.870000000 9.952338 -9.765565 2.005175 -0.069835 -0.049944 -0.410090 0.907995
57.875000000 9.953262 -9.770628 2.005249 -0.072177 -0.051120 -0.410125 0.907730
57.880000000 9.954177 -9.775648 2.005317 -0.074540 -0.052307 -0.410170 0.907452
57.885000000 9.955084 -9.780625 2.005379 -0.076916 -0.053502 -0.410225 0.907159
57.890000000 9.955983 -9.785556 2.005435 -0.079302 -0.054702 -0.410289 0.906853
57.895000000 9.956874 -9.790441 2.005485 -0.081690 -0.055906 -0.410363 0.906534
57.900000000 9.957756 -9.795277 2.005529 -0.084078 -0.057111 -0.410448 0.906202
57.905000000 9.958629 -9.800065 2.005568 -0.086458 -0.058315 -0.410542 0.905858
57.910000000 9.959494 -9.804802 2.005602 -0.088829 -0.059517 -0.410647 0.905503
57.915000000 9.960350 -9.809486 2.005631 -0.091185 -0.060715 -0.410762 0.905138
57.920000000 9.961198 -9.814118 2.005654 -0.093522 -0.061907 -0.410887 0.904761
57.925000000 9.962036 -9.818695 2.005672 -0.095838 -0.063092 -0.411023 0.904375
57.930000000 9.962866 -9.823215 2.005686 -0.098128 -0.064270 -0.411170 0.903980
57.935000000 9.963688 -9.827679 2.005694 -0.100391 -0.065438 -0.411327 0.903576
57.940000000 9.964500 -9.832083 2.005698 -0.102624 -0.066595 -0.411496 0.903164
57.945000000 9.965303 -9.836428 2.005698 -0.104824 -0.067742 -0.411676 0.902744
57.950000000 9.966097 -9.840711 2.005693 -0.106992 -0.068878 -0.411867 0.902316
57.955000000 9.966882 -9.844932 2.005684 -0.109125 -0.070001 -0.412069 0.901882
57.960000000 9.967658 -9.849088 2.005671 -0.111221 -0.071112 -0.412284 0.901441
57.965000000 9.968425 -9.853180 2.005654 -0.113274 -0.072207 -0.412511 0.900994
57.970000000 9.969182 -9.857205 2.005632 -0.115280 -0.073285 -0.412751 0.900542
57.975000000 9.969931 -9.861163 2.005607 -0.117232 -0.074342 -0.413006 0.900087
57.980000000 9.970670 -9.865052 2.005577 -0.119122 -0.075374 -0.413276 0.899628
57.985000000 9.971399 -9.868871 2.005544 -0.120942 -0.076379 -0.413564 0.899169
57.990000000 9.972119 -9.872620 2.005506 -0.122682 -0.077352 -0.413870 0.898709
57.995000000 9.972830 -9.876296 2.005465 -0.124334 -0.078290 -0.414197 0.898250
58.000000000 9.973531 -9.879899 2.005419 -0.125890 -0.079187 -0.414546 0.897793
58.005000000 9.974222 -9.883429 2.005369 -0.127341 -0.080042 -0.414920 0.897340
58.010000000 9.974904 -9.886884 2.005315 -0.128678 -0.080849 -0.415319 0.896892
58.015000000 9.975576 -9.890263 2.005257 -0.129895 -0.081606 -0.415746 0.896450
58.020000000 9.976238 -9.893566 2.005194 -0.130985 -0.082309 -0.416202 0.896016
58.025000000 9.976891 -9.896792 2.005127 -0.131942 -0.082956 -0.416690 0.895589
58.030000000 9.977534 -9.899941 2.005056 -0.132761 -0.083545 -0.417209 0.895171
58.035000000 9.978166 -9.903011 2.004981 -0.133440 -0.084076 -0.417762 0.894763
58.040000000 9.978789 -9.906003 2.004901 -0.133977 -0.084546 -0.418349 0.894364
58.045000000 9.979402 -9.908916 2.004817 -0.134370 -0.084956 -0.418971 0.893975
58.050000000 9.980005 -9.911750 2.004729 -0.134620 -0.085304 -0.419628 0.893595
58.055000000 9.980598 -9.914504 2.004636 -0.134729 -0.085594 -0.420321 0.893226
58.060000000 9.981181 -9.917178 2.004540 -0.134699 -0.085824 -0.421050 0.892865
58.065000000 9.981754 -9.919773 2.004440 -0.134534 -0.085997 -0.421814 0.892512
58.070000000 9.982316 -9.922289 2.004335 -0.134241 -0.086116 -0.422613 0.892167
58.075000000 9.982868 -9.924724 2.004228 -0.133825 -0.086182 -0.423446 0.891828
58.080000000 9.983410 -9.927080 2.004116 -0.133293 -0.086200 -0.424313 0.891494
58.085000000 9.983941 -9.929357 2.004002 -0.132655 -0.086172 -0.425212 0.891163
58.090000000 9.984462 -9.931555 2.003884 -0.131918 -0.086102 -0.426143 0.890835
58.095000000 9.984973 -9.933674 2.003763 -0.131091 -0.085994 -0.427104 0.890507
58.100000000 9.985473 -9.935714 2.003640 -0.130185 -0.085852 -0.428094 0.890178
58.105000000 9.985962 -9.937677 2.003514 -0.129209 -0.085680 -0.429112 0.889846
58.110000000 9.986441 -9.939562 2.003386 -0.128173 -0.085483 -0.430157 0.889511
58.115000000 9.986909 -9.941370 2.003257 -0.127088 -0.085263 -0.431225 0.889170
58.120000000 9.987367 -9.943101 2.003125 -0.125964 -0.085027 -0.432316 0.888823
58.125000000 9.987813 -9.944756 2.002993 -0.124813 -0.084778 -0.433428 0.888467
58.130000000 9.988249 -9.946335 2.002859 -0.123644 -0.084521 -0.434559 0.888103
58.135000000 9.988674 -9.947840 2.002725 -0.122467 -0.084260 -0.435707 0.887728
58.140000000 9.989087 -9.949270 2.002590 -0.121291 -0.083998 -0.436870 0.887343
58.145000000 9.989490 -9.950625 2.002455 -0.120126 -0.083738 -0.438047 0.886946
58.150000000 9.989882 -9.951908 2.002320 -0.118978 -0.083485 -0.439234 0.886537
58.155000000 9.990262 -9.953117 2.002186 -0.117855 -0.083241 -0.440431 0.886116
58.160000000 9.990631 -9.954254 2.002052 -0.116765 -0.083009 -0.441635 0.885683
58.165000000 9.990989 -9.955319 2.001919 -0.115713 -0.082791 -0.442844 0.885237
58.170000000 9.991336 -9.956313 2.001787 -0.114704 -0.082591 -0.444058 0.884779
58.175000000 9.991671 -9.957235 2.001657 -0.113743 -0.082409 -0.445273 0.884309
58.180000000 9.991994 -9.958087 2.001528 -0.112834 -0.082248 -0.446489 0.883828
58.185000000 9.992307 -9.958869 2.001402 -0.111980 -0.082109 -0.447703 0.883335
58.190000000 9.992607 -9.959581 2.001277 -0.111185 -0.081994 -0.448915 0.882831
58.195000000 9.992897 -9.960223 2.001155 -0.110448 -0.081903 -0.450121 0.882317
58.200000000 9.993174 -9.960797 2.001035 -0.109772 -0.081838 -0.451322 0.881794
58.205000000 9.993440 -9.961301 2.000919 -0.109156 -0.081798 -0.452515 0.881263
58.210000000 9.993694 -9.961736 2.000805 -0.108596 -0.081781 -0.453701 0.880724
58.215000000 9.993937 -9.962103 2.000694 -0.108085 -0.081783 -0.454877 0.880180
58.220000000 9.994167 -9.962402 2.000587 -0.107613 -0.081796 -0.456044 0.879632
58.225000000 9.994386 -9.962633 2.000482 -0.107164 -0.081812 -0.457204 0.879083
58.230000000 9.994593 -9.962796 2.000380 -0.106720 -0.081818 -0.458356 0.878537
58.235000000 9.994788 -9.962892 2.000280 -0.106262 -0.081801 -0.459501 0.877995
58.240000000 9.994972 -9.962920 2.000183 -0.105768 -0.081746 -0.460642 0.877462
58.245000000 9.995143 -9.962882 2.000087 -0.105216 -0.081640 -0.461780 0.876940
58.250000000 9.995303 -9.962777 1.999993 -0.104582 -0.081465 -0.462915 0.876433
58.255000000 9.995452 -9.962606 1.999900 -0.103843 -0.081206 -0.464051 0.875945
58.260000000 9.995588 -9.962370 1.999807 -0.102977 -0.080848 -0.465187 0.875477
58.265000000 9.995713 -9.962069 1.999715 -0.101964 -0.080376 -0.466326 0.875033
58.270000000 9.995826 -9.961703 1.999622 -0.100784 -0.079779 -0.467467 0.874615
58.275000000 9.995928 -9.961274 1.999529 -0.099420 -0.079043 -0.468613 0.874225
58.280000000 9.996018 -9.960782 1.999435 -0.097857 -0.078158 -0.469762 0.873864
58.285000000 9.996098 -9.960229 1.999341 -0.096084 -0.077116 -0.470915 0.873533
58.290000000 9.996166 -9.959615 1.999244 -0.094090 -0.075909 -0.472071 0.873232
58.295000000 9.996223 -9.958942 1.999147 -0.091868 -0.074532 -0.473229 0.872960
58.300000000 9.996269 -9.958211 1.999047 -0.089413 -0.072980 -0.474389 0.872717
58.305000000 9.996305 -9.957424 1.998946 -0.086725 -0.071251 -0.475548 0.872500
58.310000000 9.996330 -9.956583 1.998842 -0.083804 -0.069346 -0.476704 0.872308
58.315000000 9.996345 -9.955688 1.998737 -0.080655 -0.067267 -0.477856 0.872137
58.320000000 9.996350 -9.954742 1.998630 -0.077284 -0.065017 -0.479000 0.871986
58.325000000 9.996345 -9.953748 1.998520 -0.073703 -0.062603 -0.480133 0.871849
58.330000000 9.996331 -9.952706 1.998409 -0.069923 -0.060030 -0.481253 0.871724
58.335000000 9.996307 -9.951621 1.998297 -0.065960 -0.057310 -0.482356 0.871606
58.340000000 9.996274 -9.950493 1.998183 -0.061830 -0.054452 -0.483438 0.871493
58.345000000 9.996233 -9.949325 1.998067 -0.057554 -0.051468 -0.484497 0.871379
58.350000000 9.996183 -9.948120 1.997951 -0.053149 -0.048371 -0.485529 0.871262
58.355000000 9.996126 -9.946881 1.997834 -0.048637 -0.045173 -0.486531 0.871138
58.360000000 9.996060 -9.945610 1.997716 -0.044038 -0.041889 -0.487500 0.871005
58.365000000 9.995987 -9.944311 1.997599 -0.039376 -0.038533 -0.488434 0.870860
58.370000000 9.995907 -9.942985 1.997481 -0.034673 -0.035122 -0.489330 0.870701
58.375000000 9.995821 -9.941635 1.997364 -0.029953 -0.031670 -0.490186 0.870527
58.380000000 9.995728 -9.940265 1.997247 -0.025238 -0.028193 -0.491001 0.870337
58.385000000 9.995629 -9.938878 1.997131 -0.020550 -0.024707 -0.491773 0.870130
58.390000000 9.995524 -9.937476 1.997017 -0.015910 -0.021226 -0.492501 0.869907
58.395000000 9.995414 -9.936061 1.996904 -0.011338 -0.017766 -0.493185 0.869669
58.400000000 9.995299 -9.934638 1.996792 -0.006855 -0.014340 -0.493824 0.869417
58.405000000 9.995180 -9.933208 1.996683 -0.002477 -0.010963 -0.494418 0.869152
58.410000000 9.995057 -9.931775 1.996576 0.001778 -0.007647 -0.494968 0.868876
58.415000000 9.994930 -9.930340 1.996470 0.005895 -0.004404 -0.495474 0.868592
58.420000000 9.994799 -9.928907 1.996368 0.009860 -0.001245 -0.495937 0.868301
58.425000000 9.994666 -9.927478 1.996268 0.013663 0.001820 -0.496359 0.868008
58.430000000 9.994530 -9.926055 1.996170 0.017294 0.004782 -0.496741 0.867714
58.435000000 9.994392 -9.924641 1.996075 0.020743 0.007633 -0.497083 0.867421
58.440000000 9.994252 -9.923238 1.995983 0.024006 0.010368 -0.497388 0.867134
58.445000000 9.994110 -9.921847 1.995893 0.027079 0.012982 -0.497658 0.866853
58.450000000 9.993968 -9.920472 1.995807 0.029961 0.015473 -0.497893 0.866583
58.455000000 9.993824 -9.919113 1.995723 0.032651 0.017837 -0.498096 0.866323
58.460000000 9.993681 -9.917773 1.995642 0.035151 0.020075 -0.498269 0.866077
58.465000000 9.993537 -9.916453 1.995564 0.037465 0.022184 -0.498413 0.865846
58.470000000 9.993394 -9.915155 1.995488 0.039594 0.024165 -0.498530 0.865631
58.475000000 9.993251 -9.913880 1.995416 0.041541 0.026015 -0.498621 0.865433
58.480000000 9.993109 -9.912629 1.995345 0.043309 0.027734 -0.498690 0.865254
58.485000000 9.992968 -9.911404 1.995278 0.044900 0.029319 -0.498737 0.865093
58.490000000 9.992829 -9.910205 1.995213 0.046316 0.030769 -0.498766 0.864951
58.495000000 9.992691 -9.909034 1.995151 0.047560 0.032083 -0.498777 0.864830
58.500000000 9.992555 -9.907892 1.995090 0.048635 0.033261 -0.498774 0.864727
58.505000000 9.992422 -9.906779 1.995033 0.049545 0.034302 -0.498757 0.864644
58.510000000 9.992291 -9.905696 1.994977 0.050294 0.035207 -0.498730 0.864581
58.515000000 9.992163 -9.904643 1.994923 0.050887 0.035976 -0.498693 0.864535
58.520000000 9.992038 -9.903621 1.994872 0.051328 0.036613 -0.498650 0.864508
58.525000000 9.991916 -9.902630 1.994822 0.051625 0.037120 -0.498600 0.864497
58.530000000 9.991796 -9.901671 1.994775 0.051783 0.037499 -0.498546 0.864502
58.535000000 9.991681 -9.900744 1.994729 0.051809 0.037755 -0.498490 0.864522
58.540000000 9.991568 -9.899848 1.994684 0.051712 0.037892 -0.498432 0.864555
58.545000000 9.991459 -9.898984 1.994642 0.051498 0.037917 -0.498374 0.864600
58.550000000 9.991354 -9.898151 1.994601 0.051176 0.037835 -0.498317 0.864656
58.555000000 9.991252 -9.897350 1.994562 0.050756 0.037652 -0.498262 0.864720
58.560000000 9.991154 -9.896580 1.994524 0.050244 0.037375 -0.498209 0.864793
58.565000000 9.991059 -9.895841 1.994488 0.049651 0.037012 -0.498160 0.864871
58.570000000 9.990968 -9.895132 1.994453 0.048985 0.036570 -0.498114 0.864954
58.575000000 9.990881 -9.894453 1.994420 0.048255 0.036057 -0.498073 0.865040
58.580000000 9.990797 -9.893805 1.994388 0.047471 0.035481 -0.498037 0.865128
58.585000000 9.990717 -9.893185 1.994357 0.046640 0.034850 -0.498005 0.865217
58.590000000 9.990640 -9.892594 1.994329 0.045773 0.034172 -0.497979 0.865306
58.595000000 9.990566 -9.892031 1.994301 0.044876 0.033456 -0.497959 0.865392
58.600000000 9.990496 -9.891496 1.994275 0.043959 0.032710 -0.497944 0.865476
58.605000000 9.990429 -9.890988 1.994251 0.043029 0.031941 -0.497935 0.865557
58.610000000 9.990365 -9.890506 1.994228 0.042094 0.031156 -0.497932 0.865634
58.615000000 9.990304 -9.890050 1.994207 0.041160 0.030364 -0.497934 0.865705
58.620000000 9.990246 -9.889619 1.994187 0.040233 0.029571 -0.497941 0.865772
58.625000000 9.990191 -9.889213 1.994168 0.039320 0.028782 -0.497954 0.865833
58.630000000 9.990138 -9.888830 1.994151 0.038424 0.028004 -0.497973 0.865888
58.635000000 9.990088 -9.888472 1.994136 0.037551 0.027243 -0.497996 0.865938
58.640000000 9.990040 -9.888136 1.994122 0.036704 0.026501 -0.498024 0.865981
58.645000000 9.989995 -9.887822 1.994110 0.035887 0.025784 -0.498056 0.866018
58.650000000 9.989952 -9.887530 1.994099 0.035101 0.025095 -0.498093 0.866049
58.655000000 9.989911 -9.887259 1.994090 0.034348 0.024437 -0.498134 0.866075
58.660000000 9.989871 -9.887009 1.994082 0.033630 0.023812 -0.498179 0.866095
58.665000000 9.989834 -9.886779 1.994076 0.032949 0.023222 -0.498227 0.866109
58.670000000 9.989799 -9.886570 1.994071 0.032302 0.022668 -0.498278 0.866119
58.675000000 9.989765 -9.886379 1.994068 0.031692 0.022150 -0.498331 0.866124
58.680000000 9.989734 -9.886208 1.994066 0.031116 0.021669 -0.498387 0.866125
58.685000000 9.989703 -9.886055 1.994066 0.030574 0.021224 -0.498445 0.866122
58.690000000 9.989674 -9.885921 1.994067 0.030063 0.020815 -0.498504 0.866116
58.695000000 9.989647 -9.885805 1.994069 0.029584 0.020441 -0.498565 0.866106
58.700000000 9.989621 -9.885706 1.994072 0.029132 0.020098 -0.498627 0.866094
58.705000000 9.989597 -9.885625 1.994077 0.028706 0.019787 -0.498689 0.866080
58.710000000 9.989574 -9.885561 1.994083 0.028303 0.019504 -0.498751 0.866063
58.715000000 9.989553 -9.885514 1.994091 0.027921 0.019247 -0.498814 0.866045
58.720000000 9.989532 -9.885483 1.994099 0.027556 0.019014 -0.498876 0.866027
58.725000000 9.989514 -9.885470 1.994109 0.027206 0.018800 -0.498937 0.866007
58.730000000 9.989496 -9.885472 1.994120 0.026867 0.018604 -0.498998 0.865987
58.735000000 9.989480 -9.885490 1.994132 0.026537 0.018423 -0.499057 0.865967
58.740000000 9.989465 -9.885525 1.994145 0.026212 0.018252 -0.499116 0.865947
58.745000000 9.989451 -9.885575 1.994159 0.025891 0.018090 -0.499172 0.865927
58.750000000 9.989439 -9.885640 1.994175 0.025569 0.017933 -0.499227 0.865908
58.755000000 9.989428 -9.885721 1.994191 0.025245 0.017778 -0.499280 0.865890
58.760000000 9.989419 -9.885817 1.994208 0.024917 0.017623 -0.499331 0.865874
58.765000000 9.989411 -9.885928 1.994226 0.024581 0.017464 -0.499380 0.865858
58.770000000 9.989404 -9.886054 1.994245 0.024237 0.017301 -0.499427 0.865844
58.775000000 9.989399 -9.886194 1.994265 0.023883 0.017129 -0.499471 0.865832
58.780000000 9.989395 -9.886349 1.994285 0.023517 0.016948 -0.499513 0.865821
58.785000000 9.989393 -9.886518 1.994307 0.023138 0.016756 -0.499553 0.865812
58.790000000 9.989392 -9.886701 1.994329 0.022747 0.016551 -0.499590 0.865805
58.795000000 9.989393 -9.886898 1.994352 0.022341 0.016333 -0.499626 0.865799
58.800000000 9.989395 -9.887109 1.994376 0.021922 0.016100 -0.499658 0.865796
58.805000000 9.989398 -9.887332 1.994400 0.021488 0.015852 -0.499689 0.865793
58.810000000 9.989403 -9.887569 1.994425 0.021041 0.015588 -0.499717 0.865793
58.815000000 9.989410 -9.887819 1.994451 0.020580 0.015309 -0.499742 0.865794
58.820000000 9.989418 -9.888081 1.994478 0.020107 0.015015 -0.499766 0.865797
58.825000000 9.989427 -9.888355 1.994505 0.019622 0.014706 -0.499787 0.865801
58.830000000 9.989438 -9.888641 1.994532 0.019126 0.014382 -0.499806 0.865807
58.835000000 9.989450 -9.888939 1.994561 0.018621 0.014045 -0.499824 0.865813
58.840000000 9.989464 -9.889249 1.994590 0.018108 0.013696 -0.499839 0.865821
58.845000000 9.989479 -9.889569 1.994619 0.017588 0.013335 -0.499852 0.865829
58.850000000 9.989495 -9.889901 1.994649 0.017063 0.012964 -0.499864 0.865839
58.855000000 9.989513 -9.890242 1.994680 0.016534 0.012585 -0.499874 0.865849
58.860000000 9.989532 -9.890594 1.994711 0.016004 0.012198 -0.499883 0.865859
58.865000000 9.989552 -9.890956 1.994743 0.015473 0.011806 -0.499890 0.865870
58.870000000 9.989573 -9.891327 1.994775 0.014944 0.011410 -0.499896 0.865881
58.875000000 9.989596 -9.891707 1.994807 0.014417 0.011012 -0.499901 0.865892
58.880000000 9.989620 -9.892097 1.994841 0.013895 0.010613 -0.499905 0.865904
58.885000000 9.989645 -9.892494 1.994874 0.013379 0.010214 -0.499908 0.865915
58.890000000 9.989671 -9.892900 1.994908 0.012870 0.009818 -0.499910 0.865926
58.895000000 9.989698 -9.893314 1.994943 0.012369 0.009426 -0.499911 0.865937
58.900000000 9.989726 -9.893735 1.994978 0.011879 0.009039 -0.499912 0.865948
58.905000000 9.989755 -9.894164 1.995014 0.011399 0.008658 -0.499912 0.865958
58.910000000 9.989784 -9.894600 1.995050 0.010931 0.008286 -0.499911 0.865968
58.915000000 9.989815 -9.895042 1.995086 0.010476 0.007922 -0.499911 0.865977
58.920000000 9.989846 -9.895491 1.995123 0.010034 0.007568 -0.499910 0.865986
58.925000000 9.989879 -9.895946 1.995160 0.009607 0.007226 -0.499909 0.865994
58.930000000 9.989911 -9.896406 1.995197 0.009193 0.006894 -0.499908 0.866002
58.935000000 9.989945 -9.896873 1.995235 0.008794 0.006575 -0.499907 0.866009
58.940000000 9.989979 -9.897344 1.995274 0.008410 0.006268 -0.499906 0.866016
58.945000000 9.990014 -9.897821 1.995312 0.008041 0.005975 -0.499905 0.866022
58.950000000 9.990049 -9.898303 1.995351 0.007686 0.005694 -0.499905 0.866028
58.955000000 9.990085 -9.898789 1.995390 0.007346 0.005426 -0.499904 0.866033
58.960000000 9.990122 -9.899280 1.995430 0.007020 0.005171 -0.499904 0.866037
58.965000000 9.990159 -9.899775 1.995470 0.006707 0.004929 -0.499904 0.866041
58.970000000 9.990196 -9.900274 1.995510 0.006406 0.004699 -0.499905 0.866044
58.975000000 9.990234 -9.900777 1.995551 0.006118 0.004481 -0.499905 0.866047
58.980000000 9.990272 -9.901284 1.995591 0.005841 0.004274 -0.499907 0.866049
58.985000000 9.990310 -9.901794 1.995632 0.005575 0.004078 -0.499908 0.866051
58.990000000 9.990349 -9.902307 1.995674 0.005319 0.003893 -0.499910 0.866052
58.995000000 9.990388 -9.902824 1.995715 0.005072 0.003716 -0.499912 0.866053
59.000000000 9.990428 -9.903344 1.995757 0.004833 0.003549 -0.499915 0.866054
59.005000000 9.990468 -9.903867 1.995799 0.004602 0.003389 -0.499917 0.866054
59.010000000 9.990508 -9.904392 1.995841 0.004377 0.003236 -0.499920 0.866054
59.015000000 9.990549 -9.904920 1.995883 0.004158 0.003090 -0.499924 0.866054
59.020000000 9.990589 -9.905451 1.995926 0.003944 0.002949 -0.499927 0.866053
59.025000000 9.990631 -9.905984 1.995968 0.003734 0.002813 -0.499931 0.866053
59.030000000 9.990672 -9.906519 1.996011 0.003528 0.002680 -0.499935 0.866052
59.035000000 9.990714 -9.907057 1.996054 0.003324 0.002551 -0.499939 0.866050
59.040000000 9.990756 -9.907596 1.996097 0.003123 0.002424 -0.499943 0.866049
59.045000000 9.990798 -9.908138 1.996140 0.002924 0.002299 -0.499948 0.866048
59.050000000 9.990840 -9.908681 1.996183 0.002725 0.002176 -0.499952 0.866046
59.055000000 9.990883 -9.909226 1.996226 0.002528 0.002052 -0.499956 0.866044
59.060000000 9.990926 -9.909773 1.996270 0.002331 0.001929 -0.499961 0.866043
59.065000000 9.990969 -9.910321 1.996313 0.002134 0.001805 -0.499965 0.866041
59.070000000 9.991012 -9.910870 1.996357 0.001936 0.001681 -0.499969 0.866039
59.075000000 9.991056 -9.911420 1.996401 0.001739 0.001555 -0.499973 0.866038
59.080000000 9.991100 -9.911972 1.996444 0.001541 0.001429 -0.499977 0.866036
59.085000000 9.991144 -9.912525 1.996488 0.001342 0.001300 -0.499981 0.866034
59.090000000 9.991189 -9.913078 1.996532 0.001143 0.001170 -0.499985 0.866032
59.095000000 9.991233 -9.913633 1.996576 0.000944 0.001038 -0.499989 0.866031
59.100000000 9.991278 -9.914188 1.996619 0.000744 0.000905 -0.499992 0.866029
59.105000000 9.991323 -9.914743 1.996663 0.000544 0.000769 -0.499995 0.866028
59.110000000 9.991368 -9.915299 1.996707 0.000345 0.000633 -0.499998 0.866026
59.115000000 9.991413 -9.915855 1.996751 0.000145 0.000494 -0.500000 0.866025
59.120000000 9.991459 -9.916412 1.996795 -0.000053 0.000355 -0.500003 0.866024
59.125000000 9.991505 -9.916968 1.996838 -0.000251 0.000215 -0.500005 0.866022
59.130000000 9.991551 -9.917524 1.996882 -0.000448 0.000074 -0.500007 0.866021
59.135000000 9.991597 -9.918081 1.996926 -0.000642 -0.000068 -0.500008 0.866020
59.140000000 9.991643 -9.918636 1.996970 -0.000835 -0.000209 -0.500010 0.866019
59.145000000 9.991689 -9.919192 1.997013 -0.001026 -0.000350 -0.500011 0.866019
59.150000000 9.991735 -9.919747 1.997057 -0.001214 -0.000491 -0.500012 0.866018
59.155000000 9.991782 -9.920301 1.997100 -0.001400 -0.000630 -0.500012 0.866017
59.160000000 9.991828 -9.920855 1.997144 -0.001582 -0.000769 -0.500012 0.866016
59.165000000 9.991875 -9.921407 1.997187 -0.001760 -0.000906 -0.500013 0.866016
59.170000000 9.991921 -9.921959 1.997230 -0.001935 -0.001040 -0.500012 0.866015
59.175000000 9.991968 -9.922510 1.997273 -0.002105 -0.001173 -0.500012 0.866015
59.180000000 9.992015 -9.923059 1.997316 -0.002271 -0.001302 -0.500012 0.866015
59.185000000 9.992061 -9.923607 1.997359 -0.002433 -0.001429 -0.500011 0.866014
59.190000000 9.992108 -9.924154 1.997402 -0.002590 -0.001552 -0.500010 0.866014
59.195000000 9.992155 -9.924699 1.997445 -0.002741 -0.001672 -0.500009 0.866014
59.200000000 9.992201 -9.925243 1.997488 -0.002888 -0.001789 -0.500008 0.866014
59.205000000 9.992248 -9.925785 1.997530 -0.003029 -0.001901 -0.500007 0.866014
59.210000000 9.992294 -9.926325 1.997573 -0.003165 -0.002009 -0.500005 0.866014
59.215000000 9.992341 -9.926864 1.997615 -0.003296 -0.002113 -0.500004 0.866014
59.220000000 9.992387 -9.927400 1.997657 -0.003421 -0.002213 -0.500003 0.866014
59.225000000 9.992433 -9.927935 1.997699 -0.003541 -0.002308 -0.500001 0.866014
59.230000000 9.992479 -9.928467 1.997741 -0.003656 -0.002399 -0.500000 0.866015
59.235000000 9.992525 -9.928997 1.997783 -0.003766 -0.002486 -0.499998 0.866015
59.240000000 9.992571 -9.929526 1.997824 -0.003870 -0.002568 -0.499996 0.866015
59.245000000 9.992617 -9.930051 1.997865 -0.003970 -0.002646 -0.499995 0.866015
59.250000000 9.992662 -9.930575 1.997907 -0.004065 -0.002720 -0.499993 0.866016
59.255000000 9.992708 -9.931096 1.997948 -0.004156 -0.002790 -0.499992 0.866016
59.260000000 9.992753 -9.931614 1.997989 -0.004242 -0.002856 -0.499990 0.866016
59.265000000 9.992798 -9.932130 1.998029 -0.004324 -0.002918 -0.499989 0.866016
59.270000000 9.992843 -9.932644 1.998070 -0.004402 -0.002976 -0.499987 0.866017
59.275000000 9.992887 -9.933155 1.998110 -0.004476 -0.003031 -0.499986 0.866017
59.280000000 9.992932 -9.933663 1.998150 -0.004547 -0.003083 -0.499984 0.866017
59.285000000 9.992976 -9.934169 1.998190 -0.004614 -0.003132 -0.499983 0.866017
59.290000000 9.993020 -9.934672 1.998230 -0.004679 -0.003178 -0.499982 0.866017
59.295000000 9.993064 -9.935172 1.998270 -0.004740 -0.003221 -0.499981 0.866018
59.300000000 9.993108 -9.935669 1.998309 -0.004799 -0.003262 -0.499980 0.866018
59.305000000 9.993151 -9.936163 1.998348 -0.004856 -0.003301 -0.499979 0.866018
59.310000000 9.993195 -9.936655 1.998387 -0.004910 -0.003338 -0.499978 0.866018
59.315000000 9.993238 -9.937144 1.998426 -0.004962 -0.003373 -0.499977 0.866018
59.320000000 9.993281 -9.937629 1.998464 -0.005012 -0.003407 -0.499976 0.866018
59.325000000 9.993323 -9.938112 1.998503 -0.005061 -0.003439 -0.499975 0.866018
59.330000000 9.993366 -9.938592 1.998541 -0.005108 -0.003470 -0.499974 0.866018
59.335000000 9.993408 -9.939069 1.998579 -0.005154 -0.003500 -0.499974 0.866018
59.340000000 9.993450 -9.939542 1.998616 -0.005198 -0.003529 -0.499973 0.866018
59.345000000 9.993491 -9.940013 1.998654 -0.005241 -0.003557 -0.499973 0.866018
59.350000000 9.993533 -9.940480 1.998691 -0.005284 -0.003585 -0.499972 0.866018
59.355000000 9.993574 -9.940945 1.998728 -0.005325 -0.003612 -0.499972 0.866018
59.360000000 9.993615 -9.941406 1.998765 -0.005365 -0.003639 -0.499972 0.866018
59.365000000 9.993656 -9.941864 1.998801 -0.005404 -0.003665 -0.499971 0.866017
59.370000000 9.993697 -9.942319 1.998838 -0.005443 -0.003691 -0.499971 0.866017
59.375000000 9.993737 -9.942771 1.998874 -0.005480 -0.003717 -0.499971 0.866017
59.380000000 9.993777 -9.943219 1.998910 -0.005517 -0.003742 -0.499971 0.866017
59.385000000 9.993817 -9.943664 1.998945 -0.005553 -0.003768 -0.499971 0.866016
59.390000000 9.993857 -9.944106 1.998981 -0.005588 -0.003793 -0.499970 0.866016
59.395000000 9.993896 -9.944545 1.999016 -0.005622 -0.003817 -0.499970 0.866016
59.400000000 9.993935 -9.944980 1.999051 -0.005655 -0.003842 -0.499970 0.866016
59.405000000 9.993974 -9.945412 1.999085 -0.005687 -0.003866 -0.499970 0.866015
59.410000000 9.994013 -9.945840 1.999120 -0.005718 -0.003890 -0.499970 0.866015
59.415000000 9.994051 -9.946265 1.999154 -0.005748 -0.003913 -0.499970 0.866015
59.420000000 9.994089 -9.946687 1.999188 -0.005777 -0.003936 -0.499970 0.866014
59.425000000 9.994127 -9.947105 1.999222 -0.005804 -0.003958 -0.499970 0.866014
59.430000000 9.994165 -9.947520 1.999255 -0.005830 -0.003980 -0.499970 0.866014
59.435000000 9.994202 -9.947932 1.999288 -0.005855 -0.004001 -0.499970 0.866014
59.440000000 9.994239 -9.948340 1.999321 -0.005878 -0.004021 -0.499970 0.866013
59.445000000 9.994276 -9.948744 1.999354 -0.005900 -0.004040 -0.499970 0.866013
59.450000000 9.994313 -9.949145 1.999386 -0.005920 -0.004059 -0.499970 0.866013
59.455000000 9.994349 -9.949542 1.999419 -0.005939 -0.004076 -0.499970 0.866013
59.460000000 9.994385 -9.949936 1.999451 -0.005956 -0.004092 -0.499970 0.866013
59.465000000 9.994421 -9.950327 1.999482 -0.005971 -0.004107 -0.499970 0.866012
59.470000000 9.994456 -9.950714 1.999514 -0.005985 -0.004121 -0.499970 0.866012
59.475000000 9.994492 -9.951097 1.999545 -0.005997 -0.004134 -0.499970 0.866012
59.480000000 9.994527 -9.951477 1.999576 -0.006007 -0.004146 -0.499970 0.866012
59.485000000 9.994561 -9.951853 1.999607 -0.006015 -0.004156 -0.499970 0.866012
59.490000000 9.994596 -9.952225 1.999637 -0.006021 -0.004164 -0.499970 0.866012
59.495000000 9.994630 -9.952594 1.999667 -0.006026 -0.004172 -0.499970 0.866012
59.500000000 9.994663 -9.952960 1.999697 -0.006029 -0.004178 -0.499970 0.866012
59.505000000 9.994697 -9.953322 1.999727 -0.006030 -0.004182 -0.499970 0.866012
59.510000000 9.994730 -9.953680 1.999756 -0.006029 -0.004185 -0.499970 0.866012
59.515000000 9.994763 -9.954035 1.999785 -0.006027 -0.004187 -0.499970 0.866012
59.520000000 9.994795 -9.954386 1.999814 -0.006023 -0.004187 -0.499970 0.866012
59.525000000 9.994828 -9.954733 1.999843 -0.006017 -0.004186 -0.499970 0.866012
59.530000000 9.994860 -9.955077 1.999871 -0.006010 -0.004184 -0.499970 0.866012
59.535000000 9.994891 -9.955418 1.999900 -0.006001 -0.004180 -0.499970 0.866012
59.540000000 9.994923 -9.955754 1.999927 -0.005991 -0.004175 -0.499970 0.866012
59.545000000 9.994954 -9.956088 1.999955 -0.005979 -0.004169 -0.499970 0.866012
59.550000000 9.994984 -9.956417 1.999983 -0.005967 -0.004162 -0.499970 0.866012
59.555000000 9.995015 -9.956743 2.000010 -0.005952 -0.004154 -0.499970 0.866012
59.560000000 9.995045 -9.957066 2.000037 -0.005937 -0.004144 -0.499970 0.866012
59.565000000 9.995075 -9.957385 2.000063 -0.005921 -0.004134 -0.499970 0.866013
59.570000000 9.995104 -9.957700 2.000090 -0.005903 -0.004122 -0.499970 0.866013
59.575000000 9.995133 -9.958012 2.000116 -0.005884 -0.004110 -0.499970 0.866013
59.580000000 9.995162 -9.958321 2.000142 -0.005865 -0.004097 -0.499970 0.866013
59.585000000 9.995191 -9.958626 2.000167 -0.005845 -0.004083 -0.499970 0.866013
59.590000000 9.995219 -9.958927 2.000193 -0.005824 -0.004069 -0.499971 0.866013
59.595000000 9.995247 -9.959225 2.000218 -0.005802 -0.004054 -0.499971 0.866013
59.600000000 9.995275 -9.959520 2.000243 -0.005779 -0.004038 -0.499971 0.866014
59.605000000 9.995302 -9.959811 2.000268 -0.005756 -0.004022 -0.499971 0.866014
59.610000000 9.995330 -9.960099 2.000292 -0.005732 -0.004006 -0.499971 0.866014
59.615000000 9.995356 -9.960383 2.000316 -0.005708 -0.003989 -0.499971 0.866014
59.620000000 9.995383 -9.960664 2.000340 -0.005683 -0.003972 -0.499971 0.866014
59.625000000 9.995409 -9.960941 2.000364 -0.005658 -0.003954 -0.499971 0.866014
59.630000000 9.995435 -9.961215 2.000387 -0.005632 -0.003936 -0.499972 0.866015
59.635000000 9.995461 -9.961486 2.000411 -0.005606 -0.003918 -0.499972 0.866015
59.640000000 9.995486 -9.961754 2.000434 -0.005580 -0.003899 -0.499972 0.866015
59.645000000 9.995511 -9.962018 2.000456 -0.005553 -0.003881 -0.499972 0.866015
59.650000000 9.995536 -9.962278 2.000479 -0.005526 -0.003862 -0.499972 0.866015
59.655000000 9.995560 -9.962536 2.000501 -0.005499 -0.003843 -0.499973 0.866015
59.660000000 9.995585 -9.962790 2.000523 -0.005471 -0.003824 -0.499973 0.866015
59.665000000 9.995609 -9.963041 2.000545 -0.005443 -0.003805 -0.499973 0.866016
59.670000000 9.995632 -9.963289 2.000567 -0.005415 -0.003785 -0.499973 0.866016
59.675000000 9.995656 -9.963533 2.000588 -0.005386 -0.003766 -0.499973 0.866016
59.680000000 9.995679 -9.963774 2.000609 -0.005357 -0.003747 -0.499974 0.866016
59.685000000 9.995701 -9.964012 2.000630 -0.005328 -0.003727 -0.499974 0.866016
59.690000000 9.995724 -9.964247 2.000651 -0.005299 -0.003707 -0.499974 0.866016
59.695000000 9.995746 -9.964479 2.000671 -0.005269 -0.003687 -0.499975 0.866016
59.700000000 9.995768 -9.964708 2.000692 -0.005239 -0.003667 -0.499975 0.866016
59.705000000 9.995790 -9.964933 2.000712 -0.005209 -0.003647 -0.499975 0.866016
59.710000000 9.995811 -9.965156 2.000731 -0.005179 -0.003627 -0.499975 0.866017
59.715000000 9.995833 -9.965375 2.000751 -0.005148 -0.003607 -0.499976 0.866017
59.720000000 9.995854 -9.965591 2.000770 -0.005117 -0.003586 -0.499976 0.866017
59.725000000 9.995874 -9.965804 2.000789 -0.005085 -0.003565 -0.499976 0.866017
59.730000000 9.995895 -9.966014 2.000808 -0.005054 -0.003544 -0.499977 0.866017
59.735000000 9.995915 -9.966221 2.000827 -0.005021 -0.003523 -0.499977 0.866017
59.740000000 9.995934 -9.966426 2.000846 -0.004989 -0.003502 -0.499977 0.866017
59.745000000 9.995954 -9.966627 2.000864 -0.004956 -0.003480 -0.499977 0.866017
59.750000000 9.995973 -9.966825 2.000882 -0.004923 -0.003458 -0.499978 0.866017
59.755000000 9.995992 -9.967020 2.000900 -0.004889 -0.003436 -0.499978 0.866017
59.760000000 9.996011 -9.967212 2.000917 -0.004855 -0.003413 -0.499978 0.866018
59.765000000 9.996030 -9.967402 2.000935 -0.004820 -0.003390 -0.499979 0.866018
59.770000000 9.996048 -9.967588 2.000952 -0.004786 -0.003367 -0.499979 0.866018
59.775000000 9.996066 -9.967772 2.000969 -0.004750 -0.003344 -0.499979 0.866018
59.780000000 9.996084 -9.967953 2.000986 -0.004715 -0.003320 -0.499980 0.866018
59.785000000 9.996101 -9.968131 2.001003 -0.004679 -0.003296 -0.499980 0.866018
59.790000000 9.996119 -9.968306 2.001019 -0.004643 -0.003271 -0.499980 0.866018
59.795000000 9.996136 -9.968479 2.001035 -0.004606 -0.003247 -0.499981 0.866018
59.800000000 9.996152 -9.968648 2.001051 -0.004570 -0.003222 -0.499981 0.866018
59.805000000 9.996169 -9.968815 2.001067 -0.004533 -0.003197 -0.499981 0.866018
59.810000000 9.996185 -9.968980 2.001083 -0.004495 -0.003172 -0.499982 0.866019
59.815000000 9.996201 -9.969141 2.001098 -0.004458 -0.003146 -0.499982 0.866019
59.820000000 9.996217 -9.969300 2.001113 -0.004420 -0.003120 -0.499982 0.866019
59.825000000 9.996232 -9.969457 2.001129 -0.004382 -0.003094 -0.499982 0.866019
59.830000000 9.996248 -9.969610 2.001143 -0.004344 -0.003068 -0.499983 0.866019
59.835000000 9.996263 -9.969761 2.001158 -0.004305 -0.003041 -0.499983 0.866019
59.840000000 9.996278 -9.969910 2.001173 -0.004267 -0.003015 -0.499983 0.866019
59.845000000 9.996292 -9.970056 2.001187 -0.004228 -0.002988 -0.499984 0.866019
59.850000000 9.996307 -9.970199 2.001201 -0.004189 -0.002961 -0.499984 0.866020
59.855000000 9.996321 -9.970340 2.001215 -0.004150 -0.002934 -0.499984 0.866020
59.860000000 9.996335 -9.970479 2.001229 -0.004112 -0.002907 -0.499984 0.866020
59.865000000 9.996348 -9.970615 2.001242 -0.004073 -0.002880 -0.499985 0.866020
59.870000000 9.996362 -9.970748 2.001256 -0.004034 -0.002853 -0.499985 0.866020
59.875000000 9.996375 -9.970879 2.001269 -0.003995 -0.002826 -0.499985 0.866020
59.880000000 9.996388 -9.971008 2.001282 -0.003955 -0.002798 -0.499986 0.866020
59.885000000 9.996401 -9.971134 2.001295 -0.003916 -0.002771 -0.499986 0.866020
59.890000000 9.996413 -9.971258 2.001308 -0.003877 -0.002744 -0.499986 0.866020
59.895000000 9.996426 -9.971380 2.001320 -0.003838 -0.002716 -0.499986 0.866021
59.900000000 9.996438 -9.971499 2.001333 -0.003800 -0.002689 -0.499987 0.866021
59.905000000 9.996450 -9.971617 2.001345 -0.003761 -0.002662 -0.499987 0.866021
59.910000000 9.996461 -9.971732 2.001357 -0.003722 -0.002635 -0.499987 0.866021
59.915000000 9.996473 -9.971844 2.001369 -0.003683 -0.002608 -0.499987 0.866021
59.920000000 9.996484 -9.971955 2.001381 -0.003645 -0.002581 -0.499988 0.866021
59.925000000 9.996495 -9.972063 2.001392 -0.003606 -0.002553 -0.499988 0.866021
59.930000000 9.996506 -9.972169 2.001404 -0.003567 -0.002527 -0.499988 0.866021
59.935000000 9.996517 -9.972273 2.001415 -0.003529 -0.002500 -0.499988 0.866021
59.940000000 9.996527 -9.972375 2.001426 -0.003491 -0.002473 -0.499989 0.866021
59.945000000 9.996538 -9.972475 2.001437 -0.003452 -0.002446 -0.499989 0.866022
59.950000000 9.996548 -9.972573 2.001448 -0.003414 -0.002419 -0.499989 0.866022
59.955000000 9.996558 -9.972668 2.001459 -0.003376 -0.002393 -0.499989 0.866022
59.960000000 9.996568 -9.972762 2.001469 -0.003339 -0.002366 -0.499990 0.866022
59.965000000 9.996577 -9.972854 2.001480 -0.003301 -0.002340 -0.499990 0.866022
59.970000000 9.996586 -9.972943 2.001490 -0.003263 -0.002314 -0.499990 0.866022
59.975000000 9.996596 -9.973031 2.001500 -0.003226 -0.002288 -0.499990 0.866022
59.980000000 9.996605 -9.973117 2.001510 -0.003189 -0.002262 -0.499990 0.866022
59.985000000 9.996613 -9.973201 2.001520 -0.003151 -0.002236 -0.499991 0.866022
59.990000000 9.996622 -9.973283 2.001529 -0.003114 -0.002210 -0.499991 0.866022
59.995000000 9.996631 -9.973363 2.001539 -0.003078 -0.002185 -0.499991 0.866022
60.000000000 9.996639 -9.973441 2.001548 -0.003041 -0.002159 -0.499991 0.866022
60.005000000 9.996647 -9.973518 2.001557 -0.003005 -0.002134 -0.499991 0.866023
60.010000000 9.996655 -9.973593 2.001566 -0.002968 -0.002109 -0.499992 0.866023
60.015000000 9.996663 -9.973665 2.001575 -0.002932 -0.002084 -0.499992 0.866023
60.020000000 9.996670 -9.973737 2.001584 -0.002896 -0.002059 -0.499992 0.866023
60.025000000 9.996678 -9.973806 2.001593 -0.002860 -0.002034 -0.499992 0.866023
60.030000000 9.996685 -9.973874 2.001601 -0.002825 -0.002009 -0.499992 0.866023
60.035000000 9.996692 -9.973940 2.001610 -0.002789 -0.001984 -0.499993 0.866023
60.040000000 9.996699 -9.974004 2.001618 -0.002754 -0.001960 -0.499993 0.866023
60.045000000 9.996706 -9.974067 2.001626 -0.002719 -0.001935 -0.499993 0.866023
60.050000000 9.996713 -9.974128 2.001634 -0.002684 -0.001911 -0.499993 0.866023
60.055000000 9.996719 -9.974187 2.001642 -0.002649 -0.001887 -0.499993 0.866023
60.060000000 9.996726 -9.974245 2.001650 -0.002615 -0.001863 -0.499993 0.866023
60.065000000 9.996732 -9.974302 2.001658 -0.002580 -0.001839 -0.499994 0.866023
60.070000000 9.996738 -9.974356 2.001665 -0.002546 -0.001815 -0.499994 0.866023
60.075000000 9.996744 -9.974410 2.001673 -0.002512 -0.001791 -0.499994 0.866023
60.080000000 9.996750 -9.974461 2.001680 -0.002478 -0.001768 -0.499994 0.866023
60.085000000 9.996755 -9.974512 2.001687 -0.002445 -0.001744 -0.499994 0.866024
60.090000000 9.996761 -9.974560 2.001694 -0.002411 -0.001721 -0.499994 0.866024
60.095000000 9.996766 -9.974608 2.001701 -0.002378 -0.001697 -0.499995 0.866024
60.100000000 9.996771 -9.974654 2.001708 -0.002345 -0.001674 -0.499995 0.866024
60.105000000 9.996777 -9.974698 2.001715 -0.002312 -0.001651 -0.499995 0.866024
60.110000000 9.996782 -9.974741 2.001722 -0.002279 -0.001628 -0.499995 0.866024
60.115000000 9.996786 -9.974783 2.001728 -0.002246 -0.001605 -0.499995 0.866024
60.120000000 9.996791 -9.974823 2.001735 -0.002214 -0.001582 -0.499995 0.866024
60.125000000 9.996796 -9.974863 2.001741 -0.002182 -0.001560 -0.499995 0.866024
60.130000000 9.996800 -9.974900 2.001747 -0.002149 -0.001537 -0.499996 0.866024
60.135000000 9.996804 -9.974937 2.001753 -0.002118 -0.001515 -0.499996 0.866024
60.140000000 9.996808 -9.974972 2.001759 -0.002086 -0.001492 -0.499996 0.866024
60.145000000 9.996813 -9.975006 2.001765 -0.002054 -0.001470 -0.499996 0.866024
60.150000000 9.996816 -9.975039 2.001771 -0.002023 -0.001448 -0.499996 0.866024
60.155000000 9.996820 -9.975070 2.001777 -0.001992 -0.001426 -0.499996 0.866024
60.160000000 9.996824 -9.975100 2.001782 -0.001961 -0.001404 -0.499996 0.866024
60.165000000 9.996828 -9.975130 2.001788 -0.001930 -0.001383 -0.499996 0.866024
60.170000000 9.996831 -9.975158 2.001793 -0.001900 -0.001361 -0.499996 0.866024
60.175000000 9.996834 -9.975184 2.001799 -0.001870 -0.001340 -0.499997 0.866024
60.180000000 9.996838 -9.975210 2.001804 -0.001840 -0.001319 -0.499997 0.866024
60.185000000 9.996841 -9.975235 2.001809 -0.001810 -0.001298 -0.499997 0.866024
60.190000000 9.996844 -9.975258 2.001814 -0.001781 -0.001277 -0.499997 0.866024
60.195000000 9.996847 -9.975281 2.001819 -0.001752 -0.001256 -0.499997 0.866024
60.200000000 9.996850 -9.975302 2.001824 -0.001723 -0.001236 -0.499997 0.866024
60.205000000 9.996852 -9.975323 2.001829 -0.001694 -0.001216 -0.499997 0.866025
60.210000000 9.996855 -9.975342 2.001834 -0.001666 -0.001195 -0.499997 0.866025
60.215000000 9.996857 -9.975360 2.001838 -0.001637 -0.001176 -0.499997 0.866025
60.220000000 9.996860 -9.975378 2.001843 -0.001610 -0.001156 -0.499997 0.866025
60.225000000 9.996862 -9.975394 2.001847 -0.001582 -0.001136 -0.499998 0.866025
60.230000000 9.996864 -9.975409 2.001852 -0.001555 -0.001117 -0.499998 0.866025
60.235000000 9.996867 -9.975424 2.001856 -0.001528 -0.001098 -0.499998 0.866025
60.240000000 9.996869 -9.975438 2.001860 -0.001501 -0.001079 -0.499998 0.866025
60.245000000 9.996871 -9.975450 2.001864 -0.001474 -0.001060 -0.499998 0.866025
60.250000000 9.996872 -9.975462 2.001868 -0.001448 -0.001042 -0.499998 0.866025
60.255000000 9.996874 -9.975473 2.001872 -0.001422 -0.001023 -0.499998 0.866025
60.260000000 9.996876 -9.975483 2.001876 -0.001397 -0.001005 -0.499998 0.866025
60.265000000 9.996877 -9.975492 2.001880 -0.001371 -0.000987 -0.499998 0.866025
60.270000000 9.996879 -9.975501 2.001884 -0.001346 -0.000970 -0.499998 0.866025
60.275000000 9.996880 -9.975508 2.001888 -0.001321 -0.000952 -0.499998 0.866025
60.280000000 9.996882 -9.975515 2.001891 -0.001297 -0.000935 -0.499998 0.866025
60.285000000 9.996883 -9.975521 2.001895 -0.001272 -0.000918 -0.499998 0.866025
60.290000000 9.996884 -9.975527 2.001898 -0.001248 -0.000901 -0.499998 0.866025
60.295000000 9.996885 -9.975531 2.001902 -0.001224 -0.000884 -0.499998 0.866025
60.300000000 9.996886 -9.975535 2.001905 -0.001201 -0.000867 -0.499999 0.866025
60.305000000 9.996887 -9.975538 2.001908 -0.001177 -0.000850 -0.499999 0.866025
60.310000000 9.996888 -9.975540 2.001912 -0.001154 -0.000834 -0.499999 0.866025
60.315000000 9.996889 -9.975542 2.001915 -0.001131 -0.000818 -0.499999 0.866025
60.320000000 9.996890 -9.975543 2.001918 -0.001109 -0.000802 -0.499999 0.866025
60.325000000 9.996891 -9.975543 2.001921 -0.001086 -0.000786 -0.499999 0.866025
60.330000000 9.996891 -9.975543 2.001924 -0.001064 -0.000770 -0.499999 0.866025
60.335000000 9.996892 -9.975542 2.001927 -0.001042 -0.000755 -0.499999 0.866025
60.340000000 9.996892 -9.975540 2.001930 -0.001020 -0.000739 -0.499999 0.866025
60.345000000 9.996893 -9.975538 2.001932 -0.000999 -0.000724 -0.499999 0.866025
60.350000000 9.996893 -9.975535 2.001935 -0.000977 -0.000709 -0.499999 0.866025
60.355000000 9.996894 -9.975532 2.001938 -0.000956 -0.000694 -0.499999 0.866025
60.360000000 9.996894 -9.975528 2.001940 -0.000935 -0.000679 -0.499999 0.866025
60.365000000 9.996894 -9.975523 2.001943 -0.000915 -0.000665 -0.499999 0.866025
60.370000000 9.996894 -9.975518 2.001945 -0.000894 -0.000650 -0.499999 0.866025
60.375000000 9.996894 -9.975513 2.001948 -0.000874 -0.000636 -0.499999 0.866025
60.380000000 9.996894 -9.975506 2.001950 -0.000854 -0.000622 -0.499999 0.866025
60.385000000 9.996894 -9.975500 2.001952 -0.000834 -0.000608 -0.499999 0.866025
60.390000000 9.996894 -9.975493 2.001955 -0.000815 -0.000594 -0.499999 0.866025
60.395000000 9.996894 -9.975485 2.001957 -0.000795 -0.000580 -0.499999 0.866025
60.400000000 9.996894 -9.975477 2.001959 -0.000776 -0.000566 -0.499999 0.866025
60.405000000 9.996894 -9.975468 2.001961 -0.000757 -0.000553 -0.499999 0.866025
60.410000000 9.996893 -9.975459 2.001963 -0.000739 -0.000540 -0.499999 0.866025
60.415000000 9.996893 -9.975449 2.001965 -0.000720 -0.000526 -0.499999 0.866025
60.420000000 9.996893 -9.975439 2.001967 -0.000702 -0.000513 -0.499999 0.866025
60.425000000 9.996892 -9.975429 2.001969 -0.000684 -0.000501 -0.499999 0.866025
60.430000000 9.996892 -9.975418 2.001971 -0.000666 -0.000488 -0.500000 0.866025
60.435000000 9.996891 -9.975407 2.001973 -0.000649 -0.000475 -0.500000 0.866025
60.440000000 9.996891 -9.975395 2.001975 -0.000631 -0.000463 -0.500000 0.866025
60.445000000 9.996890 -9.975383 2.001977 -0.000614 -0.000451 -0.500000 0.866025
60.450000000 9.996889 -9.975371 2.001978 -0.000597 -0.000439 -0.500000 0.866025
60.455000000 9.996889 -9.975358 2.001980 -0.000581 -0.000427 -0.500000 0.866025
60.460000000 9.996888 -9.975345 2.001981 -0.000564 -0.000415 -0.500000 0.866025
60.465000000 9.996887 -9.975332 2.001983 -0.000548 -0.000404 -0.500000 0.866025
60.470000000 9.996886 -9.975318 2.001985 -0.000532 -0.000392 -0.500000 0.866025
60.475000000 9.996885 -9.975304 2.001986 -0.000516 -0.000381 -0.500000 0.866025
60.480000000 9.996885 -9.975290 2.001988 -0.000501 -0.000370 -0.500000 0.866025
60.485000000 9.996884 -9.975275 2.001989 -0.000485 -0.000359 -0.500000 0.866025
60.490000000 9.996883 -9.975260 2.001990 -0.000470 -0.000348 -0.500000 0.866025
60.495000000 9.996882 -9.975245 2.001992 -0.000456 -0.000338 -0.500000 0.866025
60.500000000 9.996881 -9.975229 2.001993 -0.000441 -0.000327 -0.500000 0.866025
60.505000000 9.996880 -9.975213 2.001994 -0.000426 -0.000317 -0.500000 0.866025
60.510000000 9.996879 -9.975197 2.001995 -0.000412 -0.000307 -0.500000 0.866025
60.515000000 9.996878 -9.975181 2.001997 -0.000398 -0.000297 -0.500000 0.866025
60.520000000 9.996876 -9.975165 2.001998 -0.000385 -0.000287 -0.500000 0.866025
60.525000000 9.996875 -9.975148 2.001999 -0.000371 -0.000277 -0.500000 0.866025
60.530000000 9.996874 -9.975131 2.002000 -0.000358 -0.000268 -0.500000 0.866025
60.535000000 9.996873 -9.975114 2.002001 -0.000345 -0.000258 -0.500000 0.866025
60.540000000 9.996872 -9.975096 2.002002 -0.000332 -0.000249 -0.500000 0.866025
60.545000000 9.996871 -9.975078 2.002003 -0.000319 -0.000240 -0.500000 0.866025
60.550000000 9.996869 -9.975061 2.002004 -0.000306 -0.000231 -0.500000 0.866025
60.555000000 9.996868 -9.975043 2.002005 -0.000294 -0.000222 -0.500000 0.866025
60.560000000 9.996867 -9.975024 2.002006 -0.000282 -0.000213 -0.500000 0.866025
60.565000000 9.996865 -9.975006 2.002007 -0.000270 -0.000205 -0.500000 0.866025
60.570000000 9.996864 -9.974987 2.002008 -0.000258 -0.000197 -0.500000 0.866025
60.575000000 9.996863 -9.974969 2.002008 -0.000247 -0.000188 -0.500000 0.866025
60.580000000 9.996861 -9.974950 2.002009 -0.000236 -0.000180 -0.500000 0.866025
60.585000000 9.996860 -9.974931 2.002010 -0.000224 -0.000172 -0.500000 0.866025
60.590000000 9.996858 -9.974912 2.002011 -0.000213 -0.000164 -0.500000 0.866025
60.595000000 9.996857 -9.974893 2.002011 -0.000203 -0.000157 -0.500000 0.866025
60.600000000 9.996855 -9.974873 2.002012 -0.000192 -0.000149 -0.500000 0.866025
60.605000000 9.996854 -9.974854 2.002013 -0.000181 -0.000141 -0.500000 0.866025
60.610000000 9.996852 -9.974834 2.002013 -0.000171 -0.000134 -0.500000 0.866025
60.615000000 9.996851 -9.974814 2.002014 -0.000161 -0.000127 -0.500000 0.866025
60.620000000 9.996849 -9.974795 2.002014 -0.000151 -0.000120 -0.500000 0.866025
60.625000000 9.996848 -9.974775 2.002015 -0.000141 -0.000113 -0.500000 0.866025
60.630000000 9.996846 -9.974755 2.002015 -0.000132 -0.000106 -0.500000 0.866025
60.635000000 9.996845 -9.974735 2.002016 -0.000122 -0.000099 -0.500000 0.866025
60.640000000 9.996843 -9.974714 2.002016 -0.000113 -0.000092 -0.500000 0.866025
60.645000000 9.996841 -9.974694 2.002017 -0.000104 -0.000086 -0.500000 0.866025
60.650000000 9.996840 -9.974674 2.002017 -0.000095 -0.000079 -0.500000 0.866025
60.655000000 9.996838 -9.974653 2.002018 -0.000086 -0.000073 -0.500000 0.866025
60.660000000 9.996837 -9.974633 2.002018 -0.000077 -0.000067 -0.500000 0.866025
60.665000000 9.996835 -9.974613 2.002018 -0.000069 -0.000060 -0.500000 0.866025
60.670000000 9.996833 -9.974592 2.002019 -0.000060 -0.000054 -0.500000 0.866025
60.675000000 9.996832 -9.974572 2.002019 -0.000052 -0.000048 -0.500000 0.866025
60.680000000 9.996830 -9.974551 2.002019 -0.000044 -0.000043 -0.500000 0.866025
60.685000000 9.996828 -9.974530 2.002020 -0.000036 -0.000037 -0.500000 0.866025
60.690000000 9.996827 -9.974510 2.002020 -0.000029 -0.000031 -0.500000 0.866025
60.695000000 9.996825 -9.974489 2.002020 -0.000021 -0.000026 -0.500000 0.866025
60.700000000 9.996823 -9.974468 2.002020 -0.000014 -0.000021 -0.500000 0.866025
60.705000000 9.996822 -9.974448 2.002021 -0.000006 -0.000015 -0.500000 0.866025
60.710000000 9.996820 -9.974427 2.002021 0.000001 -0.000010 -0.500000 0.866025
60.715000000 9.996818 -9.974406 2.002021 0.000008 -0.000005 -0.500000 0.866025
60.720000000 9.996817 -9.974386 2.002021 0.000014 -0.000000 -0.500000 0.866025
60.725000000 9.996815 -9.974365 2.002021 0.000021 0.000005 -0.500000 0.866025
60.730000000 9.996813 -9.974344 2.002021 0.000028 0.000009 -0.500000 0.866025
60.735000000 9.996811 -9.974324 2.002022 0.000034 0.000014 -0.500000 0.866025
60.740000000 9.996810 -9.974303 2.002022 0.000040 0.000018 -0.500000 0.866025
60.745000000 9.996808 -9.974282 2.002022 0.000046 0.000023 -0.500000 0.866025
60.750000000 9.996806 -9.974262 2.002022 0.000052 0.000027 -0.500000 0.866025
60.755000000 9.996805 -9.974241 2.002022 0.000058 0.000032 -0.500000 0.866025
60.760000000 9.996803 -9.974221 2.002022 0.000064 0.000036 -0.500000 0.866025
60.765000000 9.996801 -9.974200 2.002022 0.000070 0.000040 -0.500000 0.866025
60.770000000 9.996799 -9.974180 2.002022 0.000075 0.000044 -0.500000 0.866025
60.775000000 9.996798 -9.974159 2.002022 0.000081 0.000048 -0.500000 0.866025
60.780000000 9.996796 -9.974139 2.002022 0.000086 0.000052 -0.500000 0.866025
60.785000000 9.996794 -9.974119 2.002022 0.000091 0.000055 -0.500000 0.866025
60.790000000 9.996792 -9.974099 2.002022 0.000096 0.000059 -0.500000 0.866025
60.795000000 9.996791 -9.974078 2.002022 0.000101 0.000062 -0.500000 0.866025
60.800000000 9.996789 -9.974058 2.002022 0.000105 0.000066 -0.500000 0.866025
60.805000000 9.996787 -9.974038 2.002022 0.000110 0.000069 -0.500000 0.866025
60.810000000 9.996786 -9.974018 2.002022 0.000115 0.000073 -0.500000 0.866025
60.815000000 9.996784 -9.973998 2.002022 0.000119 0.000076 -0.500000 0.866025
60.820000000 9.996782 -9.973978 2.002021 0.000123 0.000079 -0.500000 0.866025
60.825000000 9.996780 -9.973958 2.002021 0.000127 0.000082 -0.500000 0.866025
60.830000000 9.996779 -9.973939 2.002021 0.000132 0.000085 -0.500000 0.866025
60.835000000 9.996777 -9.973919 2.002021 0.000135 0.000088 -0.500000 0.866025
60.840000000 9.996775 -9.973899 2.002021 0.000139 0.000091 -0.500000 0.866025
60.845000000 9.996774 -9.973880 2.002021 0.000143 0.000093 -0.500000 0.866025
60.850000000 9.996772 -9.973861 2.002021 0.000147 0.000096 -0.500000 0.866025
60.855000000 9.996770 -9.973841 2.002020 0.000150 0.000099 -0.500000 0.866025
60.860000000 9.996769 -9.973822 2.002020 0.000154 0.000101 -0.500000 0.866025
60.865000000 9.996767 -9.973803 2.002020 0.000157 0.000104 -0.500000 0.866025
60.870000000 9.996765 -9.973784 2.002020 0.000160 0.000106 -0.500000 0.866025
60.875000000 9.996764 -9.973765 2.002020 0.000163 0.000108 -0.500000 0.866025
60.880000000 9.996762 -9.973746 2.002019 0.000166 0.000111 -0.500000 0.866025
60.885000000 9.996760 -9.973727 2.002019 0.000169 0.000113 -0.500000 0.866025
60.890000000 9.996759 -9.973708 2.002019 0.000172 0.000115 -0.500000 0.866025
60.895000000 9.996757 -9.973690 2.002019 0.000175 0.000117 -0.500000 0.866025
60.900000000 9.996755 -9.973671 2.002019 0.000177 0.000119 -0.500000 0.866025
60.905000000 9.996754 -9.973653 2.002018 0.000180 0.000121 -0.500000 0.866025
60.910000000 9.996752 -9.973635 2.002018 0.000182 0.000122 -0.500000 0.866025
60.915000000 9.996751 -9.973617 2.002018 0.000185 0.000124 -0.500000 0.866025
60.920000000 9.996749 -9.973599 2.002018 0.000187 0.000126 -0.500000 0.866025
60.925000000 9.996747 -9.973581 2.002017 0.000189 0.000128 -0.500000 0.866025
60.930000000 9.996746 -9.973563 2.002017 0.000191 0.000129 -0.500000 0.866025
60.935000000 9.996744 -9.973545 2.002017 0.000193 0.000131 -0.500000 0.866025
60.940000000 9.996743 -9.973527 2.002016 0.000195 0.000132 -0.500000 0.866025
60.945000000 9.996741 -9.973510 2.002016 0.000197 0.000134 -0.500000 0.866025
60.950000000 9.996740 -9.973493 2.002016 0.000199 0.000135 -0.500000 0.866025
60.955000000 9.996738 -9.973475 2.002016 0.000201 0.000136 -0.500000 0.866025
60.960000000 9.996737 -9.973458 2.002015 0.000202 0.000138 -0.500000 0.866025
60.965000000 9.996735 -9.973441 2.002015 0.000204 0.000139 -0.500000 0.866025
60.970000000 9.996734 -9.973424 2.002015 0.000205 0.000140 -0.500000 0.866025
60.975000000 9.996732 -9.973408 2.002014 0.000207 0.000141 -0.500000 0.866025
60.980000000 9.996731 -9.973391 2.002014 0.000208 0.000142 -0.500000 0.866025
60.985000000 9.996729 -9.973374 2.002014 0.000209 0.000143 -0.500000 0.866025
60.990000000 9.996728 -9.973358 2.002013 0.000211 0.000144 -0.500000 0.866025
60.995000000 9.996726 -9.973342 2.002013 0.000212 0.000145 -0.500000 0.866025
61.000000000 9.996725 -9.973326 2.002013 0.000213 0.000146 -0.500000 0.866025
61.005000000 9.996723 -9.973310 2.002012 0.000214 0.000147 -0.500000 0.866025
61.010000000 9.996722 -9.973294 2.002012 0.000215 0.000147 -0.500000 0.866025
61.015000000 9.996720 -9.973278 2.002012 0.000216 0.000148 -0.500000 0.866025
61.020000000 9.996719 -9.973262 2.002011 0.000217 0.000149 -0.500000 0.866025
61.025000000 9.996718 -9.973247 2.002011 0.000218 0.000149 -0.500000 0.866025
61.030000000 9.996716 -9.973231 2.002011 0.000218 0.000150 -0.500000 0.866025
61.035000000 9.996715 -9.973216 2.002010 0.000219 0.000151 -0.500000 0.866025
61.040000000 9.996713 -9.973201 2.002010 0.000220 0.000151 -0.500000 0.866025
61.045000000 9.996712 -9.973186 2.002010 0.000220 0.000152 -0.500000 0.866025
61.050000000 9.996711 -9.973171 2.002009 0.000221 0.000152 -0.500000 0.866025
61.055000000 9.996709 -9.973156 2.002009 0.000221 0.000152 -0.500000 0.866025
61.060000000 9.996708 -9.973142 2.002008 0.000222 0.000153 -0.500000 0.866025
61.065000000 9.996707 -9.973127 2.002008 0.000222 0.000153 -0.500000 0.866025
61.070000000 9.996705 -9.973113 2.002008 0.000222 0.000153 -0.500000 0.866025
61.075000000 9.996704 -9.973099 2.002007 0.000222 0.000154 -0.500000 0.866025
61.080000000 9.996703 -9.973085 2.002007 0.000223 0.000154 -0.500000 0.866025
61.085000000 9.996701 -9.973071 2.002007 0.000223 0.000154 -0.500000 0.866025
61.090000000 9.996700 -9.973057 2.002006 0.000223 0.000154 -0.500000 0.866025
61.095000000 9.996699 -9.973043 2.002006 0.000223 0.000154 -0.500000 0.866025
61.100000000 9.996698 -9.973030 2.002005 0.000223 0.000154 -0.500000 0.866025
61.105000000 9.996696 -9.973016 2.002005 0.000223 0.000154 -0.500000 0.866025
61.110000000 9.996695 -9.973003 2.002005 0.000223 0.000154 -0.500000 0.866025
61.115000000 9.996694 -9.972990 2.002004 0.000223 0.000154 -0.500000 0.866025
61.120000000 9.996693 -9.972977 2.002004 0.000223 0.000154 -0.500000 0.866025
61.125000000 9.996692 -9.972964 2.002004 0.000222 0.000154 -0.500000 0.866025
61.130000000 9.996690 -9.972951 2.002003 0.000222 0.000154 -0.500000 0.866025
61.135000000 9.996689 -9.972939 2.002003 0.000222 0.000154 -0.500000 0.866025
61.140000000 9.996688 -9.972926 2.002002 0.000221 0.000154 -0.500000 0.866025
61.145000000 9.996687 -9.972914 2.002002 0.000221 0.000154 -0.500000 0.866025
61.150000000 9.996686 -9.972902 2.002002 0.000221 0.000153 -0.500000 0.866025
61.155000000 9.996685 -9.972890 2.002001 0.000220 0.000153 -0.500000 0.866025
61.160000000 9.996684 -9.972878 2.002001 0.000220 0.000153 -0.500000 0.866025
61.165000000 9.996682 -9.972866 2.002000 0.000219 0.000153 -0.500000 0.866025
61.170000000 9.996681 -9.972854 2.002000 0.000219 0.000152 -0.500000 0.866025
61.175000000 9.996680 -9.972843 2.002000 0.000218 0.000152 -0.500000 0.866025
61.180000000 9.996679 -9.972831 2.001999 0.000217 0.000151 -0.500000 0.866025
61.185000000 9.996678 -9.972820 2.001999 0.000217 0.000151 -0.500000 0.866025
61.190000000 9.996677 -9.972809 2.001999 0.000216 0.000151 -0.500000 0.866025
61.195000000 9.996676 -9.972798 2.001998 0.000215 0.000150 -0.500000 0.866025
61.200000000 9.996675 -9.972787 2.001998 0.000215 0.000150 -0.500000 0.866025
61.205000000 9.996674 -9.972776 2.001997 0.000214 0.000149 -0.500000 0.866025
61.210000000 9.996673 -9.972765 2.001997 0.000213 0.000149 -0.500000 0.866025
61.215000000 9.996672 -9.972755 2.001997 0.000212 0.000148 -0.500000 0.866025
61.220000000 9.996671 -9.972744 2.001996 0.000211 0.000148 -0.500000 0.866025
61.225000000 9.996670 -9.972734 2.001996 0.000211 0.000147 -0.500000 0.866025
61.230000000 9.996669 -9.972724 2.001995 0.000210 0.000146 -0.500000 0.866025
61.235000000 9.996668 -9.972714 2.001995 0.000209 0.000146 -0.500000 0.866025
61.240000000 9.996667 -9.972704 2.001995 0.000208 0.000145 -0.500000 0.866025
61.245000000 9.996666 -9.972694 2.001994 0.000207 0.000145 -0.500000 0.866025
61.250000000 9.996665 -9.972684 2.001994 0.000206 0.000144 -0.500000 0.866025
61.255000000 9.996664 -9.972675 2.001994 0.000205 0.000143 -0.500000 0.866025
61.260000000 9.996663 -9.972666 2.001993 0.000204 0.000143 -0.500000 0.866025
61.265000000 9.996663 -9.972656 2.001993 0.000203 0.000142 -0.500000 0.866025
61.270000000 9.996662 -9.972647 2.001992 0.000202 0.000141 -0.500000 0.866025
61.275000000 9.996661 -9.972638 2.001992 0.000201 0.000141 -0.500000 0.866025
61.280000000 9.996660 -9.972629 2.001992 0.000199 0.000140 -0.500000 0.866025
61.285000000 9.996659 -9.972620 2.001991 0.000198 0.000139 -0.500000 0.866025
61.290000000 9.996658 -9.972612 2.001991 0.000197 0.000138 -0.500000 0.866025
61.295000000 9.996658 -9.972603 2.001991 0.000196 0.000137 -0.500000 0.866025
61.300000000 9.996657 -9.972595 2.001990 0.000195 0.000137 -0.500000 0.866025
61.305000000 9.996656 -9.972586 2.001990 0.000194 0.000136 -0.500000 0.866025
61.310000000 9.996655 -9.972578 2.001990 0.000193 0.000135 -0.500000 0.866025
61.315000000 9.996654 -9.972570 2.001989 0.000191 0.000134 -0.500000 0.866025
61.320000000 9.996654 -9.972562 2.001989 0.000190 0.000133 -0.500000 0.866025
61.325000000 9.996653 -9.972554 2.001989 0.000189 0.000133 -0.500000 0.866025
61.330000000 9.996652 -9.972546 2.001988 0.000188 0.000132 -0.500000 0.866025
61.335000000 9.996651 -9.972538 2.001988 0.000186 0.000131 -0.500000 0.866025
61.340000000 9.996651 -9.972531 2.001987 0.000185 0.000130 -0.500000 0.866025
61.345000000 9.996650 -9.972524 2.001987 0.000184 0.000129 -0.500000 0.866025
61.350000000 9.996649 -9.972516 2.001987 0.000183 0.000128 -0.500000 0.866025
61.355000000 9.996648 -9.972509 2.001986 0.000181 0.000127 -0.500000 0.866025
61.360000000 9.996648 -9.972502 2.001986 0.000180 0.000127 -0.500000 0.866025
61.365000000 9.996647 -9.972495 2.001986 0.000179 0.000126 -0.500000 0.866025
61.370000000 9.996646 -9.972488 2.001985 0.000177 0.000125 -0.500000 0.866025
61.375000000 9.996646 -9.972481 2.001985 0.000176 0.000124 -0.500000 0.866025
61.380000000 9.996645 -9.972474 2.001985 0.000175 0.000123 -0.500000 0.866025
61.385000000 9.996644 -9.972468 2.001984 0.000173 0.000122 -0.500000 0.866025
61.390000000 9.996644 -9.972461 2.001984 0.000172 0.000121 -0.500000 0.866025
61.395000000 9.996643 -9.972455 2.001984 0.000170 0.000120 -0.500000 0.866025
61.400000000 9.996642 -9.972449 2.001983 0.000169 0.000119 -0.500000 0.866025
61.405000000 9.996642 -9.972443 2.001983 0.000168 0.000118 -0.500000 0.866025
61.410000000 9.996641 -9.972436 2.001983 0.000166 0.000117 -0.500000 0.866025
61.415000000 9.996641 -9.972430 2.001982 0.000165 0.000116 -0.500000 0.866025
61.420000000 9.996640 -9.972425 2.001982 0.000164 0.000115 -0.500000 0.866025
61.425000000 9.996640 -9.972419 2.001982 0.000162 0.000114 -0.500000 0.866025
61.430000000 9.996639 -9.972413 2.001982 0.000161 0.000113 -0.500000 0.866025
61.435000000 9.996638 -9.972408 2.001981 0.000159 0.000112 -0.500000 0.866025
61.440000000 9.996638 -9.972402 2.001981 0.000158 0.000111 -0.500000 0.866025
61.445000000 9.996637 -9.972397 2.001981 0.000157 0.000111 -0.500000 0.866025
61.450000000 9.996637 -9.972391 2.001980 0.000155 0.000110 -0.500000 0.866025
61.455000000 9.996636 -9.972386 2.001980 0.000154 0.000109 -0.500000 0.866025
61.460000000 9.996636 -9.972381 2.001980 0.000152 0.000108 -0.500000 0.866025
61.465000000 9.996635 -9.972376 2.001979 0.000151 0.000107 -0.500000 0.866025
61.470000000 9.996635 -9.972371 2.001979 0.000149 0.000106 -0.500000 0.866025
61.475000000 9.996634 -9.972366 2.001979 0.000148 0.000105 -0.500000 0.866025
61.480000000 9.996634 -9.972361 2.001979 0.000147 0.000104 -0.500000 0.866025
61.485000000 9.996633 -9.972357 2.001978 0.000145 0.000103 -0.500000 0.866025
61.490000000 9.996633 -9.972352 2.001978 0.000144 0.000102 -0.500000 0.866025
61.495000000 9.996632 -9.972348 2.001978 0.000142 0.000101 -0.500000 0.866025
61.500000000 9.996632 -9.972343 2.001977 0.000141 0.000100 -0.500000 0.866025
61.505000000 9.996631 -9.972339 2.001977 0.000139 0.000099 -0.500000 0.866025
61.510000000 9.996631 -9.972335 2.001977 0.000138 0.000098 -0.500000 0.866025
61.515000000 9.996631 -9.972331 2.001977 0.000137 0.000097 -0.500000 0.866025
61.520000000 9.996630 -9.972326 2.001976 0.000135 0.000096 -0.500000 0.866025
61.525000000 9.996630 -9.972322 2.001976 0.000134 0.000095 -0.500000 0.866025
61.530000000 9.996629 -9.972319 2.001976 0.000132 0.000094 -0.500000 0.866025
61.535000000 9.996629 -9.972315 2.001975 0.000131 0.000093 -0.500000 0.866025
61.540000000 9.996629 -9.972311 2.001975 0.000129 0.000092 -0.500000 0.866025
61.545000000 9.996628 -9.972307 2.001975 0.000128 0.000091 -0.500000 0.866025
61.550000000 9.996628 -9.972304 2.001975 0.000127 0.000090 -0.500000 0.866025
61.555000000 9.996627 -9.972300 2.001974 0.000125 0.000089 -0.500000 0.866025
61.560000000 9.996627 -9.972297 2.001974 0.000124 0.000088 -0.500000 0.866025
61.565000000 9.996627 -9.972293 2.001974 0.000122 0.000087 -0.500000 0.866025
61.570000000 9.996626 -9.972290 2.001974 0.000121 0.000086 -0.500000 0.866025
61.575000000 9.996626 -9.972287 2.001973 0.000120 0.000085 -0.500000 0.866025
61.580000000 9.996626 -9.972284 2.001973 0.000118 0.000084 -0.500000 0.866025
61.585000000 9.996625 -9.972280 2.001973 0.000117 0.000083 -0.500000 0.866025
61.590000000 9.996625 -9.972277 2.001973 0.000115 0.000082 -0.500000 0.866025
61.595000000 9.996625 -9.972274 2.001972 0.000114 0.000081 -0.500000 0.866025
61.600000000 9.996624 -9.972272 2.001972 0.000113 0.000080 -0.500000 0.866025
61.605000000 9.996624 -9.972269 2.001972 0.000111 0.000079 -0.500000 0.866025
61.610000000 9.996624 -9.972266 2.001972 0.000110 0.000078 -0.500000 0.866025
61.615000000 9.996624 -9.972263 2.001971 0.000109 0.000077 -0.500000 0.866025
61.620000000 9.996623 -9.972261 2.001971 0.000107 0.000076 -0.500000 0.866025
61.625000000 9.996623 -9.972258 2.001971 0.000106 0.000075 -0.500000 0.866025
61.630000000 9.996623 -9.972256 2.001971 0.000105 0.000075 -0.500000 0.866025
61.635000000 9.996623 -9.972253 2.001971 0.000103 0.000074 -0.500000 0.866025
61.640000000 9.996622 -9.972251 2.001970 0.000102 0.000073 -0.500000 0.866025
61.645000000 9.996622 -9.972249 2.001970 0.000101 0.000072 -0.500000 0.866025
61.650000000 9.996622 -9.972246 2.001970 0.000100 0.000071 -0.500000 0.866025
61.655000000 9.996622 -9.972244 2.001970 0.000098 0.000070 -0.500000 0.866025
61.660000000 9.996621 -9.972242 2.001970 0.000097 0.000069 -0.500000 0.866025
61.665000000 9.996621 -9.972240 2.001969 0.000096 0.000068 -0.500000 0.866025
61.670000000 9.996621 -9.972238 2.001969 0.000094 0.000067 -0.500000 0.866025
61.675000000 9.996621 -9.972236 2.001969 0.000093 0.000066 -0.500000 0.866025
61.680000000 9.996620 -9.972234 2.001969 0.000092 0.000066 -0.500000 0.866025
61.685000000 9.996620 -9.972232 2.001968 0.000091 0.000065 -0.500000 0.866025
61.690000000 9.996620 -9.972230 2.001968 0.000089 0.000064 -0.500000 0.866025
61.695000000 9.996620 -9.972229 2.001968 0.000088 0.000063 -0.500000 0.866025
61.700000000 9.996620 -9.972227 2.001968 0.000087 0.000062 -0.500000 0.866025
61.705000000 9.996619 -9.972225 2.001968 0.000086 0.000061 -0.500000 0.866025
61.710000000 9.996619 -9.972224 2.001967 0.000084 0.000060 -0.500000 0.866025
61.715000000 9.996619 -9.972222 2.001967 0.000083 0.000059 -0.500000 0.866025
61.720000000 9.996619 -9.972221 2.001967 0.000082 0.000059 -0.500000 0.866025
61.725000000 9.996619 -9.972219 2.001967 0.000081 0.000058 -0.500000 0.866025
61.730000000 9.996619 -9.972218 2.001967 0.000080 0.000057 -0.500000 0.866025
61.735000000 9.996618 -9.972217 2.001967 0.000078 0.000056 -0.500000 0.866025
61.740000000 9.996618 -9.972215 2.001966 0.000077 0.000055 -0.500000 0.866025
61.745000000 9.996618 -9.972214 2.001966 0.000076 0.000054 -0.500000 0.866025
61.750000000 9.996618 -9.972213 2.001966 0.000075 0.000054 -0.500000 0.866025
61.755000000 9.996618 -9.972212 2.001966 0.000074 0.000053 -0.500000 0.866025
61.760000000 9.996618 -9.972211 2.001966 0.000073 0.000052 -0.500000 0.866025
61.765000000 9.996618 -9.972210 2.001966 0.000071 0.000051 -0.500000 0.866025
61.770000000 9.996617 -9.972208 2.001965 0.000070 0.000050 -0.500000 0.866025
61.775000000 9.996617 -9.972207 2.001965 0.000069 0.000050 -0.500000 0.866025
61.780000000 9.996617 -9.972207 2.001965 0.000068 0.000049 -0.500000 0.866025
61.785000000 9.996617 -9.972206 2.001965 0.000067 0.000048 -0.500000 0.866025
61.790000000 9.996617 -9.972205 2.001965 0.000066 0.000047 -0.500000 0.866025
61.795000000 9.996617 -9.972204 2.001965 0.000065 0.000046 -0.500000 0.866025
61.800000000 9.996617 -9.972203 2.001964 0.000064 0.000046 -0.500000 0.866025
61.805000000 9.996617 -9.972202 2.001964 0.000063 0.000045 -0.500000 0.866025
61.810000000 9.996617 -9.972202 2.001964 0.000062 0.000044 -0.500000 0.866025
61.815000000 9.996616 -9.972201 2.001964 0.000061 0.000043 -0.500000 0.866025
61.820000000 9.996616 -9.972200 2.001964 0.000060 0.000043 -0.500000 0.866025
61.825000000 9.996616 -9.972200 2.001964 0.000058 0.000042 -0.500000 0.866025
61.830000000 9.996616 -9.972199 2.001963 0.000057 0.000041 -0.500000 0.866025
61.835000000 9.996616 -9.972199 2.001963 0.000056 0.000041 -0.500000 0.866025
61.840000000 9.996616 -9.972198 2.001963 0.000055 0.000040 -0.500000 0.866025
61.845000000 9.996616 -9.972198 2.001963 0.000055 0.000039 -0.500000 0.866025
61.850000000 9.996616 -9.972197 2.001963 0.000054 0.000039 -0.500000 0.866025
61.855000000 9.996616 -9.972197 2.001963 0.000053 0.000038 -0.500000 0.866025
61.860000000 9.996616 -9.972197 2.001963 0.000052 0.000037 -0.500000 0.866025
61.865000000 9.996616 -9.972196 2.001962 0.000051 0.000037 -0.500000 0.866025
61.870000000 9.996616 -9.972196 2.001962 0.000050 0.000036 -0.500000 0.866025
61.875000000 9.996616 -9.972196 2.001962 0.000049 0.000035 -0.500000 0.866025
61.880000000 9.996616 -9.972196 2.001962 0.000048 0.000035 -0.500000 0.866025
61.885000000 9.996615 -9.972195 2.001962 0.000047 0.000034 -0.500000 0.866025
61.890000000 9.996615 -9.972195 2.001962 0.000046 0.000033 -0.500000 0.866025
61.895000000 9.996615 -9.972195 2.001962 0.000045 0.000033 -0.500000 0.866025
61.900000000 9.996615 -9.972195 2.001962 0.000044 0.000032 -0.500000 0.866025
61.905000000 9.996615 -9.972195 2.001961 0.000043 0.000031 -0.500000 0.866025
61.910000000 9.996615 -9.972195 2.001961 0.000043 0.000031 -0.500000 0.866025
61.915000000 9.996615 -9.972195 2.001961 0.000042 0.000030 -0.500000 0.866025
61.920000000 9.996615 -9.972195 2.001961 0.000041 0.000030 -0.500000 0.866025
61.925000000 9.996615 -9.972195 2.001961 0.000040 0.000029 -0.500000 0.866025
61.930000000 9.996615 -9.972195 2.001961 0.000039 0.000028 -0.500000 0.866025
61.935000000 9.996615 -9.972195 2.001961 0.000038 0.000028 -0.500000 0.866025
61.940000000 9.996615 -9.972195 2.001961 0.000038 0.000027 -0.500000 0.866025
61.945000000 9.996615 -9.972195 2.001961 0.000037 0.000027 -0.500000 0.866025
61.950000000 9.996615 -9.972195 2.001960 0.000036 0.000026 -0.500000 0.866025
61.955000000 9.996615 -9.972195 2.001960 0.000035 0.000026 -0.500000 0.866025
61.960000000 9.996615 -9.972195 2.001960 0.000034 0.000025 -0.500000 0.866025
61.965000000 9.996615 -9.972195 2.001960 0.000034 0.000024 -0.500000 0.866025
61.970000000 9.996615 -9.972196 2.001960 0.000033 0.000024 -0.500000 0.866025
61.975000000 9.996615 -9.972196 2.001960 0.000032 0.000023 -0.500000 0.866025
61.980000000 9.996615 -9.972196 2.001960 0.000031 0.000023 -0.500000 0.866025
61.985000000 9.996615 -9.972196 2.001960 0.000031 0.000022 -0.500000 0.866025
61.990000000 9.996615 -9.972197 2.001960 0.000030 0.000022 -0.500000 0.866025
61.995000000 9.996615 -9.972197 2.001960 0.000029 0.000021 -0.500000 0.866025
62.000000000 9.996615 -9.972197 2.001959 0.000029 0.000021 -0.500000 0.866025
62.005000000 9.996615 -9.972198 2.001959 0.000028 0.000020 -0.500000 0.866025
62.010000000 9.996615 -9.972198 2.001959 0.000027 0.000020 -0.500000 0.866025
62.015000000 9.996615 -9.972198 2.001959 0.000026 0.000019 -0.500000 0.866025
62.020000000 9.996615 -9.972199 2.001959 0.000026 0.000019 -0.500000 0.866025
62.025000000 9.996615 -9.972199 2.001959 0.000025 0.000018 -0.500000 0.866025
62.030000000 9.996615 -9.972199 2.001959 0.000024 0.000018 -0.500000 0.866025
62.035000000 9.996615 -9.972200 2.001959 0.000024 0.000017 -0.500000 0.866025
62.040000000 9.996615 -9.972200 2.001959 0.000023 0.000017 -0.500000 0.866025
62.045000000 9.996615 -9.972201 2.001959 0.000023 0.000017 -0.500000 0.866025
62.050000000 9.996615 -9.972201 2.001959 0.000022 0.000016 -0.500000 0.866025
62.055000000 9.996615 -9.972202 2.001958 0.000021 0.000016 -0.500000 0.866025
62.060000000 9.996615 -9.972202 2.001958 0.000021 0.000015 -0.500000 0.866025
62.065000000 9.996615 -9.972203 2.001958 0.000020 0.000015 -0.500000 0.866025
62.070000000 9.996615 -9.972203 2.001958 0.000020 0.000014 -0.500000 0.866025
62.075000000 9.996615 -9.972204 2.001958 0.000019 0.000014 -0.500000 0.866025
62.080000000 9.996615 -9.972204 2.001958 0.000018 0.000014 -0.500000 0.866025
62.085000000 9.996616 -9.972205 2.001958 0.000018 0.000013 -0.500000 0.866025
62.090000000 9.996616 -9.972205 2.001958 0.000017 0.000013 -0.500000 0.866025
62.095000000 9.996616 -9.972206 2.001958 0.000017 0.000012 -0.500000 0.866025
62.100000000 9.996616 -9.972207 2.001958 0.000016 0.000012 -0.500000 0.866025
62.105000000 9.996616 -9.972207 2.001958 0.000016 0.000012 -0.500000 0.866025
62.110000000 9.996616 -9.972208 2.001958 0.000015 0.000011 -0.500000 0.866025
62.115000000 9.996616 -9.972208 2.001958 0.000015 0.000011 -0.500000 0.866025
62.120000000 9.996616 -9.972209 2.001958 0.000014 0.000011 -0.500000 0.866025
62.125000000 9.996616 -9.972210 2.001957 0.000014 0.000010 -0.500000 0.866025
62.130000000 9.996616 -9.972210 2.001957 0.000013 0.000010 -0.500000 0.866025
62.135000000 9.996616 -9.972211 2.001957 0.000013 0.000009 -0.500000 0.866025
62.140000000 9.996616 -9.972212 2.001957 0.000012 0.000009 -0.500000 0.866025
62.145000000 9.996616 -9.972212 2.001957 0.000012 0.000009 -0.500000 0.866025
62.150000000 9.996616 -9.972213 2.001957 0.000011 0.000008 -0.500000 0.866025
62.155000000 9.996616 -9.972214 2.001957 0.000011 0.000008 -0.500000 0.866025
62.160000000 9.996616 -9.972214 2.001957 0.000010 0.000008 -0.500000 0.866025
62.165000000 9.996616 -9.972215 2.001957 0.000010 0.000007 -0.500000 0.866025
62.170000000 9.996616 -9.972216 2.001957 0.000009 0.000007 -0.500000 0.866025
62.175000000 9.996616 -9.972216 2.001957 0.000009 0.000007 -0.500000 0.866025
62.180000000 9.996616 -9.972217 2.001957 0.000009 0.000007 -0.500000 0.866025
62.185000000 9.996616 -9.972218 2.001957 0.000008 0.000006 -0.500000 0.866025
62.190000000 9.996616 -9.972219 2.001957 0.000008 0.000006 -0.500000 0.866025
62.195000000 9.996617 -9.972219 2.001957 0.000007 0.000006 -0.500000 0.866025
62.200000000 9.996617 -9.972220 2.001957 0.000007 0.000005 -0.500000 0.866025
62.205000000 9.996617 -9.972221 2.001957 0.000007 0.000005 -0.500000 0.866025
62.210000000 9.996617 -9.972221 2.001956 0.000006 0.000005 -0.500000 0.866025
62.215000000 9.996617 -9.972222 2.001956 0.000006 0.000005 -0.500000 0.866025
62.220000000 9.996617 -9.972223 2.001956 0.000005 0.000004 -0.500000 0.866025
62.225000000 9.996617 -9.972224 2.001956 0.000005 0.000004 -0.500000 0.866025
62.230000000 9.996617 -9.972224 2.001956 0.000005 0.000004 -0.500000 0.866025
62.235000000 9.996617 -9.972225 2.001956 0.000004 0.000004 -0.500000 0.866025
62.240000000 9.996617 -9.972226 2.001956 0.000004 0.000003 -0.500000 0.866025
62.245000000 9.996617 -9.972227 2.001956 0.000004 0.000003 -0.500000 0.866025
62.250000000 9.996617 -9.972227 2.001956 0.000003 0.000003 -0.500000 0.866025
62.255000000 9.996617 -9.972228 2.001956 0.000003 0.000003 -0.500000 0.866025
62.260000000 9.996617 -9.972229 2.001956 0.000003 0.000002 -0.500000 0.866025
62.265000000 9.996617 -9.972230 2.001956 0.000002 0.000002 -0.500000 0.866025
62.270000000 9.996617 -9.972230 2.001956 0.000002 0.000002 -0.500000 0.866025
62.275000000 9.996617 -9.972231 2.001956 0.000002 0.000002 -0.500000 0.866025
62.280000000 9.996618 -9.972232 2.001956 0.000002 0.000001 -0.500000 0.866025
62.285000000 9.996618 -9.972233 2.001956 0.000001 0.000001 -0.500000 0.866025
62.290000000 9.996618 -9.972234 2.001956 0.000001 0.000001 -0.500000 0.866025
62.295000000 9.996618 -9.972234 2.001956 0.000001 0.000001 -0.500000 0.866025
62.300000000 9.996618 -9.972235 2.001956 0.000000 0.000001 -0.500000 0.866025
62.305000000 9.996618 -9.972236 2.001956 0.000000 0.000000 -0.500000 0.866025
62.310000000 9.996618 -9.972237 2.001956 -0.000000 0.000000 -0.500000 0.866025
62.315000000 9.996618 -9.972237 2.001956 -0.000000 0.000000 -0.500000 0.866025
62.320000000 9.996618 -9.972238 2.001956 -0.000001 -0.000000 -0.500000 0.866025
62.325000000 9.996618 -9.972239 2.001956 -0.000001 -0.000000 -0.500000 0.866025
62.330000000 9.996618 -9.972240 2.001956 -0.000001 -0.000000 -0.500000 0.866025
62.335000000 9.996618 -9.972240 2.001956 -0.000001 -0.000001 -0.500000 0.866025
62.340000000 9.996618 -9.972241 2.001955 -0.000002 -0.000001 -0.500000 0.866025
62.345000000 9.996618 -9.972242 2.001955 -0.000002 -0.000001 -0.500000 0.866025
62.350000000 9.996618 -9.972243 2.001955 -0.000002 -0.000001 -0.500000 0.866025
62.355000000 9.996618 -9.972244 2.001955 -0.000002 -0.000001 -0.500000 0.866025
62.360000000 9.996619 -9.972244 2.001955 -0.000002 -0.000001 -0.500000 0.866025
62.365000000 9.996619 -9.972245 2.001955 -0.000003 -0.000002 -0.500000 0.866025
62.370000000 9.996619 -9.972246 2.001955 -0.000003 -0.000002 -0.500000 0.866025
62.375000000 9.996619 -9.972247 2.001955 -0.000003 -0.000002 -0.500000 0.866025
62.380000000 9.996619 -9.972247 2.001955 -0.000003 -0.000002 -0.500000 0.866025
62.385000000 9.996619 -9.972248 2.001955 -0.000003 -0.000002 -0.500000 0.866025
62.390000000 9.996619 -9.972249 2.001955 -0.000004 -0.000002 -0.500000 0.866025
62.395000000 9.996619 -9.972250 2.001955 -0.000004 -0.000002 -0.500000 0.866025
62.400000000 9.996619 -9.972250 2.001955 -0.000004 -0.000003 -0.500000 0.866025
62.405000000 9.996619 -9.972251 2.001955 -0.000004 -0.000003 -0.500000 0.866025
62.410000000 9.996619 -9.972252 2.001955 -0.000004 -0.000003 -0.500000 0.866025
62.415000000 9.996619 -9.972253 2.001955 -0.000005 -0.000003 -0.500000 0.866025
62.420000000 9.996619 -9.972253 2.001955 -0.000005 -0.000003 -0.500000 0.866025
62.425000000 9.996619 -9.972254 2.001955 -0.000005 -0.000003 -0.500000 0.866025
62.430000000 9.996619 -9.972255 2.001955 -0.000005 -0.000003 -0.500000 0.866025
62.435000000 9.996620 -9.972256 2.001955 -0.000005 -0.000003 -0.500000 0.866025
62.440000000 9.996620 -9.972256 2.001955 -0.000005 -0.000003 -0.500000 0.866025
62.445000000 9.996620 -9.972257 2.001955 -0.000005 -0.000004 -0.500000 0.866025
62.450000000 9.996620 -9.972258 2.001955 -0.000006 -0.000004 -0.500000 0.866025
62.455000000 9.996620 -9.972258 2.001955 -0.000006 -0.000004 -0.500000 0.866025
62.460000000 9.996620 -9.972259 2.001955 -0.000006 -0.000004 -0.500000 0.866025
62.465000000 9.996620 -9.972260 2.001955 -0.000006 -0.000004 -0.500000 0.866025
62.470000000 9.996620 -9.972261 2.001955 -0.000006 -0.000004 -0.500000 0.866025
62.475000000 9.996620 -9.972261 2.001955 -0.000006 -0.000004 -0.500000 0.866025
62.480000000 9.996620 -9.972262 2.001955 -0.000006 -0.000004 -0.500000 0.866025
62.485000000 9.996620 -9.972263 2.001955 -0.000006 -0.000004 -0.500000 0.866025
62.490000000 9.996620 -9.972263 2.001955 -0.000006 -0.000004 -0.500000 0.866025
62.495000000 9.996620 -9.972264 2.001955 -0.000007 -0.000004 -0.500000 0.866025
62.500000000 9.996620 -9.972265 2.001955 -0.000007 -0.000004 -0.500000 0.866025
62.505000000 9.996620 -9.972265 2.001955 -0.000007 -0.000005 -0.500000 0.866025
62.510000000 9.996620 -9.972266 2.001955 -0.000007 -0.000005 -0.500000 0.866025
62.515000000 9.996620 -9.972267 2.001955 -0.000007 -0.000005 -0.500000 0.866025
62.520000000 9.996621 -9.972267 2.001955 -0.000007 -0.000005 -0.500000 0.866025
62.525000000 9.996621 -9.972268 2.001955 -0.000007 -0.000005 -0.500000 0.866025
62.530000000 9.996621 -9.972269 2.001955 -0.000007 -0.000005 -0.500000 0.866025
62.535000000 9.996621 -9.972269 2.001955 -0.000007 -0.000005 -0.500000 0.866025
62.540000000 9.996621 -9.972270 2.001955 -0.000007 -0.000005 -0.500000 0.866025
62.545000000 9.996621 -9.972271 2.001955 -0.000007 -0.000005 -0.500000 0.866025
62.550000000 9.996621 -9.972271 2.001955 -0.000007 -0.000005 -0.500000 0.866025
62.555000000 9.996621 -9.972272 2.001955 -0.000008 -0.000005 -0.500000 0.866025
62.560000000 9.996621 -9.972273 2.001955 -0.000008 -0.000005 -0.500000 0.866025
62.565000000 9.996621 -9.972273 2.001955 -0.000008 -0.000005 -0.500000 0.866025
62.570000000 9.996621 -9.972274 2.001955 -0.000008 -0.000005 -0.500000 0.866025
62.575000000 9.996621 -9.972275 2.001955 -0.000008 -0.000005 -0.500000 0.866025
62.580000000 9.996621 -9.972275 2.001955 -0.000008 -0.000005 -0.500000 0.866025
62.585000000 9.996621 -9.972276 2.001955 -0.000008 -0.000005 -0.500000 0.866025
62.590000000 9.996621 -9.972276 2.001955 -0.000008 -0.000005 -0.500000 0.866025
62.595000000 9.996621 -9.972277 2.001955 -0.000008 -0.000005 -0.500000 0.866025
62.600000000 9.996621 -9.972278 2.001955 -0.000008 -0.000005 -0.500000 0.866025
62.605000000 9.996622 -9.972278 2.001955 -0.000008 -0.000005 -0.500000 0.866025
62.610000000 9.996622 -9.972279 2.001955 -0.000008 -0.000006 -0.500000 0.866025
62.615000000 9.996622 -9.972279 2.001955 -0.000008 -0.000006 -0.500000 0.866025
62.620000000 9.996622 -9.972280 2.001955 -0.000008 -0.000006 -0.500000 0.866025
62.625000000 9.996622 -9.972281 2.001955 -0.000008 -0.000006 -0.500000 0.866025
62.630000000 9.996622 -9.972281 2.001955 -0.000008 -0.000006 -0.500000 0.866025
62.635000000 9.996622 -9.972282 2.001955 -0.000008 -0.000006 -0.500000 0.866025
62.640000000 9.996622 -9.972282 2.001954 -0.000008 -0.000006 -0.500000 0.866025
62.645000000 9.996622 -9.972283 2.001954 -0.000008 -0.000006 -0.500000 0.866025
62.650000000 9.996622 -9.972283 2.001954 -0.000008 -0.000006 -0.500000 0.866025
62.655000000 9.996622 -9.972284 2.001954 -0.000008 -0.000006 -0.500000 0.866025
62.660000000 9.996622 -9.972284 2.001954 -0.000008 -0.000006 -0.500000 0.866025
62.665000000 9.996622 -9.972285 2.001954 -0.000008 -0.000006 -0.500000 0.866025
62.670000000 9.996622 -9.972285 2.001954 -0.000008 -0.000006 -0.500000 0.866025
62.675000000 9.996622 -9.972286 2.001954 -0.000008 -0.000006 -0.500000 0.866025
62.680000000 9.996622 -9.972287 2.001954 -0.000008 -0.000006 -0.500000 0.866025
62.685000000 9.996622 -9.972287 2.001954 -0.000008 -0.000006 -0.500000 0.866025
62.690000000 9.996622 -9.972288 2.001954 -0.000008 -0.000006 -0.500000 0.866025
62.695000000 9.996622 -9.972288 2.001954 -0.000008 -0.000006 -0.500000 0.866025
62.700000000 9.996622 -9.972289 2.001954 -0.000008 -0.000006 -0.500000 0.866025
62.705000000 9.996623 -9.972289 2.001954 -0.000008 -0.000006 -0.500000 0.866025
62.710000000 9.996623 -9.972290 2.001954 -0.000008 -0.000006 -0.500000 0.866025
62.715000000 9.996623 -9.972290 2.001954 -0.000008 -0.000006 -0.500000 0.866025
62.720000000 9.996623 -9.972291 2.001954 -0.000008 -0.000006 -0.500000 0.866025
62.725000000 9.996623 -9.972291 2.001954 -0.000008 -0.000006 -0.500000 0.866025
62.730000000 9.996623 -9.972291 2.001954 -0.000008 -0.000006 -0.500000 0.866025
62.735000000 9.996623 -9.972292 2.001954 -0.000008 -0.000006 -0.500000 0.866025
62.740000000 9.996623 -9.972292 2.001954 -0.000008 -0.000006 -0.500000 0.866025
62.745000000 9.996623 -9.972293 2.001954 -0.000008 -0.000006 -0.500000 0.866025
62.750000000 9.996623 -9.972293 2.001954 -0.000008 -0.000006 -0.500000 0.866025
62.755000000 9.996623 -9.972294 2.001954 -0.000008 -0.000006 -0.500000 0.866025
62.760000000 9.996623 -9.972294 2.001954 -0.000008 -0.000006 -0.500000 0.866025
62.765000000 9.996623 -9.972295 2.001954 -0.000008 -0.000006 -0.500000 0.866025
62.770000000 9.996623 -9.972295 2.001954 -0.000008 -0.000006 -0.500000 0.866025
62.775000000 9.996623 -9.972295 2.001954 -0.000008 -0.000006 -0.500000 0.866025
62.780000000 9.996623 -9.972296 2.001954 -0.000008 -0.000006 -0.500000 0.866025
62.785000000 9.996623 -9.972296 2.001954 -0.000008 -0.000006 -0.500000 0.866025
62.790000000 9.996623 -9.972297 2.001954 -0.000008 -0.000006 -0.500000 0.866025
62.795000000 9.996623 -9.972297 2.001954 -0.000008 -0.000006 -0.500000 0.866025
62.800000000 9.996623 -9.972298 2.001954 -0.000008 -0.000006 -0.500000 0.866025
62.805000000 9.996623 -9.972298 2.001954 -0.000008 -0.000006 -0.500000 0.866025
62.810000000 9.996623 -9.972298 2.001954 -0.000008 -0.000006 -0.500000 0.866025
62.815000000 9.996623 -9.972299 2.001954 -0.000008 -0.000006 -0.500000 0.866025
62.820000000 9.996623 -9.972299 2.001954 -0.000008 -0.000005 -0.500000 0.866025
62.825000000 9.996623 -9.972300 2.001954 -0.000008 -0.000005 -0.500000 0.866025
62.830000000 9.996624 -9.972300 2.001954 -0.000008 -0.000005 -0.500000 0.866025
62.835000000 9.996624 -9.972300 2.001954 -0.000008 -0.000005 -0.500000 0.866025
62.840000000 9.996624 -9.972301 2.001954 -0.000008 -0.000005 -0.500000 0.866025
62.845000000 9.996624 -9.972301 2.001954 -0.000008 -0.000005 -0.500000 0.866025
62.850000000 9.996624 -9.972301 2.001954 -0.000008 -0.000005 -0.500000 0.866025
62.855000000 9.996624 -9.972302 2.001954 -0.000008 -0.000005 -0.500000 0.866025
62.860000000 9.996624 -9.972302 2.001954 -0.000008 -0.000005 -0.500000 0.866025
62.865000000 9.996624 -9.972302 2.001954 -0.000008 -0.000005 -0.500000 0.866025
62.870000000 9.996624 -9.972303 2.001954 -0.000007 -0.000005 -0.500000 0.866025
62.875000000 9.996624 -9.972303 2.001954 -0.000007 -0.000005 -0.500000 0.866025
62.880000000 9.996624 -9.972303 2.001954 -0.000007 -0.000005 -0.500000 0.866025
62.885000000 9.996624 -9.972304 2.001954 -0.000007 -0.000005 -0.500000 0.866025
62.890000000 9.996624 -9.972304 2.001954 -0.000007 -0.000005 -0.500000 0.866025
62.895000000 9.996624 -9.972304 2.001954 -0.000007 -0.000005 -0.500000 0.866025
62.900000000 9.996624 -9.972305 2.001954 -0.000007 -0.000005 -0.500000 0.866025
62.905000000 9.996624 -9.972305 2.001954 -0.000007 -0.000005 -0.500000 0.866025
62.910000000 9.996624 -9.972305 2.001954 -0.000007 -0.000005 -0.500000 0.866025
62.915000000 9.996624 -9.972306 2.001954 -0.000007 -0.000005 -0.500000 0.866025
62.920000000 9.996624 -9.972306 2.001954 -0.000007 -0.000005 -0.500000 0.866025
62.925000000 9.996624 -9.972306 2.001954 -0.000007 -0.000005 -0.500000 0.866025
62.930000000 9.996624 -9.972306 2.001954 -0.000007 -0.000005 -0.500000 0.866025
62.935000000 9.996624 -9.972307 2.001954 -0.000007 -0.000005 -0.500000 0.866025
62.940000000 9.996624 -9.972307 2.001954 -0.000007 -0.000005 -0.500000 0.866025
62.945000000 9.996624 -9.972307 2.001954 -0.000007 -0.000005 -0.500000 0.866025
62.950000000 9.996624 -9.972308 2.001954 -0.000007 -0.000005 -0.500000 0.866025
62.955000000 9.996624 -9.972308 2.001954 -0.000007 -0.000005 -0.500000 0.866025
62.960000000 9.996624 -9.972308 2.001954 -0.000007 -0.000005 -0.500000 0.866025
62.965000000 9.996624 -9.972308 2.001954 -0.000007 -0.000005 -0.500000 0.866025
62.970000000 9.996624 -9.972309 2.001954 -0.000007 -0.000005 -0.500000 0.866025
62.975000000 9.996624 -9.972309 2.001954 -0.000007 -0.000005 -0.500000 0.866025
62.980000000 9.996624 -9.972309 2.001954 -0.000006 -0.000005 -0.500000 0.866025
62.985000000 9.996624 -9.972309 2.001954 -0.000006 -0.000005 -0.500000 0.866025
62.990000000 9.996624 -9.972310 2.001954 -0.000006 -0.000004 -0.500000 0.866025
62.995000000 9.996624 -9.972310 2.001954 -0.000006 -0.000004 -0.500000 0.866025
63.000000000 9.996625 -9.972310 2.001954 -0.000006 -0.000004 -0.500000 0.866025
63.005000000 9.996625 -9.972310 2.001954 -0.000006 -0.000004 -0.500000 0.866025
63.010000000 9.996625 -9.972311 2.001954 -0.000006 -0.000004 -0.500000 0.866025
63.015000000 9.996625 -9.972311 2.001954 -0.000006 -0.000004 -0.500000 0.866025
63.020000000 9.996625 -9.972311 2.001954 -0.000006 -0.000004 -0.500000 0.866025
63.025000000 9.996625 -9.972311 2.001954 -0.000006 -0.000004 -0.500000 0.866025
63.030000000 9.996625 -9.972311 2.001954 -0.000006 -0.000004 -0.500000 0.866025
63.035000000 9.996625 -9.972312 2.001954 -0.000006 -0.000004 -0.500000 0.866025
63.040000000 9.996625 -9.972312 2.001954 -0.000006 -0.000004 -0.500000 0.866025
63.045000000 9.996625 -9.972312 2.001954 -0.000006 -0.000004 -0.500000 0.866025
63.050000000 9.996625 -9.972312 2.001954 -0.000006 -0.000004 -0.500000 0.866025
63.055000000 9.996625 -9.972312 2.001954 -0.000006 -0.000004 -0.500000 0.866025
63.060000000 9.996625 -9.972313 2.001955 -0.000006 -0.000004 -0.500000 0.866025
63.065000000 9.996625 -9.972313 2.001955 -0.000006 -0.000004 -0.500000 0.866025
63.070000000 9.996625 -9.972313 2.001955 -0.000006 -0.000004 -0.500000 0.866025
63.075000000 9.996625 -9.972313 2.001955 -0.000005 -0.000004 -0.500000 0.866025
63.080000000 9.996625 -9.972313 2.001955 -0.000005 -0.000004 -0.500000 0.866025
63.085000000 9.996625 -9.972313 2.001955 -0.000005 -0.000004 -0.500000 0.866025
63.090000000 9.996625 -9.972314 2.001955 -0.000005 -0.000004 -0.500000 0.866025
63.095000000 9.996625 -9.972314 2.001955 -0.000005 -0.000004 -0.500000 0.866025
63.100000000 9.996625 -9.972314 2.001955 -0.000005 -0.000004 -0.500000 0.866025
63.105000000 9.996625 -9.972314 2.001955 -0.000005 -0.000004 -0.500000 0.866025
63.110000000 9.996625 -9.972314 2.001955 -0.000005 -0.000004 -0.500000 0.866025
63.115000000 9.996625 -9.972314 2.001955 -0.000005 -0.000004 -0.500000 0.866025
63.120000000 9.996625 -9.972315 2.001955 -0.000005 -0.000004 -0.500000 0.866025
63.125000000 9.996625 -9.972315 2.001955 -0.000005 -0.000004 -0.500000 0.866025
63.130000000 9.996625 -9.972315 2.001955 -0.000005 -0.000003 -0.500000 0.866025
63.135000000 9.996625 -9.972315 2.001955 -0.000005 -0.000003 -0.500000 0.866025
63.140000000 9.996625 -9.972315 2.001955 -0.000005 -0.000003 -0.500000 0.866025
63.145000000 9.996625 -9.972315 2.001955 -0.000005 -0.000003 -0.500000 0.866025
63.150000000 9.996625 -9.972315 2.001955 -0.000005 -0.000003 -0.500000 0.866025
63.155000000 9.996625 -9.972316 2.001955 -0.000005 -0.000003 -0.500000 0.866025
63.160000000 9.996625 -9.972316 2.001955 -0.000005 -0.000003 -0.500000 0.866025
63.165000000 9.996625 -9.972316 2.001955 -0.000005 -0.000003 -0.500000 0.866025
63.170000000 9.996625 -9.972316 2.001955 -0.000004 -0.000003 -0.500000 0.866025
63.175000000 9.996625 -9.972316 2.001955 -0.000004 -0.000003 -0.500000 0.866025
63.180000000 9.996625 -9.972316 2.001955 -0.000004 -0.000003 -0.500000 0.866025
63.185000000 9.996625 -9.972316 2.001955 -0.000004 -0.000003 -0.500000 0.866025
63.190000000 9.996625 -9.972316 2.001955 -0.000004 -0.000003 -0.500000 0.866025
63.195000000 9.996625 -9.972316 2.001955 -0.000004 -0.000003 -0.500000 0.866025
63.200000000 9.996625 -9.972317 2.001955 -0.000004 -0.000003 -0.500000 0.866025
63.205000000 9.996625 -9.972317 2.001955 -0.000004 -0.000003 -0.500000 0.866025
63.210000000 9.996625 -9.972317 2.001955 -0.000004 -0.000003 -0.500000 0.866025
63.215000000 9.996625 -9.972317 2.001955 -0.000004 -0.000003 -0.500000 0.866025
63.220000000 9.996625 -9.972317 2.001955 -0.000004 -0.000003 -0.500000 0.866025
63.225000000 9.996625 -9.972317 2.001955 -0.000004 -0.000003 -0.500000 0.866025
63.230000000 9.996625 -9.972317 2.001955 -0.000004 -0.000003 -0.500000 0.866025
63.235000000 9.996625 -9.972317 2.001955 -0.000004 -0.000003 -0.500000 0.866025
63.240000000 9.996625 -9.972317 2.001955 -0.000004 -0.000003 -0.500000 0.866025
63.245000000 9.996625 -9.972317 2.001955 -0.000004 -0.000003 -0.500000 0.866025
63.250000000 9.996625 -9.972318 2.001955 -0.000004 -0.000003 -0.500000 0.866025
63.255000000 9.996625 -9.972318 2.001955 -0.000004 -0.000003 -0.500000 0.866025
63.260000000 9.996625 -9.972318 2.001955 -0.000004 -0.000003 -0.500000 0.866025
63.265000000 9.996625 -9.972318 2.001955 -0.000004 -0.000003 -0.500000 0.866025
63.270000000 9.996625 -9.972318 2.001955 -0.000003 -0.000002 -0.500000 0.866025
63.275000000 9.996625 -9.972318 2.001955 -0.000003 -0.000002 -0.500000 0.866025
63.280000000 9.996625 -9.972318 2.001955 -0.000003 -0.000002 -0.500000 0.866025
63.285000000 9.996625 -9.972318 2.001955 -0.000003 -0.000002 -0.500000 0.866025
63.290000000 9.996625 -9.972318 2.001955 -0.000003 -0.000002 -0.500000 0.866025
63.295000000 9.996625 -9.972318 2.001955 -0.000003 -0.000002 -0.500000 0.866025
63.300000000 9.996625 -9.972318 2.001955 -0.000003 -0.000002 -0.500000 0.866025
63.305000000 9.996625 -9.972318 2.001955 -0.000003 -0.000002 -0.500000 0.866025
63.310000000 9.996625 -9.972318 2.001955 -0.000003 -0.000002 -0.500000 0.866025
63.315000000 9.996625 -9.972318 2.001955 -0.000003 -0.000002 -0.500000 0.866025
63.320000000 9.996625 -9.972318 2.001955 -0.000003 -0.000002 -0.500000 0.866025
63.325000000 9.996625 -9.972319 2.001955 -0.000003 -0.000002 -0.500000 0.866025
63.330000000 9.996625 -9.972319 2.001955 -0.000003 -0.000002 -0.500000 0.866025
63.335000000 9.996625 -9.972319 2.001955 -0.000003 -0.000002 -0.500000 0.866025
63.340000000 9.996625 -9.972319 2.001955 -0.000003 -0.000002 -0.500000 0.866025
63.345000000 9.996625 -9.972319 2.001955 -0.000003 -0.000002 -0.500000 0.866025
63.350000000 9.996625 -9.972319 2.001955 -0.000003 -0.000002 -0.500000 0.866025
63.355000000 9.996625 -9.972319 2.001955 -0.000003 -0.000002 -0.500000 0.866025
63.360000000 9.996625 -9.972319 2.001955 -0.000003 -0.000002 -0.500000 0.866025
63.365000000 9.996625 -9.972319 2.001955 -0.000003 -0.000002 -0.500000 0.866025
63.370000000 9.996625 -9.972319 2.001955 -0.000003 -0.000002 -0.500000 0.866025
63.375000000 9.996625 -9.972319 2.001955 -0.000003 -0.000002 -0.500000 0.866025
63.380000000 9.996625 -9.972319 2.001955 -0.000003 -0.000002 -0.500000 0.866025
63.385000000 9.996625 -9.972319 2.001955 -0.000002 -0.000002 -0.500000 0.866025
63.390000000 9.996625 -9.972319 2.001955 -0.000002 -0.000002 -0.500000 0.866025
63.395000000 9.996625 -9.972319 2.001955 -0.000002 -0.000002 -0.500000 0.866025
63.400000000 9.996625 -9.972319 2.001955 -0.000002 -0.000002 -0.500000 0.866025
63.405000000 9.996625 -9.972319 2.001955 -0.000002 -0.000002 -0.500000 0.866025
63.410000000 9.996625 -9.972319 2.001955 -0.000002 -0.000002 -0.500000 0.866025
63.415000000 9.996625 -9.972319 2.001955 -0.000002 -0.000002 -0.500000 0.866025
63.420000000 9.996625 -9.972319 2.001955 -0.000002 -0.000002 -0.500000 0.866025
63.425000000 9.996625 -9.972319 2.001955 -0.000002 -0.000002 -0.500000 0.866025
63.430000000 9.996625 -9.972319 2.001955 -0.000002 -0.000002 -0.500000 0.866025
63.435000000 9.996625 -9.972319 2.001955 -0.000002 -0.000002 -0.500000 0.866025
63.440000000 9.996625 -9.972319 2.001955 -0.000002 -0.000001 -0.500000 0.866025
